[{"path":"src/main/java/Deadline.java","fileType":"java","lines":[{"lineNumber":1,"author":{"gitId":"tswei123"},"content":"public class Deadline extends Todo{","lastModifiedDate":"2021-09-05"},{"lineNumber":2,"author":{"gitId":"tswei123"},"content":"    protected String by;","lastModifiedDate":"2021-09-05"},{"lineNumber":3,"author":{"gitId":"tswei123"},"content":"","lastModifiedDate":"2021-09-05"},{"lineNumber":4,"author":{"gitId":"tswei123"},"content":"    public Deadline(String description, String by) {","lastModifiedDate":"2021-09-05"},{"lineNumber":5,"author":{"gitId":"tswei123"},"content":"        super(description);","lastModifiedDate":"2021-09-05"},{"lineNumber":6,"author":{"gitId":"tswei123"},"content":"        setBy(by);","lastModifiedDate":"2021-09-05"},{"lineNumber":7,"author":{"gitId":"tswei123"},"content":"    }","lastModifiedDate":"2021-09-05"},{"lineNumber":8,"author":{"gitId":"tswei123"},"content":"    public void setDone(){","lastModifiedDate":"2021-09-05"},{"lineNumber":9,"author":{"gitId":"tswei123"},"content":"        this.isDone \u003d true;","lastModifiedDate":"2021-09-05"},{"lineNumber":10,"author":{"gitId":"tswei123"},"content":"        System.out.println(\"\\tNice! I\u0027ve marked this task as done:\\n\" +","lastModifiedDate":"2021-09-05"},{"lineNumber":11,"author":{"gitId":"tswei123"},"content":"                \"\\t  [D][X] \" + description + \"(by: \" + by + \")\");","lastModifiedDate":"2021-09-05"},{"lineNumber":12,"author":{"gitId":"tswei123"},"content":"    }","lastModifiedDate":"2021-09-05"},{"lineNumber":13,"author":{"gitId":"tswei123"},"content":"    public void print(){","lastModifiedDate":"2021-09-05"},{"lineNumber":14,"author":{"gitId":"tswei123"},"content":"        System.out.println(\"\\t  [D][ ] \" + description + \"(by: \" + by + \")\");","lastModifiedDate":"2021-09-05"},{"lineNumber":15,"author":{"gitId":"tswei123"},"content":"    }","lastModifiedDate":"2021-09-05"},{"lineNumber":16,"author":{"gitId":"tswei123"},"content":"    public void setBy(String by)","lastModifiedDate":"2021-09-05"},{"lineNumber":17,"author":{"gitId":"tswei123"},"content":"    {","lastModifiedDate":"2021-09-05"},{"lineNumber":18,"author":{"gitId":"tswei123"},"content":"        this.by \u003d by;","lastModifiedDate":"2021-09-05"},{"lineNumber":19,"author":{"gitId":"tswei123"},"content":"    }","lastModifiedDate":"2021-09-05"},{"lineNumber":20,"author":{"gitId":"tswei123"},"content":"    @Override","lastModifiedDate":"2021-09-05"},{"lineNumber":21,"author":{"gitId":"tswei123"},"content":"    public String toString() {","lastModifiedDate":"2021-09-05"},{"lineNumber":22,"author":{"gitId":"tswei123"},"content":"        String box \u003d \"[D][ ] \";","lastModifiedDate":"2021-09-05"},{"lineNumber":23,"author":{"gitId":"tswei123"},"content":"        if (isDone){","lastModifiedDate":"2021-09-05"},{"lineNumber":24,"author":{"gitId":"tswei123"},"content":"            box \u003d \"[D][X] \";","lastModifiedDate":"2021-09-05"},{"lineNumber":25,"author":{"gitId":"tswei123"},"content":"        }","lastModifiedDate":"2021-09-05"},{"lineNumber":26,"author":{"gitId":"tswei123"},"content":"        return (box + description + \"(by: \" + by + \")\");","lastModifiedDate":"2021-09-05"},{"lineNumber":27,"author":{"gitId":"tswei123"},"content":"    }","lastModifiedDate":"2021-09-05"},{"lineNumber":28,"author":{"gitId":"tswei123"},"content":"}","lastModifiedDate":"2021-09-05"}],"authorContributionMap":{"tswei123":28}},{"path":"src/main/java/Duke.java","fileType":"java","lines":[{"lineNumber":1,"author":{"gitId":"tswei123"},"content":"import java.util.Scanner;","lastModifiedDate":"2021-08-27"},{"lineNumber":2,"author":{"gitId":"-"},"content":"public class Duke {","lastModifiedDate":"2019-07-29"},{"lineNumber":3,"author":{"gitId":"tswei123"},"content":"","lastModifiedDate":"2021-08-27"},{"lineNumber":4,"author":{"gitId":"tswei123"},"content":"    private static String lineBreak \u003d \"\\t_______________________________________________________\";","lastModifiedDate":"2021-09-05"},{"lineNumber":5,"author":{"gitId":"tswei123"},"content":"    private static List inputList;","lastModifiedDate":"2021-08-28"},{"lineNumber":6,"author":{"gitId":"tswei123"},"content":"    static final int LIST_SIZE \u003d 100;","lastModifiedDate":"2021-08-28"},{"lineNumber":7,"author":{"gitId":"tswei123"},"content":"","lastModifiedDate":"2021-08-27"},{"lineNumber":8,"author":{"gitId":"tswei123"},"content":"    public static void initialize (){","lastModifiedDate":"2021-08-27"},{"lineNumber":9,"author":{"gitId":"tswei123"},"content":"        Scanner in \u003d new Scanner(System.in);","lastModifiedDate":"2021-08-27"},{"lineNumber":10,"author":{"gitId":"tswei123"},"content":"        String inputLine \u003d \"\";","lastModifiedDate":"2021-08-27"},{"lineNumber":11,"author":{"gitId":"tswei123"},"content":"        inputList \u003d new List(LIST_SIZE);","lastModifiedDate":"2021-08-28"},{"lineNumber":12,"author":{"gitId":"tswei123"},"content":"","lastModifiedDate":"2021-08-27"},{"lineNumber":13,"author":{"gitId":"tswei123"},"content":"        printIntro();","lastModifiedDate":"2021-08-27"},{"lineNumber":14,"author":{"gitId":"tswei123"},"content":"        while (!inputLine.equals(\"bye\")) {","lastModifiedDate":"2021-08-27"},{"lineNumber":15,"author":{"gitId":"tswei123"},"content":"            inputLine \u003d in.nextLine();","lastModifiedDate":"2021-08-27"},{"lineNumber":16,"author":{"gitId":"tswei123"},"content":"            printResponse(inputLine);","lastModifiedDate":"2021-08-27"},{"lineNumber":17,"author":{"gitId":"tswei123"},"content":"        }","lastModifiedDate":"2021-08-27"},{"lineNumber":18,"author":{"gitId":"tswei123"},"content":"    }","lastModifiedDate":"2021-08-27"},{"lineNumber":19,"author":{"gitId":"tswei123"},"content":"","lastModifiedDate":"2021-08-28"},{"lineNumber":20,"author":{"gitId":"tswei123"},"content":"    public static void printIntro(){","lastModifiedDate":"2021-08-27"},{"lineNumber":21,"author":{"gitId":"tswei123"},"content":"        System.out.println(lineBreak);","lastModifiedDate":"2021-08-27"},{"lineNumber":22,"author":{"gitId":"tswei123"},"content":"        System.out.println(\"\\tHello! This are the implemented actions.\\n\\t\" +","lastModifiedDate":"2021-09-05"},{"lineNumber":23,"author":{"gitId":"tswei123"},"content":"                            \" /at \u0026 /by are currently case sensitive\"); // cannot implement with what we learnt yet.","lastModifiedDate":"2021-09-05"},{"lineNumber":24,"author":{"gitId":"tswei123"},"content":"        System.out.println(\"\\t1.) Todo (text)--- to add todo task\");    //","lastModifiedDate":"2021-09-05"},{"lineNumber":25,"author":{"gitId":"tswei123"},"content":"        System.out.println(\"\\t2.) Deadline (text /by text)--- to add deadline task\");","lastModifiedDate":"2021-09-05"},{"lineNumber":26,"author":{"gitId":"tswei123"},"content":"        System.out.println(\"\\t3.) Event (text /at text)--- to add event task\");","lastModifiedDate":"2021-09-05"},{"lineNumber":27,"author":{"gitId":"tswei123"},"content":"        System.out.println(\"\\tEnter \u0027list\u0027 without quotes show list. Maximum size set to 100\");","lastModifiedDate":"2021-09-05"},{"lineNumber":28,"author":{"gitId":"tswei123"},"content":"        System.out.println(\"\\tEnter \u0027bye\u0027 without quotes to exit program\\n\");","lastModifiedDate":"2021-09-05"},{"lineNumber":29,"author":{"gitId":"tswei123"},"content":"        System.out.println(\"\\tWelcome. Please enter your instruction.\");","lastModifiedDate":"2021-09-05"},{"lineNumber":30,"author":{"gitId":"tswei123"},"content":"        System.out.println(lineBreak);","lastModifiedDate":"2021-08-27"},{"lineNumber":31,"author":{"gitId":"tswei123"},"content":"    }","lastModifiedDate":"2021-08-27"},{"lineNumber":32,"author":{"gitId":"tswei123"},"content":"    public static void printResponse(String inputMsg) {","lastModifiedDate":"2021-08-27"},{"lineNumber":33,"author":{"gitId":"tswei123"},"content":"        System.out.println(lineBreak);","lastModifiedDate":"2021-08-27"},{"lineNumber":34,"author":{"gitId":"tswei123"},"content":"        String inputLow \u003d inputMsg.toLowerCase();","lastModifiedDate":"2021-09-05"},{"lineNumber":35,"author":{"gitId":"tswei123"},"content":"        if (inputLow.equals(\"bye\")){","lastModifiedDate":"2021-09-05"},{"lineNumber":36,"author":{"gitId":"tswei123"},"content":"            System.out.println(\"\\tBye. Hope to see you again soon!\");","lastModifiedDate":"2021-08-27"},{"lineNumber":37,"author":{"gitId":"tswei123"},"content":"        }","lastModifiedDate":"2021-08-27"},{"lineNumber":38,"author":{"gitId":"tswei123"},"content":"        else if(inputLow.equals(\"list\")){","lastModifiedDate":"2021-09-05"},{"lineNumber":39,"author":{"gitId":"tswei123"},"content":"            inputList.printList();","lastModifiedDate":"2021-08-28"},{"lineNumber":40,"author":{"gitId":"tswei123"},"content":"        }","lastModifiedDate":"2021-08-27"},{"lineNumber":41,"author":{"gitId":"tswei123"},"content":"        else if (inputLow.startsWith(\"done \")){","lastModifiedDate":"2021-09-05"},{"lineNumber":42,"author":{"gitId":"tswei123"},"content":"            inputList.taskDone(inputMsg.substring(5));","lastModifiedDate":"2021-09-05"},{"lineNumber":43,"author":{"gitId":"tswei123"},"content":"        }","lastModifiedDate":"2021-08-28"},{"lineNumber":44,"author":{"gitId":"tswei123"},"content":"        else{","lastModifiedDate":"2021-08-27"},{"lineNumber":45,"author":{"gitId":"tswei123"},"content":"            inputList.checkAction(inputMsg);","lastModifiedDate":"2021-09-05"},{"lineNumber":46,"author":{"gitId":"tswei123"},"content":"        }","lastModifiedDate":"2021-08-27"},{"lineNumber":47,"author":{"gitId":"tswei123"},"content":"        System.out.println(lineBreak);","lastModifiedDate":"2021-08-27"},{"lineNumber":48,"author":{"gitId":"tswei123"},"content":"    }","lastModifiedDate":"2021-08-27"},{"lineNumber":49,"author":{"gitId":"tswei123"},"content":"","lastModifiedDate":"2021-08-27"},{"lineNumber":50,"author":{"gitId":"tswei123"},"content":"","lastModifiedDate":"2021-08-27"},{"lineNumber":51,"author":{"gitId":"-"},"content":"    public static void main(String[] args) {","lastModifiedDate":"2019-07-29"},{"lineNumber":52,"author":{"gitId":"-"},"content":"        String logo \u003d \" ____        _        \\n\"","lastModifiedDate":"2019-07-29"},{"lineNumber":53,"author":{"gitId":"-"},"content":"                + \"|  _ \\\\ _   _| | _____ \\n\"","lastModifiedDate":"2019-07-29"},{"lineNumber":54,"author":{"gitId":"-"},"content":"                + \"| | | | | | | |/ / _ \\\\\\n\"","lastModifiedDate":"2019-07-29"},{"lineNumber":55,"author":{"gitId":"-"},"content":"                + \"| |_| | |_| |   \u003c  __/\\n\"","lastModifiedDate":"2019-07-29"},{"lineNumber":56,"author":{"gitId":"-"},"content":"                + \"|____/ \\\\__,_|_|\\\\_\\\\___|\\n\";","lastModifiedDate":"2019-07-29"},{"lineNumber":57,"author":{"gitId":"-"},"content":"        System.out.println(\"Hello from\\n\" + logo);","lastModifiedDate":"2019-07-29"},{"lineNumber":58,"author":{"gitId":"tswei123"},"content":"","lastModifiedDate":"2021-08-28"},{"lineNumber":59,"author":{"gitId":"tswei123"},"content":"        initialize();","lastModifiedDate":"2021-08-27"},{"lineNumber":60,"author":{"gitId":"tswei123"},"content":"","lastModifiedDate":"2021-08-27"},{"lineNumber":61,"author":{"gitId":"-"},"content":"    }","lastModifiedDate":"2019-07-29"},{"lineNumber":62,"author":{"gitId":"-"},"content":"}","lastModifiedDate":"2019-07-29"}],"authorContributionMap":{"tswei123":52,"-":10}},{"path":"src/main/java/Event.java","fileType":"java","lines":[{"lineNumber":1,"author":{"gitId":"tswei123"},"content":"public class Event extends Todo {","lastModifiedDate":"2021-09-05"},{"lineNumber":2,"author":{"gitId":"tswei123"},"content":"    protected String eventTime;","lastModifiedDate":"2021-09-05"},{"lineNumber":3,"author":{"gitId":"tswei123"},"content":"    ","lastModifiedDate":"2021-09-05"},{"lineNumber":4,"author":{"gitId":"tswei123"},"content":"    public Event(String description, String eventTime) {","lastModifiedDate":"2021-09-05"},{"lineNumber":5,"author":{"gitId":"tswei123"},"content":"        super(description);","lastModifiedDate":"2021-09-05"},{"lineNumber":6,"author":{"gitId":"tswei123"},"content":"        setEvent(eventTime);","lastModifiedDate":"2021-09-05"},{"lineNumber":7,"author":{"gitId":"tswei123"},"content":"    }","lastModifiedDate":"2021-09-05"},{"lineNumber":8,"author":{"gitId":"tswei123"},"content":"    public void setDone(){","lastModifiedDate":"2021-09-05"},{"lineNumber":9,"author":{"gitId":"tswei123"},"content":"        this.isDone \u003d true;","lastModifiedDate":"2021-09-05"},{"lineNumber":10,"author":{"gitId":"tswei123"},"content":"        System.out.println(\"\\tNice! I\u0027ve marked this task as done:\\n\" +","lastModifiedDate":"2021-09-05"},{"lineNumber":11,"author":{"gitId":"tswei123"},"content":"                \"\\t  [E][X] \" + description + \"(at: \" + eventTime + \")\");","lastModifiedDate":"2021-09-05"},{"lineNumber":12,"author":{"gitId":"tswei123"},"content":"    }","lastModifiedDate":"2021-09-05"},{"lineNumber":13,"author":{"gitId":"tswei123"},"content":"    public void print(){","lastModifiedDate":"2021-09-05"},{"lineNumber":14,"author":{"gitId":"tswei123"},"content":"        System.out.println(\"\\t  [E][ ] \" + description + \"(at: \" + eventTime + \")\");","lastModifiedDate":"2021-09-05"},{"lineNumber":15,"author":{"gitId":"tswei123"},"content":"    }","lastModifiedDate":"2021-09-05"},{"lineNumber":16,"author":{"gitId":"tswei123"},"content":"    public void setEvent(String eventTime)","lastModifiedDate":"2021-09-05"},{"lineNumber":17,"author":{"gitId":"tswei123"},"content":"    {","lastModifiedDate":"2021-09-05"},{"lineNumber":18,"author":{"gitId":"tswei123"},"content":"        this.eventTime \u003d eventTime;","lastModifiedDate":"2021-09-05"},{"lineNumber":19,"author":{"gitId":"tswei123"},"content":"    }","lastModifiedDate":"2021-09-05"},{"lineNumber":20,"author":{"gitId":"tswei123"},"content":"    @Override","lastModifiedDate":"2021-09-05"},{"lineNumber":21,"author":{"gitId":"tswei123"},"content":"    public String toString() {","lastModifiedDate":"2021-09-05"},{"lineNumber":22,"author":{"gitId":"tswei123"},"content":"        String box \u003d \"[E][ ] \";","lastModifiedDate":"2021-09-05"},{"lineNumber":23,"author":{"gitId":"tswei123"},"content":"        if (isDone){","lastModifiedDate":"2021-09-05"},{"lineNumber":24,"author":{"gitId":"tswei123"},"content":"            box \u003d \"[E][X] \";","lastModifiedDate":"2021-09-05"},{"lineNumber":25,"author":{"gitId":"tswei123"},"content":"        }","lastModifiedDate":"2021-09-05"},{"lineNumber":26,"author":{"gitId":"tswei123"},"content":"        return (box + description + \"(at: \" + eventTime + \")\");","lastModifiedDate":"2021-09-05"},{"lineNumber":27,"author":{"gitId":"tswei123"},"content":"    }","lastModifiedDate":"2021-09-05"},{"lineNumber":28,"author":{"gitId":"tswei123"},"content":"}","lastModifiedDate":"2021-09-05"}],"authorContributionMap":{"tswei123":28}},{"path":"src/main/java/List.java","fileType":"java","lines":[{"lineNumber":1,"author":{"gitId":"tswei123"},"content":"public class List {","lastModifiedDate":"2021-08-28"},{"lineNumber":2,"author":{"gitId":"tswei123"},"content":"    private static int inputCounter;","lastModifiedDate":"2021-08-28"},{"lineNumber":3,"author":{"gitId":"tswei123"},"content":"    private static Task[] inputArray;","lastModifiedDate":"2021-08-28"},{"lineNumber":4,"author":{"gitId":"tswei123"},"content":"","lastModifiedDate":"2021-08-28"},{"lineNumber":5,"author":{"gitId":"tswei123"},"content":"    public List(int size){","lastModifiedDate":"2021-08-28"},{"lineNumber":6,"author":{"gitId":"tswei123"},"content":"        inputCounter \u003d 1; // array 0 is empty to remove + 1 in all codes","lastModifiedDate":"2021-08-28"},{"lineNumber":7,"author":{"gitId":"tswei123"},"content":"        inputArray \u003d  new Task[size];","lastModifiedDate":"2021-08-28"},{"lineNumber":8,"author":{"gitId":"tswei123"},"content":"    }","lastModifiedDate":"2021-08-28"},{"lineNumber":9,"author":{"gitId":"tswei123"},"content":"    public void checkAction(String inputMsg){","lastModifiedDate":"2021-09-05"},{"lineNumber":10,"author":{"gitId":"tswei123"},"content":"        String action[] \u003d inputMsg.split(\" \");","lastModifiedDate":"2021-09-05"},{"lineNumber":11,"author":{"gitId":"tswei123"},"content":"        String inputLow \u003d inputMsg.toLowerCase();","lastModifiedDate":"2021-09-05"},{"lineNumber":12,"author":{"gitId":"tswei123"},"content":"        int initialCounter \u003d inputCounter;","lastModifiedDate":"2021-09-05"},{"lineNumber":13,"author":{"gitId":"tswei123"},"content":"        if(inputLow.startsWith(\"todo \")){","lastModifiedDate":"2021-09-05"},{"lineNumber":14,"author":{"gitId":"tswei123"},"content":"            addTodo(inputMsg.substring(5));","lastModifiedDate":"2021-09-05"},{"lineNumber":15,"author":{"gitId":"tswei123"},"content":"        }","lastModifiedDate":"2021-09-05"},{"lineNumber":16,"author":{"gitId":"tswei123"},"content":"        else if(inputLow.startsWith(\"deadline \")){","lastModifiedDate":"2021-09-05"},{"lineNumber":17,"author":{"gitId":"tswei123"},"content":"            addDeadline(inputMsg.substring(9));","lastModifiedDate":"2021-09-05"},{"lineNumber":18,"author":{"gitId":"tswei123"},"content":"        }","lastModifiedDate":"2021-09-05"},{"lineNumber":19,"author":{"gitId":"tswei123"},"content":"        else if(inputLow.startsWith(\"event \")){","lastModifiedDate":"2021-09-05"},{"lineNumber":20,"author":{"gitId":"tswei123"},"content":"            addEvent(inputMsg.substring(6));","lastModifiedDate":"2021-09-05"},{"lineNumber":21,"author":{"gitId":"tswei123"},"content":"        }","lastModifiedDate":"2021-09-05"},{"lineNumber":22,"author":{"gitId":"tswei123"},"content":"        else{","lastModifiedDate":"2021-09-05"},{"lineNumber":23,"author":{"gitId":"tswei123"},"content":"            System.out.println(\"\\tError occurred.\");","lastModifiedDate":"2021-09-05"},{"lineNumber":24,"author":{"gitId":"tswei123"},"content":"        }","lastModifiedDate":"2021-09-05"},{"lineNumber":25,"author":{"gitId":"tswei123"},"content":"        if(initialCounter \u003c inputCounter){","lastModifiedDate":"2021-09-05"},{"lineNumber":26,"author":{"gitId":"tswei123"},"content":"            System.out.println(\"\\tGot it. Item successfully added to the list: \");","lastModifiedDate":"2021-09-05"},{"lineNumber":27,"author":{"gitId":"tswei123"},"content":"            inputArray[inputCounter - 1].print();","lastModifiedDate":"2021-09-05"},{"lineNumber":28,"author":{"gitId":"tswei123"},"content":"            System.out.println(\"\\tNow you have \" + (inputCounter-1) +\" task(s) in the list\");","lastModifiedDate":"2021-09-05"},{"lineNumber":29,"author":{"gitId":"tswei123"},"content":"        }","lastModifiedDate":"2021-09-05"},{"lineNumber":30,"author":{"gitId":"tswei123"},"content":"    }","lastModifiedDate":"2021-09-05"},{"lineNumber":31,"author":{"gitId":"tswei123"},"content":"","lastModifiedDate":"2021-09-05"},{"lineNumber":32,"author":{"gitId":"tswei123"},"content":"    public void addTodo(String inputMsg){","lastModifiedDate":"2021-09-05"},{"lineNumber":33,"author":{"gitId":"tswei123"},"content":"        inputArray[inputCounter] \u003d new Todo(inputMsg);","lastModifiedDate":"2021-09-05"},{"lineNumber":34,"author":{"gitId":"tswei123"},"content":"        inputCounter \u003d inputCounter + 1;","lastModifiedDate":"2021-09-05"},{"lineNumber":35,"author":{"gitId":"tswei123"},"content":"    }","lastModifiedDate":"2021-09-05"},{"lineNumber":36,"author":{"gitId":"tswei123"},"content":"","lastModifiedDate":"2021-09-05"},{"lineNumber":37,"author":{"gitId":"tswei123"},"content":"    public void addDeadline(String inputMsg){","lastModifiedDate":"2021-09-05"},{"lineNumber":38,"author":{"gitId":"tswei123"},"content":"        String [] input \u003d inputMsg.split(\" /by \");","lastModifiedDate":"2021-09-05"},{"lineNumber":39,"author":{"gitId":"tswei123"},"content":"        if(input.length \u003d\u003d 2){","lastModifiedDate":"2021-09-05"},{"lineNumber":40,"author":{"gitId":"tswei123"},"content":"            inputArray[inputCounter] \u003d new Deadline(input[0],input[1]);","lastModifiedDate":"2021-09-05"},{"lineNumber":41,"author":{"gitId":"tswei123"},"content":"            inputCounter \u003d inputCounter + 1;","lastModifiedDate":"2021-08-28"},{"lineNumber":42,"author":{"gitId":"tswei123"},"content":"        }","lastModifiedDate":"2021-08-28"},{"lineNumber":43,"author":{"gitId":"tswei123"},"content":"        else{","lastModifiedDate":"2021-09-05"},{"lineNumber":44,"author":{"gitId":"tswei123"},"content":"            System.out.println(\"Invalid deadline entry.\");","lastModifiedDate":"2021-09-05"},{"lineNumber":45,"author":{"gitId":"tswei123"},"content":"        }","lastModifiedDate":"2021-08-28"},{"lineNumber":46,"author":{"gitId":"tswei123"},"content":"    }","lastModifiedDate":"2021-08-28"},{"lineNumber":47,"author":{"gitId":"tswei123"},"content":"    public void addEvent(String inputMsg){","lastModifiedDate":"2021-09-05"},{"lineNumber":48,"author":{"gitId":"tswei123"},"content":"        String [] input \u003d inputMsg.split(\" /at \");","lastModifiedDate":"2021-09-05"},{"lineNumber":49,"author":{"gitId":"tswei123"},"content":"        if(input.length \u003d\u003d 2){","lastModifiedDate":"2021-09-05"},{"lineNumber":50,"author":{"gitId":"tswei123"},"content":"            inputArray[inputCounter] \u003d new Event(input[0],input[1]);","lastModifiedDate":"2021-09-05"},{"lineNumber":51,"author":{"gitId":"tswei123"},"content":"            inputCounter \u003d inputCounter + 1;","lastModifiedDate":"2021-09-05"},{"lineNumber":52,"author":{"gitId":"tswei123"},"content":"        }","lastModifiedDate":"2021-08-28"},{"lineNumber":53,"author":{"gitId":"tswei123"},"content":"        else{","lastModifiedDate":"2021-09-05"},{"lineNumber":54,"author":{"gitId":"tswei123"},"content":"            System.out.println(\"Invalid event entry.\");","lastModifiedDate":"2021-09-05"},{"lineNumber":55,"author":{"gitId":"tswei123"},"content":"        }","lastModifiedDate":"2021-09-05"},{"lineNumber":56,"author":{"gitId":"tswei123"},"content":"    }","lastModifiedDate":"2021-09-05"},{"lineNumber":57,"author":{"gitId":"tswei123"},"content":"","lastModifiedDate":"2021-09-05"},{"lineNumber":58,"author":{"gitId":"tswei123"},"content":"    public void taskDone(String counter){","lastModifiedDate":"2021-09-05"},{"lineNumber":59,"author":{"gitId":"tswei123"},"content":"        Integer inputNumber \u003d Integer.parseInt(counter);","lastModifiedDate":"2021-09-05"},{"lineNumber":60,"author":{"gitId":"tswei123"},"content":"        inputArray[inputNumber].setDone();","lastModifiedDate":"2021-09-05"},{"lineNumber":61,"author":{"gitId":"tswei123"},"content":"","lastModifiedDate":"2021-09-05"},{"lineNumber":62,"author":{"gitId":"tswei123"},"content":"    }","lastModifiedDate":"2021-08-28"},{"lineNumber":63,"author":{"gitId":"tswei123"},"content":"","lastModifiedDate":"2021-08-28"},{"lineNumber":64,"author":{"gitId":"tswei123"},"content":"    public void printList() {","lastModifiedDate":"2021-08-28"},{"lineNumber":65,"author":{"gitId":"tswei123"},"content":"        if(inputCounter \u003d\u003d 1){ //0 items in list","lastModifiedDate":"2021-09-05"},{"lineNumber":66,"author":{"gitId":"tswei123"},"content":"            System.out.println(\"\\tList is empty!\");","lastModifiedDate":"2021-08-28"},{"lineNumber":67,"author":{"gitId":"tswei123"},"content":"        }","lastModifiedDate":"2021-08-28"},{"lineNumber":68,"author":{"gitId":"tswei123"},"content":"        else{","lastModifiedDate":"2021-08-28"},{"lineNumber":69,"author":{"gitId":"tswei123"},"content":"            for(int i \u003d 1; i \u003c inputCounter; i++){","lastModifiedDate":"2021-08-28"},{"lineNumber":70,"author":{"gitId":"tswei123"},"content":"                System.out.println(\"\\t\" + (i) + \".\" + inputArray[i]  );","lastModifiedDate":"2021-08-28"},{"lineNumber":71,"author":{"gitId":"tswei123"},"content":"            }","lastModifiedDate":"2021-08-28"},{"lineNumber":72,"author":{"gitId":"tswei123"},"content":"        }","lastModifiedDate":"2021-08-28"},{"lineNumber":73,"author":{"gitId":"tswei123"},"content":"    }","lastModifiedDate":"2021-08-28"},{"lineNumber":74,"author":{"gitId":"tswei123"},"content":"","lastModifiedDate":"2021-08-28"},{"lineNumber":75,"author":{"gitId":"tswei123"},"content":"}","lastModifiedDate":"2021-08-28"}],"authorContributionMap":{"tswei123":75}},{"path":"src/main/java/Task.java","fileType":"java","lines":[{"lineNumber":1,"author":{"gitId":"tswei123"},"content":"abstract class Task {","lastModifiedDate":"2021-09-05"},{"lineNumber":2,"author":{"gitId":"tswei123"},"content":"    protected String description;","lastModifiedDate":"2021-08-28"},{"lineNumber":3,"author":{"gitId":"tswei123"},"content":"","lastModifiedDate":"2021-08-28"},{"lineNumber":4,"author":{"gitId":"tswei123"},"content":"    public Task(String description) {","lastModifiedDate":"2021-08-28"},{"lineNumber":5,"author":{"gitId":"tswei123"},"content":"        setDescription(description);","lastModifiedDate":"2021-09-05"},{"lineNumber":6,"author":{"gitId":"tswei123"},"content":"    }","lastModifiedDate":"2021-08-28"},{"lineNumber":7,"author":{"gitId":"tswei123"},"content":"","lastModifiedDate":"2021-08-28"},{"lineNumber":8,"author":{"gitId":"tswei123"},"content":"    public void setDescription(String description) {","lastModifiedDate":"2021-09-05"},{"lineNumber":9,"author":{"gitId":"tswei123"},"content":"        this.description \u003d description;","lastModifiedDate":"2021-09-05"},{"lineNumber":10,"author":{"gitId":"tswei123"},"content":"    }","lastModifiedDate":"2021-08-28"},{"lineNumber":11,"author":{"gitId":"tswei123"},"content":"","lastModifiedDate":"2021-09-05"},{"lineNumber":12,"author":{"gitId":"tswei123"},"content":"    public abstract void setDone();","lastModifiedDate":"2021-09-05"},{"lineNumber":13,"author":{"gitId":"tswei123"},"content":"    public abstract void print();","lastModifiedDate":"2021-09-05"},{"lineNumber":14,"author":{"gitId":"tswei123"},"content":"}","lastModifiedDate":"2021-08-28"}],"authorContributionMap":{"tswei123":14}},{"path":"src/main/java/Todo.java","fileType":"java","lines":[{"lineNumber":1,"author":{"gitId":"tswei123"},"content":"public class Todo extends Task{","lastModifiedDate":"2021-09-05"},{"lineNumber":2,"author":{"gitId":"tswei123"},"content":"    protected boolean isDone;","lastModifiedDate":"2021-09-05"},{"lineNumber":3,"author":{"gitId":"tswei123"},"content":"","lastModifiedDate":"2021-09-05"},{"lineNumber":4,"author":{"gitId":"tswei123"},"content":"    public Todo(String description){","lastModifiedDate":"2021-09-05"},{"lineNumber":5,"author":{"gitId":"tswei123"},"content":"        super(description);","lastModifiedDate":"2021-09-05"},{"lineNumber":6,"author":{"gitId":"tswei123"},"content":"        isDone \u003d false;","lastModifiedDate":"2021-09-05"},{"lineNumber":7,"author":{"gitId":"tswei123"},"content":"    }","lastModifiedDate":"2021-09-05"},{"lineNumber":8,"author":{"gitId":"tswei123"},"content":"","lastModifiedDate":"2021-09-05"},{"lineNumber":9,"author":{"gitId":"tswei123"},"content":"    public void setDone(){","lastModifiedDate":"2021-09-05"},{"lineNumber":10,"author":{"gitId":"tswei123"},"content":"        this.isDone \u003d true;","lastModifiedDate":"2021-09-05"},{"lineNumber":11,"author":{"gitId":"tswei123"},"content":"        System.out.println(\"\\tNice! I\u0027ve marked this task as done:\\n\" +","lastModifiedDate":"2021-09-05"},{"lineNumber":12,"author":{"gitId":"tswei123"},"content":"                            \"\\t  [T][X] \" + description);","lastModifiedDate":"2021-09-05"},{"lineNumber":13,"author":{"gitId":"tswei123"},"content":"    }","lastModifiedDate":"2021-09-05"},{"lineNumber":14,"author":{"gitId":"tswei123"},"content":"","lastModifiedDate":"2021-09-05"},{"lineNumber":15,"author":{"gitId":"tswei123"},"content":"    public void print(){","lastModifiedDate":"2021-09-05"},{"lineNumber":16,"author":{"gitId":"tswei123"},"content":"        System.out.println(\"\\t  [T][ ] \" + description);","lastModifiedDate":"2021-09-05"},{"lineNumber":17,"author":{"gitId":"tswei123"},"content":"    }","lastModifiedDate":"2021-09-05"},{"lineNumber":18,"author":{"gitId":"tswei123"},"content":"","lastModifiedDate":"2021-09-05"},{"lineNumber":19,"author":{"gitId":"tswei123"},"content":"    @Override","lastModifiedDate":"2021-09-05"},{"lineNumber":20,"author":{"gitId":"tswei123"},"content":"    public String toString() {","lastModifiedDate":"2021-09-05"},{"lineNumber":21,"author":{"gitId":"tswei123"},"content":"        String box \u003d \"[T][ ] \";","lastModifiedDate":"2021-09-05"},{"lineNumber":22,"author":{"gitId":"tswei123"},"content":"        if (isDone){","lastModifiedDate":"2021-09-05"},{"lineNumber":23,"author":{"gitId":"tswei123"},"content":"            box \u003d \"[T][X] \";","lastModifiedDate":"2021-09-05"},{"lineNumber":24,"author":{"gitId":"tswei123"},"content":"        }","lastModifiedDate":"2021-09-05"},{"lineNumber":25,"author":{"gitId":"tswei123"},"content":"        return (box + description);","lastModifiedDate":"2021-09-05"},{"lineNumber":26,"author":{"gitId":"tswei123"},"content":"    }","lastModifiedDate":"2021-09-05"},{"lineNumber":27,"author":{"gitId":"tswei123"},"content":"}","lastModifiedDate":"2021-09-05"}],"authorContributionMap":{"tswei123":27}}]
