{"authorDailyContributionsMap":{"tswei123":[{"date":"2021-08-27","commitResults":[{"hash":"ad6e1e2b226e935f08a785e0330343cbaf082f44","messageTitle":"level 1","messageBody":"","tags":["Level-1"],"fileTypesAndContributionMap":{"java":{"insertions":24,"deletions":0}}},{"hash":"8dbc0fe6795bd2a27636f03d195e669b1d6fc044","messageTitle":"Level 2","messageBody":"","tags":["Level-2"],"fileTypesAndContributionMap":{"java":{"insertions":32,"deletions":5}}}]},{"date":"2021-08-28","commitResults":[{"hash":"13c324f76ba52efed4ece9aaa9398c6367bd68b4","messageTitle":"Update level 2 with List.java for cleaner program","messageBody":"","fileTypesAndContributionMap":{"java":{"insertions":31,"deletions":15}}},{"hash":"7e8c0936076591d8a1e4cdb5f470daa4290d2ee9","messageTitle":"Changed String to Task for Level - 3","messageBody":"","tags":["Level-3_v1.0"],"fileTypesAndContributionMap":{"java":{"insertions":46,"deletions":10}}}]},{"date":"2021-09-04","commitResults":[{"hash":"826499d86658bcf4650dfeb8c5269b6bf51d7f9e","messageTitle":"Revert \"Add Gradle support\"","messageBody":"This reverts commit f66a69eaa2aecbd41d8679c68bd125fe387f3526.\n","fileTypesAndContributionMap":{"gradle":{"insertions":0,"deletions":46},"bat":{"insertions":0,"deletions":103},"sh":{"insertions":0,"deletions":0}}}]},{"date":"2021-09-05","commitResults":[{"hash":"f4848e28edaf0cd2741bbd4664c1cf31b7944624","messageTitle":"Level - 4. Todo, deadline, events","messageBody":"","tags":["Level-4_v1.0"],"fileTypesAndContributionMap":{"java":{"insertions":155,"deletions":34}}}]},{"date":"2021-09-18","commitResults":[{"hash":"ebda2064b59b60253b4ce087ae9358b23434c787","messageTitle":"Level-5","messageBody":"","tags":["Level-5"],"fileTypesAndContributionMap":{"java":{"insertions":65,"deletions":27}}},{"hash":"f62d3828be055bd0bbb274185899086372b85a6a","messageTitle":"Level-5 v1.0","messageBody":"","fileTypesAndContributionMap":{"java":{"insertions":18,"deletions":10}}}]},{"date":"2021-10-03","commitResults":[{"hash":"9bdd2eb35b063373ba6cb0e1e8b837013471ef33","messageTitle":"Level-6 Implement delete","messageBody":"","fileTypesAndContributionMap":{"java":{"insertions":50,"deletions":9}}},{"hash":"177cfa4eda94221abd93123b38509c515374ec6f","messageTitle":"Level-6 Fix print output for delete.","messageBody":"","tags":["v1.1"],"fileTypesAndContributionMap":{"java":{"insertions":33,"deletions":7}}},{"hash":"c14c60284eab180ecfa0e2a3c95d82f992158013","messageTitle":"Level-6 Remove excess data","messageBody":"","tags":["v1.2"],"fileTypesAndContributionMap":{"java":{"insertions":2,"deletions":13}}}]},{"date":"2021-10-09","commitResults":[{"hash":"4060c0673ee21bceb358f13ceab022f5149de6f2","messageTitle":"Level-7 implementation of more OOP system","messageBody":"","fileTypesAndContributionMap":{"java":{"insertions":90,"deletions":11}}}]},{"date":"2021-10-10","commitResults":[{"hash":"37d9a2c36ae78076a51bb5dd1c3ed9f2c22ceb80","messageTitle":"Level-7 Refactor to a more OOP structure. Added save file.","messageBody":"","fileTypesAndContributionMap":{"txt":{"insertions":3,"deletions":0},"java":{"insertions":253,"deletions":108}}},{"hash":"96d2a7ebdd479fc92edcc71749a6db3233b65e34","messageTitle":"Level-7 Implement load file","messageBody":"","fileTypesAndContributionMap":{"txt":{"insertions":1,"deletions":0},"java":{"insertions":86,"deletions":6}}},{"hash":"00788b365f153d4672f07eadf3b1773a02f74847","messageTitle":"Level-7 Clean up old unused code.","messageBody":"","fileTypesAndContributionMap":{"txt":{"insertions":5,"deletions":4},"java":{"insertions":45,"deletions":24}}}]},{"date":"2021-10-22","commitResults":[{"hash":"f7b0ac78a43d3643e94954b05db93d0476a5ae0d","messageTitle":"Level-7 Package class file into 4 packages. Change method of printing error messages","messageBody":"","fileTypesAndContributionMap":{"java":{"insertions":202,"deletions":137},"bat":{"insertions":2,"deletions":2},"md":{"insertions":2,"deletions":2}}}]},{"date":"2021-10-30","commitResults":[{"hash":"288c535582df7a54df36a56ca3ab21192fdef2f1","messageTitle":"Duke accepts single format of Date only","messageBody":"","fileTypesAndContributionMap":{"gradle":{"insertions":1,"deletions":1},"txt":{"insertions":1,"deletions":5},"java":{"insertions":228,"deletions":46}}},{"hash":"a6d245db4256c0d85a7e745a28a9db29d2196295","messageTitle":"Changed to LocalDateTime format","messageBody":"","fileTypesAndContributionMap":{"txt":{"insertions":3,"deletions":1},"java":{"insertions":39,"deletions":29}}},{"hash":"86313b825032b7bbbf77b71b698400b0bf4bfcef","messageTitle":"Level-9 Find command added","messageBody":"","fileTypesAndContributionMap":{"java":{"insertions":35,"deletions":2}}}]},{"date":"2021-11-02","commitResults":[{"hash":"95c39fd4a90768fbd98f8450804e6d2711362b9e","messageTitle":"View schedule by date","messageBody":"","fileTypesAndContributionMap":{"java":{"insertions":99,"deletions":19}}},{"hash":"9a8a8f3b7847bffc0721ca12d5e93c5df1a7c4ff","messageTitle":"Implement Detection of anomalies for events","messageBody":"","fileTypesAndContributionMap":{"txt":{"insertions":1,"deletions":0},"java":{"insertions":62,"deletions":38}}}]}]},"authorFileTypeContributionMap":{"tswei123":{"java":1052,"md":2,"fxml":0,"sh":0,"bat":2,"gradle":1,"txt":4}},"authorContributionVariance":{"tswei123":7605.8335},"authorDisplayNameMap":{"tswei123":"TOH .. WEI"}}
