{"authorDailyContributionsMap":{"tswei123":[{"date":"2021-08-27","commitResults":[{"hash":"ad6e1e2b226e935f08a785e0330343cbaf082f44","messageTitle":"level 1","messageBody":"","tags":["Level-1"],"fileTypesAndContributionMap":{"java":{"insertions":24,"deletions":0}}},{"hash":"8dbc0fe6795bd2a27636f03d195e669b1d6fc044","messageTitle":"Level 2","messageBody":"","tags":["Level-2"],"fileTypesAndContributionMap":{"java":{"insertions":32,"deletions":5}}}]},{"date":"2021-08-28","commitResults":[{"hash":"13c324f76ba52efed4ece9aaa9398c6367bd68b4","messageTitle":"Update level 2 with List.java for cleaner program","messageBody":"","fileTypesAndContributionMap":{"java":{"insertions":31,"deletions":15}}},{"hash":"7e8c0936076591d8a1e4cdb5f470daa4290d2ee9","messageTitle":"Changed String to Task for Level - 3","messageBody":"","tags":["Level-3_v1.0"],"fileTypesAndContributionMap":{"java":{"insertions":46,"deletions":10}}}]},{"date":"2021-09-04","commitResults":[{"hash":"826499d86658bcf4650dfeb8c5269b6bf51d7f9e","messageTitle":"Revert \"Add Gradle support\"","messageBody":"This reverts commit f66a69eaa2aecbd41d8679c68bd125fe387f3526.\n","fileTypesAndContributionMap":{"gradle":{"insertions":0,"deletions":46},"bat":{"insertions":0,"deletions":103},"sh":{"insertions":0,"deletions":0}}}]},{"date":"2021-09-05","commitResults":[{"hash":"f4848e28edaf0cd2741bbd4664c1cf31b7944624","messageTitle":"Level - 4. Todo, deadline, events","messageBody":"","tags":["Level-4_v1.0"],"fileTypesAndContributionMap":{"java":{"insertions":155,"deletions":34}}}]},{"date":"2021-09-18","commitResults":[{"hash":"ebda2064b59b60253b4ce087ae9358b23434c787","messageTitle":"Level-5","messageBody":"","fileTypesAndContributionMap":{"java":{"insertions":65,"deletions":27}}}]}]},"authorFileTypeContributionMap":{"tswei123":{"java":262,"md":0,"fxml":0,"sh":0,"bat":0,"gradle":0,"txt":0}},"authorContributionVariance":{"tswei123":1754.4928},"authorDisplayNameMap":{"tswei123":"TOH .. WEI"}}
