{"authorDailyContributionsMap":{"tswei123":[{"date":"2021-08-27","commitResults":[{"hash":"ad6e1e2b226e935f08a785e0330343cbaf082f44","messageTitle":"level 1","messageBody":"","tags":["Level-1"],"fileTypesAndContributionMap":{"java":{"insertions":24,"deletions":0}}},{"hash":"8dbc0fe6795bd2a27636f03d195e669b1d6fc044","messageTitle":"Level 2","messageBody":"","tags":["Level-2"],"fileTypesAndContributionMap":{"java":{"insertions":32,"deletions":5}}}]},{"date":"2021-08-28","commitResults":[{"hash":"13c324f76ba52efed4ece9aaa9398c6367bd68b4","messageTitle":"Update level 2 with List.java for cleaner program","messageBody":"","fileTypesAndContributionMap":{"java":{"insertions":31,"deletions":15}}},{"hash":"7e8c0936076591d8a1e4cdb5f470daa4290d2ee9","messageTitle":"Changed String to Task for Level - 3","messageBody":"","tags":["Level-3_v1.0"],"fileTypesAndContributionMap":{"java":{"insertions":46,"deletions":10}}}]},{"date":"2021-09-04","commitResults":[{"hash":"826499d86658bcf4650dfeb8c5269b6bf51d7f9e","messageTitle":"Revert \"Add Gradle support\"","messageBody":"This reverts commit f66a69eaa2aecbd41d8679c68bd125fe387f3526.\n","fileTypesAndContributionMap":{"gradle":{"insertions":0,"deletions":46},"bat":{"insertions":0,"deletions":103},"sh":{"insertions":0,"deletions":0}}}]},{"date":"2021-09-05","commitResults":[{"hash":"f4848e28edaf0cd2741bbd4664c1cf31b7944624","messageTitle":"Level - 4. Todo, deadline, events","messageBody":"","tags":["Level-4_v1.0"],"fileTypesAndContributionMap":{"java":{"insertions":155,"deletions":34}}}]},{"date":"2021-09-18","commitResults":[{"hash":"ebda2064b59b60253b4ce087ae9358b23434c787","messageTitle":"Level-5","messageBody":"","tags":["Level-5"],"fileTypesAndContributionMap":{"java":{"insertions":65,"deletions":27}}},{"hash":"f62d3828be055bd0bbb274185899086372b85a6a","messageTitle":"Level-5 v1.0","messageBody":"","fileTypesAndContributionMap":{"java":{"insertions":18,"deletions":10}}}]},{"date":"2021-10-03","commitResults":[{"hash":"9bdd2eb35b063373ba6cb0e1e8b837013471ef33","messageTitle":"Level-6 Implement delete","messageBody":"","fileTypesAndContributionMap":{"java":{"insertions":50,"deletions":9}}},{"hash":"177cfa4eda94221abd93123b38509c515374ec6f","messageTitle":"Level-6 Fix print output for delete.","messageBody":"","tags":["v1.1"],"fileTypesAndContributionMap":{"java":{"insertions":33,"deletions":7}}},{"hash":"c14c60284eab180ecfa0e2a3c95d82f992158013","messageTitle":"Level-6 Remove excess data","messageBody":"","tags":["v1.2"],"fileTypesAndContributionMap":{"java":{"insertions":2,"deletions":13}}}]},{"date":"2021-10-09","commitResults":[{"hash":"4060c0673ee21bceb358f13ceab022f5149de6f2","messageTitle":"Level-7 implementation of more OOP system","messageBody":"","fileTypesAndContributionMap":{"java":{"insertions":90,"deletions":11}}}]},{"date":"2021-10-10","commitResults":[{"hash":"37d9a2c36ae78076a51bb5dd1c3ed9f2c22ceb80","messageTitle":"Level-7 Refactor to a more OOP structure. Added save file.","messageBody":"","fileTypesAndContributionMap":{"txt":{"insertions":3,"deletions":0},"java":{"insertions":253,"deletions":108}}},{"hash":"96d2a7ebdd479fc92edcc71749a6db3233b65e34","messageTitle":"Level-7 Implement load file","messageBody":"","fileTypesAndContributionMap":{"txt":{"insertions":1,"deletions":0},"java":{"insertions":86,"deletions":6}}},{"hash":"00788b365f153d4672f07eadf3b1773a02f74847","messageTitle":"Level-7 Clean up old unused code.","messageBody":"","fileTypesAndContributionMap":{"txt":{"insertions":5,"deletions":4},"java":{"insertions":45,"deletions":24}}}]},{"date":"2021-10-22","commitResults":[{"hash":"f7b0ac78a43d3643e94954b05db93d0476a5ae0d","messageTitle":"Level-7 Package class file into 4 packages. Change method of printing error messages","messageBody":"","fileTypesAndContributionMap":{"java":{"insertions":202,"deletions":137},"bat":{"insertions":2,"deletions":2},"md":{"insertions":2,"deletions":2}}}]},{"date":"2021-10-30","commitResults":[{"hash":"288c535582df7a54df36a56ca3ab21192fdef2f1","messageTitle":"Duke accepts single format of Date only","messageBody":"","fileTypesAndContributionMap":{"gradle":{"insertions":1,"deletions":1},"txt":{"insertions":1,"deletions":5},"java":{"insertions":228,"deletions":46}}},{"hash":"a6d245db4256c0d85a7e745a28a9db29d2196295","messageTitle":"Changed to LocalDateTime format","messageBody":"","fileTypesAndContributionMap":{"txt":{"insertions":3,"deletions":1},"java":{"insertions":39,"deletions":29}}},{"hash":"86313b825032b7bbbf77b71b698400b0bf4bfcef","messageTitle":"Level-9 Find command added","messageBody":"","fileTypesAndContributionMap":{"java":{"insertions":35,"deletions":2}}}]},{"date":"2021-11-02","commitResults":[{"hash":"95c39fd4a90768fbd98f8450804e6d2711362b9e","messageTitle":"View schedule by date","messageBody":"","fileTypesAndContributionMap":{"java":{"insertions":99,"deletions":19}}},{"hash":"9a8a8f3b7847bffc0721ca12d5e93c5df1a7c4ff","messageTitle":"Implement Detection of anomalies for events","messageBody":"","fileTypesAndContributionMap":{"txt":{"insertions":1,"deletions":0},"java":{"insertions":62,"deletions":38}}},{"hash":"aaf97a58d39f03a9bdedcb45476ae43ebc1fb7dd","messageTitle":"Update UI for user instructions and date format","messageBody":"","fileTypesAndContributionMap":{"java":{"insertions":8,"deletions":5}}}]},{"date":"2021-11-06","commitResults":[{"hash":"f2051d7aa08dd0df95a8f478cbcc80e8ddb37339","messageTitle":"Level-10 Implemented check for anomaly. Added Time to event class and EventDateTime to track start and end timing.","messageBody":"","fileTypesAndContributionMap":{"txt":{"insertions":2,"deletions":1},"java":{"insertions":124,"deletions":28}}},{"hash":"ae87d5b7f8312a2fc9a10c0672a646c6060e8c2d","messageTitle":"Fix code to end loop early","messageBody":"","fileTypesAndContributionMap":{"java":{"insertions":1,"deletions":1}}},{"hash":"0416370900c517f708b2221da00b5cce2d91b43c","messageTitle":"Level-10 New JavaFX branch","messageBody":"","fileTypesAndContributionMap":{"gradle":{"insertions":10,"deletions":1},"txt":{"insertions":3,"deletions":0},"fxml":{"insertions":36,"deletions":0},"java":{"insertions":189,"deletions":27},"bat":{"insertions":1,"deletions":1},"md":{"insertions":2378,"deletions":2}}},{"hash":"b696de872fde90f8f7135d63a0b74cea086d9d38","messageTitle":"Level - 10 implemented  GUI Level - 8 Junit add new test cases","messageBody":"","fileTypesAndContributionMap":{"gradle":{"insertions":2,"deletions":2},"fxml":{"insertions":8,"deletions":9},"java":{"insertions":232,"deletions":36}}}]},{"date":"2021-11-07","commitResults":[{"hash":"9f970466b4b204141bcbdae9255d8a54d5b4d9d4","messageTitle":"Level - 8.2 Added more JUnit test cases","messageBody":"","fileTypesAndContributionMap":{"gradle":{"insertions":1,"deletions":0},"java":{"insertions":0,"deletions":5}}},{"hash":"f02f89afcdb91ed36ee6aa9dd6568675bbb1ae61","messageTitle":"Level - 6.1 Added enums Level - 9 A - Coding Standards refactoring of code","messageBody":"","fileTypesAndContributionMap":{"java":{"insertions":164,"deletions":60}}},{"hash":"54521c8efae87a741a5b645b48ae0c0dd9f14838","messageTitle":"Update text print output for JavaFX","messageBody":"","fileTypesAndContributionMap":{"fxml":{"insertions":2,"deletions":2},"java":{"insertions":109,"deletions":80}}},{"hash":"934e8323436e0e7b7b88b3df36e51d9343779ed9","messageTitle":"Code cleanup and add new exception for date","messageBody":"","fileTypesAndContributionMap":{"java":{"insertions":11,"deletions":9}}},{"hash":"95cfaceb20752948b2a4297e4785db3223beecc7","messageTitle":"Level - 6.1.1 Converting more code to enums. Changed welcoming message","messageBody":"","fileTypesAndContributionMap":{"gradle":{"insertions":14,"deletions":0},"java":{"insertions":121,"deletions":132}}},{"hash":"2927a5579564d0ef2114d6167bf71531a8914113","messageTitle":"Level - 8.1 Added more JavaDocs","messageBody":"","fileTypesAndContributionMap":{"java":{"insertions":120,"deletions":22}}},{"hash":"188fceeba7d24bf8386462b7aeff5f1d5d37687a","messageTitle":"Level - 6.2 Change code to use more enumerations.","messageBody":"","fileTypesAndContributionMap":{"java":{"insertions":140,"deletions":153}}},{"hash":"465ac07add3a78e759438af2a6551f39377ddc64","messageTitle":"Reformat code","messageBody":"","fileTypesAndContributionMap":{"java":{"insertions":186,"deletions":126}}}]}]},"authorFileTypeContributionMap":{"tswei123":{"java":1771,"md":2376,"fxml":35,"sh":0,"bat":1,"gradle":25,"txt":8}},"authorContributionVariance":{"tswei123":130732.89},"authorDisplayNameMap":{"tswei123":"TOH .. WEI"}}
