[{"path":"src/main/java/Level1.java","fileType":"java","lines":[{"lineNumber":1,"author":{"gitId":"Brandoncmy"},"content":"import java.util.Scanner;","lastModifiedDate":"2021-09-22"},{"lineNumber":2,"author":{"gitId":"Brandoncmy"},"content":"","lastModifiedDate":"2021-09-22"},{"lineNumber":3,"author":{"gitId":"Brandoncmy"},"content":"public class Level1 {","lastModifiedDate":"2021-09-22"},{"lineNumber":4,"author":{"gitId":"Brandoncmy"},"content":"","lastModifiedDate":"2021-09-22"},{"lineNumber":5,"author":{"gitId":"Brandoncmy"},"content":"    public static void main(String[] args) {","lastModifiedDate":"2021-09-22"},{"lineNumber":6,"author":{"gitId":"Brandoncmy"},"content":"","lastModifiedDate":"2021-09-22"},{"lineNumber":7,"author":{"gitId":"Brandoncmy"},"content":"        String greet \u003d \"_________________________________________________\\n\"","lastModifiedDate":"2021-09-22"},{"lineNumber":8,"author":{"gitId":"Brandoncmy"},"content":"                + \"Hello! I\u0027m Duke\\n\"","lastModifiedDate":"2021-09-22"},{"lineNumber":9,"author":{"gitId":"Brandoncmy"},"content":"                + \"What can I do for you?\\n\"","lastModifiedDate":"2021-09-22"},{"lineNumber":10,"author":{"gitId":"Brandoncmy"},"content":"                + \"_________________________________________________\\n\";","lastModifiedDate":"2021-09-22"},{"lineNumber":11,"author":{"gitId":"Brandoncmy"},"content":"","lastModifiedDate":"2021-09-22"},{"lineNumber":12,"author":{"gitId":"Brandoncmy"},"content":"        String exit \u003d \"_________________________________________________\\n\"","lastModifiedDate":"2021-09-22"},{"lineNumber":13,"author":{"gitId":"Brandoncmy"},"content":"                + \"Bye. Hope to see you again soon!\\n\"","lastModifiedDate":"2021-09-22"},{"lineNumber":14,"author":{"gitId":"Brandoncmy"},"content":"                + \"_________________________________________________\\n\";","lastModifiedDate":"2021-09-22"},{"lineNumber":15,"author":{"gitId":"Brandoncmy"},"content":"","lastModifiedDate":"2021-09-22"},{"lineNumber":16,"author":{"gitId":"Brandoncmy"},"content":"        System.out.println(greet);","lastModifiedDate":"2021-09-22"},{"lineNumber":17,"author":{"gitId":"Brandoncmy"},"content":"","lastModifiedDate":"2021-09-22"},{"lineNumber":18,"author":{"gitId":"Brandoncmy"},"content":"        String echo;","lastModifiedDate":"2021-09-22"},{"lineNumber":19,"author":{"gitId":"Brandoncmy"},"content":"","lastModifiedDate":"2021-09-22"},{"lineNumber":20,"author":{"gitId":"Brandoncmy"},"content":"        Scanner in \u003d new Scanner(System.in);","lastModifiedDate":"2021-09-22"},{"lineNumber":21,"author":{"gitId":"Brandoncmy"},"content":"        echo \u003d in.nextLine();","lastModifiedDate":"2021-09-22"},{"lineNumber":22,"author":{"gitId":"Brandoncmy"},"content":"","lastModifiedDate":"2021-09-22"},{"lineNumber":23,"author":{"gitId":"Brandoncmy"},"content":"        String echoStop \u003d \"bye\";","lastModifiedDate":"2021-09-22"},{"lineNumber":24,"author":{"gitId":"Brandoncmy"},"content":"","lastModifiedDate":"2021-09-22"},{"lineNumber":25,"author":{"gitId":"Brandoncmy"},"content":"        while (!echo.equals(echoStop)) {","lastModifiedDate":"2021-09-22"},{"lineNumber":26,"author":{"gitId":"Brandoncmy"},"content":"","lastModifiedDate":"2021-09-22"},{"lineNumber":27,"author":{"gitId":"Brandoncmy"},"content":"            System.out.println(\"_________________________________________________\\n\"","lastModifiedDate":"2021-09-22"},{"lineNumber":28,"author":{"gitId":"Brandoncmy"},"content":"                    + echo + \"\\n\"","lastModifiedDate":"2021-09-22"},{"lineNumber":29,"author":{"gitId":"Brandoncmy"},"content":"                    + \"_________________________________________________\\n\");","lastModifiedDate":"2021-09-22"},{"lineNumber":30,"author":{"gitId":"Brandoncmy"},"content":"            echo \u003d in.nextLine();","lastModifiedDate":"2021-09-22"},{"lineNumber":31,"author":{"gitId":"Brandoncmy"},"content":"        }","lastModifiedDate":"2021-09-22"},{"lineNumber":32,"author":{"gitId":"Brandoncmy"},"content":"        System.out.println(exit);","lastModifiedDate":"2021-09-22"},{"lineNumber":33,"author":{"gitId":"Brandoncmy"},"content":"    }","lastModifiedDate":"2021-09-22"},{"lineNumber":34,"author":{"gitId":"Brandoncmy"},"content":"}","lastModifiedDate":"2021-09-22"}],"authorContributionMap":{"Brandoncmy":34}},{"path":"src/main/java/Level2.java","fileType":"java","lines":[{"lineNumber":1,"author":{"gitId":"Brandoncmy"},"content":"import java.util.Scanner;","lastModifiedDate":"2021-09-22"},{"lineNumber":2,"author":{"gitId":"Brandoncmy"},"content":"import java.util.Arrays;","lastModifiedDate":"2021-09-22"},{"lineNumber":3,"author":{"gitId":"Brandoncmy"},"content":"","lastModifiedDate":"2021-09-22"},{"lineNumber":4,"author":{"gitId":"Brandoncmy"},"content":"public class Level2 {","lastModifiedDate":"2021-09-22"},{"lineNumber":5,"author":{"gitId":"Brandoncmy"},"content":"","lastModifiedDate":"2021-09-22"},{"lineNumber":6,"author":{"gitId":"Brandoncmy"},"content":"    public static void printListArray(String[] item){","lastModifiedDate":"2021-09-22"},{"lineNumber":7,"author":{"gitId":"Brandoncmy"},"content":"            int i \u003d 0;","lastModifiedDate":"2021-09-22"},{"lineNumber":8,"author":{"gitId":"Brandoncmy"},"content":"","lastModifiedDate":"2021-09-22"},{"lineNumber":9,"author":{"gitId":"Brandoncmy"},"content":"            while(item[i] !\u003d null){","lastModifiedDate":"2021-09-22"},{"lineNumber":10,"author":{"gitId":"Brandoncmy"},"content":"                System.out.println(i+1 + \". \" + item[i]);","lastModifiedDate":"2021-09-22"},{"lineNumber":11,"author":{"gitId":"Brandoncmy"},"content":"                i++;","lastModifiedDate":"2021-09-22"},{"lineNumber":12,"author":{"gitId":"Brandoncmy"},"content":"            }","lastModifiedDate":"2021-09-22"},{"lineNumber":13,"author":{"gitId":"Brandoncmy"},"content":"    }","lastModifiedDate":"2021-09-22"},{"lineNumber":14,"author":{"gitId":"Brandoncmy"},"content":"","lastModifiedDate":"2021-09-22"},{"lineNumber":15,"author":{"gitId":"Brandoncmy"},"content":"    public static void main(String[] args) {","lastModifiedDate":"2021-09-22"},{"lineNumber":16,"author":{"gitId":"Brandoncmy"},"content":"","lastModifiedDate":"2021-09-22"},{"lineNumber":17,"author":{"gitId":"Brandoncmy"},"content":"        String greet \u003d \"_________________________________________________\\n\"","lastModifiedDate":"2021-09-22"},{"lineNumber":18,"author":{"gitId":"Brandoncmy"},"content":"                + \"Hello! I\u0027m Duke\\n\"","lastModifiedDate":"2021-09-22"},{"lineNumber":19,"author":{"gitId":"Brandoncmy"},"content":"                + \"What can I do for you?\\n\"","lastModifiedDate":"2021-09-22"},{"lineNumber":20,"author":{"gitId":"Brandoncmy"},"content":"                + \"_________________________________________________\\n\";","lastModifiedDate":"2021-09-22"},{"lineNumber":21,"author":{"gitId":"Brandoncmy"},"content":"","lastModifiedDate":"2021-09-22"},{"lineNumber":22,"author":{"gitId":"Brandoncmy"},"content":"        String exit \u003d \"_________________________________________________\\n\"","lastModifiedDate":"2021-09-22"},{"lineNumber":23,"author":{"gitId":"Brandoncmy"},"content":"                + \"Bye. Hope to see you again soon!\\n\"","lastModifiedDate":"2021-09-22"},{"lineNumber":24,"author":{"gitId":"Brandoncmy"},"content":"                + \"_________________________________________________\\n\";","lastModifiedDate":"2021-09-22"},{"lineNumber":25,"author":{"gitId":"Brandoncmy"},"content":"","lastModifiedDate":"2021-09-22"},{"lineNumber":26,"author":{"gitId":"Brandoncmy"},"content":"        System.out.println(greet);","lastModifiedDate":"2021-09-22"},{"lineNumber":27,"author":{"gitId":"Brandoncmy"},"content":"","lastModifiedDate":"2021-09-22"},{"lineNumber":28,"author":{"gitId":"Brandoncmy"},"content":"        Scanner in \u003d new Scanner(System.in);","lastModifiedDate":"2021-09-22"},{"lineNumber":29,"author":{"gitId":"Brandoncmy"},"content":"","lastModifiedDate":"2021-09-22"},{"lineNumber":30,"author":{"gitId":"Brandoncmy"},"content":"        String[] listOfItem \u003d new String [100];","lastModifiedDate":"2021-09-22"},{"lineNumber":31,"author":{"gitId":"Brandoncmy"},"content":"        int n \u003d 0;","lastModifiedDate":"2021-09-22"},{"lineNumber":32,"author":{"gitId":"Brandoncmy"},"content":"","lastModifiedDate":"2021-09-22"},{"lineNumber":33,"author":{"gitId":"Brandoncmy"},"content":"        String item \u003d in.nextLine();","lastModifiedDate":"2021-09-22"},{"lineNumber":34,"author":{"gitId":"Brandoncmy"},"content":"        String listStop \u003d \"bye\";","lastModifiedDate":"2021-09-22"},{"lineNumber":35,"author":{"gitId":"Brandoncmy"},"content":"","lastModifiedDate":"2021-09-22"},{"lineNumber":36,"author":{"gitId":"Brandoncmy"},"content":"","lastModifiedDate":"2021-09-22"},{"lineNumber":37,"author":{"gitId":"Brandoncmy"},"content":"","lastModifiedDate":"2021-09-22"},{"lineNumber":38,"author":{"gitId":"Brandoncmy"},"content":"        while (item !\u003d null) {","lastModifiedDate":"2021-09-22"},{"lineNumber":39,"author":{"gitId":"Brandoncmy"},"content":"            if (item.equals(listStop)){","lastModifiedDate":"2021-09-22"},{"lineNumber":40,"author":{"gitId":"Brandoncmy"},"content":"                System.out.println(exit);","lastModifiedDate":"2021-09-22"},{"lineNumber":41,"author":{"gitId":"Brandoncmy"},"content":"                break;","lastModifiedDate":"2021-09-22"},{"lineNumber":42,"author":{"gitId":"Brandoncmy"},"content":"            }else if (item.equals(\"list\")){","lastModifiedDate":"2021-09-22"},{"lineNumber":43,"author":{"gitId":"Brandoncmy"},"content":"                System.out.println(\"_________________________________________________\\n\");","lastModifiedDate":"2021-09-22"},{"lineNumber":44,"author":{"gitId":"Brandoncmy"},"content":"                printListArray(listOfItem);","lastModifiedDate":"2021-09-22"},{"lineNumber":45,"author":{"gitId":"Brandoncmy"},"content":"                System.out.println(\"_________________________________________________\\n\");","lastModifiedDate":"2021-09-22"},{"lineNumber":46,"author":{"gitId":"Brandoncmy"},"content":"            }else {","lastModifiedDate":"2021-09-22"},{"lineNumber":47,"author":{"gitId":"Brandoncmy"},"content":"                listOfItem[n] \u003d item;","lastModifiedDate":"2021-09-22"},{"lineNumber":48,"author":{"gitId":"Brandoncmy"},"content":"                System.out.println(\"_________________________________________________\\n\"","lastModifiedDate":"2021-09-22"},{"lineNumber":49,"author":{"gitId":"Brandoncmy"},"content":"                        + \"added: \" + listOfItem[n] + \"\\n\"","lastModifiedDate":"2021-09-22"},{"lineNumber":50,"author":{"gitId":"Brandoncmy"},"content":"                        + \"_________________________________________________\\n\");","lastModifiedDate":"2021-09-22"},{"lineNumber":51,"author":{"gitId":"Brandoncmy"},"content":"                n++;","lastModifiedDate":"2021-09-22"},{"lineNumber":52,"author":{"gitId":"Brandoncmy"},"content":"            }","lastModifiedDate":"2021-09-22"},{"lineNumber":53,"author":{"gitId":"Brandoncmy"},"content":"            item \u003d in.nextLine();","lastModifiedDate":"2021-09-22"},{"lineNumber":54,"author":{"gitId":"Brandoncmy"},"content":"        }","lastModifiedDate":"2021-09-22"},{"lineNumber":55,"author":{"gitId":"Brandoncmy"},"content":"","lastModifiedDate":"2021-09-22"},{"lineNumber":56,"author":{"gitId":"Brandoncmy"},"content":"    }","lastModifiedDate":"2021-09-22"},{"lineNumber":57,"author":{"gitId":"Brandoncmy"},"content":"}","lastModifiedDate":"2021-09-22"}],"authorContributionMap":{"Brandoncmy":57}},{"path":"src/main/java/Level3.java","fileType":"java","lines":[{"lineNumber":1,"author":{"gitId":"Brandoncmy"},"content":"import java.util.Scanner;","lastModifiedDate":"2021-09-22"},{"lineNumber":2,"author":{"gitId":"Brandoncmy"},"content":"import java.util.Arrays;","lastModifiedDate":"2021-09-22"},{"lineNumber":3,"author":{"gitId":"Brandoncmy"},"content":"","lastModifiedDate":"2021-09-22"},{"lineNumber":4,"author":{"gitId":"Brandoncmy"},"content":"public class Level3 {","lastModifiedDate":"2021-09-22"},{"lineNumber":5,"author":{"gitId":"Brandoncmy"},"content":"","lastModifiedDate":"2021-09-22"},{"lineNumber":6,"author":{"gitId":"Brandoncmy"},"content":"    public static void main(String[] args) {","lastModifiedDate":"2021-09-22"},{"lineNumber":7,"author":{"gitId":"Brandoncmy"},"content":"        printGreet();","lastModifiedDate":"2021-09-22"},{"lineNumber":8,"author":{"gitId":"Brandoncmy"},"content":"","lastModifiedDate":"2021-09-22"},{"lineNumber":9,"author":{"gitId":"Brandoncmy"},"content":"        Scanner in \u003d new Scanner(System.in);","lastModifiedDate":"2021-09-22"},{"lineNumber":10,"author":{"gitId":"Brandoncmy"},"content":"","lastModifiedDate":"2021-09-22"},{"lineNumber":11,"author":{"gitId":"Brandoncmy"},"content":"        String[] listOfItem \u003d new String [100];","lastModifiedDate":"2021-09-22"},{"lineNumber":12,"author":{"gitId":"Brandoncmy"},"content":"        int n \u003d 0;","lastModifiedDate":"2021-09-22"},{"lineNumber":13,"author":{"gitId":"Brandoncmy"},"content":"","lastModifiedDate":"2021-09-22"},{"lineNumber":14,"author":{"gitId":"Brandoncmy"},"content":"        String item \u003d in.nextLine();","lastModifiedDate":"2021-09-22"},{"lineNumber":15,"author":{"gitId":"Brandoncmy"},"content":"        String listStop \u003d \"bye\";","lastModifiedDate":"2021-09-22"},{"lineNumber":16,"author":{"gitId":"Brandoncmy"},"content":"","lastModifiedDate":"2021-09-22"},{"lineNumber":17,"author":{"gitId":"Brandoncmy"},"content":"        while (item !\u003d null) {","lastModifiedDate":"2021-09-22"},{"lineNumber":18,"author":{"gitId":"Brandoncmy"},"content":"            if (item.equals(listStop)){","lastModifiedDate":"2021-09-22"},{"lineNumber":19,"author":{"gitId":"Brandoncmy"},"content":"                printExit();","lastModifiedDate":"2021-09-22"},{"lineNumber":20,"author":{"gitId":"Brandoncmy"},"content":"                break;","lastModifiedDate":"2021-09-22"},{"lineNumber":21,"author":{"gitId":"Brandoncmy"},"content":"            }else if (item.equals(\"list\")){","lastModifiedDate":"2021-09-22"},{"lineNumber":22,"author":{"gitId":"Brandoncmy"},"content":"                System.out.println(\"_________________________________________________\\n\");","lastModifiedDate":"2021-09-22"},{"lineNumber":23,"author":{"gitId":"Brandoncmy"},"content":"                printListArray(listOfItem);","lastModifiedDate":"2021-09-22"},{"lineNumber":24,"author":{"gitId":"Brandoncmy"},"content":"                System.out.println(\"_________________________________________________\\n\");","lastModifiedDate":"2021-09-22"},{"lineNumber":25,"author":{"gitId":"Brandoncmy"},"content":"            }else {","lastModifiedDate":"2021-09-22"},{"lineNumber":26,"author":{"gitId":"Brandoncmy"},"content":"                listOfItem[n] \u003d item;","lastModifiedDate":"2021-09-22"},{"lineNumber":27,"author":{"gitId":"Brandoncmy"},"content":"                System.out.println(\"_________________________________________________\\n\"","lastModifiedDate":"2021-09-22"},{"lineNumber":28,"author":{"gitId":"Brandoncmy"},"content":"                        + \"added: \" + listOfItem[n] + \"\\n\"","lastModifiedDate":"2021-09-22"},{"lineNumber":29,"author":{"gitId":"Brandoncmy"},"content":"                        + \"_________________________________________________\\n\");","lastModifiedDate":"2021-09-22"},{"lineNumber":30,"author":{"gitId":"Brandoncmy"},"content":"                n++;","lastModifiedDate":"2021-09-22"},{"lineNumber":31,"author":{"gitId":"Brandoncmy"},"content":"            }","lastModifiedDate":"2021-09-22"},{"lineNumber":32,"author":{"gitId":"Brandoncmy"},"content":"            item \u003d in.nextLine();","lastModifiedDate":"2021-09-22"},{"lineNumber":33,"author":{"gitId":"Brandoncmy"},"content":"        }","lastModifiedDate":"2021-09-22"},{"lineNumber":34,"author":{"gitId":"Brandoncmy"},"content":"","lastModifiedDate":"2021-09-22"},{"lineNumber":35,"author":{"gitId":"Brandoncmy"},"content":"    }","lastModifiedDate":"2021-09-22"},{"lineNumber":36,"author":{"gitId":"Brandoncmy"},"content":"","lastModifiedDate":"2021-09-22"},{"lineNumber":37,"author":{"gitId":"Brandoncmy"},"content":"    public static void printGreet(){","lastModifiedDate":"2021-09-22"},{"lineNumber":38,"author":{"gitId":"Brandoncmy"},"content":"","lastModifiedDate":"2021-09-22"},{"lineNumber":39,"author":{"gitId":"Brandoncmy"},"content":"        String greet","lastModifiedDate":"2021-09-22"},{"lineNumber":40,"author":{"gitId":"Brandoncmy"},"content":"                \u003d \"_________________________________________________\\n\"","lastModifiedDate":"2021-09-22"},{"lineNumber":41,"author":{"gitId":"Brandoncmy"},"content":"                + \"Hello! I\u0027m Duke\\n\"","lastModifiedDate":"2021-09-22"},{"lineNumber":42,"author":{"gitId":"Brandoncmy"},"content":"                + \"What can I do for you?\\n\"","lastModifiedDate":"2021-09-22"},{"lineNumber":43,"author":{"gitId":"Brandoncmy"},"content":"                + \"_________________________________________________\\n\";","lastModifiedDate":"2021-09-22"},{"lineNumber":44,"author":{"gitId":"Brandoncmy"},"content":"","lastModifiedDate":"2021-09-22"},{"lineNumber":45,"author":{"gitId":"Brandoncmy"},"content":"        System.out.println(greet);","lastModifiedDate":"2021-09-22"},{"lineNumber":46,"author":{"gitId":"Brandoncmy"},"content":"    }","lastModifiedDate":"2021-09-22"},{"lineNumber":47,"author":{"gitId":"Brandoncmy"},"content":"","lastModifiedDate":"2021-09-22"},{"lineNumber":48,"author":{"gitId":"Brandoncmy"},"content":"    public static void printExit(){","lastModifiedDate":"2021-09-22"},{"lineNumber":49,"author":{"gitId":"Brandoncmy"},"content":"","lastModifiedDate":"2021-09-22"},{"lineNumber":50,"author":{"gitId":"Brandoncmy"},"content":"        String exit \u003d \"_________________________________________________\\n\"","lastModifiedDate":"2021-09-22"},{"lineNumber":51,"author":{"gitId":"Brandoncmy"},"content":"                + \"Bye. Hope to see you again soon!\\n\"","lastModifiedDate":"2021-09-22"},{"lineNumber":52,"author":{"gitId":"Brandoncmy"},"content":"                + \"_________________________________________________\\n\";","lastModifiedDate":"2021-09-22"},{"lineNumber":53,"author":{"gitId":"Brandoncmy"},"content":"","lastModifiedDate":"2021-09-22"},{"lineNumber":54,"author":{"gitId":"Brandoncmy"},"content":"        System.out.println(exit);","lastModifiedDate":"2021-09-22"},{"lineNumber":55,"author":{"gitId":"Brandoncmy"},"content":"    }","lastModifiedDate":"2021-09-22"},{"lineNumber":56,"author":{"gitId":"Brandoncmy"},"content":"","lastModifiedDate":"2021-09-22"},{"lineNumber":57,"author":{"gitId":"Brandoncmy"},"content":"    public static void printListArray(String[] item){","lastModifiedDate":"2021-09-22"},{"lineNumber":58,"author":{"gitId":"Brandoncmy"},"content":"        int i \u003d 0;","lastModifiedDate":"2021-09-22"},{"lineNumber":59,"author":{"gitId":"Brandoncmy"},"content":"","lastModifiedDate":"2021-09-22"},{"lineNumber":60,"author":{"gitId":"Brandoncmy"},"content":"        while(item[i] !\u003d null){","lastModifiedDate":"2021-09-22"},{"lineNumber":61,"author":{"gitId":"Brandoncmy"},"content":"            System.out.println(i+1 + \". \" + item[i]);","lastModifiedDate":"2021-09-22"},{"lineNumber":62,"author":{"gitId":"Brandoncmy"},"content":"            i++;","lastModifiedDate":"2021-09-22"},{"lineNumber":63,"author":{"gitId":"Brandoncmy"},"content":"        }","lastModifiedDate":"2021-09-22"},{"lineNumber":64,"author":{"gitId":"Brandoncmy"},"content":"    }","lastModifiedDate":"2021-09-22"},{"lineNumber":65,"author":{"gitId":"Brandoncmy"},"content":"","lastModifiedDate":"2021-09-22"},{"lineNumber":66,"author":{"gitId":"Brandoncmy"},"content":"","lastModifiedDate":"2021-09-22"},{"lineNumber":67,"author":{"gitId":"Brandoncmy"},"content":"}","lastModifiedDate":"2021-09-22"}],"authorContributionMap":{"Brandoncmy":67}}]
