[{"path":"build.gradle","fileType":"gradle","lines":[{"lineNumber":1,"author":{"gitId":"-"},"content":"plugins {","lastModifiedDate":"2020-05-25"},{"lineNumber":2,"author":{"gitId":"-"},"content":"    id \u0027java\u0027","lastModifiedDate":"2020-05-25"},{"lineNumber":3,"author":{"gitId":"-"},"content":"    id \u0027application\u0027","lastModifiedDate":"2020-05-25"},{"lineNumber":4,"author":{"gitId":"-"},"content":"    id \u0027checkstyle\u0027","lastModifiedDate":"2020-05-25"},{"lineNumber":5,"author":{"gitId":"-"},"content":"    id \u0027com.github.johnrengelman.shadow\u0027 version \u00275.1.0\u0027","lastModifiedDate":"2020-05-25"},{"lineNumber":6,"author":{"gitId":"-"},"content":"}","lastModifiedDate":"2020-05-25"},{"lineNumber":7,"author":{"gitId":"-"},"content":"","lastModifiedDate":"2020-05-25"},{"lineNumber":8,"author":{"gitId":"-"},"content":"repositories {","lastModifiedDate":"2020-05-25"},{"lineNumber":9,"author":{"gitId":"-"},"content":"    mavenCentral()","lastModifiedDate":"2020-05-25"},{"lineNumber":10,"author":{"gitId":"-"},"content":"}","lastModifiedDate":"2020-05-25"},{"lineNumber":11,"author":{"gitId":"-"},"content":"","lastModifiedDate":"2020-05-25"},{"lineNumber":12,"author":{"gitId":"-"},"content":"dependencies {","lastModifiedDate":"2020-05-25"},{"lineNumber":13,"author":{"gitId":"-"},"content":"    testImplementation group: \u0027org.junit.jupiter\u0027, name: \u0027junit-jupiter-api\u0027, version: \u00275.5.0\u0027","lastModifiedDate":"2020-05-25"},{"lineNumber":14,"author":{"gitId":"-"},"content":"    testRuntimeOnly group: \u0027org.junit.jupiter\u0027, name: \u0027junit-jupiter-engine\u0027, version: \u00275.5.0\u0027","lastModifiedDate":"2020-05-25"},{"lineNumber":15,"author":{"gitId":"-"},"content":"}","lastModifiedDate":"2020-05-25"},{"lineNumber":16,"author":{"gitId":"-"},"content":"","lastModifiedDate":"2020-05-25"},{"lineNumber":17,"author":{"gitId":"-"},"content":"test {","lastModifiedDate":"2020-05-25"},{"lineNumber":18,"author":{"gitId":"-"},"content":"    useJUnitPlatform()","lastModifiedDate":"2020-05-25"},{"lineNumber":19,"author":{"gitId":"-"},"content":"","lastModifiedDate":"2020-05-25"},{"lineNumber":20,"author":{"gitId":"-"},"content":"    testLogging {","lastModifiedDate":"2020-05-25"},{"lineNumber":21,"author":{"gitId":"-"},"content":"        events \"passed\", \"skipped\", \"failed\"","lastModifiedDate":"2020-05-25"},{"lineNumber":22,"author":{"gitId":"-"},"content":"","lastModifiedDate":"2020-05-25"},{"lineNumber":23,"author":{"gitId":"-"},"content":"        showExceptions true","lastModifiedDate":"2020-05-25"},{"lineNumber":24,"author":{"gitId":"-"},"content":"        exceptionFormat \"full\"","lastModifiedDate":"2020-05-25"},{"lineNumber":25,"author":{"gitId":"-"},"content":"        showCauses true","lastModifiedDate":"2020-05-25"},{"lineNumber":26,"author":{"gitId":"-"},"content":"        showStackTraces true","lastModifiedDate":"2020-05-25"},{"lineNumber":27,"author":{"gitId":"-"},"content":"        showStandardStreams \u003d false","lastModifiedDate":"2020-05-25"},{"lineNumber":28,"author":{"gitId":"-"},"content":"    }","lastModifiedDate":"2020-05-25"},{"lineNumber":29,"author":{"gitId":"-"},"content":"}","lastModifiedDate":"2020-05-25"},{"lineNumber":30,"author":{"gitId":"-"},"content":"","lastModifiedDate":"2020-05-25"},{"lineNumber":31,"author":{"gitId":"-"},"content":"application {","lastModifiedDate":"2020-05-25"},{"lineNumber":32,"author":{"gitId":"Brandoncmy"},"content":"    mainClassName \u003d \"seedu.duke.scale.Duke\"","lastModifiedDate":"2021-10-13"},{"lineNumber":33,"author":{"gitId":"-"},"content":"}","lastModifiedDate":"2020-05-25"},{"lineNumber":34,"author":{"gitId":"-"},"content":"","lastModifiedDate":"2020-05-25"},{"lineNumber":35,"author":{"gitId":"-"},"content":"shadowJar {","lastModifiedDate":"2020-05-25"},{"lineNumber":36,"author":{"gitId":"-"},"content":"    archiveBaseName \u003d \"duke\"","lastModifiedDate":"2020-05-25"},{"lineNumber":37,"author":{"gitId":"-"},"content":"    archiveClassifier \u003d null","lastModifiedDate":"2020-05-25"},{"lineNumber":38,"author":{"gitId":"-"},"content":"}","lastModifiedDate":"2020-05-25"},{"lineNumber":39,"author":{"gitId":"-"},"content":"","lastModifiedDate":"2020-05-25"},{"lineNumber":40,"author":{"gitId":"-"},"content":"checkstyle {","lastModifiedDate":"2020-05-25"},{"lineNumber":41,"author":{"gitId":"-"},"content":"    toolVersion \u003d \u00278.29\u0027","lastModifiedDate":"2020-05-25"},{"lineNumber":42,"author":{"gitId":"-"},"content":"}","lastModifiedDate":"2020-05-25"},{"lineNumber":43,"author":{"gitId":"-"},"content":"","lastModifiedDate":"2020-05-25"},{"lineNumber":44,"author":{"gitId":"-"},"content":"run{","lastModifiedDate":"2020-05-25"},{"lineNumber":45,"author":{"gitId":"-"},"content":"    standardInput \u003d System.in","lastModifiedDate":"2020-05-25"},{"lineNumber":46,"author":{"gitId":"-"},"content":"}","lastModifiedDate":"2020-05-25"}],"authorContributionMap":{"Brandoncmy":1,"-":45}},{"path":"duke.txt","fileType":"txt","lines":[{"lineNumber":1,"author":{"gitId":"Brandoncmy"},"content":"T | true |  read book","lastModifiedDate":"2021-10-05"},{"lineNumber":2,"author":{"gitId":"Brandoncmy"},"content":"D | false |  return book (by: June 6th )","lastModifiedDate":"2021-10-05"},{"lineNumber":3,"author":{"gitId":"Brandoncmy"},"content":"E | false |  project meeting (at: Aug 6th 2-4pm)","lastModifiedDate":"2021-10-05"},{"lineNumber":4,"author":{"gitId":"Brandoncmy"},"content":"T | true |  join sports club","lastModifiedDate":"2021-10-05"},{"lineNumber":5,"author":{"gitId":"Brandoncmy"},"content":"T | false |  1","lastModifiedDate":"2021-10-05"},{"lineNumber":6,"author":{"gitId":"Brandoncmy"},"content":"T | false |  2","lastModifiedDate":"2021-10-05"},{"lineNumber":7,"author":{"gitId":"Brandoncmy"},"content":"T | false |  4","lastModifiedDate":"2021-10-05"},{"lineNumber":8,"author":{"gitId":"Brandoncmy"},"content":"T | false |  5","lastModifiedDate":"2021-10-05"},{"lineNumber":9,"author":{"gitId":"Brandoncmy"},"content":"T | true |  read","lastModifiedDate":"2021-10-13"},{"lineNumber":10,"author":{"gitId":"Brandoncmy"},"content":"T | false |  read","lastModifiedDate":"2021-10-13"}],"authorContributionMap":{"Brandoncmy":10}},{"path":"src/main/java/scale/Duke.java","fileType":"java","lines":[{"lineNumber":1,"author":{"gitId":"Brandoncmy"},"content":"package scale;","lastModifiedDate":"2021-10-13"},{"lineNumber":2,"author":{"gitId":"Brandoncmy"},"content":"","lastModifiedDate":"2021-10-13"},{"lineNumber":3,"author":{"gitId":"Brandoncmy"},"content":"import java.util.Scanner;","lastModifiedDate":"2021-09-26"},{"lineNumber":4,"author":{"gitId":"Brandoncmy"},"content":"import java.lang.Integer;","lastModifiedDate":"2021-09-26"},{"lineNumber":5,"author":{"gitId":"Brandoncmy"},"content":"import java.lang.String;","lastModifiedDate":"2021-09-26"},{"lineNumber":6,"author":{"gitId":"Brandoncmy"},"content":"import java.util.ArrayList;","lastModifiedDate":"2021-09-26"},{"lineNumber":7,"author":{"gitId":"Brandoncmy"},"content":"import java.io.File;","lastModifiedDate":"2021-10-05"},{"lineNumber":8,"author":{"gitId":"Brandoncmy"},"content":"import java.io.IOException;","lastModifiedDate":"2021-10-05"},{"lineNumber":9,"author":{"gitId":"Brandoncmy"},"content":"import java.io.FileWriter;","lastModifiedDate":"2021-10-05"},{"lineNumber":10,"author":{"gitId":"Brandoncmy"},"content":"","lastModifiedDate":"2021-09-26"},{"lineNumber":11,"author":{"gitId":"Brandoncmy"},"content":"public class Duke {                                                                         // Week 8 - level 7 - done//","lastModifiedDate":"2021-10-13"},{"lineNumber":12,"author":{"gitId":"Brandoncmy"},"content":"    private static ArrayList\u003cTask\u003e taskList \u003d new ArrayList\u003cTask\u003e();","lastModifiedDate":"2021-09-26"},{"lineNumber":13,"author":{"gitId":"Brandoncmy"},"content":"","lastModifiedDate":"2021-09-26"},{"lineNumber":14,"author":{"gitId":"Brandoncmy"},"content":"    public static void printTaskList(ArrayList\u003cTask\u003e item){","lastModifiedDate":"2021-09-26"},{"lineNumber":15,"author":{"gitId":"Brandoncmy"},"content":"        System.out.println(\"_________________________________________________\");","lastModifiedDate":"2021-09-26"},{"lineNumber":16,"author":{"gitId":"Brandoncmy"},"content":"        System.out.println(\"Here are the tasks in your list:\");","lastModifiedDate":"2021-09-26"},{"lineNumber":17,"author":{"gitId":"Brandoncmy"},"content":"","lastModifiedDate":"2021-09-26"},{"lineNumber":18,"author":{"gitId":"Brandoncmy"},"content":"        int i \u003d 0;","lastModifiedDate":"2021-09-26"},{"lineNumber":19,"author":{"gitId":"Brandoncmy"},"content":"        for (Task list : taskList){","lastModifiedDate":"2021-09-26"},{"lineNumber":20,"author":{"gitId":"Brandoncmy"},"content":"            System.out.println(i+1 + \".\" + \"[\" + taskList.get(i).getType() + \"]\" + taskList.get(i).getStatusIcon() + taskList.get(i).description);","lastModifiedDate":"2021-10-05"},{"lineNumber":21,"author":{"gitId":"Brandoncmy"},"content":"            i++;","lastModifiedDate":"2021-09-26"},{"lineNumber":22,"author":{"gitId":"Brandoncmy"},"content":"        }","lastModifiedDate":"2021-09-26"},{"lineNumber":23,"author":{"gitId":"Brandoncmy"},"content":"        System.out.println(\"_________________________________________________\\n\");","lastModifiedDate":"2021-09-26"},{"lineNumber":24,"author":{"gitId":"Brandoncmy"},"content":"    }","lastModifiedDate":"2021-09-26"},{"lineNumber":25,"author":{"gitId":"Brandoncmy"},"content":"","lastModifiedDate":"2021-09-26"},{"lineNumber":26,"author":{"gitId":"Brandoncmy"},"content":"    public static void printDeleteTask(int index){","lastModifiedDate":"2021-09-26"},{"lineNumber":27,"author":{"gitId":"Brandoncmy"},"content":"        System.out.println(\"_________________________________________________\");","lastModifiedDate":"2021-09-26"},{"lineNumber":28,"author":{"gitId":"Brandoncmy"},"content":"        System.out.println(\"Noted. I\u0027ve removed this task:\");","lastModifiedDate":"2021-09-26"},{"lineNumber":29,"author":{"gitId":"Brandoncmy"},"content":"        System.out.println(\"\\t\" + taskList.get(index).getType() + taskList.get(index).getStatusIcon() + taskList.get(index).description);","lastModifiedDate":"2021-09-26"},{"lineNumber":30,"author":{"gitId":"Brandoncmy"},"content":"        System.out.println(\"Now you have \" + (taskList.size() - 1) + \" tasks in the list.\");","lastModifiedDate":"2021-09-26"},{"lineNumber":31,"author":{"gitId":"Brandoncmy"},"content":"        System.out.println(\"_________________________________________________\\n\");","lastModifiedDate":"2021-09-26"},{"lineNumber":32,"author":{"gitId":"Brandoncmy"},"content":"    }","lastModifiedDate":"2021-09-26"},{"lineNumber":33,"author":{"gitId":"Brandoncmy"},"content":"","lastModifiedDate":"2021-09-26"},{"lineNumber":34,"author":{"gitId":"Brandoncmy"},"content":"    private static void appendToFile(String filePath, ArrayList\u003cTask\u003e item) throws IOException {","lastModifiedDate":"2021-10-05"},{"lineNumber":35,"author":{"gitId":"Brandoncmy"},"content":"        FileWriter fw \u003d new FileWriter(filePath, true); // create a FileWriter in append mode","lastModifiedDate":"2021-10-05"},{"lineNumber":36,"author":{"gitId":"Brandoncmy"},"content":"","lastModifiedDate":"2021-10-05"},{"lineNumber":37,"author":{"gitId":"Brandoncmy"},"content":"        int i \u003d 0;","lastModifiedDate":"2021-10-05"},{"lineNumber":38,"author":{"gitId":"Brandoncmy"},"content":"","lastModifiedDate":"2021-10-05"},{"lineNumber":39,"author":{"gitId":"Brandoncmy"},"content":"        for (Task list : taskList){","lastModifiedDate":"2021-10-05"},{"lineNumber":40,"author":{"gitId":"Brandoncmy"},"content":"            fw.write(taskList.get(i).getType() + \" | \" + taskList.get(i).isDone + \" | \" + taskList.get(i).description + \u0027\\n\u0027);","lastModifiedDate":"2021-10-05"},{"lineNumber":41,"author":{"gitId":"Brandoncmy"},"content":"            i++;","lastModifiedDate":"2021-10-05"},{"lineNumber":42,"author":{"gitId":"Brandoncmy"},"content":"        }","lastModifiedDate":"2021-10-05"},{"lineNumber":43,"author":{"gitId":"Brandoncmy"},"content":"","lastModifiedDate":"2021-10-05"},{"lineNumber":44,"author":{"gitId":"Brandoncmy"},"content":"        fw.close();","lastModifiedDate":"2021-10-05"},{"lineNumber":45,"author":{"gitId":"Brandoncmy"},"content":"    }","lastModifiedDate":"2021-10-05"},{"lineNumber":46,"author":{"gitId":"Brandoncmy"},"content":"","lastModifiedDate":"2021-10-05"},{"lineNumber":47,"author":{"gitId":"Brandoncmy"},"content":"    public static void main(String[] args) throws IOException {","lastModifiedDate":"2021-10-05"},{"lineNumber":48,"author":{"gitId":"Brandoncmy"},"content":"","lastModifiedDate":"2021-10-05"},{"lineNumber":49,"author":{"gitId":"Brandoncmy"},"content":"        // create file //","lastModifiedDate":"2021-10-05"},{"lineNumber":50,"author":{"gitId":"Brandoncmy"},"content":"        File duke \u003d new File(\"duke.txt\");","lastModifiedDate":"2021-10-05"},{"lineNumber":51,"author":{"gitId":"Brandoncmy"},"content":"        checkFile(duke);","lastModifiedDate":"2021-10-05"},{"lineNumber":52,"author":{"gitId":"Brandoncmy"},"content":"","lastModifiedDate":"2021-10-05"},{"lineNumber":53,"author":{"gitId":"Brandoncmy"},"content":"","lastModifiedDate":"2021-10-05"},{"lineNumber":54,"author":{"gitId":"Brandoncmy"},"content":"        printGreet(); // start //","lastModifiedDate":"2021-09-26"},{"lineNumber":55,"author":{"gitId":"Brandoncmy"},"content":"","lastModifiedDate":"2021-09-26"},{"lineNumber":56,"author":{"gitId":"Brandoncmy"},"content":"        Scanner in \u003d new Scanner(System.in);","lastModifiedDate":"2021-09-26"},{"lineNumber":57,"author":{"gitId":"Brandoncmy"},"content":"        int taskCount \u003d 0;","lastModifiedDate":"2021-09-26"},{"lineNumber":58,"author":{"gitId":"Brandoncmy"},"content":"","lastModifiedDate":"2021-09-26"},{"lineNumber":59,"author":{"gitId":"Brandoncmy"},"content":"        String input \u003d \"User input\";","lastModifiedDate":"2021-09-26"},{"lineNumber":60,"author":{"gitId":"Brandoncmy"},"content":"        String firstInput \u003d input.split(\" \")[0];","lastModifiedDate":"2021-09-26"},{"lineNumber":61,"author":{"gitId":"Brandoncmy"},"content":"        firstInput.toLowerCase();","lastModifiedDate":"2021-09-26"},{"lineNumber":62,"author":{"gitId":"Brandoncmy"},"content":"","lastModifiedDate":"2021-09-26"},{"lineNumber":63,"author":{"gitId":"Brandoncmy"},"content":"","lastModifiedDate":"2021-09-26"},{"lineNumber":64,"author":{"gitId":"Brandoncmy"},"content":"        while (input !\u003d null) {","lastModifiedDate":"2021-09-26"},{"lineNumber":65,"author":{"gitId":"Brandoncmy"},"content":"            input \u003d in.nextLine();","lastModifiedDate":"2021-09-26"},{"lineNumber":66,"author":{"gitId":"Brandoncmy"},"content":"            firstInput \u003d input.split(\" \")[0];","lastModifiedDate":"2021-09-26"},{"lineNumber":67,"author":{"gitId":"Brandoncmy"},"content":"            firstInput.toLowerCase();","lastModifiedDate":"2021-09-26"},{"lineNumber":68,"author":{"gitId":"Brandoncmy"},"content":"","lastModifiedDate":"2021-09-26"},{"lineNumber":69,"author":{"gitId":"Brandoncmy"},"content":"            if (firstInput.equalsIgnoreCase(\"bye\")){                                                                      // \"exit\"","lastModifiedDate":"2021-09-26"},{"lineNumber":70,"author":{"gitId":"Brandoncmy"},"content":"                printExit();   //exit//","lastModifiedDate":"2021-09-26"},{"lineNumber":71,"author":{"gitId":"Brandoncmy"},"content":"                break;","lastModifiedDate":"2021-09-26"},{"lineNumber":72,"author":{"gitId":"Brandoncmy"},"content":"            }else if (firstInput.equalsIgnoreCase(\"list\")){                                                       // print \"list\"","lastModifiedDate":"2021-09-26"},{"lineNumber":73,"author":{"gitId":"Brandoncmy"},"content":"                printTaskList(taskList);","lastModifiedDate":"2021-09-26"},{"lineNumber":74,"author":{"gitId":"Brandoncmy"},"content":"            }else if (firstInput.equalsIgnoreCase(\"delete\")){                                                     // print \"delete\"","lastModifiedDate":"2021-09-26"},{"lineNumber":75,"author":{"gitId":"Brandoncmy"},"content":"                String deleteNum \u003d input.split(\" \")[1];","lastModifiedDate":"2021-09-26"},{"lineNumber":76,"author":{"gitId":"Brandoncmy"},"content":"                int d_num \u003d Integer.parseInt(deleteNum) - 1;","lastModifiedDate":"2021-09-26"},{"lineNumber":77,"author":{"gitId":"Brandoncmy"},"content":"                printDeleteTask(d_num);","lastModifiedDate":"2021-09-26"},{"lineNumber":78,"author":{"gitId":"Brandoncmy"},"content":"                taskList.remove(d_num);","lastModifiedDate":"2021-10-05"},{"lineNumber":79,"author":{"gitId":"Brandoncmy"},"content":"","lastModifiedDate":"2021-09-26"},{"lineNumber":80,"author":{"gitId":"Brandoncmy"},"content":"            }else if (firstInput.equalsIgnoreCase(\"done\")){                                                       // make \"done\"","lastModifiedDate":"2021-09-26"},{"lineNumber":81,"author":{"gitId":"Brandoncmy"},"content":"                String taskNum \u003d input.split(\" \")[1];","lastModifiedDate":"2021-09-26"},{"lineNumber":82,"author":{"gitId":"Brandoncmy"},"content":"                int num \u003d Integer.parseInt(taskNum) - 1;","lastModifiedDate":"2021-09-26"},{"lineNumber":83,"author":{"gitId":"Brandoncmy"},"content":"","lastModifiedDate":"2021-09-26"},{"lineNumber":84,"author":{"gitId":"Brandoncmy"},"content":"                if (taskList.get(num).description !\u003d  null){","lastModifiedDate":"2021-09-26"},{"lineNumber":85,"author":{"gitId":"Brandoncmy"},"content":"                    taskList.get(num).markAsDone();                                                                            //list : mark as done","lastModifiedDate":"2021-09-26"},{"lineNumber":86,"author":{"gitId":"Brandoncmy"},"content":"                    System.out.println(\"_________________________________________________\");","lastModifiedDate":"2021-09-26"},{"lineNumber":87,"author":{"gitId":"Brandoncmy"},"content":"                    System.out.println(\"Nice! I\u0027ve marked this task as done: \\n\" + taskList.get(num).getStatusIcon() + taskList.get(num).description);","lastModifiedDate":"2021-09-26"},{"lineNumber":88,"author":{"gitId":"Brandoncmy"},"content":"                    System.out.println(\"_________________________________________________\\n\");","lastModifiedDate":"2021-09-26"},{"lineNumber":89,"author":{"gitId":"Brandoncmy"},"content":"                }else{","lastModifiedDate":"2021-09-26"},{"lineNumber":90,"author":{"gitId":"Brandoncmy"},"content":"                    System.out.println(\"There is no task #\" + num);","lastModifiedDate":"2021-10-05"},{"lineNumber":91,"author":{"gitId":"Brandoncmy"},"content":"                }","lastModifiedDate":"2021-09-26"},{"lineNumber":92,"author":{"gitId":"Brandoncmy"},"content":"","lastModifiedDate":"2021-09-26"},{"lineNumber":93,"author":{"gitId":"Brandoncmy"},"content":"            } else {","lastModifiedDate":"2021-09-26"},{"lineNumber":94,"author":{"gitId":"Brandoncmy"},"content":"                if (checkError(input)) {continue;}","lastModifiedDate":"2021-09-26"},{"lineNumber":95,"author":{"gitId":"Brandoncmy"},"content":"","lastModifiedDate":"2021-09-26"},{"lineNumber":96,"author":{"gitId":"Brandoncmy"},"content":"                String taskDescription \u003d input.substring(firstInput.length(), input.length());                              // keep task description","lastModifiedDate":"2021-09-26"},{"lineNumber":97,"author":{"gitId":"Brandoncmy"},"content":"","lastModifiedDate":"2021-09-26"},{"lineNumber":98,"author":{"gitId":"Brandoncmy"},"content":"                    switch (firstInput) {","lastModifiedDate":"2021-09-26"},{"lineNumber":99,"author":{"gitId":"Brandoncmy"},"content":"                        case \"todo\":","lastModifiedDate":"2021-09-26"},{"lineNumber":100,"author":{"gitId":"Brandoncmy"},"content":"                            Todo t \u003d new Todo(taskDescription);","lastModifiedDate":"2021-09-26"},{"lineNumber":101,"author":{"gitId":"Brandoncmy"},"content":"                            t.type \u003d \"todo\";","lastModifiedDate":"2021-09-26"},{"lineNumber":102,"author":{"gitId":"Brandoncmy"},"content":"                            taskList.add(t);","lastModifiedDate":"2021-09-26"},{"lineNumber":103,"author":{"gitId":"Brandoncmy"},"content":"                            break;","lastModifiedDate":"2021-09-26"},{"lineNumber":104,"author":{"gitId":"Brandoncmy"},"content":"                        case \"deadline\":","lastModifiedDate":"2021-09-26"},{"lineNumber":105,"author":{"gitId":"Brandoncmy"},"content":"                            Deadline d \u003d new Deadline(taskDescription);","lastModifiedDate":"2021-09-26"},{"lineNumber":106,"author":{"gitId":"Brandoncmy"},"content":"                            d.type \u003d \"deadline\";","lastModifiedDate":"2021-09-26"},{"lineNumber":107,"author":{"gitId":"Brandoncmy"},"content":"                            taskList.add(d);","lastModifiedDate":"2021-09-26"},{"lineNumber":108,"author":{"gitId":"Brandoncmy"},"content":"                            break;","lastModifiedDate":"2021-09-26"},{"lineNumber":109,"author":{"gitId":"Brandoncmy"},"content":"                        case \"event\":","lastModifiedDate":"2021-09-26"},{"lineNumber":110,"author":{"gitId":"Brandoncmy"},"content":"                            Event e \u003d new Event(taskDescription);","lastModifiedDate":"2021-09-26"},{"lineNumber":111,"author":{"gitId":"Brandoncmy"},"content":"                            e.type \u003d \"event\";","lastModifiedDate":"2021-09-26"},{"lineNumber":112,"author":{"gitId":"Brandoncmy"},"content":"                            taskList.add(e);","lastModifiedDate":"2021-09-26"},{"lineNumber":113,"author":{"gitId":"Brandoncmy"},"content":"                            break;","lastModifiedDate":"2021-09-26"},{"lineNumber":114,"author":{"gitId":"Brandoncmy"},"content":"                    }","lastModifiedDate":"2021-09-26"},{"lineNumber":115,"author":{"gitId":"Brandoncmy"},"content":"","lastModifiedDate":"2021-09-26"},{"lineNumber":116,"author":{"gitId":"Brandoncmy"},"content":"                    System.out.println(\"_________________________________________________\\n\"","lastModifiedDate":"2021-09-26"},{"lineNumber":117,"author":{"gitId":"Brandoncmy"},"content":"                            + \"Got it. I\u0027ve added this task: \\n\"","lastModifiedDate":"2021-09-26"},{"lineNumber":118,"author":{"gitId":"Brandoncmy"},"content":"                            + \"\\t\" + \"[\" + taskList.get(taskCount).getType() + \"]\" + taskList.get(taskCount).getStatusIcon() + taskList.get(taskCount).description + \"\\n\"","lastModifiedDate":"2021-10-05"},{"lineNumber":119,"author":{"gitId":"Brandoncmy"},"content":"                            + \"Now you have \" + (taskCount + 1) + \" tasks in the list.\" + \"\\n\"","lastModifiedDate":"2021-09-26"},{"lineNumber":120,"author":{"gitId":"Brandoncmy"},"content":"                            + \"_________________________________________________\\n\");","lastModifiedDate":"2021-09-26"},{"lineNumber":121,"author":{"gitId":"Brandoncmy"},"content":"","lastModifiedDate":"2021-09-26"},{"lineNumber":122,"author":{"gitId":"Brandoncmy"},"content":"                    taskCount++;","lastModifiedDate":"2021-09-26"},{"lineNumber":123,"author":{"gitId":"Brandoncmy"},"content":"            }","lastModifiedDate":"2021-09-26"},{"lineNumber":124,"author":{"gitId":"Brandoncmy"},"content":"        }","lastModifiedDate":"2021-09-26"},{"lineNumber":125,"author":{"gitId":"Brandoncmy"},"content":"        appendToFile(duke.getAbsolutePath(), taskList);","lastModifiedDate":"2021-10-05"},{"lineNumber":126,"author":{"gitId":"Brandoncmy"},"content":"    }","lastModifiedDate":"2021-10-05"},{"lineNumber":127,"author":{"gitId":"Brandoncmy"},"content":"","lastModifiedDate":"2021-10-05"},{"lineNumber":128,"author":{"gitId":"Brandoncmy"},"content":"    public static boolean checkFile (File duke){","lastModifiedDate":"2021-10-05"},{"lineNumber":129,"author":{"gitId":"Brandoncmy"},"content":"        try {","lastModifiedDate":"2021-10-05"},{"lineNumber":130,"author":{"gitId":"Brandoncmy"},"content":"            if (duke.createNewFile()) {","lastModifiedDate":"2021-10-05"},{"lineNumber":131,"author":{"gitId":"Brandoncmy"},"content":"                System.out.println(\"File created: \" + duke.getName());","lastModifiedDate":"2021-10-05"},{"lineNumber":132,"author":{"gitId":"Brandoncmy"},"content":"            } else {","lastModifiedDate":"2021-10-05"},{"lineNumber":133,"author":{"gitId":"Brandoncmy"},"content":"                System.out.println(\"File already exists.\");","lastModifiedDate":"2021-10-05"},{"lineNumber":134,"author":{"gitId":"Brandoncmy"},"content":"            }","lastModifiedDate":"2021-10-05"},{"lineNumber":135,"author":{"gitId":"Brandoncmy"},"content":"            System.out.println(\"File path: \" + duke.getAbsolutePath());","lastModifiedDate":"2021-10-05"},{"lineNumber":136,"author":{"gitId":"Brandoncmy"},"content":"        } catch (IOException e) {","lastModifiedDate":"2021-10-05"},{"lineNumber":137,"author":{"gitId":"Brandoncmy"},"content":"            System.out.println(\"An error occurred.\");","lastModifiedDate":"2021-10-05"},{"lineNumber":138,"author":{"gitId":"Brandoncmy"},"content":"            e.printStackTrace();","lastModifiedDate":"2021-10-05"},{"lineNumber":139,"author":{"gitId":"Brandoncmy"},"content":"        }","lastModifiedDate":"2021-10-05"},{"lineNumber":140,"author":{"gitId":"Brandoncmy"},"content":"        return true;","lastModifiedDate":"2021-10-05"},{"lineNumber":141,"author":{"gitId":"Brandoncmy"},"content":"    }","lastModifiedDate":"2021-09-26"},{"lineNumber":142,"author":{"gitId":"Brandoncmy"},"content":"","lastModifiedDate":"2021-09-26"},{"lineNumber":143,"author":{"gitId":"Brandoncmy"},"content":"    public static boolean checkError (String descriptor){","lastModifiedDate":"2021-09-26"},{"lineNumber":144,"author":{"gitId":"Brandoncmy"},"content":"        try{","lastModifiedDate":"2021-09-26"},{"lineNumber":145,"author":{"gitId":"Brandoncmy"},"content":"            checkTask(descriptor);","lastModifiedDate":"2021-09-26"},{"lineNumber":146,"author":{"gitId":"Brandoncmy"},"content":"            return false;","lastModifiedDate":"2021-09-26"},{"lineNumber":147,"author":{"gitId":"Brandoncmy"},"content":"        }catch (IllegalStateException e) {","lastModifiedDate":"2021-09-26"},{"lineNumber":148,"author":{"gitId":"Brandoncmy"},"content":"            System.out.println(\"______________________________________________________\\n\"","lastModifiedDate":"2021-09-26"},{"lineNumber":149,"author":{"gitId":"Brandoncmy"},"content":"                    + \"☹ OOPS!!! The description of a todo cannot be empty.\\n\"","lastModifiedDate":"2021-09-26"},{"lineNumber":150,"author":{"gitId":"Brandoncmy"},"content":"                    + \"______________________________________________________\\n\");","lastModifiedDate":"2021-09-26"},{"lineNumber":151,"author":{"gitId":"Brandoncmy"},"content":"        }catch (IllegalCallerException e) {","lastModifiedDate":"2021-09-26"},{"lineNumber":152,"author":{"gitId":"Brandoncmy"},"content":"            System.out.println(\"______________________________________________________\\n\"","lastModifiedDate":"2021-09-26"},{"lineNumber":153,"author":{"gitId":"Brandoncmy"},"content":"                    + \"☹ OOPS!!! The description of an event cannot be empty.\\n\"","lastModifiedDate":"2021-09-26"},{"lineNumber":154,"author":{"gitId":"Brandoncmy"},"content":"                    + \"______________________________________________________\\n\");","lastModifiedDate":"2021-09-26"},{"lineNumber":155,"author":{"gitId":"Brandoncmy"},"content":"        }catch (IllegalAccessError e) {","lastModifiedDate":"2021-09-26"},{"lineNumber":156,"author":{"gitId":"Brandoncmy"},"content":"            System.out.println(\"______________________________________________________\\n\"","lastModifiedDate":"2021-09-26"},{"lineNumber":157,"author":{"gitId":"Brandoncmy"},"content":"                    + \"☹ OOPS!!! The description of a deadline cannot be empty.\\n\"","lastModifiedDate":"2021-09-26"},{"lineNumber":158,"author":{"gitId":"Brandoncmy"},"content":"                    + \"______________________________________________________\\n\");","lastModifiedDate":"2021-09-26"},{"lineNumber":159,"author":{"gitId":"Brandoncmy"},"content":"        }catch (DukeException e) {","lastModifiedDate":"2021-09-26"},{"lineNumber":160,"author":{"gitId":"Brandoncmy"},"content":"            System.out.println(\"_______________________________________________________________\\n\"","lastModifiedDate":"2021-09-26"},{"lineNumber":161,"author":{"gitId":"Brandoncmy"},"content":"                    + \"☹ OOPS!!! I\u0027m sorry, but I don\u0027t know what that means :-(\\n\"","lastModifiedDate":"2021-09-26"},{"lineNumber":162,"author":{"gitId":"Brandoncmy"},"content":"                    + \"_______________________________________________________________\\n\");","lastModifiedDate":"2021-09-26"},{"lineNumber":163,"author":{"gitId":"Brandoncmy"},"content":"        }","lastModifiedDate":"2021-09-26"},{"lineNumber":164,"author":{"gitId":"Brandoncmy"},"content":"        return true;","lastModifiedDate":"2021-09-26"},{"lineNumber":165,"author":{"gitId":"Brandoncmy"},"content":"    }","lastModifiedDate":"2021-09-26"},{"lineNumber":166,"author":{"gitId":"Brandoncmy"},"content":"","lastModifiedDate":"2021-09-26"},{"lineNumber":167,"author":{"gitId":"Brandoncmy"},"content":"    public static boolean checkTask(String taskName) throws DukeException {","lastModifiedDate":"2021-09-26"},{"lineNumber":168,"author":{"gitId":"Brandoncmy"},"content":"        String firstInput \u003d taskName.split(\" \")[0];","lastModifiedDate":"2021-09-26"},{"lineNumber":169,"author":{"gitId":"Brandoncmy"},"content":"        firstInput.toLowerCase();","lastModifiedDate":"2021-09-26"},{"lineNumber":170,"author":{"gitId":"Brandoncmy"},"content":"        String taskDescription \u003d taskName.substring(firstInput.length(), taskName.length());","lastModifiedDate":"2021-09-26"},{"lineNumber":171,"author":{"gitId":"Brandoncmy"},"content":"","lastModifiedDate":"2021-09-26"},{"lineNumber":172,"author":{"gitId":"Brandoncmy"},"content":"        switch (firstInput){","lastModifiedDate":"2021-09-26"},{"lineNumber":173,"author":{"gitId":"Brandoncmy"},"content":"            case \"todo\" :","lastModifiedDate":"2021-09-26"},{"lineNumber":174,"author":{"gitId":"Brandoncmy"},"content":"                if (taskDescription.trim().isEmpty()){","lastModifiedDate":"2021-09-26"},{"lineNumber":175,"author":{"gitId":"Brandoncmy"},"content":"                    throw new IllegalStateException();","lastModifiedDate":"2021-09-26"},{"lineNumber":176,"author":{"gitId":"Brandoncmy"},"content":"                }else{","lastModifiedDate":"2021-09-26"},{"lineNumber":177,"author":{"gitId":"Brandoncmy"},"content":"                    break;","lastModifiedDate":"2021-09-26"},{"lineNumber":178,"author":{"gitId":"Brandoncmy"},"content":"                }","lastModifiedDate":"2021-09-26"},{"lineNumber":179,"author":{"gitId":"Brandoncmy"},"content":"            case \"event\" :","lastModifiedDate":"2021-09-26"},{"lineNumber":180,"author":{"gitId":"Brandoncmy"},"content":"                if (taskDescription.trim().isEmpty()){","lastModifiedDate":"2021-09-26"},{"lineNumber":181,"author":{"gitId":"Brandoncmy"},"content":"                    throw new IllegalCallerException();","lastModifiedDate":"2021-09-26"},{"lineNumber":182,"author":{"gitId":"Brandoncmy"},"content":"                }else{","lastModifiedDate":"2021-09-26"},{"lineNumber":183,"author":{"gitId":"Brandoncmy"},"content":"                    break;","lastModifiedDate":"2021-09-26"},{"lineNumber":184,"author":{"gitId":"Brandoncmy"},"content":"                }","lastModifiedDate":"2021-09-26"},{"lineNumber":185,"author":{"gitId":"Brandoncmy"},"content":"            case \"deadline\" :","lastModifiedDate":"2021-09-26"},{"lineNumber":186,"author":{"gitId":"Brandoncmy"},"content":"                if (taskDescription.trim().isEmpty()){","lastModifiedDate":"2021-09-26"},{"lineNumber":187,"author":{"gitId":"Brandoncmy"},"content":"                    throw new IllegalAccessError();","lastModifiedDate":"2021-09-26"},{"lineNumber":188,"author":{"gitId":"Brandoncmy"},"content":"                }else{","lastModifiedDate":"2021-09-26"},{"lineNumber":189,"author":{"gitId":"Brandoncmy"},"content":"                    break;","lastModifiedDate":"2021-09-26"},{"lineNumber":190,"author":{"gitId":"Brandoncmy"},"content":"                }","lastModifiedDate":"2021-09-26"},{"lineNumber":191,"author":{"gitId":"Brandoncmy"},"content":"","lastModifiedDate":"2021-09-26"},{"lineNumber":192,"author":{"gitId":"Brandoncmy"},"content":"            default: throw new DukeException();","lastModifiedDate":"2021-09-26"},{"lineNumber":193,"author":{"gitId":"Brandoncmy"},"content":"        }","lastModifiedDate":"2021-09-26"},{"lineNumber":194,"author":{"gitId":"Brandoncmy"},"content":"        return true;","lastModifiedDate":"2021-09-26"},{"lineNumber":195,"author":{"gitId":"Brandoncmy"},"content":"    }","lastModifiedDate":"2021-09-26"},{"lineNumber":196,"author":{"gitId":"Brandoncmy"},"content":"","lastModifiedDate":"2021-09-26"},{"lineNumber":197,"author":{"gitId":"Brandoncmy"},"content":"    public static class DukeException extends Exception {","lastModifiedDate":"2021-09-26"},{"lineNumber":198,"author":{"gitId":"Brandoncmy"},"content":"    }","lastModifiedDate":"2021-09-26"},{"lineNumber":199,"author":{"gitId":"Brandoncmy"},"content":"","lastModifiedDate":"2021-09-26"},{"lineNumber":200,"author":{"gitId":"Brandoncmy"},"content":"    public static class Todo extends Task {","lastModifiedDate":"2021-09-26"},{"lineNumber":201,"author":{"gitId":"Brandoncmy"},"content":"","lastModifiedDate":"2021-09-26"},{"lineNumber":202,"author":{"gitId":"Brandoncmy"},"content":"        public Todo(String description) {","lastModifiedDate":"2021-09-26"},{"lineNumber":203,"author":{"gitId":"Brandoncmy"},"content":"            super(description);","lastModifiedDate":"2021-09-26"},{"lineNumber":204,"author":{"gitId":"Brandoncmy"},"content":"        }","lastModifiedDate":"2021-09-26"},{"lineNumber":205,"author":{"gitId":"Brandoncmy"},"content":"    }","lastModifiedDate":"2021-09-26"},{"lineNumber":206,"author":{"gitId":"Brandoncmy"},"content":"","lastModifiedDate":"2021-09-26"},{"lineNumber":207,"author":{"gitId":"Brandoncmy"},"content":"    public static class Deadline extends Task {","lastModifiedDate":"2021-09-26"},{"lineNumber":208,"author":{"gitId":"Brandoncmy"},"content":"","lastModifiedDate":"2021-09-26"},{"lineNumber":209,"author":{"gitId":"Brandoncmy"},"content":"        public Deadline(String description) {","lastModifiedDate":"2021-09-26"},{"lineNumber":210,"author":{"gitId":"Brandoncmy"},"content":"            super(description);","lastModifiedDate":"2021-09-26"},{"lineNumber":211,"author":{"gitId":"Brandoncmy"},"content":"            if (description.contains(\"/by\"))","lastModifiedDate":"2021-10-05"},{"lineNumber":212,"author":{"gitId":"Brandoncmy"},"content":"            this.description \u003d description.replace(\"/by\", \"(by:\") + \")\";","lastModifiedDate":"2021-09-26"},{"lineNumber":213,"author":{"gitId":"Brandoncmy"},"content":"        }","lastModifiedDate":"2021-09-26"},{"lineNumber":214,"author":{"gitId":"Brandoncmy"},"content":"    }","lastModifiedDate":"2021-09-26"},{"lineNumber":215,"author":{"gitId":"Brandoncmy"},"content":"","lastModifiedDate":"2021-09-26"},{"lineNumber":216,"author":{"gitId":"Brandoncmy"},"content":"    public static class Event extends Task {","lastModifiedDate":"2021-09-26"},{"lineNumber":217,"author":{"gitId":"Brandoncmy"},"content":"","lastModifiedDate":"2021-09-26"},{"lineNumber":218,"author":{"gitId":"Brandoncmy"},"content":"        protected String taskDesc;","lastModifiedDate":"2021-10-05"},{"lineNumber":219,"author":{"gitId":"Brandoncmy"},"content":"","lastModifiedDate":"2021-10-05"},{"lineNumber":220,"author":{"gitId":"Brandoncmy"},"content":"        public Event(String description) {","lastModifiedDate":"2021-09-26"},{"lineNumber":221,"author":{"gitId":"Brandoncmy"},"content":"            super(description);","lastModifiedDate":"2021-09-26"},{"lineNumber":222,"author":{"gitId":"Brandoncmy"},"content":"            if (description.contains(\"/at\")){","lastModifiedDate":"2021-10-05"},{"lineNumber":223,"author":{"gitId":"Brandoncmy"},"content":"                this.description \u003d description.replace(\"/at\", \"(at:\") + \")\";","lastModifiedDate":"2021-09-26"},{"lineNumber":224,"author":{"gitId":"Brandoncmy"},"content":"            }","lastModifiedDate":"2021-09-26"},{"lineNumber":225,"author":{"gitId":"Brandoncmy"},"content":"        }","lastModifiedDate":"2021-09-26"},{"lineNumber":226,"author":{"gitId":"Brandoncmy"},"content":"    }","lastModifiedDate":"2021-10-05"},{"lineNumber":227,"author":{"gitId":"Brandoncmy"},"content":"","lastModifiedDate":"2021-09-26"},{"lineNumber":228,"author":{"gitId":"Brandoncmy"},"content":"    public static class Task {","lastModifiedDate":"2021-09-26"},{"lineNumber":229,"author":{"gitId":"Brandoncmy"},"content":"        protected String description;","lastModifiedDate":"2021-09-26"},{"lineNumber":230,"author":{"gitId":"Brandoncmy"},"content":"        protected String type;","lastModifiedDate":"2021-09-26"},{"lineNumber":231,"author":{"gitId":"Brandoncmy"},"content":"        protected boolean isDone;","lastModifiedDate":"2021-09-26"},{"lineNumber":232,"author":{"gitId":"Brandoncmy"},"content":"","lastModifiedDate":"2021-09-26"},{"lineNumber":233,"author":{"gitId":"Brandoncmy"},"content":"        public Task(String description) {","lastModifiedDate":"2021-09-26"},{"lineNumber":234,"author":{"gitId":"Brandoncmy"},"content":"            this.description \u003d description;","lastModifiedDate":"2021-09-26"},{"lineNumber":235,"author":{"gitId":"Brandoncmy"},"content":"            this.isDone \u003d false;","lastModifiedDate":"2021-09-26"},{"lineNumber":236,"author":{"gitId":"Brandoncmy"},"content":"        }","lastModifiedDate":"2021-09-26"},{"lineNumber":237,"author":{"gitId":"Brandoncmy"},"content":"","lastModifiedDate":"2021-09-26"},{"lineNumber":238,"author":{"gitId":"Brandoncmy"},"content":"        public boolean markAsDone() {","lastModifiedDate":"2021-10-05"},{"lineNumber":239,"author":{"gitId":"Brandoncmy"},"content":"            this.isDone \u003d true;","lastModifiedDate":"2021-10-05"},{"lineNumber":240,"author":{"gitId":"Brandoncmy"},"content":"            return true; // mark done task with X","lastModifiedDate":"2021-10-05"},{"lineNumber":241,"author":{"gitId":"Brandoncmy"},"content":"        }","lastModifiedDate":"2021-10-05"},{"lineNumber":242,"author":{"gitId":"Brandoncmy"},"content":"","lastModifiedDate":"2021-10-05"},{"lineNumber":243,"author":{"gitId":"Brandoncmy"},"content":"        public String getStatusIcon() {","lastModifiedDate":"2021-09-26"},{"lineNumber":244,"author":{"gitId":"Brandoncmy"},"content":"            if (!isDone){","lastModifiedDate":"2021-09-26"},{"lineNumber":245,"author":{"gitId":"Brandoncmy"},"content":"                return (\"[ ] \");","lastModifiedDate":"2021-09-26"},{"lineNumber":246,"author":{"gitId":"Brandoncmy"},"content":"            }","lastModifiedDate":"2021-09-26"},{"lineNumber":247,"author":{"gitId":"Brandoncmy"},"content":"            return (isDone ? \"[X] \" : \" \"); // mark done task with X","lastModifiedDate":"2021-09-26"},{"lineNumber":248,"author":{"gitId":"Brandoncmy"},"content":"        }","lastModifiedDate":"2021-09-26"},{"lineNumber":249,"author":{"gitId":"Brandoncmy"},"content":"","lastModifiedDate":"2021-09-26"},{"lineNumber":250,"author":{"gitId":"Brandoncmy"},"content":"        public String getType(){","lastModifiedDate":"2021-09-26"},{"lineNumber":251,"author":{"gitId":"Brandoncmy"},"content":"","lastModifiedDate":"2021-09-26"},{"lineNumber":252,"author":{"gitId":"Brandoncmy"},"content":"            String taskType \u003d this.type;","lastModifiedDate":"2021-09-26"},{"lineNumber":253,"author":{"gitId":"Brandoncmy"},"content":"","lastModifiedDate":"2021-09-26"},{"lineNumber":254,"author":{"gitId":"Brandoncmy"},"content":"            switch (taskType){","lastModifiedDate":"2021-09-26"},{"lineNumber":255,"author":{"gitId":"Brandoncmy"},"content":"                case \"todo\" :","lastModifiedDate":"2021-09-26"},{"lineNumber":256,"author":{"gitId":"Brandoncmy"},"content":"                    type \u003d \"T\";","lastModifiedDate":"2021-10-05"},{"lineNumber":257,"author":{"gitId":"Brandoncmy"},"content":"                    break;","lastModifiedDate":"2021-09-26"},{"lineNumber":258,"author":{"gitId":"Brandoncmy"},"content":"                case \"deadline\" :","lastModifiedDate":"2021-09-26"},{"lineNumber":259,"author":{"gitId":"Brandoncmy"},"content":"                    type \u003d \"D\";","lastModifiedDate":"2021-10-05"},{"lineNumber":260,"author":{"gitId":"Brandoncmy"},"content":"                    break;","lastModifiedDate":"2021-09-26"},{"lineNumber":261,"author":{"gitId":"Brandoncmy"},"content":"                case \"event\" :","lastModifiedDate":"2021-09-26"},{"lineNumber":262,"author":{"gitId":"Brandoncmy"},"content":"                    type \u003d \"E\";","lastModifiedDate":"2021-10-05"},{"lineNumber":263,"author":{"gitId":"Brandoncmy"},"content":"                    break;","lastModifiedDate":"2021-09-26"},{"lineNumber":264,"author":{"gitId":"Brandoncmy"},"content":"            }","lastModifiedDate":"2021-09-26"},{"lineNumber":265,"author":{"gitId":"Brandoncmy"},"content":"            return type;","lastModifiedDate":"2021-09-26"},{"lineNumber":266,"author":{"gitId":"Brandoncmy"},"content":"        }","lastModifiedDate":"2021-09-26"},{"lineNumber":267,"author":{"gitId":"Brandoncmy"},"content":"","lastModifiedDate":"2021-09-26"},{"lineNumber":268,"author":{"gitId":"Brandoncmy"},"content":"    }","lastModifiedDate":"2021-09-26"},{"lineNumber":269,"author":{"gitId":"Brandoncmy"},"content":"","lastModifiedDate":"2021-10-05"},{"lineNumber":270,"author":{"gitId":"Brandoncmy"},"content":"    public static void printGreet(){","lastModifiedDate":"2021-09-26"},{"lineNumber":271,"author":{"gitId":"Brandoncmy"},"content":"","lastModifiedDate":"2021-09-26"},{"lineNumber":272,"author":{"gitId":"Brandoncmy"},"content":"        String greet","lastModifiedDate":"2021-09-26"},{"lineNumber":273,"author":{"gitId":"Brandoncmy"},"content":"                \u003d \"_________________________________________________\\n\"","lastModifiedDate":"2021-09-26"},{"lineNumber":274,"author":{"gitId":"Brandoncmy"},"content":"                + \"Hello! I\u0027m scale.Duke\\n\"","lastModifiedDate":"2021-10-13"},{"lineNumber":275,"author":{"gitId":"Brandoncmy"},"content":"                + \"What can I do for you?\\n\"","lastModifiedDate":"2021-09-26"},{"lineNumber":276,"author":{"gitId":"Brandoncmy"},"content":"                + \"_________________________________________________\\n\";","lastModifiedDate":"2021-09-26"},{"lineNumber":277,"author":{"gitId":"Brandoncmy"},"content":"","lastModifiedDate":"2021-09-26"},{"lineNumber":278,"author":{"gitId":"Brandoncmy"},"content":"        System.out.println(greet);","lastModifiedDate":"2021-09-26"},{"lineNumber":279,"author":{"gitId":"Brandoncmy"},"content":"    }","lastModifiedDate":"2021-09-26"},{"lineNumber":280,"author":{"gitId":"Brandoncmy"},"content":"","lastModifiedDate":"2021-09-26"},{"lineNumber":281,"author":{"gitId":"Brandoncmy"},"content":"    public static void printExit(){","lastModifiedDate":"2021-09-26"},{"lineNumber":282,"author":{"gitId":"Brandoncmy"},"content":"","lastModifiedDate":"2021-09-26"},{"lineNumber":283,"author":{"gitId":"Brandoncmy"},"content":"        String exit \u003d \"_________________________________________________\\n\"","lastModifiedDate":"2021-09-26"},{"lineNumber":284,"author":{"gitId":"Brandoncmy"},"content":"                + \"Bye. Hope to see you again soon!\\n\"","lastModifiedDate":"2021-09-26"},{"lineNumber":285,"author":{"gitId":"Brandoncmy"},"content":"                + \"_________________________________________________\\n\";","lastModifiedDate":"2021-09-26"},{"lineNumber":286,"author":{"gitId":"Brandoncmy"},"content":"","lastModifiedDate":"2021-09-26"},{"lineNumber":287,"author":{"gitId":"Brandoncmy"},"content":"        System.out.println(exit);","lastModifiedDate":"2021-09-26"},{"lineNumber":288,"author":{"gitId":"Brandoncmy"},"content":"    }","lastModifiedDate":"2021-09-26"},{"lineNumber":289,"author":{"gitId":"-"},"content":"}","lastModifiedDate":"2019-07-29"}],"authorContributionMap":{"Brandoncmy":288,"-":1}},{"path":"src/main/java/scale/Task.java","fileType":"java","lines":[{"lineNumber":1,"author":{"gitId":"Brandoncmy"},"content":"package scale;","lastModifiedDate":"2021-10-13"},{"lineNumber":2,"author":{"gitId":"Brandoncmy"},"content":"","lastModifiedDate":"2021-10-13"},{"lineNumber":3,"author":{"gitId":"Brandoncmy"},"content":"public class Task {","lastModifiedDate":"2021-10-13"},{"lineNumber":4,"author":{"gitId":"Brandoncmy"},"content":"    public int getIndex(int i){","lastModifiedDate":"2021-10-13"},{"lineNumber":5,"author":{"gitId":"Brandoncmy"},"content":"        return i + 1;","lastModifiedDate":"2021-10-13"},{"lineNumber":6,"author":{"gitId":"Brandoncmy"},"content":"    }","lastModifiedDate":"2021-10-13"},{"lineNumber":7,"author":{"gitId":"Brandoncmy"},"content":"}","lastModifiedDate":"2021-10-13"}],"authorContributionMap":{"Brandoncmy":7}}]
