{"authorDailyContributionsMap":{"Brandoncmy":[{"date":"2021-09-22","commitResults":[{"hash":"f1dc1db58595e00aac68dbc1c57a91494ed5ef3a","messageTitle":"Update","messageBody":"","fileTypesAndContributionMap":{"java":{"insertions":108,"deletions":0}}},{"hash":"afb0eeeb5c65ec7a83786f518da69ad8c8982aa9","messageTitle":"update-1","messageBody":"","fileTypesAndContributionMap":{"java":{"insertions":0,"deletions":5}}},{"hash":"cfc84184c4dc1c150da6ff0d6a4ecef6ee2ce1a8","messageTitle":"final-update","messageBody":"","fileTypesAndContributionMap":{"java":{"insertions":5,"deletions":12}}},{"hash":"6fb8062c7e98e3a0df012a1d3dda4fe308177745","messageTitle":"level 2 and 3 - update","messageBody":"","fileTypesAndContributionMap":{"java":{"insertions":55,"deletions":3}}},{"hash":"8eac1974eb2efa765114f49d4a2ea2c7b9ef9808","messageTitle":"tidy-up code","messageBody":"","fileTypesAndContributionMap":{"java":{"insertions":33,"deletions":23}}},{"hash":"07aea3bc343ce7e523715599168225eb05a5f439","messageTitle":"11:52pm","messageBody":"","fileTypesAndContributionMap":{"java":{"insertions":0,"deletions":34}}},{"hash":"b0cc5fbac2088de8596b3dac98bbde65f0c67305","messageTitle":"11:55","messageBody":"","fileTypesAndContributionMap":{"java":{"insertions":53,"deletions":15}}}]},{"date":"2021-09-23","commitResults":[{"hash":"5ce761bdcb2e075d0e0ef5a63be4bacb91a32900","messageTitle":"update on 23-Sep","messageBody":"","fileTypesAndContributionMap":{"java":{"insertions":135,"deletions":63}}}]},{"date":"2021-09-25","commitResults":[{"hash":"e825b5ee97dd9f2fd5fc7c7cefd4990399df5d73","messageTitle":"update on 25 Sep","messageBody":"","fileTypesAndContributionMap":{"java":{"insertions":88,"deletions":139}}},{"hash":"b4b7c164d05b2b5ec8215893c97201a8f6417c79","messageTitle":"123","messageBody":"","fileTypesAndContributionMap":{"java":{"insertions":1,"deletions":11}}}]},{"date":"2021-09-26","commitResults":[{"hash":"afd3e546dca485530c96d209ffa630bea307c35d","messageTitle":"26 - 121am","messageBody":"","fileTypesAndContributionMap":{"java":{"insertions":269,"deletions":4}}},{"hash":"17cf7f2667d6491067c3c16bbdddfefb7e40a118","messageTitle":"update - level 5 @ 141am","messageBody":"","fileTypesAndContributionMap":{"java":{"insertions":1,"deletions":2}}},{"hash":"c2c2edacc81e466da8e92d973fd6278a1200557d","messageTitle":"update on 26 Sep - level 6","messageBody":"","fileTypesAndContributionMap":{"java":{"insertions":229,"deletions":445}}},{"hash":"f5a7f9499ad97d563887f23a516ec1bb1721e236","messageTitle":"Week 7 - level 6 - done","messageBody":"","fileTypesAndContributionMap":{"java":{"insertions":38,"deletions":26}}}]},{"date":"2021-10-05","commitResults":[{"hash":"bde9eb6af3eac7c86d7a5ae8c15d870796607a83","messageTitle":"no message","messageBody":"","fileTypesAndContributionMap":{"txt":{"insertions":4,"deletions":0},"java":{"insertions":58,"deletions":13}}},{"hash":"f7a064a8a8d8bc6694d41b439ab3ed796e00fb23","messageTitle":"week 8 -save done","messageBody":"","fileTypesAndContributionMap":{"txt":{"insertions":4,"deletions":0},"java":{"insertions":1,"deletions":1}}}]},{"date":"2021-10-13","commitResults":[{"hash":"aa82e1ccf79d8f61f3ca18ddd04fac533d11830c","messageTitle":"update on 13 Oct","messageBody":"","fileTypesAndContributionMap":{"txt":{"insertions":1,"deletions":0},"java":{"insertions":10,"deletions":2}}},{"hash":"e9710c5fb8740410e8f5d73453458a4a951c4948","messageTitle":"move classes into scale package","messageBody":"","fileTypesAndContributionMap":{"gradle":{"insertions":1,"deletions":1},"txt":{"insertions":1,"deletions":0},"java":{"insertions":1,"deletions":1}}}]},{"date":"2021-10-29","commitResults":[{"hash":"b418d9062d3b9c1425e42ab84e4253685789d5c0","messageTitle":"final update - BeforeOOP is the one that working","messageBody":"","fileTypesAndContributionMap":{"txt":{"insertions":1,"deletions":10},"java":{"insertions":795,"deletions":14}}}]}]},"authorFileTypeContributionMap":{"Brandoncmy":{"java":1076,"md":0,"fxml":0,"sh":0,"bat":0,"gradle":1,"txt":1}},"authorContributionVariance":{"Brandoncmy":22360.545},"authorDisplayNameMap":{"Brandoncmy":"CHAN..NDON"}}
