{"authorDailyContributionsMap":{"Brandoncmy":[{"date":"2021-09-22","commitResults":[{"hash":"f1dc1db58595e00aac68dbc1c57a91494ed5ef3a","messageTitle":"Update","messageBody":"","fileTypesAndContributionMap":{"java":{"insertions":108,"deletions":0}}},{"hash":"afb0eeeb5c65ec7a83786f518da69ad8c8982aa9","messageTitle":"update-1","messageBody":"","fileTypesAndContributionMap":{"java":{"insertions":0,"deletions":5}}},{"hash":"cfc84184c4dc1c150da6ff0d6a4ecef6ee2ce1a8","messageTitle":"final-update","messageBody":"","fileTypesAndContributionMap":{"java":{"insertions":5,"deletions":12}}},{"hash":"6fb8062c7e98e3a0df012a1d3dda4fe308177745","messageTitle":"level 2 and 3 - update","messageBody":"","fileTypesAndContributionMap":{"java":{"insertions":55,"deletions":3}}},{"hash":"8eac1974eb2efa765114f49d4a2ea2c7b9ef9808","messageTitle":"tidy-up code","messageBody":"","fileTypesAndContributionMap":{"java":{"insertions":33,"deletions":23}}},{"hash":"07aea3bc343ce7e523715599168225eb05a5f439","messageTitle":"11:52pm","messageBody":"","fileTypesAndContributionMap":{"java":{"insertions":0,"deletions":34}}},{"hash":"b0cc5fbac2088de8596b3dac98bbde65f0c67305","messageTitle":"11:55","messageBody":"","fileTypesAndContributionMap":{"java":{"insertions":53,"deletions":15}}}]}]},"authorFileTypeContributionMap":{"Brandoncmy":{"java":162,"md":0,"fxml":0,"sh":0,"bat":0,"gradle":0,"txt":0}},"authorContributionVariance":{"Brandoncmy":2601.2363},"authorDisplayNameMap":{"Brandoncmy":"CHAN..NDON"}}
