{"authorDailyContributionsMap":{"bossleanne":[{"date":"2021-08-24","commitResults":[{"hash":"2a26547fa9dd880606b0366db7841ca78769db3c","messageTitle":"Add fruits.txt","messageBody":"","fileTypesAndContributionMap":{"txt":{"insertions":0,"deletions":0}}}]},{"date":"2021-08-29","commitResults":[{"hash":"86028379d80bc87d087143dff2d627f5fa683449","messageTitle":"chatbot implementation with level1 and level2","messageBody":"","tags":["v1.0"],"fileTypesAndContributionMap":{"java":{"insertions":49,"deletions":1}}},{"hash":"7b19012684fc4f88da94608bc6f1c9686021b76d","messageTitle":"pratcice pull request","messageBody":"","fileTypesAndContributionMap":{"md":{"insertions":1,"deletions":1}}},{"hash":"76ca459ba32f13bea03c2306bcb612e3252b7988","messageTitle":"week4 level3 tasks","messageBody":"","tags":["v3.0"],"fileTypesAndContributionMap":{"java":{"insertions":96,"deletions":25}}}]},{"date":"2021-09-05","commitResults":[{"hash":"3590726e1914d904142c60b2f4ad5c697197ef22","messageTitle":"refactor level 3 code and using try-catch feature","messageBody":"","fileTypesAndContributionMap":{"java":{"insertions":33,"deletions":12}}},{"hash":"7c9ac702921c52704a0adfb4052727bebbd2ea7d","messageTitle":"Added level-4: ToDo, Event, Deadline","messageBody":"","fileTypesAndContributionMap":{"java":{"insertions":92,"deletions":8}}}]},{"date":"2021-09-12","commitResults":[{"hash":"bc4dc53a4cf0ba83adaed607eae9d27e48c2ddd4","messageTitle":"Level 5, fix bugs on list printing and add error handling","messageBody":"","fileTypesAndContributionMap":{"java":{"insertions":103,"deletions":73}}}]},{"date":"2021-09-19","commitResults":[{"hash":"a476e85a4539d33274a2fa61aa05d21dbb2e4efa","messageTitle":"add enumeration and update Duke.java code to use enmu, change the Task list to Arraylist","messageBody":"","fileTypesAndContributionMap":{"java":{"insertions":109,"deletions":105}}},{"hash":"833478dada3cdf03997ecb9f0de6a2598fcb35c2","messageTitle":"level 6, add delete to Duke","messageBody":"","fileTypesAndContributionMap":{"java":{"insertions":13,"deletions":15}}}]},{"date":"2021-09-22","commitResults":[{"hash":"0942d762e9045fb6dc1c977adf9a1a432048b9cd","messageTitle":"remove updateList function, and change the print out content from count to size()","messageBody":"","fileTypesAndContributionMap":{"java":{"insertions":2,"deletions":10}}},{"hash":"f460f9df611137a8c65172020eee075c8ca02016","messageTitle":"code cleaning","messageBody":"","fileTypesAndContributionMap":{"java":{"insertions":26,"deletions":24}}}]},{"date":"2021-10-10","commitResults":[{"hash":"716d028dada376537b67eeee782fe4d4c54c8758","messageTitle":"level 7 FIFO","messageBody":"","fileTypesAndContributionMap":{"txt":{"insertions":0,"deletions":0},"java":{"insertions":240,"deletions":23},"bat":{"insertions":0,"deletions":21},"sh":{"insertions":2,"deletions":6}}},{"hash":"3fbd42c944947e70bc0421ff5126c73ac697c6ca","messageTitle":"fix { bug","messageBody":"","fileTypesAndContributionMap":{"java":{"insertions":5,"deletions":8}}}]},{"date":"2021-10-17","commitResults":[{"hash":"81d7592f3c8f01099d17181354f3e6a75278e562","messageTitle":"move storage.parser message to a single class","messageBody":"","fileTypesAndContributionMap":{"java":{"insertions":63,"deletions":20}}}]},{"date":"2021-10-24","commitResults":[{"hash":"d665b247b08afcbc4a681afbe420416488261ec4","messageTitle":"level 8 More OOP","messageBody":"","fileTypesAndContributionMap":{"txt":{"insertions":2,"deletions":0},"java":{"insertions":590,"deletions":272},"md":{"insertions":2,"deletions":2}}},{"hash":"308a1bf25b3d20f5934b0817769ecac82d688abe","messageTitle":"Add gradle to Duke","messageBody":"","fileTypesAndContributionMap":{"gradle":{"insertions":1,"deletions":1}}}]},{"date":"2021-10-27","commitResults":[{"hash":"32c49d489c7f5196cac0bc69946214513b6ed5e8","messageTitle":"update load function in FIFO","messageBody":"","fileTypesAndContributionMap":{"gradle":{"insertions":4,"deletions":4},"txt":{"insertions":3,"deletions":2},"java":{"insertions":213,"deletions":147}}},{"hash":"6bf3f858b05df0518b36f6af017f45990f27c2b1","messageTitle":"Add search function level 10","messageBody":"","fileTypesAndContributionMap":{"txt":{"insertions":2,"deletions":0},"java":{"insertions":11,"deletions":15}}},{"hash":"39d92f606449a6f85459933bc42de7bbaa8a0d61","messageTitle":"level 7 save files and load files, compelete storage","messageBody":"","fileTypesAndContributionMap":{"java":{"insertions":46,"deletions":35}}},{"hash":"2b2899bde5c9175e9874b60e61dc8e7fe23a98be","messageTitle":"update the T/F boolean convertion during load","messageBody":"","fileTypesAndContributionMap":{"java":{"insertions":12,"deletions":5}}},{"hash":"2bc2892206119d373c81d2a10cd70545a863f4cd","messageTitle":"clean up the file and finalize the Storage object","messageBody":"","fileTypesAndContributionMap":{"txt":{"insertions":6,"deletions":5},"java":{"insertions":243,"deletions":200}}},{"hash":"1d49539a8e9ac9553e57b952efc3a2d182b1c025","messageTitle":"update Storage file, solve the bug where adding extra Tasks during load","messageBody":"","fileTypesAndContributionMap":{"txt":{"insertions":2,"deletions":5},"java":{"insertions":3,"deletions":8}}},{"hash":"0e4d4333362cacdfcd454f7e8374e62e0c60ad1e","messageTitle":"refactor find feature, done level 10 find feature","messageBody":"","fileTypesAndContributionMap":{"java":{"insertions":8,"deletions":2}}}]},{"date":"2021-10-31","commitResults":[{"hash":"112a2d7bae350b48497b7c777fb486d3a1263960","messageTitle":"Level 9 date and time","messageBody":"","fileTypesAndContributionMap":{"txt":{"insertions":2,"deletions":3},"java":{"insertions":166,"deletions":19}}},{"hash":"9c83a796f3d015c1f6b1ac69a8195784badc73b2","messageTitle":"refactor the instruction printing style","messageBody":"","fileTypesAndContributionMap":{"java":{"insertions":58,"deletions":51}}},{"hash":"8276bac4c5a787d7958b48bd305fc37ce9f20bc4","messageTitle":"refactor duke exceptions","messageBody":"","fileTypesAndContributionMap":{"txt":{"insertions":2,"deletions":2},"java":{"insertions":132,"deletions":123}}}]},{"date":"2021-11-02","commitResults":[{"hash":"6ac48715db6b3d406c13c830cafa39c03ed030e2","messageTitle":"level 8 - Add Javadoc for all the class objects  and methods","messageBody":"","fileTypesAndContributionMap":{"txt":{"insertions":2,"deletions":2},"java":{"insertions":482,"deletions":419}}}]},{"date":"2021-11-09","commitResults":[{"hash":"327343dd4ab42302cd3ffb1a03c261428a4d1cb7","messageTitle":"Add assert to prevent user delete wrong task from list","messageBody":"","fileTypesAndContributionMap":{"txt":{"insertions":0,"deletions":2},"java":{"insertions":132,"deletions":84}}},{"hash":"493b21a0c3268ad2ceaca47b783d7b26591269f4","messageTitle":"Package the app as an executable JAR file","messageBody":"","fileTypesAndContributionMap":{"txt":{"insertions":0,"deletions":0},"java":{"insertions":3,"deletions":0}}},{"hash":"db82207cb9b2a5226a860bc1b74553eb55b7dcef","messageTitle":"Added jar and clean up the comment","messageBody":"","fileTypesAndContributionMap":{"txt":{"insertions":4,"deletions":0},"java":{"insertions":38,"deletions":31}}}]}]},"authorFileTypeContributionMap":{"bossleanne":{"java":1239,"md":3,"fxml":0,"sh":1,"bat":0,"gradle":5,"txt":4}},"authorContributionVariance":{"bossleanne":31539.95},"authorDisplayNameMap":{"bossleanne":"SUN ..N LI"}}
