{"authorDailyContributionsMap":{"bossleanne":[{"date":"2021-08-24","commitResults":[{"hash":"2a26547fa9dd880606b0366db7841ca78769db3c","messageTitle":"Add fruits.txt","messageBody":"","fileTypesAndContributionMap":{"txt":{"insertions":0,"deletions":0}}}]},{"date":"2021-08-29","commitResults":[{"hash":"86028379d80bc87d087143dff2d627f5fa683449","messageTitle":"chatbot implementation with level1 and level2","messageBody":"","tags":["v1.0"],"fileTypesAndContributionMap":{"java":{"insertions":49,"deletions":1}}},{"hash":"7b19012684fc4f88da94608bc6f1c9686021b76d","messageTitle":"pratcice pull request","messageBody":"","fileTypesAndContributionMap":{"md":{"insertions":1,"deletions":1}}}]}]},"authorFileTypeContributionMap":{"bossleanne":{"java":49,"md":1,"fxml":0,"sh":0,"bat":0,"gradle":0,"txt":0}},"authorContributionVariance":{"bossleanne":122.630394},"authorDisplayNameMap":{"bossleanne":"SUN ..N LI"}}
