{"authorDailyContributionsMap":{"bossleanne":[{"date":"2021-08-24","commitResults":[{"hash":"2a26547fa9dd880606b0366db7841ca78769db3c","messageTitle":"Add fruits.txt","messageBody":"","fileTypesAndContributionMap":{"txt":{"insertions":0,"deletions":0}}}]},{"date":"2021-08-29","commitResults":[{"hash":"86028379d80bc87d087143dff2d627f5fa683449","messageTitle":"chatbot implementation with level1 and level2","messageBody":"","tags":["v1.0"],"fileTypesAndContributionMap":{"java":{"insertions":49,"deletions":1}}},{"hash":"7b19012684fc4f88da94608bc6f1c9686021b76d","messageTitle":"pratcice pull request","messageBody":"","fileTypesAndContributionMap":{"md":{"insertions":1,"deletions":1}}},{"hash":"76ca459ba32f13bea03c2306bcb612e3252b7988","messageTitle":"week4 level3 tasks","messageBody":"","tags":["v3.0"],"fileTypesAndContributionMap":{"java":{"insertions":96,"deletions":25}}}]},{"date":"2021-09-05","commitResults":[{"hash":"3590726e1914d904142c60b2f4ad5c697197ef22","messageTitle":"refactor level 3 code and using try-catch feature","messageBody":"","fileTypesAndContributionMap":{"java":{"insertions":33,"deletions":12}}},{"hash":"7c9ac702921c52704a0adfb4052727bebbd2ea7d","messageTitle":"Added level-4: ToDo, Event, Deadline","messageBody":"","fileTypesAndContributionMap":{"java":{"insertions":92,"deletions":8}}}]},{"date":"2021-09-12","commitResults":[{"hash":"bc4dc53a4cf0ba83adaed607eae9d27e48c2ddd4","messageTitle":"Level 5, fix bugs on list printing and add error handling","messageBody":"","fileTypesAndContributionMap":{"java":{"insertions":103,"deletions":73}}}]},{"date":"2021-09-19","commitResults":[{"hash":"a476e85a4539d33274a2fa61aa05d21dbb2e4efa","messageTitle":"add enumeration and update Duke.java code to use enmu, change the Task list to Arraylist","messageBody":"","fileTypesAndContributionMap":{"java":{"insertions":109,"deletions":105}}},{"hash":"833478dada3cdf03997ecb9f0de6a2598fcb35c2","messageTitle":"level 6, add delete to Duke","messageBody":"","fileTypesAndContributionMap":{"java":{"insertions":13,"deletions":15}}}]},{"date":"2021-09-22","commitResults":[{"hash":"0942d762e9045fb6dc1c977adf9a1a432048b9cd","messageTitle":"remove updateList function, and change the print out content from count to size()","messageBody":"","fileTypesAndContributionMap":{"java":{"insertions":2,"deletions":10}}}]}]},"authorFileTypeContributionMap":{"bossleanne":{"java":254,"md":1,"fxml":0,"sh":0,"bat":0,"gradle":0,"txt":0}},"authorContributionVariance":{"bossleanne":2848.9902},"authorDisplayNameMap":{"bossleanne":"SUN ..N LI"}}
