[{"path":"src/main/java/Deadline.java","fileType":"java","lines":[{"lineNumber":1,"author":{"gitId":"ksw95"},"content":"public class Deadline extends Task{","lastModifiedDate":"2021-10-09"},{"lineNumber":2,"author":{"gitId":"ksw95"},"content":"    protected String by;","lastModifiedDate":"2021-10-09"},{"lineNumber":3,"author":{"gitId":"ksw95"},"content":"","lastModifiedDate":"2021-10-09"},{"lineNumber":4,"author":{"gitId":"ksw95"},"content":"    public Deadline(String newTask, String datetime) {","lastModifiedDate":"2021-10-09"},{"lineNumber":5,"author":{"gitId":"ksw95"},"content":"        super(newTask);","lastModifiedDate":"2021-10-09"},{"lineNumber":6,"author":{"gitId":"ksw95"},"content":"        by \u003d datetime;","lastModifiedDate":"2021-10-09"},{"lineNumber":7,"author":{"gitId":"ksw95"},"content":"    }","lastModifiedDate":"2021-10-09"},{"lineNumber":8,"author":{"gitId":"ksw95"},"content":"","lastModifiedDate":"2021-10-09"},{"lineNumber":9,"author":{"gitId":"ksw95"},"content":"    public String getCompletedSymbol() {","lastModifiedDate":"2021-10-09"},{"lineNumber":10,"author":{"gitId":"ksw95"},"content":"        if (Completed) {","lastModifiedDate":"2021-10-09"},{"lineNumber":11,"author":{"gitId":"ksw95"},"content":"            return \"[D][X]\";","lastModifiedDate":"2021-10-09"},{"lineNumber":12,"author":{"gitId":"ksw95"},"content":"        } else {","lastModifiedDate":"2021-10-09"},{"lineNumber":13,"author":{"gitId":"ksw95"},"content":"            return \"[D][ ]\";","lastModifiedDate":"2021-10-09"},{"lineNumber":14,"author":{"gitId":"ksw95"},"content":"        }","lastModifiedDate":"2021-10-09"},{"lineNumber":15,"author":{"gitId":"ksw95"},"content":"    }","lastModifiedDate":"2021-10-09"},{"lineNumber":16,"author":{"gitId":"ksw95"},"content":"","lastModifiedDate":"2021-10-09"},{"lineNumber":17,"author":{"gitId":"ksw95"},"content":"    public String getTaskInfo() {","lastModifiedDate":"2021-10-09"},{"lineNumber":18,"author":{"gitId":"ksw95"},"content":"        return super.getTaskInfo() + \" (by: \" + by + \")\";","lastModifiedDate":"2021-10-09"},{"lineNumber":19,"author":{"gitId":"ksw95"},"content":"    }","lastModifiedDate":"2021-10-09"},{"lineNumber":20,"author":{"gitId":"ksw95"},"content":"","lastModifiedDate":"2021-10-09"},{"lineNumber":21,"author":{"gitId":"ksw95"},"content":"}","lastModifiedDate":"2021-10-09"}],"authorContributionMap":{"ksw95":21}},{"path":"src/main/java/Duke.java","fileType":"java","lines":[{"lineNumber":1,"author":{"gitId":"ksw95"},"content":"import java.util.ArrayList;","lastModifiedDate":"2021-10-19"},{"lineNumber":2,"author":{"gitId":"ksw95"},"content":"import java.util.Scanner;","lastModifiedDate":"2021-08-31"},{"lineNumber":3,"author":{"gitId":"ksw95"},"content":"","lastModifiedDate":"2021-08-31"},{"lineNumber":4,"author":{"gitId":"-"},"content":"public class Duke {","lastModifiedDate":"2019-07-29"},{"lineNumber":5,"author":{"gitId":"ksw95"},"content":"","lastModifiedDate":"2021-08-31"},{"lineNumber":6,"author":{"gitId":"ksw95"},"content":"    static Scanner in \u003d new Scanner(System.in);","lastModifiedDate":"2021-08-31"},{"lineNumber":7,"author":{"gitId":"ksw95"},"content":"    static String line \u003d \"____________________________________________________________\\n\";","lastModifiedDate":"2021-08-31"},{"lineNumber":8,"author":{"gitId":"ksw95"},"content":"    static ArrayList\u003cTask\u003e TaskList \u003d new ArrayList\u003c\u003e();","lastModifiedDate":"2021-10-19"},{"lineNumber":9,"author":{"gitId":"ksw95"},"content":"    static int TaskCount \u003d 0;","lastModifiedDate":"2021-09-08"},{"lineNumber":10,"author":{"gitId":"ksw95"},"content":"","lastModifiedDate":"2021-09-08"},{"lineNumber":11,"author":{"gitId":"ksw95"},"content":"    public static void StartDuke() {","lastModifiedDate":"2021-08-31"},{"lineNumber":12,"author":{"gitId":"-"},"content":"        String logo \u003d \" ____        _        \\n\"","lastModifiedDate":"2021-08-31"},{"lineNumber":13,"author":{"gitId":"-"},"content":"                + \"|  _ \\\\ _   _| | _____ \\n\"","lastModifiedDate":"2021-08-31"},{"lineNumber":14,"author":{"gitId":"-"},"content":"                + \"| | | | | | | |/ / _ \\\\\\n\"","lastModifiedDate":"2021-08-31"},{"lineNumber":15,"author":{"gitId":"-"},"content":"                + \"| |_| | |_| |   \u003c  __/\\n\"","lastModifiedDate":"2021-08-31"},{"lineNumber":16,"author":{"gitId":"-"},"content":"                + \"|____/ \\\\__,_|_|\\\\_\\\\___|\\n\";","lastModifiedDate":"2021-08-31"},{"lineNumber":17,"author":{"gitId":"ksw95"},"content":"        System.out.println(\"Welcome to\\n\" + logo + \" chatbot! \\n\");","lastModifiedDate":"2021-08-31"},{"lineNumber":18,"author":{"gitId":"ksw95"},"content":"    }","lastModifiedDate":"2021-08-31"},{"lineNumber":19,"author":{"gitId":"ksw95"},"content":"","lastModifiedDate":"2021-08-31"},{"lineNumber":20,"author":{"gitId":"ksw95"},"content":"    public static void Greet() {","lastModifiedDate":"2021-08-31"},{"lineNumber":21,"author":{"gitId":"ksw95"},"content":"        String start \u003d \"Hello, I\u0027m Duke\\n\"","lastModifiedDate":"2021-08-31"},{"lineNumber":22,"author":{"gitId":"ksw95"},"content":"                + \"What can I do for you?\\n\";","lastModifiedDate":"2021-08-31"},{"lineNumber":23,"author":{"gitId":"ksw95"},"content":"        System.out.println(line + start + line);","lastModifiedDate":"2021-08-31"},{"lineNumber":24,"author":{"gitId":"ksw95"},"content":"    }","lastModifiedDate":"2021-08-31"},{"lineNumber":25,"author":{"gitId":"ksw95"},"content":"","lastModifiedDate":"2021-08-31"},{"lineNumber":26,"author":{"gitId":"ksw95"},"content":"    public static void AddTask(Task newEntry) {","lastModifiedDate":"2021-09-08"},{"lineNumber":27,"author":{"gitId":"ksw95"},"content":"        TaskList.add(newEntry);","lastModifiedDate":"2021-10-19"},{"lineNumber":28,"author":{"gitId":"ksw95"},"content":"        TaskCount++;","lastModifiedDate":"2021-09-08"},{"lineNumber":29,"author":{"gitId":"ksw95"},"content":"    }","lastModifiedDate":"2021-09-08"},{"lineNumber":30,"author":{"gitId":"ksw95"},"content":"","lastModifiedDate":"2021-09-08"},{"lineNumber":31,"author":{"gitId":"ksw95"},"content":"    public static void PrintChecklist() {","lastModifiedDate":"2021-09-08"},{"lineNumber":32,"author":{"gitId":"ksw95"},"content":"        System.out.println(line + \"\\nHere are the tasks in your list:\");","lastModifiedDate":"2021-09-08"},{"lineNumber":33,"author":{"gitId":"ksw95"},"content":"        for (int i \u003d 0; i \u003c TaskCount; i++) {","lastModifiedDate":"2021-09-08"},{"lineNumber":34,"author":{"gitId":"ksw95"},"content":"            System.out.println((i+1) + \".\" + TaskList.get(i).getTaskInfo());","lastModifiedDate":"2021-10-19"},{"lineNumber":35,"author":{"gitId":"ksw95"},"content":"        }","lastModifiedDate":"2021-09-08"},{"lineNumber":36,"author":{"gitId":"ksw95"},"content":"        System.out.println(line);","lastModifiedDate":"2021-09-08"},{"lineNumber":37,"author":{"gitId":"ksw95"},"content":"    }","lastModifiedDate":"2021-09-08"},{"lineNumber":38,"author":{"gitId":"ksw95"},"content":"","lastModifiedDate":"2021-09-08"},{"lineNumber":39,"author":{"gitId":"ksw95"},"content":"    public static void MarkIndex(String input) throws DukeException {","lastModifiedDate":"2021-10-19"},{"lineNumber":40,"author":{"gitId":"ksw95"},"content":"        int index \u003d Integer.parseInt(input.substring(4).trim()) - 1;","lastModifiedDate":"2021-09-28"},{"lineNumber":41,"author":{"gitId":"ksw95"},"content":"        if (index \u003c TaskCount \u0026\u0026 index \u003e -1) {","lastModifiedDate":"2021-10-19"},{"lineNumber":42,"author":{"gitId":"ksw95"},"content":"            MarkTask(index);","lastModifiedDate":"2021-09-28"},{"lineNumber":43,"author":{"gitId":"ksw95"},"content":"            System.out.println(line + \"Nice! I\u0027ve marked this task as done:\\n  \"","lastModifiedDate":"2021-09-28"},{"lineNumber":44,"author":{"gitId":"ksw95"},"content":"                    + TaskList.get(index).getTaskInfo() + \"\\n\" + line);","lastModifiedDate":"2021-10-19"},{"lineNumber":45,"author":{"gitId":"ksw95"},"content":"        } else {","lastModifiedDate":"2021-09-28"},{"lineNumber":46,"author":{"gitId":"ksw95"},"content":"            throw new DukeException(line + \"\\n☹ OOPS!!! \" +","lastModifiedDate":"2021-10-19"},{"lineNumber":47,"author":{"gitId":"ksw95"},"content":"                    \"The index number of the task to be done is invalid!\\n\" + line);","lastModifiedDate":"2021-10-19"},{"lineNumber":48,"author":{"gitId":"ksw95"},"content":"        }","lastModifiedDate":"2021-09-28"},{"lineNumber":49,"author":{"gitId":"ksw95"},"content":"    }","lastModifiedDate":"2021-09-28"},{"lineNumber":50,"author":{"gitId":"ksw95"},"content":"","lastModifiedDate":"2021-09-28"},{"lineNumber":51,"author":{"gitId":"ksw95"},"content":"    public static void MarkTask(int index) {","lastModifiedDate":"2021-09-08"},{"lineNumber":52,"author":{"gitId":"ksw95"},"content":"        TaskList.get(index).markCompleted();","lastModifiedDate":"2021-10-19"},{"lineNumber":53,"author":{"gitId":"ksw95"},"content":"    }","lastModifiedDate":"2021-09-08"},{"lineNumber":54,"author":{"gitId":"ksw95"},"content":"","lastModifiedDate":"2021-09-08"},{"lineNumber":55,"author":{"gitId":"ksw95"},"content":"    public static void ExtendTaskList() {","lastModifiedDate":"2021-10-10"},{"lineNumber":56,"author":{"gitId":"ksw95"},"content":"        boolean stop \u003d false;","lastModifiedDate":"2021-10-10"},{"lineNumber":57,"author":{"gitId":"ksw95"},"content":"        while (stop \u003d\u003d false) {","lastModifiedDate":"2021-10-10"},{"lineNumber":58,"author":{"gitId":"ksw95"},"content":"            String input \u003d in.nextLine();","lastModifiedDate":"2021-10-10"},{"lineNumber":59,"author":{"gitId":"ksw95"},"content":"            if (input.equals(\"bye\")) {","lastModifiedDate":"2021-10-10"},{"lineNumber":60,"author":{"gitId":"ksw95"},"content":"                System.out.println(line + \"Bye. Hope to see you again soon!\\n\" + line);","lastModifiedDate":"2021-10-10"},{"lineNumber":61,"author":{"gitId":"ksw95"},"content":"                TaskCount \u003d 0;","lastModifiedDate":"2021-10-10"},{"lineNumber":62,"author":{"gitId":"ksw95"},"content":"                stop \u003d true;","lastModifiedDate":"2021-10-10"},{"lineNumber":63,"author":{"gitId":"ksw95"},"content":"            } else if (input.equals(\"list \")) {","lastModifiedDate":"2021-10-10"},{"lineNumber":64,"author":{"gitId":"ksw95"},"content":"                PrintChecklist();","lastModifiedDate":"2021-10-10"},{"lineNumber":65,"author":{"gitId":"ksw95"},"content":"            } else if (input.startsWith(\"todo \")) {","lastModifiedDate":"2021-10-19"},{"lineNumber":66,"author":{"gitId":"ksw95"},"content":"                AddTodo(input);","lastModifiedDate":"2021-10-19"},{"lineNumber":67,"author":{"gitId":"ksw95"},"content":"            } else if (input.startsWith(\"deadline \")) {","lastModifiedDate":"2021-10-19"},{"lineNumber":68,"author":{"gitId":"ksw95"},"content":"                AddDeadline(input);","lastModifiedDate":"2021-10-19"},{"lineNumber":69,"author":{"gitId":"ksw95"},"content":"            } else if (input.startsWith(\"event \")) {","lastModifiedDate":"2021-10-19"},{"lineNumber":70,"author":{"gitId":"ksw95"},"content":"                AddEvent(input);","lastModifiedDate":"2021-10-19"},{"lineNumber":71,"author":{"gitId":"ksw95"},"content":"            } else if (input.startsWith(\"done \")) {","lastModifiedDate":"2021-10-19"},{"lineNumber":72,"author":{"gitId":"ksw95"},"content":"                MarkDone(input);","lastModifiedDate":"2021-10-19"},{"lineNumber":73,"author":{"gitId":"ksw95"},"content":"            } else if (input.startsWith(\"delete \")) {","lastModifiedDate":"2021-10-19"},{"lineNumber":74,"author":{"gitId":"ksw95"},"content":"                DeleteTask(input);","lastModifiedDate":"2021-10-19"},{"lineNumber":75,"author":{"gitId":"ksw95"},"content":"            } else {","lastModifiedDate":"2021-10-18"},{"lineNumber":76,"author":{"gitId":"ksw95"},"content":"                System.out.println(line + \"☹ OOPS!!! \" +","lastModifiedDate":"2021-10-19"},{"lineNumber":77,"author":{"gitId":"ksw95"},"content":"                        \"I\u0027m sorry, but I don\u0027t know what that means :-(\\n\" + line);","lastModifiedDate":"2021-10-19"},{"lineNumber":78,"author":{"gitId":"ksw95"},"content":"            }","lastModifiedDate":"2021-10-18"},{"lineNumber":79,"author":{"gitId":"ksw95"},"content":"        }","lastModifiedDate":"2021-10-18"},{"lineNumber":80,"author":{"gitId":"ksw95"},"content":"    }","lastModifiedDate":"2021-10-18"},{"lineNumber":81,"author":{"gitId":"ksw95"},"content":"","lastModifiedDate":"2021-10-18"},{"lineNumber":82,"author":{"gitId":"ksw95"},"content":"    public static void AddTodo(String input) {","lastModifiedDate":"2021-10-19"},{"lineNumber":83,"author":{"gitId":"ksw95"},"content":"        try {","lastModifiedDate":"2021-10-19"},{"lineNumber":84,"author":{"gitId":"ksw95"},"content":"            if (CheckValidTodo(input)) {","lastModifiedDate":"2021-10-19"},{"lineNumber":85,"author":{"gitId":"ksw95"},"content":"                String newTask \u003d input.substring(4).trim();","lastModifiedDate":"2021-10-10"},{"lineNumber":86,"author":{"gitId":"ksw95"},"content":"                Todo newTodo \u003d new Todo(newTask);","lastModifiedDate":"2021-10-10"},{"lineNumber":87,"author":{"gitId":"ksw95"},"content":"                AddTask(newTodo);","lastModifiedDate":"2021-10-10"},{"lineNumber":88,"author":{"gitId":"ksw95"},"content":"                PrintTaskAdded(newTodo);","lastModifiedDate":"2021-10-18"},{"lineNumber":89,"author":{"gitId":"ksw95"},"content":"                PrintTaskCount();","lastModifiedDate":"2021-10-10"},{"lineNumber":90,"author":{"gitId":"ksw95"},"content":"                System.out.println(line);","lastModifiedDate":"2021-10-10"},{"lineNumber":91,"author":{"gitId":"ksw95"},"content":"            }","lastModifiedDate":"2021-10-10"},{"lineNumber":92,"author":{"gitId":"ksw95"},"content":"        } catch (DukeException e) {","lastModifiedDate":"2021-10-19"},{"lineNumber":93,"author":{"gitId":"ksw95"},"content":"            e.printErrMsg();","lastModifiedDate":"2021-10-19"},{"lineNumber":94,"author":{"gitId":"ksw95"},"content":"        }","lastModifiedDate":"2021-10-19"},{"lineNumber":95,"author":{"gitId":"ksw95"},"content":"    }","lastModifiedDate":"2021-10-19"},{"lineNumber":96,"author":{"gitId":"ksw95"},"content":"","lastModifiedDate":"2021-10-19"},{"lineNumber":97,"author":{"gitId":"ksw95"},"content":"    public static boolean CheckValidTodo(String input) throws DukeException {","lastModifiedDate":"2021-10-19"},{"lineNumber":98,"author":{"gitId":"ksw95"},"content":"        if (input.length() \u003c 5) {","lastModifiedDate":"2021-10-19"},{"lineNumber":99,"author":{"gitId":"ksw95"},"content":"            throw new DukeException(line + \"\\n☹ OOPS!!! The description of a todo cannot be empty.\\n\"","lastModifiedDate":"2021-10-19"},{"lineNumber":100,"author":{"gitId":"ksw95"},"content":"                    + line);","lastModifiedDate":"2021-10-19"},{"lineNumber":101,"author":{"gitId":"ksw95"},"content":"        } else if (input.substring(4).trim().equals(\"\")) {","lastModifiedDate":"2021-10-19"},{"lineNumber":102,"author":{"gitId":"ksw95"},"content":"            throw new DukeException(line + \"\\n☹ OOPS!!! The description of a todo cannot be empty.\\n\"","lastModifiedDate":"2021-10-19"},{"lineNumber":103,"author":{"gitId":"ksw95"},"content":"                    + line);","lastModifiedDate":"2021-10-19"},{"lineNumber":104,"author":{"gitId":"ksw95"},"content":"        } else {","lastModifiedDate":"2021-10-19"},{"lineNumber":105,"author":{"gitId":"ksw95"},"content":"            return true;","lastModifiedDate":"2021-10-19"},{"lineNumber":106,"author":{"gitId":"ksw95"},"content":"        }","lastModifiedDate":"2021-10-19"},{"lineNumber":107,"author":{"gitId":"ksw95"},"content":"    }","lastModifiedDate":"2021-10-18"},{"lineNumber":108,"author":{"gitId":"ksw95"},"content":"","lastModifiedDate":"2021-10-18"},{"lineNumber":109,"author":{"gitId":"ksw95"},"content":"    public static void AddDeadline(String input) {","lastModifiedDate":"2021-10-19"},{"lineNumber":110,"author":{"gitId":"ksw95"},"content":"        try {","lastModifiedDate":"2021-10-19"},{"lineNumber":111,"author":{"gitId":"ksw95"},"content":"            if(CheckValidDeadline(input)){","lastModifiedDate":"2021-10-19"},{"lineNumber":112,"author":{"gitId":"ksw95"},"content":"                String[] parts \u003d input.substring(8).split(\"/by\");","lastModifiedDate":"2021-10-10"},{"lineNumber":113,"author":{"gitId":"ksw95"},"content":"                Deadline newDeadline \u003d new Deadline(parts[0].trim(), parts[1].trim());","lastModifiedDate":"2021-10-10"},{"lineNumber":114,"author":{"gitId":"ksw95"},"content":"                AddTask(newDeadline);","lastModifiedDate":"2021-10-10"},{"lineNumber":115,"author":{"gitId":"ksw95"},"content":"                PrintTaskAdded(newDeadline);","lastModifiedDate":"2021-10-18"},{"lineNumber":116,"author":{"gitId":"ksw95"},"content":"                PrintTaskCount();","lastModifiedDate":"2021-10-10"},{"lineNumber":117,"author":{"gitId":"ksw95"},"content":"                System.out.println(line);","lastModifiedDate":"2021-10-10"},{"lineNumber":118,"author":{"gitId":"ksw95"},"content":"            }","lastModifiedDate":"2021-10-10"},{"lineNumber":119,"author":{"gitId":"ksw95"},"content":"        } catch (DukeException e) {","lastModifiedDate":"2021-10-19"},{"lineNumber":120,"author":{"gitId":"ksw95"},"content":"            e.printErrMsg();","lastModifiedDate":"2021-10-19"},{"lineNumber":121,"author":{"gitId":"ksw95"},"content":"        }","lastModifiedDate":"2021-10-19"},{"lineNumber":122,"author":{"gitId":"ksw95"},"content":"    }","lastModifiedDate":"2021-10-19"},{"lineNumber":123,"author":{"gitId":"ksw95"},"content":"","lastModifiedDate":"2021-10-19"},{"lineNumber":124,"author":{"gitId":"ksw95"},"content":"    public static boolean CheckValidDeadline(String input) throws DukeException{","lastModifiedDate":"2021-10-19"},{"lineNumber":125,"author":{"gitId":"ksw95"},"content":"        if (input.contains(\"/by\")) {","lastModifiedDate":"2021-10-19"},{"lineNumber":126,"author":{"gitId":"ksw95"},"content":"            String[] parts \u003d input.substring(8).split(\"/by\");","lastModifiedDate":"2021-10-19"},{"lineNumber":127,"author":{"gitId":"ksw95"},"content":"            if (parts.length !\u003d 2){","lastModifiedDate":"2021-10-19"},{"lineNumber":128,"author":{"gitId":"ksw95"},"content":"                throw new DukeException(\"☹ OOPS!!! Invalid syntax for adding deadline.\");","lastModifiedDate":"2021-10-19"},{"lineNumber":129,"author":{"gitId":"ksw95"},"content":"            } else if (parts[0].trim().equals(\"\")) {","lastModifiedDate":"2021-10-19"},{"lineNumber":130,"author":{"gitId":"ksw95"},"content":"                throw new DukeException(line + \"\\n☹ OOPS!!! \" +","lastModifiedDate":"2021-10-19"},{"lineNumber":131,"author":{"gitId":"ksw95"},"content":"                        \"The task description of a deadline cannot be empty.\\n\" + line);","lastModifiedDate":"2021-10-19"},{"lineNumber":132,"author":{"gitId":"ksw95"},"content":"            } else if (parts[1].trim().equals(\"\")) {","lastModifiedDate":"2021-10-19"},{"lineNumber":133,"author":{"gitId":"ksw95"},"content":"                throw new DukeException(line + \"\\n☹ OOPS!!! \" +","lastModifiedDate":"2021-10-19"},{"lineNumber":134,"author":{"gitId":"ksw95"},"content":"                        \"The due date/time of a deadline cannot be empty.\\n\" + line);","lastModifiedDate":"2021-10-19"},{"lineNumber":135,"author":{"gitId":"ksw95"},"content":"            } else {","lastModifiedDate":"2021-10-19"},{"lineNumber":136,"author":{"gitId":"ksw95"},"content":"                return true;","lastModifiedDate":"2021-10-19"},{"lineNumber":137,"author":{"gitId":"ksw95"},"content":"            }","lastModifiedDate":"2021-10-19"},{"lineNumber":138,"author":{"gitId":"ksw95"},"content":"        } else {","lastModifiedDate":"2021-10-10"},{"lineNumber":139,"author":{"gitId":"ksw95"},"content":"            throw new DukeException(\"☹ OOPS!!! Invalid syntax for adding deadline.\");","lastModifiedDate":"2021-10-19"},{"lineNumber":140,"author":{"gitId":"ksw95"},"content":"        }","lastModifiedDate":"2021-10-10"},{"lineNumber":141,"author":{"gitId":"ksw95"},"content":"    }","lastModifiedDate":"2021-10-18"},{"lineNumber":142,"author":{"gitId":"ksw95"},"content":"","lastModifiedDate":"2021-10-18"},{"lineNumber":143,"author":{"gitId":"ksw95"},"content":"    public static void AddEvent(String input) {","lastModifiedDate":"2021-10-19"},{"lineNumber":144,"author":{"gitId":"ksw95"},"content":"        try {","lastModifiedDate":"2021-10-19"},{"lineNumber":145,"author":{"gitId":"ksw95"},"content":"            if (CheckValidEvent(input)) {","lastModifiedDate":"2021-10-19"},{"lineNumber":146,"author":{"gitId":"ksw95"},"content":"                String[] parts \u003d input.substring(5).split(\"/at\");","lastModifiedDate":"2021-10-10"},{"lineNumber":147,"author":{"gitId":"ksw95"},"content":"                Event newEvent \u003d new Event(parts[0].trim(), parts[1].trim());","lastModifiedDate":"2021-10-10"},{"lineNumber":148,"author":{"gitId":"ksw95"},"content":"                AddTask(newEvent);","lastModifiedDate":"2021-10-10"},{"lineNumber":149,"author":{"gitId":"ksw95"},"content":"                PrintTaskAdded(newEvent);","lastModifiedDate":"2021-10-18"},{"lineNumber":150,"author":{"gitId":"ksw95"},"content":"                PrintTaskCount();","lastModifiedDate":"2021-10-10"},{"lineNumber":151,"author":{"gitId":"ksw95"},"content":"                System.out.println(line);","lastModifiedDate":"2021-10-10"},{"lineNumber":152,"author":{"gitId":"ksw95"},"content":"            }","lastModifiedDate":"2021-10-10"},{"lineNumber":153,"author":{"gitId":"ksw95"},"content":"        } catch (DukeException e) {","lastModifiedDate":"2021-10-19"},{"lineNumber":154,"author":{"gitId":"ksw95"},"content":"            e.printErrMsg();","lastModifiedDate":"2021-10-19"},{"lineNumber":155,"author":{"gitId":"ksw95"},"content":"        }","lastModifiedDate":"2021-10-19"},{"lineNumber":156,"author":{"gitId":"ksw95"},"content":"    }","lastModifiedDate":"2021-10-19"},{"lineNumber":157,"author":{"gitId":"ksw95"},"content":"","lastModifiedDate":"2021-10-19"},{"lineNumber":158,"author":{"gitId":"ksw95"},"content":"    public static boolean CheckValidEvent(String input) throws DukeException {","lastModifiedDate":"2021-10-19"},{"lineNumber":159,"author":{"gitId":"ksw95"},"content":"        if (input.contains(\"/at\")) {","lastModifiedDate":"2021-10-19"},{"lineNumber":160,"author":{"gitId":"ksw95"},"content":"            String[] parts \u003d input.substring(5).split(\"/at\");","lastModifiedDate":"2021-10-19"},{"lineNumber":161,"author":{"gitId":"ksw95"},"content":"            if (parts.length !\u003d 2) {","lastModifiedDate":"2021-10-19"},{"lineNumber":162,"author":{"gitId":"ksw95"},"content":"                throw new DukeException(\"☹ OOPS!!! Invalid syntax for adding event.\");","lastModifiedDate":"2021-10-19"},{"lineNumber":163,"author":{"gitId":"ksw95"},"content":"            } else if (parts[0].trim().equals(\"\")) {","lastModifiedDate":"2021-10-19"},{"lineNumber":164,"author":{"gitId":"ksw95"},"content":"                throw new DukeException(line + \"\\n☹ OOPS!!! \" +","lastModifiedDate":"2021-10-19"},{"lineNumber":165,"author":{"gitId":"ksw95"},"content":"                        \"The task description of an event cannot be empty.\\n\" + line);","lastModifiedDate":"2021-10-19"},{"lineNumber":166,"author":{"gitId":"ksw95"},"content":"            } else if (parts[1].trim().equals(\"\")) {","lastModifiedDate":"2021-10-19"},{"lineNumber":167,"author":{"gitId":"ksw95"},"content":"                throw new DukeException(line + \"\\n☹ OOPS!!! \" +","lastModifiedDate":"2021-10-19"},{"lineNumber":168,"author":{"gitId":"ksw95"},"content":"                        \"The date/time of an event cannot be empty.\\n\" + line);","lastModifiedDate":"2021-10-19"},{"lineNumber":169,"author":{"gitId":"ksw95"},"content":"            } else {","lastModifiedDate":"2021-10-19"},{"lineNumber":170,"author":{"gitId":"ksw95"},"content":"                return true;","lastModifiedDate":"2021-10-19"},{"lineNumber":171,"author":{"gitId":"ksw95"},"content":"            }","lastModifiedDate":"2021-10-19"},{"lineNumber":172,"author":{"gitId":"ksw95"},"content":"        } else {","lastModifiedDate":"2021-10-10"},{"lineNumber":173,"author":{"gitId":"ksw95"},"content":"            throw new DukeException(\"☹ OOPS!!! Invalid syntax for adding event.\");","lastModifiedDate":"2021-10-19"},{"lineNumber":174,"author":{"gitId":"ksw95"},"content":"        }","lastModifiedDate":"2021-10-10"},{"lineNumber":175,"author":{"gitId":"ksw95"},"content":"    }","lastModifiedDate":"2021-10-10"},{"lineNumber":176,"author":{"gitId":"ksw95"},"content":"","lastModifiedDate":"2021-10-10"},{"lineNumber":177,"author":{"gitId":"ksw95"},"content":"    public static void MarkDone(String input) {","lastModifiedDate":"2021-10-19"},{"lineNumber":178,"author":{"gitId":"ksw95"},"content":"        try {","lastModifiedDate":"2021-10-19"},{"lineNumber":179,"author":{"gitId":"ksw95"},"content":"            if(CheckValidDone(input)) {","lastModifiedDate":"2021-10-19"},{"lineNumber":180,"author":{"gitId":"ksw95"},"content":"                MarkIndex(input);","lastModifiedDate":"2021-10-19"},{"lineNumber":181,"author":{"gitId":"ksw95"},"content":"            }","lastModifiedDate":"2021-10-19"},{"lineNumber":182,"author":{"gitId":"ksw95"},"content":"        } catch (DukeException e) {","lastModifiedDate":"2021-10-19"},{"lineNumber":183,"author":{"gitId":"ksw95"},"content":"            e.printErrMsg();","lastModifiedDate":"2021-10-19"},{"lineNumber":184,"author":{"gitId":"ksw95"},"content":"        }","lastModifiedDate":"2021-10-19"},{"lineNumber":185,"author":{"gitId":"ksw95"},"content":"    }","lastModifiedDate":"2021-10-19"},{"lineNumber":186,"author":{"gitId":"ksw95"},"content":"","lastModifiedDate":"2021-10-19"},{"lineNumber":187,"author":{"gitId":"ksw95"},"content":"    public static boolean CheckValidDone(String input) throws DukeException {","lastModifiedDate":"2021-10-19"},{"lineNumber":188,"author":{"gitId":"ksw95"},"content":"        if (input.length() \u003c 5) {","lastModifiedDate":"2021-10-19"},{"lineNumber":189,"author":{"gitId":"ksw95"},"content":"            throw new DukeException(line + \"\\n☹ OOPS!!! \" +","lastModifiedDate":"2021-10-19"},{"lineNumber":190,"author":{"gitId":"ksw95"},"content":"                    \"The index of the task to be marked as done is missing.\\n\"","lastModifiedDate":"2021-10-19"},{"lineNumber":191,"author":{"gitId":"ksw95"},"content":"                    + line);","lastModifiedDate":"2021-10-19"},{"lineNumber":192,"author":{"gitId":"ksw95"},"content":"        } else {","lastModifiedDate":"2021-10-19"},{"lineNumber":193,"author":{"gitId":"ksw95"},"content":"            try {","lastModifiedDate":"2021-10-19"},{"lineNumber":194,"author":{"gitId":"ksw95"},"content":"                int index \u003d Integer.parseInt(input.substring(4).trim()) - 1;","lastModifiedDate":"2021-10-19"},{"lineNumber":195,"author":{"gitId":"ksw95"},"content":"            } catch (NumberFormatException e) {","lastModifiedDate":"2021-10-19"},{"lineNumber":196,"author":{"gitId":"ksw95"},"content":"                throw new DukeException(line + \"\\n☹ OOPS!!! \" +","lastModifiedDate":"2021-10-19"},{"lineNumber":197,"author":{"gitId":"ksw95"},"content":"                        \"The index of the task to mark as done has to be an integer!\\n\" + line);","lastModifiedDate":"2021-10-19"},{"lineNumber":198,"author":{"gitId":"ksw95"},"content":"            }","lastModifiedDate":"2021-10-19"},{"lineNumber":199,"author":{"gitId":"ksw95"},"content":"            return true;","lastModifiedDate":"2021-10-19"},{"lineNumber":200,"author":{"gitId":"ksw95"},"content":"        }","lastModifiedDate":"2021-10-19"},{"lineNumber":201,"author":{"gitId":"ksw95"},"content":"    }","lastModifiedDate":"2021-10-19"},{"lineNumber":202,"author":{"gitId":"ksw95"},"content":"","lastModifiedDate":"2021-10-19"},{"lineNumber":203,"author":{"gitId":"ksw95"},"content":"    public static void PrintTaskCount() {","lastModifiedDate":"2021-10-10"},{"lineNumber":204,"author":{"gitId":"ksw95"},"content":"        System.out.println(\"Now you have \" + TaskCount + \" tasks in the list.\");","lastModifiedDate":"2021-10-10"},{"lineNumber":205,"author":{"gitId":"ksw95"},"content":"    }","lastModifiedDate":"2021-10-10"},{"lineNumber":206,"author":{"gitId":"ksw95"},"content":"","lastModifiedDate":"2021-10-10"},{"lineNumber":207,"author":{"gitId":"ksw95"},"content":"    public static void PrintTaskAdded(Task newTask) {","lastModifiedDate":"2021-10-18"},{"lineNumber":208,"author":{"gitId":"ksw95"},"content":"        System.out.println(line + \"\\nGot it. I\u0027ve added this task:\\n\"","lastModifiedDate":"2021-10-18"},{"lineNumber":209,"author":{"gitId":"ksw95"},"content":"                + newTask.getTaskInfo());","lastModifiedDate":"2021-10-18"},{"lineNumber":210,"author":{"gitId":"ksw95"},"content":"    }","lastModifiedDate":"2021-10-18"},{"lineNumber":211,"author":{"gitId":"ksw95"},"content":"","lastModifiedDate":"2021-10-18"},{"lineNumber":212,"author":{"gitId":"ksw95"},"content":"    public static void DeleteTask(String input) {","lastModifiedDate":"2021-10-19"},{"lineNumber":213,"author":{"gitId":"ksw95"},"content":"        try {","lastModifiedDate":"2021-10-19"},{"lineNumber":214,"author":{"gitId":"ksw95"},"content":"            if (CheckValidDelete(input)) {","lastModifiedDate":"2021-10-19"},{"lineNumber":215,"author":{"gitId":"ksw95"},"content":"                DeleteIndex(input);","lastModifiedDate":"2021-10-19"},{"lineNumber":216,"author":{"gitId":"ksw95"},"content":"            }","lastModifiedDate":"2021-10-19"},{"lineNumber":217,"author":{"gitId":"ksw95"},"content":"        } catch (DukeException e){","lastModifiedDate":"2021-10-19"},{"lineNumber":218,"author":{"gitId":"ksw95"},"content":"            e.printErrMsg();","lastModifiedDate":"2021-10-19"},{"lineNumber":219,"author":{"gitId":"ksw95"},"content":"        }","lastModifiedDate":"2021-10-19"},{"lineNumber":220,"author":{"gitId":"ksw95"},"content":"    }","lastModifiedDate":"2021-10-19"},{"lineNumber":221,"author":{"gitId":"ksw95"},"content":"","lastModifiedDate":"2021-10-19"},{"lineNumber":222,"author":{"gitId":"ksw95"},"content":"    public static boolean CheckValidDelete(String input) throws DukeException {","lastModifiedDate":"2021-10-19"},{"lineNumber":223,"author":{"gitId":"ksw95"},"content":"        if (input.length() \u003c 7) {","lastModifiedDate":"2021-10-19"},{"lineNumber":224,"author":{"gitId":"ksw95"},"content":"            throw new DukeException(line + \"\\n☹ OOPS!!! \" +","lastModifiedDate":"2021-10-19"},{"lineNumber":225,"author":{"gitId":"ksw95"},"content":"                    \"The index of the task to delete is missing.\\n\"","lastModifiedDate":"2021-10-19"},{"lineNumber":226,"author":{"gitId":"ksw95"},"content":"                    + line);","lastModifiedDate":"2021-10-19"},{"lineNumber":227,"author":{"gitId":"ksw95"},"content":"        } else {","lastModifiedDate":"2021-10-19"},{"lineNumber":228,"author":{"gitId":"ksw95"},"content":"            try {","lastModifiedDate":"2021-10-19"},{"lineNumber":229,"author":{"gitId":"ksw95"},"content":"                int test \u003d Integer.parseInt(input.substring(6).trim()) - 1;","lastModifiedDate":"2021-10-19"},{"lineNumber":230,"author":{"gitId":"ksw95"},"content":"            } catch (NumberFormatException e) {","lastModifiedDate":"2021-10-19"},{"lineNumber":231,"author":{"gitId":"ksw95"},"content":"                throw new DukeException(line + \"\\n☹ OOPS!!! \" +","lastModifiedDate":"2021-10-19"},{"lineNumber":232,"author":{"gitId":"ksw95"},"content":"                        \"The index of the task to delete has to be an integer!\\n\" + line);","lastModifiedDate":"2021-10-19"},{"lineNumber":233,"author":{"gitId":"ksw95"},"content":"            }","lastModifiedDate":"2021-10-19"},{"lineNumber":234,"author":{"gitId":"ksw95"},"content":"            return true;","lastModifiedDate":"2021-10-19"},{"lineNumber":235,"author":{"gitId":"ksw95"},"content":"        }","lastModifiedDate":"2021-10-19"},{"lineNumber":236,"author":{"gitId":"ksw95"},"content":"    }","lastModifiedDate":"2021-10-19"},{"lineNumber":237,"author":{"gitId":"ksw95"},"content":"","lastModifiedDate":"2021-10-19"},{"lineNumber":238,"author":{"gitId":"ksw95"},"content":"    public static void DeleteIndex(String input) throws DukeException {","lastModifiedDate":"2021-10-19"},{"lineNumber":239,"author":{"gitId":"ksw95"},"content":"        int index \u003d Integer.parseInt(input.substring(6).trim()) - 1;","lastModifiedDate":"2021-10-19"},{"lineNumber":240,"author":{"gitId":"ksw95"},"content":"        if (index \u003c TaskCount \u0026\u0026 index \u003e -1) {","lastModifiedDate":"2021-10-19"},{"lineNumber":241,"author":{"gitId":"ksw95"},"content":"            String DeletedInfo \u003d TaskList.get(index).getTaskInfo();","lastModifiedDate":"2021-10-19"},{"lineNumber":242,"author":{"gitId":"ksw95"},"content":"            RemoveTask(index);","lastModifiedDate":"2021-10-19"},{"lineNumber":243,"author":{"gitId":"ksw95"},"content":"            System.out.println(line + \"Noted! I\u0027ve removed this task:\\n  \"","lastModifiedDate":"2021-10-19"},{"lineNumber":244,"author":{"gitId":"ksw95"},"content":"                    + DeletedInfo + \"\\n\" + line);","lastModifiedDate":"2021-10-19"},{"lineNumber":245,"author":{"gitId":"ksw95"},"content":"            PrintTaskCount();","lastModifiedDate":"2021-10-19"},{"lineNumber":246,"author":{"gitId":"ksw95"},"content":"        } else {","lastModifiedDate":"2021-10-19"},{"lineNumber":247,"author":{"gitId":"ksw95"},"content":"            throw new DukeException(line + \"\\n☹ OOPS!!! \" +","lastModifiedDate":"2021-10-19"},{"lineNumber":248,"author":{"gitId":"ksw95"},"content":"                    \"The index number of the task to delete is invalid!\\n\" + line);","lastModifiedDate":"2021-10-19"},{"lineNumber":249,"author":{"gitId":"ksw95"},"content":"        }","lastModifiedDate":"2021-10-19"},{"lineNumber":250,"author":{"gitId":"ksw95"},"content":"    }","lastModifiedDate":"2021-10-19"},{"lineNumber":251,"author":{"gitId":"ksw95"},"content":"","lastModifiedDate":"2021-10-19"},{"lineNumber":252,"author":{"gitId":"ksw95"},"content":"    public static void RemoveTask(int index) {","lastModifiedDate":"2021-10-19"},{"lineNumber":253,"author":{"gitId":"ksw95"},"content":"        TaskList.remove(index);","lastModifiedDate":"2021-10-19"},{"lineNumber":254,"author":{"gitId":"ksw95"},"content":"        TaskCount--;","lastModifiedDate":"2021-10-19"},{"lineNumber":255,"author":{"gitId":"ksw95"},"content":"    }","lastModifiedDate":"2021-10-19"},{"lineNumber":256,"author":{"gitId":"ksw95"},"content":"","lastModifiedDate":"2021-10-19"},{"lineNumber":257,"author":{"gitId":"ksw95"},"content":"    public static void main(String[] args) {","lastModifiedDate":"2021-08-31"},{"lineNumber":258,"author":{"gitId":"ksw95"},"content":"        StartDuke();","lastModifiedDate":"2021-08-31"},{"lineNumber":259,"author":{"gitId":"ksw95"},"content":"        Greet();","lastModifiedDate":"2021-10-18"},{"lineNumber":260,"author":{"gitId":"ksw95"},"content":"        ExtendTaskList();","lastModifiedDate":"2021-10-19"},{"lineNumber":261,"author":{"gitId":"-"},"content":"    }","lastModifiedDate":"2021-08-31"},{"lineNumber":262,"author":{"gitId":"-"},"content":"}","lastModifiedDate":"2019-07-29"}],"authorContributionMap":{"ksw95":254,"-":8}},{"path":"src/main/java/DukeException.java","fileType":"java","lines":[{"lineNumber":1,"author":{"gitId":"ksw95"},"content":"public class DukeException extends Exception{","lastModifiedDate":"2021-10-19"},{"lineNumber":2,"author":{"gitId":"ksw95"},"content":"    protected String ErrMsg;","lastModifiedDate":"2021-10-19"},{"lineNumber":3,"author":{"gitId":"ksw95"},"content":"","lastModifiedDate":"2021-10-19"},{"lineNumber":4,"author":{"gitId":"ksw95"},"content":"    public DukeException() {","lastModifiedDate":"2021-10-19"},{"lineNumber":5,"author":{"gitId":"ksw95"},"content":"        this.ErrMsg \u003d \"\";","lastModifiedDate":"2021-10-19"},{"lineNumber":6,"author":{"gitId":"ksw95"},"content":"    }","lastModifiedDate":"2021-10-19"},{"lineNumber":7,"author":{"gitId":"ksw95"},"content":"","lastModifiedDate":"2021-10-19"},{"lineNumber":8,"author":{"gitId":"ksw95"},"content":"    public DukeException(String invalid) {","lastModifiedDate":"2021-10-19"},{"lineNumber":9,"author":{"gitId":"ksw95"},"content":"        this.ErrMsg \u003d invalid;","lastModifiedDate":"2021-10-19"},{"lineNumber":10,"author":{"gitId":"ksw95"},"content":"    }","lastModifiedDate":"2021-10-19"},{"lineNumber":11,"author":{"gitId":"ksw95"},"content":"","lastModifiedDate":"2021-10-19"},{"lineNumber":12,"author":{"gitId":"ksw95"},"content":"    public void printErrMsg() {","lastModifiedDate":"2021-10-19"},{"lineNumber":13,"author":{"gitId":"ksw95"},"content":"        System.out.println(ErrMsg);","lastModifiedDate":"2021-10-19"},{"lineNumber":14,"author":{"gitId":"ksw95"},"content":"    }","lastModifiedDate":"2021-10-19"},{"lineNumber":15,"author":{"gitId":"ksw95"},"content":"}","lastModifiedDate":"2021-10-19"}],"authorContributionMap":{"ksw95":15}},{"path":"src/main/java/Event.java","fileType":"java","lines":[{"lineNumber":1,"author":{"gitId":"ksw95"},"content":"public class Event extends Task {","lastModifiedDate":"2021-10-09"},{"lineNumber":2,"author":{"gitId":"ksw95"},"content":"    protected String at;","lastModifiedDate":"2021-10-09"},{"lineNumber":3,"author":{"gitId":"ksw95"},"content":"","lastModifiedDate":"2021-10-09"},{"lineNumber":4,"author":{"gitId":"ksw95"},"content":"    public Event(String newTask, String datetime) {","lastModifiedDate":"2021-10-09"},{"lineNumber":5,"author":{"gitId":"ksw95"},"content":"        super(newTask);","lastModifiedDate":"2021-10-09"},{"lineNumber":6,"author":{"gitId":"ksw95"},"content":"        at \u003d datetime;","lastModifiedDate":"2021-10-09"},{"lineNumber":7,"author":{"gitId":"ksw95"},"content":"    }","lastModifiedDate":"2021-10-09"},{"lineNumber":8,"author":{"gitId":"ksw95"},"content":"","lastModifiedDate":"2021-10-09"},{"lineNumber":9,"author":{"gitId":"ksw95"},"content":"    public String getCompletedSymbol() {","lastModifiedDate":"2021-10-10"},{"lineNumber":10,"author":{"gitId":"ksw95"},"content":"        if (Completed) {","lastModifiedDate":"2021-10-10"},{"lineNumber":11,"author":{"gitId":"ksw95"},"content":"            return \"[E][X]\";","lastModifiedDate":"2021-10-10"},{"lineNumber":12,"author":{"gitId":"ksw95"},"content":"        } else {","lastModifiedDate":"2021-10-10"},{"lineNumber":13,"author":{"gitId":"ksw95"},"content":"            return \"[E][ ]\";","lastModifiedDate":"2021-10-10"},{"lineNumber":14,"author":{"gitId":"ksw95"},"content":"        }","lastModifiedDate":"2021-10-10"},{"lineNumber":15,"author":{"gitId":"ksw95"},"content":"    }","lastModifiedDate":"2021-10-10"},{"lineNumber":16,"author":{"gitId":"ksw95"},"content":"","lastModifiedDate":"2021-10-10"},{"lineNumber":17,"author":{"gitId":"ksw95"},"content":"    public String getTaskInfo() {","lastModifiedDate":"2021-10-10"},{"lineNumber":18,"author":{"gitId":"ksw95"},"content":"        return super.getTaskInfo() + \" (at: \" + at + \")\";","lastModifiedDate":"2021-10-10"},{"lineNumber":19,"author":{"gitId":"ksw95"},"content":"    }","lastModifiedDate":"2021-10-10"},{"lineNumber":20,"author":{"gitId":"ksw95"},"content":"","lastModifiedDate":"2021-10-10"},{"lineNumber":21,"author":{"gitId":"ksw95"},"content":"}","lastModifiedDate":"2021-10-09"}],"authorContributionMap":{"ksw95":21}},{"path":"src/main/java/Task.java","fileType":"java","lines":[{"lineNumber":1,"author":{"gitId":"ksw95"},"content":"public class Task {","lastModifiedDate":"2021-09-07"},{"lineNumber":2,"author":{"gitId":"ksw95"},"content":"","lastModifiedDate":"2021-09-07"},{"lineNumber":3,"author":{"gitId":"ksw95"},"content":"    protected String Description;","lastModifiedDate":"2021-09-08"},{"lineNumber":4,"author":{"gitId":"ksw95"},"content":"    protected boolean Completed;","lastModifiedDate":"2021-09-08"},{"lineNumber":5,"author":{"gitId":"ksw95"},"content":"","lastModifiedDate":"2021-09-07"},{"lineNumber":6,"author":{"gitId":"ksw95"},"content":"    public Task(String newTask) {","lastModifiedDate":"2021-09-07"},{"lineNumber":7,"author":{"gitId":"ksw95"},"content":"        this.Description \u003d newTask;","lastModifiedDate":"2021-09-07"},{"lineNumber":8,"author":{"gitId":"ksw95"},"content":"        this.Completed \u003d false;","lastModifiedDate":"2021-09-07"},{"lineNumber":9,"author":{"gitId":"ksw95"},"content":"    }","lastModifiedDate":"2021-09-07"},{"lineNumber":10,"author":{"gitId":"ksw95"},"content":"","lastModifiedDate":"2021-09-07"},{"lineNumber":11,"author":{"gitId":"ksw95"},"content":"    public String getDescription() {","lastModifiedDate":"2021-09-08"},{"lineNumber":12,"author":{"gitId":"ksw95"},"content":"        return Description;","lastModifiedDate":"2021-09-08"},{"lineNumber":13,"author":{"gitId":"ksw95"},"content":"    }","lastModifiedDate":"2021-09-07"},{"lineNumber":14,"author":{"gitId":"ksw95"},"content":"","lastModifiedDate":"2021-09-07"},{"lineNumber":15,"author":{"gitId":"ksw95"},"content":"    public String getCompletedSymbol() {","lastModifiedDate":"2021-09-08"},{"lineNumber":16,"author":{"gitId":"ksw95"},"content":"        if (Completed) {","lastModifiedDate":"2021-09-08"},{"lineNumber":17,"author":{"gitId":"ksw95"},"content":"            return \"[X]\";","lastModifiedDate":"2021-09-08"},{"lineNumber":18,"author":{"gitId":"ksw95"},"content":"        } else {","lastModifiedDate":"2021-09-07"},{"lineNumber":19,"author":{"gitId":"ksw95"},"content":"            return \"[ ]\";","lastModifiedDate":"2021-09-08"},{"lineNumber":20,"author":{"gitId":"ksw95"},"content":"        }","lastModifiedDate":"2021-09-07"},{"lineNumber":21,"author":{"gitId":"ksw95"},"content":"    }","lastModifiedDate":"2021-09-07"},{"lineNumber":22,"author":{"gitId":"ksw95"},"content":"","lastModifiedDate":"2021-09-08"},{"lineNumber":23,"author":{"gitId":"ksw95"},"content":"    public String getTaskInfo() {","lastModifiedDate":"2021-09-08"},{"lineNumber":24,"author":{"gitId":"ksw95"},"content":"        String TaskInfo \u003d this.getCompletedSymbol() + \" \" + Description;","lastModifiedDate":"2021-09-08"},{"lineNumber":25,"author":{"gitId":"ksw95"},"content":"        return TaskInfo;","lastModifiedDate":"2021-09-08"},{"lineNumber":26,"author":{"gitId":"ksw95"},"content":"    }","lastModifiedDate":"2021-09-08"},{"lineNumber":27,"author":{"gitId":"ksw95"},"content":"","lastModifiedDate":"2021-09-08"},{"lineNumber":28,"author":{"gitId":"ksw95"},"content":"    public void markCompleted() {","lastModifiedDate":"2021-09-08"},{"lineNumber":29,"author":{"gitId":"ksw95"},"content":"        Completed \u003d true;","lastModifiedDate":"2021-09-08"},{"lineNumber":30,"author":{"gitId":"ksw95"},"content":"    }","lastModifiedDate":"2021-09-08"},{"lineNumber":31,"author":{"gitId":"ksw95"},"content":"}","lastModifiedDate":"2021-09-07"}],"authorContributionMap":{"ksw95":31}},{"path":"src/main/java/Todo.java","fileType":"java","lines":[{"lineNumber":1,"author":{"gitId":"ksw95"},"content":"public class Todo extends Task{","lastModifiedDate":"2021-09-28"},{"lineNumber":2,"author":{"gitId":"ksw95"},"content":"","lastModifiedDate":"2021-09-28"},{"lineNumber":3,"author":{"gitId":"ksw95"},"content":"    public Todo(String newTask) {","lastModifiedDate":"2021-10-09"},{"lineNumber":4,"author":{"gitId":"ksw95"},"content":"        super(newTask);","lastModifiedDate":"2021-10-09"},{"lineNumber":5,"author":{"gitId":"ksw95"},"content":"    }","lastModifiedDate":"2021-10-09"},{"lineNumber":6,"author":{"gitId":"ksw95"},"content":"","lastModifiedDate":"2021-10-09"},{"lineNumber":7,"author":{"gitId":"ksw95"},"content":"    public String getCompletedSymbol() {","lastModifiedDate":"2021-10-09"},{"lineNumber":8,"author":{"gitId":"ksw95"},"content":"        if (Completed) {","lastModifiedDate":"2021-10-09"},{"lineNumber":9,"author":{"gitId":"ksw95"},"content":"            return \"[T][X]\";","lastModifiedDate":"2021-10-09"},{"lineNumber":10,"author":{"gitId":"ksw95"},"content":"        } else {","lastModifiedDate":"2021-10-09"},{"lineNumber":11,"author":{"gitId":"ksw95"},"content":"            return \"[T][ ]\";","lastModifiedDate":"2021-10-09"},{"lineNumber":12,"author":{"gitId":"ksw95"},"content":"        }","lastModifiedDate":"2021-10-09"},{"lineNumber":13,"author":{"gitId":"ksw95"},"content":"    }","lastModifiedDate":"2021-10-09"},{"lineNumber":14,"author":{"gitId":"ksw95"},"content":"","lastModifiedDate":"2021-10-09"},{"lineNumber":15,"author":{"gitId":"ksw95"},"content":"}","lastModifiedDate":"2021-09-28"}],"authorContributionMap":{"ksw95":15}}]
