{"authorDailyContributionsMap":{"ksw95":[{"date":"2021-08-31","commitResults":[{"hash":"43f50f9d549eac6292aaa4e444a2d1208193e23d","messageTitle":"Added Echo function.","messageBody":"","fileTypesAndContributionMap":{"java":{"insertions":19,"deletions":0}}},{"hash":"22420920785b0ad2e2c9c4f00b67177a2dce318b","messageTitle":"Added StartDuke function","messageBody":"","fileTypesAndContributionMap":{"java":{"insertions":10,"deletions":6}}},{"hash":"088a1496c4b509c18b8abcff7101adaf758db435","messageTitle":"Added Greet function.","messageBody":"","fileTypesAndContributionMap":{"java":{"insertions":7,"deletions":0}}},{"hash":"a1c46fe7a5538ffb15d1f4cc33de7ffd63424583","messageTitle":"Added line string to Greet and Echo functions.","messageBody":"","fileTypesAndContributionMap":{"java":{"insertions":4,"deletions":3}}},{"hash":"4ceb83e2031970ecf7cb11bb1d36cbc0aa787d84","messageTitle":"Added Level1 function.","messageBody":"","tags":["Level1"],"fileTypesAndContributionMap":{"java":{"insertions":6,"deletions":2}}},{"hash":"64a87038c434ec45ed02e86da9a94bf6429c6d5b","messageTitle":"Added Add function.","messageBody":"","fileTypesAndContributionMap":{"java":{"insertions":18,"deletions":0}}},{"hash":"71fc3a4f988c3b6835d12ca94e5a32de359c499c","messageTitle":"Added PrintList function.","messageBody":"","fileTypesAndContributionMap":{"java":{"insertions":6,"deletions":0}}},{"hash":"fc9e9bc67f1153fb7438156e33a57ac373fbf792","messageTitle":"Edited Add function.","messageBody":"","fileTypesAndContributionMap":{"java":{"insertions":2,"deletions":0}}},{"hash":"b20b42007aec6f543ea42c83a1a6283aa7dbbbf0","messageTitle":"Added printing of lines to Add and PrintList functions.","messageBody":"","fileTypesAndContributionMap":{"java":{"insertions":3,"deletions":1}}},{"hash":"b7b547da6804a8e224b50c395d6fa3c490716d8e","messageTitle":"Added Level2 function.","messageBody":"","tags":["Level2"],"fileTypesAndContributionMap":{"java":{"insertions":7,"deletions":1}}},{"hash":"d4b8c0804a75df49f6cf4e5d553a60f9c8f9942e","messageTitle":"Edited Echo function so it can print inputs with spaces.","messageBody":"","fileTypesAndContributionMap":{"java":{"insertions":1,"deletions":1}}},{"hash":"c304110f339d3d19f2671be3f48a7ede15de69c3","messageTitle":"Changed Add function name to AddDisplayList function.","messageBody":"","fileTypesAndContributionMap":{"java":{"insertions":2,"deletions":2}}}]},{"date":"2021-09-07","commitResults":[{"hash":"4dd50ba1383a69f39d164a0da13ee8c0c64183de","messageTitle":"Created Task Class with addTask and printChecklist functions.","messageBody":"","fileTypesAndContributionMap":{"java":{"insertions":29,"deletions":0}}}]},{"date":"2021-09-08","commitResults":[{"hash":"60594732b2f19cf1c5bc24ac6a73301e9ed849de","messageTitle":"Removed addTask and printChecklist functions from and added getDescription and getCompletedSymbol to Task.java","messageBody":"","fileTypesAndContributionMap":{"java":{"insertions":9,"deletions":16}}},{"hash":"e1960414ca39cf217737b027d1ac1a485d9c36d3","messageTitle":"Added TaskList, AddTask, PrintChecklist and Level3 functions to Duke.java","messageBody":"","fileTypesAndContributionMap":{"java":{"insertions":40,"deletions":1}}},{"hash":"058787ce32ff06dc18f12895eaa0dba00dde2dea","messageTitle":"Added getTaskinfo and markCompleted functions in Task.java","messageBody":"","fileTypesAndContributionMap":{"java":{"insertions":9,"deletions":0}}},{"hash":"576c6a7903fd5e0cb1e0331fa94892de7f19a774","messageTitle":"Edited Tasklist function to mark tasks as completed. Added MarkTask function.","messageBody":"","fileTypesAndContributionMap":{"java":{"insertions":17,"deletions":4}}},{"hash":"44d03222f8e0e2c3b76c1a0c87642cc232a7d389","messageTitle":"Edited Tasklist function to handle index input outside of the array.","messageBody":"","tags":["Level3"],"fileTypesAndContributionMap":{"java":{"insertions":11,"deletions":5}}}]},{"date":"2021-09-28","commitResults":[{"hash":"d9176ac2aef0775a27be95bd3b55ed3eaeb1cf58","messageTitle":"Refactored code in Duke.java","messageBody":"","fileTypesAndContributionMap":{"java":{"insertions":12,"deletions":8}}},{"hash":"a7c24ea9ae972168d9092b4335bc0cc94c8f6b43","messageTitle":"Added Todo java class to project","messageBody":"","fileTypesAndContributionMap":{"java":{"insertions":3,"deletions":0}}}]},{"date":"2021-10-09","commitResults":[{"hash":"27cc70936219a6fcde360a6906c8585212ad4c3d","messageTitle":"Added Todo constructor method.","messageBody":"","fileTypesAndContributionMap":{"java":{"insertions":4,"deletions":0}}},{"hash":"289f0dedb3601e0c5db7b30c48eb9e6b54d63fda","messageTitle":"Override getCompleteSymbol method in Todo.java","messageBody":"","fileTypesAndContributionMap":{"java":{"insertions":9,"deletions":1}}},{"hash":"a71bd48ae1c3ab548d011843d9de4d667502e938","messageTitle":"Aesthetics changes.","messageBody":"","fileTypesAndContributionMap":{"java":{"insertions":1,"deletions":1}}},{"hash":"bf76cb1bb6c08086abcf011c49203ed266532515","messageTitle":"Created Deadlines class","messageBody":"","fileTypesAndContributionMap":{"java":{"insertions":2,"deletions":0}}},{"hash":"4fac2ff7a4e62bea3133388f0730700cf6a02731","messageTitle":"Added deadline class variables and constructor.","messageBody":"","fileTypesAndContributionMap":{"java":{"insertions":6,"deletions":0}}},{"hash":"f360dbbe7d218727236eadb8a67db0fcbb2ab697","messageTitle":"Override getCompletedSymbol method in Deadlines.java class.","messageBody":"","fileTypesAndContributionMap":{"java":{"insertions":9,"deletions":0}}},{"hash":"f8296ce418545910b7c6c65d91c3820c6c4e3e97","messageTitle":"Override getTaskInfo method in Deadlines.java class.","messageBody":"","fileTypesAndContributionMap":{"java":{"insertions":4,"deletions":0}}},{"hash":"b75732c374fd74cef8513960030dc3ea00a8ec5d","messageTitle":"Rename Deadlines class to Deadline and changed deadline variable to by.","messageBody":"","fileTypesAndContributionMap":{"java":{"insertions":5,"deletions":5}}},{"hash":"0cce455c7c010f960205201ddcf897b976c0376b","messageTitle":"Created Event class and constructor","messageBody":"","fileTypesAndContributionMap":{"java":{"insertions":9,"deletions":0}}}]},{"date":"2021-10-10","commitResults":[{"hash":"872d2d6c6c3a1cb728cc1dfdf707303941674644","messageTitle":"Override getCompletedSymbol method in Event.java class.","messageBody":"","fileTypesAndContributionMap":{"java":{"insertions":8,"deletions":0}}},{"hash":"9521b5fe3e5ce5c81935001b194f23e6bbce649f","messageTitle":"Override getTaskInfo method in Event.java class.","messageBody":"","fileTypesAndContributionMap":{"java":{"insertions":5,"deletions":1}}},{"hash":"b3350ca293e46ce244ed68d78e716662501b0052","messageTitle":"Added PrintTaskCount method to Duke.java class","messageBody":"","fileTypesAndContributionMap":{"java":{"insertions":4,"deletions":0}}},{"hash":"66a878c4549513132d23b59dc7a0c36f336fb285","messageTitle":"Added ExtendTaskList method to duke.java class.","messageBody":"","fileTypesAndContributionMap":{"java":{"insertions":72,"deletions":0}}},{"hash":"247c692f845d3a3cd61755506ab0537f43da564d","messageTitle":"Edited ExtendTaskList method in duke.java class","messageBody":"","fileTypesAndContributionMap":{"java":{"insertions":12,"deletions":8}}},{"hash":"04533e7dc08e559920493cb43fc9d9963394d622","messageTitle":"Created Level4() method in duke.java class.","messageBody":"","tags":["Level4"],"fileTypesAndContributionMap":{"java":{"insertions":7,"deletions":1}}}]},{"date":"2021-10-18","commitResults":[{"hash":"9671688e109ac1e9f60e444b8a92b11f5cde55d5","messageTitle":"Deleted now unused methods in Duke.java","messageBody":"","fileTypesAndContributionMap":{"java":{"insertions":1,"deletions":85}}},{"hash":"b728fcd80c9ad2caf6f6e15043d109a5936ed995","messageTitle":"Refactoring Duke.java","messageBody":"","fileTypesAndContributionMap":{"java":{"insertions":62,"deletions":50}}},{"hash":"a36d64eedc72d9ea3d6cfa0e4fe341ab2f980f8a","messageTitle":"Refactor Duke.java","messageBody":"","fileTypesAndContributionMap":{"java":{"insertions":8,"deletions":6}}},{"hash":"dcc94641771c1454ef44cb6e3998d2bb731697d7","messageTitle":"Edited for aesthetic reasons.","messageBody":"","fileTypesAndContributionMap":{"java":{"insertions":2,"deletions":2}}}]},{"date":"2021-10-19","commitResults":[{"hash":"eac94a82d3eb2a180722ef25fdd0c3a064f980c4","messageTitle":"Created DukeException class with variables and methods.","messageBody":"","fileTypesAndContributionMap":{"java":{"insertions":15,"deletions":0}}},{"hash":"509abcbe6f9a9a03913b12f721dc255988867c81","messageTitle":"Refactor CheckValidTodo and added AddTodo method with error handling.","messageBody":"","fileTypesAndContributionMap":{"java":{"insertions":19,"deletions":9}}},{"hash":"313d4d995ad200cee244b99a9c6a3dd677d4a34c","messageTitle":"Added AddDeadline method and edited CheckValidDeadline to use exceptions to handle errors.","messageBody":"","fileTypesAndContributionMap":{"java":{"insertions":21,"deletions":10}}},{"hash":"e1992e1646a24825402e48e8f9824c0c43aafa90","messageTitle":"Created AddEvent method and edited CheckValidEvent method to use exceptions to handle error.","messageBody":"","fileTypesAndContributionMap":{"java":{"insertions":23,"deletions":12}}},{"hash":"d99dc26a93527086e0e95f51c4d3db42d2abebe0","messageTitle":"Created MarkDone method and CheckValidDone method to use exceptions to handle error","messageBody":"","fileTypesAndContributionMap":{"java":{"insertions":20,"deletions":6}}},{"hash":"ac596efe24ed02faf273497d2045dc13848222a9","messageTitle":"Edited error messages for aesthetics.","messageBody":"","fileTypesAndContributionMap":{"java":{"insertions":16,"deletions":11}}},{"hash":"9d2d0efc5473e57a8f77ff7c9af98daf63825bd0","messageTitle":"Edited typo.","messageBody":"","fileTypesAndContributionMap":{"java":{"insertions":1,"deletions":1}}},{"hash":"f95a4028b96905b35a8444f8be0df9620a34ba7f","messageTitle":"Refactoring Duke.java","messageBody":"","tags":["Level5"],"fileTypesAndContributionMap":{"java":{"insertions":3,"deletions":6}}}]}]},"authorFileTypeContributionMap":{"ksw95":{"java":300,"md":0,"fxml":0,"sh":0,"bat":0,"gradle":0,"txt":0}},"authorContributionVariance":{"ksw95":1503.3055},"authorDisplayNameMap":{"ksw95":"KOH .. WEI"}}
