{"authorDailyContributionsMap":{"ksw95":[{"date":"2021-08-31","commitResults":[{"hash":"43f50f9d549eac6292aaa4e444a2d1208193e23d","messageTitle":"Added Echo function.","messageBody":"","fileTypesAndContributionMap":{"java":{"insertions":19,"deletions":0}}},{"hash":"22420920785b0ad2e2c9c4f00b67177a2dce318b","messageTitle":"Added StartDuke function","messageBody":"","fileTypesAndContributionMap":{"java":{"insertions":10,"deletions":6}}},{"hash":"088a1496c4b509c18b8abcff7101adaf758db435","messageTitle":"Added Greet function.","messageBody":"","fileTypesAndContributionMap":{"java":{"insertions":7,"deletions":0}}},{"hash":"a1c46fe7a5538ffb15d1f4cc33de7ffd63424583","messageTitle":"Added line string to Greet and Echo functions.","messageBody":"","fileTypesAndContributionMap":{"java":{"insertions":4,"deletions":3}}},{"hash":"4ceb83e2031970ecf7cb11bb1d36cbc0aa787d84","messageTitle":"Added Level1 function.","messageBody":"","tags":["Level1"],"fileTypesAndContributionMap":{"java":{"insertions":6,"deletions":2}}},{"hash":"64a87038c434ec45ed02e86da9a94bf6429c6d5b","messageTitle":"Added Add function.","messageBody":"","fileTypesAndContributionMap":{"java":{"insertions":18,"deletions":0}}},{"hash":"71fc3a4f988c3b6835d12ca94e5a32de359c499c","messageTitle":"Added PrintList function.","messageBody":"","fileTypesAndContributionMap":{"java":{"insertions":6,"deletions":0}}},{"hash":"fc9e9bc67f1153fb7438156e33a57ac373fbf792","messageTitle":"Edited Add function.","messageBody":"","fileTypesAndContributionMap":{"java":{"insertions":2,"deletions":0}}},{"hash":"b20b42007aec6f543ea42c83a1a6283aa7dbbbf0","messageTitle":"Added printing of lines to Add and PrintList functions.","messageBody":"","fileTypesAndContributionMap":{"java":{"insertions":3,"deletions":1}}},{"hash":"b7b547da6804a8e224b50c395d6fa3c490716d8e","messageTitle":"Added Level2 function.","messageBody":"","tags":["Level2"],"fileTypesAndContributionMap":{"java":{"insertions":7,"deletions":1}}},{"hash":"d4b8c0804a75df49f6cf4e5d553a60f9c8f9942e","messageTitle":"Edited Echo function so it can print inputs with spaces.","messageBody":"","fileTypesAndContributionMap":{"java":{"insertions":1,"deletions":1}}},{"hash":"c304110f339d3d19f2671be3f48a7ede15de69c3","messageTitle":"Changed Add function name to AddDisplayList function.","messageBody":"","fileTypesAndContributionMap":{"java":{"insertions":2,"deletions":2}}}]},{"date":"2021-09-07","commitResults":[{"hash":"4dd50ba1383a69f39d164a0da13ee8c0c64183de","messageTitle":"Created Task Class with addTask and printChecklist functions.","messageBody":"","fileTypesAndContributionMap":{"java":{"insertions":29,"deletions":0}}}]},{"date":"2021-09-08","commitResults":[{"hash":"60594732b2f19cf1c5bc24ac6a73301e9ed849de","messageTitle":"Removed addTask and printChecklist functions from and added getDescription and getCompletedSymbol to Task.java","messageBody":"","fileTypesAndContributionMap":{"java":{"insertions":9,"deletions":16}}},{"hash":"e1960414ca39cf217737b027d1ac1a485d9c36d3","messageTitle":"Added TaskList, AddTask, PrintChecklist and Level3 functions to Duke.java","messageBody":"","fileTypesAndContributionMap":{"java":{"insertions":40,"deletions":1}}},{"hash":"058787ce32ff06dc18f12895eaa0dba00dde2dea","messageTitle":"Added getTaskinfo and markCompleted functions in Task.java","messageBody":"","fileTypesAndContributionMap":{"java":{"insertions":9,"deletions":0}}},{"hash":"576c6a7903fd5e0cb1e0331fa94892de7f19a774","messageTitle":"Edited Tasklist function to mark tasks as completed. Added MarkTask function.","messageBody":"","fileTypesAndContributionMap":{"java":{"insertions":17,"deletions":4}}},{"hash":"44d03222f8e0e2c3b76c1a0c87642cc232a7d389","messageTitle":"Edited Tasklist function to handle index input outside of the array.","messageBody":"","tags":["Level3"],"fileTypesAndContributionMap":{"java":{"insertions":11,"deletions":5}}}]},{"date":"2021-09-28","commitResults":[{"hash":"d9176ac2aef0775a27be95bd3b55ed3eaeb1cf58","messageTitle":"Refactored code in Duke.java","messageBody":"","fileTypesAndContributionMap":{"java":{"insertions":12,"deletions":8}}},{"hash":"a7c24ea9ae972168d9092b4335bc0cc94c8f6b43","messageTitle":"Added Todo java class to project","messageBody":"","fileTypesAndContributionMap":{"java":{"insertions":3,"deletions":0}}}]},{"date":"2021-10-09","commitResults":[{"hash":"27cc70936219a6fcde360a6906c8585212ad4c3d","messageTitle":"Added Todo constructor method.","messageBody":"","fileTypesAndContributionMap":{"java":{"insertions":4,"deletions":0}}},{"hash":"289f0dedb3601e0c5db7b30c48eb9e6b54d63fda","messageTitle":"Override getCompleteSymbol method in Todo.java","messageBody":"","fileTypesAndContributionMap":{"java":{"insertions":9,"deletions":1}}},{"hash":"a71bd48ae1c3ab548d011843d9de4d667502e938","messageTitle":"Aesthetics changes.","messageBody":"","fileTypesAndContributionMap":{"java":{"insertions":1,"deletions":1}}},{"hash":"bf76cb1bb6c08086abcf011c49203ed266532515","messageTitle":"Created Deadlines class","messageBody":"","fileTypesAndContributionMap":{"java":{"insertions":2,"deletions":0}}},{"hash":"4fac2ff7a4e62bea3133388f0730700cf6a02731","messageTitle":"Added deadline class variables and constructor.","messageBody":"","fileTypesAndContributionMap":{"java":{"insertions":6,"deletions":0}}},{"hash":"f360dbbe7d218727236eadb8a67db0fcbb2ab697","messageTitle":"Override getCompletedSymbol method in Deadlines.java class.","messageBody":"","fileTypesAndContributionMap":{"java":{"insertions":9,"deletions":0}}},{"hash":"f8296ce418545910b7c6c65d91c3820c6c4e3e97","messageTitle":"Override getTaskInfo method in Deadlines.java class.","messageBody":"","fileTypesAndContributionMap":{"java":{"insertions":4,"deletions":0}}},{"hash":"b75732c374fd74cef8513960030dc3ea00a8ec5d","messageTitle":"Rename Deadlines class to Deadline and changed deadline variable to by.","messageBody":"","fileTypesAndContributionMap":{"java":{"insertions":5,"deletions":5}}},{"hash":"0cce455c7c010f960205201ddcf897b976c0376b","messageTitle":"Created Event class and constructor","messageBody":"","fileTypesAndContributionMap":{"java":{"insertions":9,"deletions":0}}}]},{"date":"2021-10-10","commitResults":[{"hash":"872d2d6c6c3a1cb728cc1dfdf707303941674644","messageTitle":"Override getCompletedSymbol method in Event.java class.","messageBody":"","fileTypesAndContributionMap":{"java":{"insertions":8,"deletions":0}}},{"hash":"9521b5fe3e5ce5c81935001b194f23e6bbce649f","messageTitle":"Override getTaskInfo method in Event.java class.","messageBody":"","fileTypesAndContributionMap":{"java":{"insertions":5,"deletions":1}}},{"hash":"b3350ca293e46ce244ed68d78e716662501b0052","messageTitle":"Added PrintTaskCount method to Duke.java class","messageBody":"","fileTypesAndContributionMap":{"java":{"insertions":4,"deletions":0}}},{"hash":"66a878c4549513132d23b59dc7a0c36f336fb285","messageTitle":"Added ExtendTaskList method to duke.java class.","messageBody":"","fileTypesAndContributionMap":{"java":{"insertions":72,"deletions":0}}},{"hash":"247c692f845d3a3cd61755506ab0537f43da564d","messageTitle":"Edited ExtendTaskList method in duke.java class","messageBody":"","fileTypesAndContributionMap":{"java":{"insertions":12,"deletions":8}}},{"hash":"04533e7dc08e559920493cb43fc9d9963394d622","messageTitle":"Created Level4() method in duke.java class.","messageBody":"","tags":["Level4"],"fileTypesAndContributionMap":{"java":{"insertions":7,"deletions":1}}}]},{"date":"2021-10-18","commitResults":[{"hash":"9671688e109ac1e9f60e444b8a92b11f5cde55d5","messageTitle":"Deleted now unused methods in Duke.java","messageBody":"","fileTypesAndContributionMap":{"java":{"insertions":1,"deletions":85}}},{"hash":"b728fcd80c9ad2caf6f6e15043d109a5936ed995","messageTitle":"Refactoring Duke.java","messageBody":"","fileTypesAndContributionMap":{"java":{"insertions":62,"deletions":50}}},{"hash":"a36d64eedc72d9ea3d6cfa0e4fe341ab2f980f8a","messageTitle":"Refactor Duke.java","messageBody":"","fileTypesAndContributionMap":{"java":{"insertions":8,"deletions":6}}},{"hash":"dcc94641771c1454ef44cb6e3998d2bb731697d7","messageTitle":"Edited for aesthetic reasons.","messageBody":"","fileTypesAndContributionMap":{"java":{"insertions":2,"deletions":2}}}]},{"date":"2021-10-19","commitResults":[{"hash":"eac94a82d3eb2a180722ef25fdd0c3a064f980c4","messageTitle":"Created DukeException class with variables and methods.","messageBody":"","fileTypesAndContributionMap":{"java":{"insertions":15,"deletions":0}}},{"hash":"509abcbe6f9a9a03913b12f721dc255988867c81","messageTitle":"Refactor CheckValidTodo and added AddTodo method with error handling.","messageBody":"","fileTypesAndContributionMap":{"java":{"insertions":19,"deletions":9}}},{"hash":"313d4d995ad200cee244b99a9c6a3dd677d4a34c","messageTitle":"Added AddDeadline method and edited CheckValidDeadline to use exceptions to handle errors.","messageBody":"","fileTypesAndContributionMap":{"java":{"insertions":21,"deletions":10}}},{"hash":"e1992e1646a24825402e48e8f9824c0c43aafa90","messageTitle":"Created AddEvent method and edited CheckValidEvent method to use exceptions to handle error.","messageBody":"","fileTypesAndContributionMap":{"java":{"insertions":23,"deletions":12}}},{"hash":"d99dc26a93527086e0e95f51c4d3db42d2abebe0","messageTitle":"Created MarkDone method and CheckValidDone method to use exceptions to handle error","messageBody":"","fileTypesAndContributionMap":{"java":{"insertions":20,"deletions":6}}},{"hash":"ac596efe24ed02faf273497d2045dc13848222a9","messageTitle":"Edited error messages for aesthetics.","messageBody":"","fileTypesAndContributionMap":{"java":{"insertions":16,"deletions":11}}},{"hash":"9d2d0efc5473e57a8f77ff7c9af98daf63825bd0","messageTitle":"Edited typo.","messageBody":"","fileTypesAndContributionMap":{"java":{"insertions":1,"deletions":1}}},{"hash":"f95a4028b96905b35a8444f8be0df9620a34ba7f","messageTitle":"Refactoring Duke.java","messageBody":"","tags":["Level5"],"fileTypesAndContributionMap":{"java":{"insertions":3,"deletions":6}}},{"hash":"7e438327d1c79237840d4281688ca895214a89fe","messageTitle":"Changed data structure used to store Task from Task Arrays to ArrayList for Task. Also edited the methods which used the task array accordingly.","messageBody":"","fileTypesAndContributionMap":{"java":{"insertions":6,"deletions":6}}},{"hash":"ba77502f9bb89002b6b2b54303a9479dac29ce35","messageTitle":"Edited ExtendTaskList method to include delete capability.","messageBody":"","fileTypesAndContributionMap":{"java":{"insertions":3,"deletions":0}}},{"hash":"0a8c5bc2fc268a9efa4abe6a6b658fd832181fa4","messageTitle":"Added DeleteTask method to Duke.java","messageBody":"","fileTypesAndContributionMap":{"java":{"insertions":10,"deletions":1}}},{"hash":"021b4ec34c37479c7f347ab91cae85aa6b50ae0f","messageTitle":"Added CheckValidDelete method to Duke.java","messageBody":"","fileTypesAndContributionMap":{"java":{"insertions":10,"deletions":0}}},{"hash":"9923f6e2c3860917f73ad37e7399a9ebedd0f4fc","messageTitle":"Added DeleteIndex method to Duke.java","messageBody":"","fileTypesAndContributionMap":{"java":{"insertions":13,"deletions":0}}},{"hash":"00f5dddf9d950ddf77f752e51bbd82fb843d9914","messageTitle":"Added RemoveTask method to Duke.java","messageBody":"","fileTypesAndContributionMap":{"java":{"insertions":3,"deletions":0}}},{"hash":"945d2737a03cf98dca45aacb4fccde222742fb2d","messageTitle":"Bug fix to prevent exception outofbounds.","messageBody":"","fileTypesAndContributionMap":{"java":{"insertions":2,"deletions":1}}},{"hash":"8e4acdfd2474e7bb841ffbfeee3d2750fa8b607d","messageTitle":"Edited printed strings.","messageBody":"","fileTypesAndContributionMap":{"java":{"insertions":2,"deletions":1}}},{"hash":"938d7f3c1162306de4d053b82896d754f5052712","messageTitle":"Added more error handling","messageBody":"","fileTypesAndContributionMap":{"java":{"insertions":6,"deletions":4}}},{"hash":"3522d70cc7ff7005778be7cef715c283c54fb6ae","messageTitle":"Edited for aesthetic reasons.","messageBody":"","fileTypesAndContributionMap":{"java":{"insertions":1,"deletions":1}}},{"hash":"fdd1df5e4af1865b3ddec601001346191a6f1c67","messageTitle":"Refactoring ExtendTaskList method","messageBody":"","fileTypesAndContributionMap":{"java":{"insertions":4,"deletions":4}}},{"hash":"29d0894bc6f7f1aa5d7262734c315fadc0d3a30a","messageTitle":"Refactoring ExtendTaskList method in Duke.java","messageBody":"","fileTypesAndContributionMap":{"java":{"insertions":6,"deletions":6}}},{"hash":"4e36e335a815955125f0c5325c09ed0f45e720bc","messageTitle":"Added more invalid todo input and error handling for CheckValidTodo method in Duke.java","messageBody":"","fileTypesAndContributionMap":{"java":{"insertions":3,"deletions":0}}},{"hash":"157d71ebbc0e7dfdcf6cf6ad026b37975857e767","messageTitle":"Added more error handling for DeleteIndex method in Duke.java","messageBody":"","fileTypesAndContributionMap":{"java":{"insertions":8,"deletions":2}}},{"hash":"3ad545d671dd9178c4201c4b41298b8160b3c0ab","messageTitle":"Refactoring DeleteIndex, decopling index from TaskCount variable","messageBody":"","fileTypesAndContributionMap":{"java":{"insertions":2,"deletions":2}}},{"hash":"e8fa0323b185299f10ead07fd74d75096894b825","messageTitle":"Refactored DeleteIndex and CheckValidDelete methods in Duke.java for better cohesion","messageBody":"","fileTypesAndContributionMap":{"java":{"insertions":7,"deletions":7}}},{"hash":"4cecd4cad50465cb74821725e555ab5ae6f91ad6","messageTitle":"Edited MarkIndex and CheckValidDone methods for better error handling.","messageBody":"","tags":["Level6"],"fileTypesAndContributionMap":{"java":{"insertions":7,"deletions":1}}}]},{"date":"2021-10-26","commitResults":[{"hash":"27cce97628094abcb9604bd5ea49e93309757375","messageTitle":"Refactoring methods in multiple classes.","messageBody":"","fileTypesAndContributionMap":{"java":{"insertions":22,"deletions":10}}},{"hash":"476a3fd6d74c4a77990812cbb184a185bf1ebcbb","messageTitle":"Refactoring method in Task.java","messageBody":"","fileTypesAndContributionMap":{"java":{"insertions":4,"deletions":0}}},{"hash":"e60b6698924e24fccc96947295844b81e7c104d0","messageTitle":"Added getAdditionalInfo method to Task, Event and Deadline class.","messageBody":"","fileTypesAndContributionMap":{"java":{"insertions":12,"deletions":0}}},{"hash":"33919ea0e56ef776d5e6f14863bf1ff017cc453d","messageTitle":"Created OpenStorageFile method and RunDuke method on Duke.java","messageBody":"","fileTypesAndContributionMap":{"java":{"insertions":25,"deletions":1}}},{"hash":"97822a8bb22d633542b0099b0c8a23a3f6a2de7b","messageTitle":"Created CreateStorageFile method in Duke.java","messageBody":"","fileTypesAndContributionMap":{"java":{"insertions":12,"deletions":0}}},{"hash":"5a790e3bf2783709bd4a5d1dd0f2f0bcc8016756","messageTitle":"Created ReadFileToArray method and edited RunDuke method in Duke.java","messageBody":"","fileTypesAndContributionMap":{"java":{"insertions":18,"deletions":0}}},{"hash":"92216c9183a58288a99708f92801f616dfae6747","messageTitle":"Created ParseStorageLine method in Duke.java class","messageBody":"","fileTypesAndContributionMap":{"java":{"insertions":23,"deletions":0}}},{"hash":"d8ff6125a2810a5cf1c4b8085a6cbd2912eb8004","messageTitle":"Created getTodoFromLine method in Duke.java","messageBody":"","fileTypesAndContributionMap":{"java":{"insertions":7,"deletions":0}}},{"hash":"65cd710eff47031c783c40d2f831e118ffc8d78b","messageTitle":"Created getDeadlineFromLine method in Duke.java","messageBody":"","fileTypesAndContributionMap":{"java":{"insertions":8,"deletions":0}}},{"hash":"597c23727b284f3d84a4368297b6654596b64aa3","messageTitle":"Created getEventFromLine in Duke.java class","messageBody":"","fileTypesAndContributionMap":{"java":{"insertions":8,"deletions":0}}},{"hash":"5cb0a58032431041106be6e6cb35373d0226dcce","messageTitle":"Created CheckTodoLine method in Duke.java","messageBody":"","fileTypesAndContributionMap":{"java":{"insertions":12,"deletions":0}}},{"hash":"899448b1c3a240f7ff0d1d875bc21c0bf2e72a0a","messageTitle":"Created CheckDeadlineLine in Duke.java","messageBody":"","fileTypesAndContributionMap":{"java":{"insertions":10,"deletions":0}}},{"hash":"a9c2382af5e3bd9425f86f64bb5387b4e3fe6465","messageTitle":"Created CheckEventLine method in Duke.java","messageBody":"","fileTypesAndContributionMap":{"java":{"insertions":11,"deletions":0}}},{"hash":"f0ef684ea72de1f49ec9a1661857f99403fb1166","messageTitle":"Added new constructor to Task class","messageBody":"","fileTypesAndContributionMap":{"java":{"insertions":12,"deletions":0}}}]},{"date":"2021-10-27","commitResults":[{"hash":"59253a42668c1fec76efa524c5ae9446b9b9c187","messageTitle":"Created writeListToFile method in Duke.java","messageBody":"","fileTypesAndContributionMap":{"java":{"insertions":28,"deletions":0}}},{"hash":"dcf399fb4a2aab37e397a95725f043c1b7e47856","messageTitle":"Created buildStorageLine method in Duke.java","messageBody":"","tags":["Level-7"],"fileTypesAndContributionMap":{"java":{"insertions":15,"deletions":0}}}]},{"date":"2021-10-28","commitResults":[{"hash":"dc0226fcd4f7cbd802825e6e7a19c8afd86b4f6c","messageTitle":"Added Ui.java class","messageBody":"","fileTypesAndContributionMap":{"java":{"insertions":2,"deletions":0}}},{"hash":"1f712959c731831b911a0a60053b86be715ad992","messageTitle":"Refactoring and moving code in Duke.java to Ui.java","messageBody":"","fileTypesAndContributionMap":{"java":{"insertions":38,"deletions":39}}},{"hash":"f451c381918e664c6529e08d72786c7f3b2cb99f","messageTitle":"Refactoring Duke.java and Ui.java","messageBody":"","fileTypesAndContributionMap":{"java":{"insertions":44,"deletions":47}}},{"hash":"73f605f49cd1b293e9f27149ceb2357737f7428e","messageTitle":"Refactor code from Duke.java to Ui.java","messageBody":"","fileTypesAndContributionMap":{"java":{"insertions":9,"deletions":0}}},{"hash":"32b0c8a8b192c9191e622de18c5001062ea7718a","messageTitle":"Refactor checking methods from Duke.java to Parser.java","messageBody":"","fileTypesAndContributionMap":{"java":{"insertions":84,"deletions":0}}},{"hash":"eeba68018c961c0c4823de052fe08735c755a90d","messageTitle":"Refactor create and open file methods from Duke.java to Storage.java","messageBody":"","fileTypesAndContributionMap":{"java":{"insertions":29,"deletions":0}}}]},{"date":"2021-10-29","commitResults":[{"hash":"cc10e7e43887e27c2a1971593722ff35c68207d7","messageTitle":"Refactored Duke.java","messageBody":"","fileTypesAndContributionMap":{"java":{"insertions":46,"deletions":202}}},{"hash":"4d134700b89947e5cd3917f2d34fa6ce5fd9bf34","messageTitle":"Refactored Parser.java and moved parseInput method from Duke.java to Parser.java","messageBody":"","fileTypesAndContributionMap":{"java":{"insertions":32,"deletions":22}}},{"hash":"38e3fa57186aa32ab34cb41eaea58fa247fc7da5","messageTitle":"Refactored Ui.java","messageBody":"","fileTypesAndContributionMap":{"java":{"insertions":4,"deletions":4}}},{"hash":"4ec073066f141abce1c688e7082f1f40054dba43","messageTitle":"Created TaskList.java and moved TaskList methods from Duke.java","messageBody":"","fileTypesAndContributionMap":{"java":{"insertions":47,"deletions":0}}},{"hash":"3d84975af49be9ac580e8564e8de12afa13bf440","messageTitle":"Refactored methods from Duke.java to TaskList.java","messageBody":"","fileTypesAndContributionMap":{"java":{"insertions":3,"deletions":36}}},{"hash":"c4402ccff27bf9f10c948b16f2843c849504d2ab","messageTitle":"Refactored and added Parse Storage Lines methods to Parser.java","messageBody":"","fileTypesAndContributionMap":{"java":{"insertions":94,"deletions":59}}},{"hash":"c32c320a46aa3686033c7b3977ad99e83f1508db","messageTitle":"Moved Storage methods from Duke.java to Storage.java","messageBody":"","fileTypesAndContributionMap":{"java":{"insertions":59,"deletions":0}}},{"hash":"63203102981d7c38554a71407eb1aca9d2ecc9fb","messageTitle":"Moved DeleteIndex Method from Duke.java to TaskList.java","messageBody":"","fileTypesAndContributionMap":{"java":{"insertions":11,"deletions":0}}},{"hash":"403aa4dde74d541269b049300422d1ccd1a42581","messageTitle":"Refactored TaskList.java","messageBody":"","fileTypesAndContributionMap":{"java":{"insertions":0,"deletions":10}}},{"hash":"40add9e1fea472b56f60f7474a07169945b6c3e4","messageTitle":"Created InputChecker class and moved all the input checking methods from Duke.java to InputChecker.java","messageBody":"","fileTypesAndContributionMap":{"java":{"insertions":74,"deletions":0}}},{"hash":"a568db6ad1cc077b9305e707cf263340c34798d8","messageTitle":"Created FileLineChecker class and moved all the file line checking methods from Duke.java to FileLineChecker.java","messageBody":"","fileTypesAndContributionMap":{"java":{"insertions":34,"deletions":0}}},{"hash":"d2098100fb935404067cb93a002c0d012954065b","messageTitle":"Refactored Duke.java","messageBody":"","tags":["A-MoreOOP"],"fileTypesAndContributionMap":{"java":{"insertions":1,"deletions":186}}},{"hash":"9738eadce467db5e2181d227ddd8ebe5173ce7f2","messageTitle":"Created Duke Package and moved classes into package.","messageBody":"","fileTypesAndContributionMap":{"java":{"insertions":34,"deletions":9},"bat":{"insertions":1,"deletions":1},"md":{"insertions":2,"deletions":2}}},{"hash":"d6fb30c17ffb223a215f6fddc296e98c894f02b4","messageTitle":"Created Models package and moved all Task classes into the package.","messageBody":"","fileTypesAndContributionMap":{"java":{"insertions":19,"deletions":4}}},{"hash":"da097ef591a9b5e7ffeda840a23c1a27b1b809f8","messageTitle":"Created Checker package and moved Checker classes into package.","messageBody":"","fileTypesAndContributionMap":{"java":{"insertions":5,"deletions":0}}},{"hash":"37202df8604b4d101c351bc1d94ad50368c7e421","messageTitle":"Created Ui package and moved Ui class into the package","messageBody":"","fileTypesAndContributionMap":{"java":{"insertions":4,"deletions":3}}},{"hash":"59ff4a3a0ea2d388e902e676d624a3523b5d844c","messageTitle":"Imported relevant packages and refactored parameters","messageBody":"","tags":["A-Packages"],"fileTypesAndContributionMap":{"java":{"insertions":14,"deletions":7}}}]},{"date":"2021-11-01","commitResults":[{"hash":"3e71489c81397a61badcd77b6fc14ff8725ce3ae","messageTitle":"Added LocalDate and LocalTime variable to Deadline class and Event class","messageBody":"","fileTypesAndContributionMap":{"java":{"insertions":11,"deletions":0}}}]},{"date":"2021-11-02","commitResults":[{"hash":"374098388686b123078fb65f1b1e1284055e74a6","messageTitle":"Added new constructors to Deadline and Event classes","messageBody":"","fileTypesAndContributionMap":{"java":{"insertions":22,"deletions":0}}},{"hash":"275503472bb6581bb9ba0988a285b26bcfef417a","messageTitle":"Edited getTaskInfo method in Deadline and Event to return LocalDate and LocalTime variables if they exist.","messageBody":"","fileTypesAndContributionMap":{"java":{"insertions":24,"deletions":2}}}]},{"date":"2021-11-03","commitResults":[{"hash":"4a8c853f0b357791e75f04b3a0206053affd41f6","messageTitle":"Edited getAdditionalInfo method in Deadline and Event class","messageBody":"","fileTypesAndContributionMap":{"java":{"insertions":22,"deletions":4}}},{"hash":"15bf76fd727bf3fc4b2c2b4007d0506a7e67b18e","messageTitle":"Edited getEventFromline method to parse lines from storage file with date and time.","messageBody":"","fileTypesAndContributionMap":{"java":{"insertions":25,"deletions":1}}},{"hash":"cb26294b8b3109431a5bcc7e9892f468e2c99b44","messageTitle":"Edited getDeadlineFromLine method to parse lines from storage file with date and time.","messageBody":"","fileTypesAndContributionMap":{"java":{"insertions":27,"deletions":1}}},{"hash":"49bdedf7de1f31526447ccaa0fc5011a6c539319","messageTitle":"Created checkTimeInput method to check for valid time format inputs and created buildTaskTime method to initialize LocalTime object using valid time format inputs.","messageBody":"","fileTypesAndContributionMap":{"java":{"insertions":26,"deletions":0}}},{"hash":"6615cd411c2a99abd60e04cc3b7dade661156d11","messageTitle":"Created checkDateInput method to check for date inputs with valid format and created buildTaskDate to initialize LocalDate object with date input with valid format.","messageBody":"","fileTypesAndContributionMap":{"java":{"insertions":42,"deletions":0}}},{"hash":"12c3753ba216572c1ac4657d4af27a32981542b6","messageTitle":"Created buildDeadline method which initializes and returns a deadline object based on the details of the user\u0027s input.","messageBody":"","fileTypesAndContributionMap":{"java":{"insertions":25,"deletions":0}}},{"hash":"e1d22df8fa2c50304d69b3e0155237ba7b29198e","messageTitle":"Created buildEvent method which initializes and returns an event object based on the details of the user\u0027s input.","messageBody":"","fileTypesAndContributionMap":{"java":{"insertions":22,"deletions":1}}},{"hash":"cc07342d47f4dc2474b117958c33bfddb3b009bc","messageTitle":"Replaced the logic to build a newDeadline object with the buildDeadline method in the AddDeadline method.","messageBody":"","fileTypesAndContributionMap":{"java":{"insertions":1,"deletions":2}}},{"hash":"edf83df3cc2036507ad116869943ba215242ecb7","messageTitle":"Replaced the logic to build a newEvent object with the buildEvent method in the AddEvent method.","messageBody":"","fileTypesAndContributionMap":{"java":{"insertions":1,"deletions":2}}},{"hash":"3372e1210c928bdd24fbd9c8b19bf0288c9de133","messageTitle":"Refactor Parser.java","messageBody":"","fileTypesAndContributionMap":{"java":{"insertions":1,"deletions":1}}},{"hash":"9a77f3129adbd96875a4c9c66a5974953fa7e715","messageTitle":"Added printDate method to Deadline and Event class.","messageBody":"","tags":["Level-8"],"fileTypesAndContributionMap":{"java":{"insertions":8,"deletions":0}}}]},{"date":"2021-11-07","commitResults":[{"hash":"250c3f9461ad14a5846c00b184ccb4d2dfebc0c9","messageTitle":"Added comments to the class and methods in Duke.java","messageBody":"","fileTypesAndContributionMap":{"java":{"insertions":19,"deletions":0}}},{"hash":"50b6afeaa620dd3f4296525abb0c8fee5395ed83","messageTitle":"Added comments to the class and methods in DukeException.java","messageBody":"","fileTypesAndContributionMap":{"java":{"insertions":14,"deletions":0}}},{"hash":"f15021f9fd940997dc77107ec4da2a8394626c40","messageTitle":"Added comments to the class and methods in Storage.java","messageBody":"","fileTypesAndContributionMap":{"java":{"insertions":31,"deletions":1}}},{"hash":"7cb848631f5e7a90e745e30d4e2ca249a878f206","messageTitle":"Added comments to the class and methods in TaskList.java","messageBody":"","fileTypesAndContributionMap":{"java":{"insertions":35,"deletions":0}}},{"hash":"03a98828436ecbfdc02317d85dbe45ff57eb9934","messageTitle":"Added comments to the class and methods in FileLineChecker.java","messageBody":"","fileTypesAndContributionMap":{"java":{"insertions":24,"deletions":0}}},{"hash":"4da432d13d07324278fd58cc99e68485b3942600","messageTitle":"Added comments to the class and methods in InputChecker.java","messageBody":"","fileTypesAndContributionMap":{"java":{"insertions":39,"deletions":0}}},{"hash":"e034a42f1318de12d86ea7344a9ceb1b16e106f4","messageTitle":"Added comments to the class and methods in Deadline.java","messageBody":"","fileTypesAndContributionMap":{"java":{"insertions":49,"deletions":0}}},{"hash":"07c33b947ef8eca3050c3240db698e0a1359a3ae","messageTitle":"Added comments to the class and methods in Event.java","messageBody":"","fileTypesAndContributionMap":{"java":{"insertions":48,"deletions":0}}},{"hash":"8d7d59ad9b0e68d7704538f3c5f3eef3cdecf0d1","messageTitle":"Added comments to the class and methods in Task.java","messageBody":"","fileTypesAndContributionMap":{"java":{"insertions":45,"deletions":0}}},{"hash":"eb9c7e817a81931e0247027832bd2ab7ddbb1a5b","messageTitle":"Added comments to the class and methods in Todo.java","messageBody":"","fileTypesAndContributionMap":{"java":{"insertions":17,"deletions":2}}},{"hash":"71934b876139d330730bd9f52c0b321ec9b51548","messageTitle":"Added comments to the class and methods in Parser.java","messageBody":"","fileTypesAndContributionMap":{"java":{"insertions":105,"deletions":0}}},{"hash":"c58d1fdcaf9dc0b76008f7892b7c2b55d891819f","messageTitle":"Added comments to the class and methods in Ui.java","messageBody":"","fileTypesAndContributionMap":{"java":{"insertions":17,"deletions":1}}},{"hash":"be0dd73ddcd8a5754bfe686f94325a9bc85db6a6","messageTitle":"Added comment for printTaskList method in TaskList.java","messageBody":"","tags":["A-JavaDoc"],"fileTypesAndContributionMap":{"java":{"insertions":3,"deletions":0}}},{"hash":"bb859456c5a4187900f2028fc1743926992b5f4b","messageTitle":"Changed the main class location in build.gradle","messageBody":"","tags":["A-Gradle"],"fileTypesAndContributionMap":{"gradle":{"insertions":1,"deletions":1}}}]},{"date":"2021-11-08","commitResults":[{"hash":"464cd0d2e82de94c344bb9e961e02fd920c36e76","messageTitle":"Created FileLineCheckerTest.java and JUnit tests to test methods from FileLineChecker.java","messageBody":"","fileTypesAndContributionMap":{"java":{"insertions":30,"deletions":0}}},{"hash":"7b7eb6dc284c4cdff51a0f4e0af53f6ca2813e80","messageTitle":"Created InputCheckerTest.java and JUnit tests to test methods from InputChecker.java","messageBody":"","fileTypesAndContributionMap":{"java":{"insertions":34,"deletions":0}}},{"hash":"29d493c7d7fa1a1f0597de5deeda41ef5d0e2655","messageTitle":"Created DeadlineTest.java and JUnit tests to test methods from Deadline.java","messageBody":"","fileTypesAndContributionMap":{"java":{"insertions":60,"deletions":0}}},{"hash":"c17f1cc59f7c875ca23d037cf1f44860f51657d6","messageTitle":"Created EventTest.java and JUnit tests to test methods from Event.java","messageBody":"","fileTypesAndContributionMap":{"java":{"insertions":61,"deletions":0}}},{"hash":"425ae3164e50a8ddd6ab5de5afe2bada67b71ee6","messageTitle":"Created TaskTest.java and JUnit tests to test methods from Task.java","messageBody":"","fileTypesAndContributionMap":{"java":{"insertions":97,"deletions":0}}},{"hash":"e416b65727600b96c1f5368d96db8ab31da2fad6","messageTitle":"Created TodoTest.java and JUnit tests to test methods from Todo.java","messageBody":"","tags":["A-JUnit"],"fileTypesAndContributionMap":{"java":{"insertions":38,"deletions":0}}},{"hash":"f017e0ff925f557b2cdf863e4f02c41b3eb9f960","messageTitle":"Refactored Duke.java","messageBody":"","fileTypesAndContributionMap":{"java":{"insertions":10,"deletions":1}}},{"hash":"e65f1cf850c5fb261b14d6eb94d8d0f435007230","messageTitle":"Added enum for priority level.","messageBody":"","tags":["A-Enums"],"fileTypesAndContributionMap":{"java":{"insertions":8,"deletions":0}}}]},{"date":"2021-11-09","commitResults":[{"hash":"3d39b946096e28d353f8333597d0e0f7174dd241","messageTitle":"Updated Task.java to have a priority variable and the methods to set it.","messageBody":"","fileTypesAndContributionMap":{"java":{"insertions":33,"deletions":0}}},{"hash":"34545a4d0fb39c90081e53f3c947622b1b74e962","messageTitle":"Updated Deadline, Event and Todo classes to return priority level along with the original information in getTaskInfo method.","messageBody":"","fileTypesAndContributionMap":{"java":{"insertions":9,"deletions":0}}},{"hash":"fa0427476a397d5e88857044f1e9b8886daa6da7","messageTitle":"Created addPriorityToTask method to add a priority to a task.","messageBody":"","fileTypesAndContributionMap":{"java":{"insertions":11,"deletions":0}}},{"hash":"eb1d20ba80c76b12b03cf46cf28fd6223df8a41e","messageTitle":"Edited the addEvent, addDeadline and addTodo methods so that a priority level is added to the newly created task.","messageBody":"","fileTypesAndContributionMap":{"java":{"insertions":3,"deletions":0}}}]},{"date":"2021-11-10","commitResults":[{"hash":"e1b01d1cd520f9e28fe377daca2deb7584234080","messageTitle":"Adds priority information of a task into current storage line format by editing buildStorageLine method.","messageBody":"","fileTypesAndContributionMap":{"java":{"insertions":3,"deletions":0}}},{"hash":"30ae57fd6cc0c8b80f08bb71e1256a6330c9497d","messageTitle":"Edited storage line check methods in FineLineChecker.java to consider priority level information.","messageBody":"","fileTypesAndContributionMap":{"java":{"insertions":3,"deletions":3}}},{"hash":"d4bd49a6dc4c8d75d67b51908340bb0595079f8f","messageTitle":"Added requestPriorityLevel method to print message to ask user to add priority level of task","messageBody":"","fileTypesAndContributionMap":{"java":{"insertions":8,"deletions":0}}},{"hash":"3fbec57994a0f071e564ddf1413c496eaea0fdb8","messageTitle":"Edited parser methods to include priority level to the task object built using information from storage lines.","messageBody":"","fileTypesAndContributionMap":{"java":{"insertions":4,"deletions":0}}},{"hash":"e48f31e0d90480a9c983b988ee7df9d6190346bd","messageTitle":"Edited old unit tests and added new unit tests to test new methods and updated methods related to priority variable.","messageBody":"","tags":["C-Priority"],"fileTypesAndContributionMap":{"java":{"insertions":84,"deletions":17}}},{"hash":"0a21620d413130195ce275c584e433bc11c7959b","messageTitle":"Added method to check for valid find inputs","messageBody":"","fileTypesAndContributionMap":{"java":{"insertions":8,"deletions":0}}},{"hash":"865e830f1811e61918efdd2b2d663347b6d058a6","messageTitle":"Added method to check whether descriptions of tasks in the list contains a keyword","messageBody":"","fileTypesAndContributionMap":{"java":{"insertions":17,"deletions":0}}},{"hash":"0b3a4662af89a9cef59fca9fb2eca29fced1d1ee","messageTitle":"Created a method to check whether an input is a find input and check the list in duke whether the keyword from the input exists and print out the task info.","messageBody":"","fileTypesAndContributionMap":{"java":{"insertions":11,"deletions":0}}},{"hash":"d049ebf9f1093de92061dd1aca38fafb53895f52","messageTitle":"Edited parser to accept \"find\" inputs.","messageBody":"","fileTypesAndContributionMap":{"java":{"insertions":2,"deletions":0}}},{"hash":"70e2828be6745d75310429dce96251bac0013870","messageTitle":"Edited method to find task using keywords regardless of capitaizations","messageBody":"","fileTypesAndContributionMap":{"java":{"insertions":1,"deletions":1}}},{"hash":"a8a37cd59fa098572547c9b1e9e5e0a9c0ea4018","messageTitle":"Added test methods to InputCheckerTest.java to test the checkValidFind method.","messageBody":"","tags":["Level-9"],"fileTypesAndContributionMap":{"java":{"insertions":8,"deletions":0}}}]},{"date":"2021-11-11","commitResults":[{"hash":"f1e5e50959084d08fab57c1136353e1911614b39","messageTitle":"Repackaging of some java class files.","messageBody":"","fileTypesAndContributionMap":{"java":{"insertions":0,"deletions":0}}},{"hash":"dac6e65352356bcd84cfc94720ee06c7613eee0c","messageTitle":"Updated java files to reflect the repackaging done in previous commit.","messageBody":"","fileTypesAndContributionMap":{"java":{"insertions":10,"deletions":9}}},{"hash":"304462ff62a2c253509fec5f4ce84a06c2adb4c9","messageTitle":"Improved the coding standard of Ui.java","messageBody":"","fileTypesAndContributionMap":{"java":{"insertions":10,"deletions":11}}},{"hash":"1b55eb58f1af8073a45152830df2ef7fc1ffaa72","messageTitle":"Improved the coding standard of TaskList.java","messageBody":"","fileTypesAndContributionMap":{"java":{"insertions":6,"deletions":6}}},{"hash":"157c830f78c4900387ff597dbe342a7d69dff1cb","messageTitle":"Improved the coding standard of Storage.java","messageBody":"","fileTypesAndContributionMap":{"java":{"insertions":12,"deletions":10}}},{"hash":"a56c59761cae70206c7087e9e414ae6939e18180","messageTitle":"Improved the coding standard of Duke.java","messageBody":"","fileTypesAndContributionMap":{"java":{"insertions":12,"deletions":12}}},{"hash":"7558dcafd1d1f7251013a7fe13e0fba9cd1ebcca","messageTitle":"Improved the coding standard of FileLineChecker.java","messageBody":"","fileTypesAndContributionMap":{"java":{"insertions":3,"deletions":3}}},{"hash":"98ea50ffe20f6e96f69867d13170cbffd064cd1e","messageTitle":"Improved the coding standard of InputChecker.java","messageBody":"","fileTypesAndContributionMap":{"java":{"insertions":5,"deletions":5}}},{"hash":"125793a55756b6b2307ed548116f52a24e101c66","messageTitle":"Edited Task.java and Parser.java to reflect repackaging of classes.","messageBody":"","fileTypesAndContributionMap":{"java":{"insertions":4,"deletions":5}}},{"hash":"8214b08d52eb347e1611f62a5d4a1fed421e0ba7","messageTitle":"Updated Parser.java regarding refactored methods from other classes.","messageBody":"","fileTypesAndContributionMap":{"java":{"insertions":18,"deletions":18}}},{"hash":"df8d85f1c0cb428a10788cee6eb400e9ad35abba","messageTitle":"Updated FileLineCheckerTest.java to reflect refactored methods from other classes.","messageBody":"","fileTypesAndContributionMap":{"java":{"insertions":6,"deletions":6}}},{"hash":"1d75de72ce63bb1b370b27cd71077c9ab05aaa71","messageTitle":"Updated InputCheckerTest.java to reflect refactored methods from other classes.","messageBody":"","fileTypesAndContributionMap":{"java":{"insertions":11,"deletions":11}}},{"hash":"b20a2af451c564ba57c020b486abc537a0740450","messageTitle":"Created FileLineParser.java and moved file line related methods from Parser class into FileLineParser class","messageBody":"","fileTypesAndContributionMap":{"java":{"insertions":139,"deletions":0}}},{"hash":"17e0b1133370ccaaa0e2cef00c86a57525d82b52","messageTitle":"Refactored Parser class into InputParser class and removed the methods moved to FileLineParser class","messageBody":"","fileTypesAndContributionMap":{"java":{"insertions":9,"deletions":127}}},{"hash":"bc569cd7c94c310ccffa295cb506f38c8c2e4904","messageTitle":"Updated class name to reflect previous refactoring","messageBody":"","fileTypesAndContributionMap":{"java":{"insertions":2,"deletions":2}}},{"hash":"4505a70b13c519587ffd451332b3aa129db06459","messageTitle":"Updated class name from previous refactoring","messageBody":"","fileTypesAndContributionMap":{"java":{"insertions":1,"deletions":1}}},{"hash":"109bfcfa2501f1c2676b81309dcb4c9b6368b1ad","messageTitle":"Refactored variable name for better coding standard for Storage.java","messageBody":"","fileTypesAndContributionMap":{"java":{"insertions":4,"deletions":4}}},{"hash":"d7c7e311f2cb48f607b6102f2459df219048de9b","messageTitle":"Refactored and Restructured code in InputParser class for better Code standard and quality.","messageBody":"","fileTypesAndContributionMap":{"java":{"insertions":94,"deletions":98}}},{"hash":"22c27982ee3666a97b0bd0336257e44815816b4a","messageTitle":"Refactored methods in InputChecker class for better code standard and quality","messageBody":"","fileTypesAndContributionMap":{"java":{"insertions":6,"deletions":6}}},{"hash":"6646b3331c4dea1584ee2da55bc87bf0efd0f6c4","messageTitle":"Refactored methods in FileLineChecker class for better code standard and quality","messageBody":"","fileTypesAndContributionMap":{"java":{"insertions":3,"deletions":3}}},{"hash":"7ce768464b2e5cdc1f9d03b88a09d48b90762cf0","messageTitle":"Refactored and restructured code in Duke.java class for better code standard and quality.","messageBody":"","fileTypesAndContributionMap":{"java":{"insertions":21,"deletions":20}}},{"hash":"88a99e97fe31cc1f792685c05d32684a6909a851","messageTitle":"Refactored and edited methods in FileLineParser.java class for better code standard and quality.","messageBody":"","fileTypesAndContributionMap":{"java":{"insertions":4,"deletions":4}}},{"hash":"9910075a4651ba20519cb9d9e99050562e0e775f","messageTitle":"Created and refactored methods in TaskList.java for better code standard and quality.","messageBody":"","fileTypesAndContributionMap":{"java":{"insertions":6,"deletions":2}}},{"hash":"e9a8ca563a5958b112e36c81b6e7448f84a9005b","messageTitle":"Edited code in Storage.java to reflect refactoring and edits made in other classes.","messageBody":"","fileTypesAndContributionMap":{"java":{"insertions":2,"deletions":2}}},{"hash":"7b215fecedc8bace753c9fe960b992798bf998ed","messageTitle":"Edited method calls in FileLineCheckerTest class to reflect refactoring and edits done to FileLineChecker class","messageBody":"","fileTypesAndContributionMap":{"java":{"insertions":6,"deletions":6}}},{"hash":"560e0ca75708f024c0683acf6b68db79521d6507","messageTitle":"Edited method calls in InputCheckerTest class to reflect refactoring and edits done to InputChecker class","messageBody":"","fileTypesAndContributionMap":{"java":{"insertions":14,"deletions":14}}},{"hash":"e406221838785fbb5f5bb78bb5b9c62a5b362e39","messageTitle":"Reformat code for better coding standard and quality","messageBody":"","fileTypesAndContributionMap":{"java":{"insertions":11,"deletions":14}}},{"hash":"61f18da02406c66c8be6e0313c91e5ca9171277c","messageTitle":"Refactored for better code quality","messageBody":"","tags":["A-CodingStandard","A-CodingQuality"],"fileTypesAndContributionMap":{"java":{"insertions":2,"deletions":1}}}]},{"date":"2021-11-13","commitResults":[{"hash":"8dfc383a970017d1ca0823b4098bec47666eb5da","messageTitle":"Created DoWithin class and methods","messageBody":"","fileTypesAndContributionMap":{"java":{"insertions":96,"deletions":0}}},{"hash":"4b7f4caeda7408fc8ca06269f90d646ea2afb961","messageTitle":"Created isValidDoWithinInput method to check whether DoWithin input is valid","messageBody":"","fileTypesAndContributionMap":{"java":{"insertions":30,"deletions":0}}},{"hash":"52769e291b041cbb974151ab64a771306a2db86a","messageTitle":"Created methods in InputParser.java to parse DoWithin inputs and add them into tasklist.","messageBody":"","fileTypesAndContributionMap":{"java":{"insertions":53,"deletions":4}}},{"hash":"ce128a3fa292084eb876fc0c92f6e07890a77e0d","messageTitle":"Added methods to Storage.java to build storage lines for DoWithin objects.","messageBody":"","fileTypesAndContributionMap":{"java":{"insertions":3,"deletions":1}}},{"hash":"9129aec4ab154d3142bd1f8cbf335173d53d2d83","messageTitle":"Created isValidDoWithinLine method to check whether a DoWithin line from storage is valid.","messageBody":"","fileTypesAndContributionMap":{"java":{"insertions":12,"deletions":0}}},{"hash":"fd05d1328f3c216770202b9ceac8b830b5747ed1","messageTitle":"Created methods in FileLineParser to parse DoWithin lines and get the DoWithin object.","messageBody":"","fileTypesAndContributionMap":{"java":{"insertions":38,"deletions":4}}},{"hash":"5e315901da0261163b4dd2e6b474e967585f7698","messageTitle":"Added comments for methods related to \"DoWithin\" objects.","messageBody":"","tags":["B-DoWithinPeriodTasks"],"fileTypesAndContributionMap":{"java":{"insertions":89,"deletions":5}}}]}]},"authorFileTypeContributionMap":{"ksw95":{"java":2172,"md":2,"fxml":0,"sh":0,"bat":1,"gradle":1,"txt":0}},"authorContributionVariance":{"ksw95":23652.43},"authorDisplayNameMap":{"ksw95":"KOH .. WEI"}}
