[{"path":"src/main/java/Deadline.java","fileType":"java","lines":[{"lineNumber":1,"author":{"gitId":"kevinzou369"},"content":"public class Deadline extends Task{","lastModifiedDate":"2021-10-26"},{"lineNumber":2,"author":{"gitId":"kevinzou369"},"content":"    protected String by;","lastModifiedDate":"2021-10-26"},{"lineNumber":3,"author":{"gitId":"kevinzou369"},"content":"","lastModifiedDate":"2021-10-26"},{"lineNumber":4,"author":{"gitId":"kevinzou369"},"content":"    public Deadline(String description, String by) {","lastModifiedDate":"2021-10-26"},{"lineNumber":5,"author":{"gitId":"kevinzou369"},"content":"        super(description);","lastModifiedDate":"2021-10-26"},{"lineNumber":6,"author":{"gitId":"kevinzou369"},"content":"        this.by \u003d by;","lastModifiedDate":"2021-10-26"},{"lineNumber":7,"author":{"gitId":"kevinzou369"},"content":"    }","lastModifiedDate":"2021-10-26"},{"lineNumber":8,"author":{"gitId":"kevinzou369"},"content":"","lastModifiedDate":"2021-10-26"},{"lineNumber":9,"author":{"gitId":"kevinzou369"},"content":"    @Override","lastModifiedDate":"2021-10-26"},{"lineNumber":10,"author":{"gitId":"kevinzou369"},"content":"    public String toString() {","lastModifiedDate":"2021-10-26"},{"lineNumber":11,"author":{"gitId":"kevinzou369"},"content":"        return \"[D]\" + super.toString() + \" (by: \" + by + \")\";","lastModifiedDate":"2021-10-26"},{"lineNumber":12,"author":{"gitId":"kevinzou369"},"content":"    }","lastModifiedDate":"2021-10-26"},{"lineNumber":13,"author":{"gitId":"kevinzou369"},"content":"}","lastModifiedDate":"2021-10-26"}],"authorContributionMap":{"kevinzou369":13}},{"path":"src/main/java/Duke.java","fileType":"java","lines":[{"lineNumber":1,"author":{"gitId":"kevinzou369"},"content":"import java.util.Scanner;","lastModifiedDate":"2021-08-30"},{"lineNumber":2,"author":{"gitId":"kevinzou369"},"content":"import java.util.ArrayList;","lastModifiedDate":"2021-10-26"},{"lineNumber":3,"author":{"gitId":"kevinzou369"},"content":"import java.util.List;","lastModifiedDate":"2021-10-26"},{"lineNumber":4,"author":{"gitId":"kevinzou369"},"content":"","lastModifiedDate":"2021-08-30"},{"lineNumber":5,"author":{"gitId":"-"},"content":"public class Duke {","lastModifiedDate":"2019-07-29"},{"lineNumber":6,"author":{"gitId":"-"},"content":"    public static void main(String[] args) {","lastModifiedDate":"2019-07-29"},{"lineNumber":7,"author":{"gitId":"-"},"content":"        String logo \u003d \" ____        _        \\n\"","lastModifiedDate":"2019-07-29"},{"lineNumber":8,"author":{"gitId":"-"},"content":"                + \"|  _ \\\\ _   _| | _____ \\n\"","lastModifiedDate":"2019-07-29"},{"lineNumber":9,"author":{"gitId":"-"},"content":"                + \"| | | | | | | |/ / _ \\\\\\n\"","lastModifiedDate":"2019-07-29"},{"lineNumber":10,"author":{"gitId":"-"},"content":"                + \"| |_| | |_| |   \u003c  __/\\n\"","lastModifiedDate":"2019-07-29"},{"lineNumber":11,"author":{"gitId":"-"},"content":"                + \"|____/ \\\\__,_|_|\\\\_\\\\___|\\n\";","lastModifiedDate":"2019-07-29"},{"lineNumber":12,"author":{"gitId":"-"},"content":"        System.out.println(\"Hello from\\n\" + logo);","lastModifiedDate":"2019-07-29"},{"lineNumber":13,"author":{"gitId":"kevinzou369"},"content":"        System.out.println(\"Hello! I\u0027m Duke\" + System.lineSeparator() + \"What can I do for you?\");","lastModifiedDate":"2021-08-30"},{"lineNumber":14,"author":{"gitId":"kevinzou369"},"content":"","lastModifiedDate":"2021-08-30"},{"lineNumber":15,"author":{"gitId":"kevinzou369"},"content":"        String dataIn;","lastModifiedDate":"2021-08-30"},{"lineNumber":16,"author":{"gitId":"kevinzou369"},"content":"        //int index \u003d 0;","lastModifiedDate":"2021-10-26"},{"lineNumber":17,"author":{"gitId":"kevinzou369"},"content":"        //String temp;","lastModifiedDate":"2021-10-26"},{"lineNumber":18,"author":{"gitId":"kevinzou369"},"content":"        int count \u003d 0;","lastModifiedDate":"2021-08-31"},{"lineNumber":19,"author":{"gitId":"kevinzou369"},"content":"       //String arry[];","lastModifiedDate":"2021-10-26"},{"lineNumber":20,"author":{"gitId":"kevinzou369"},"content":"        ArrayList\u003cTask\u003e arry \u003d new ArrayList\u003c\u003e();","lastModifiedDate":"2021-10-26"},{"lineNumber":21,"author":{"gitId":"kevinzou369"},"content":"        //arry \u003d new String[100];","lastModifiedDate":"2021-10-26"},{"lineNumber":22,"author":{"gitId":"kevinzou369"},"content":"        String exit \u003d \"bye\";","lastModifiedDate":"2021-08-30"},{"lineNumber":23,"author":{"gitId":"kevinzou369"},"content":"        String show \u003d \"list\";","lastModifiedDate":"2021-08-31"},{"lineNumber":24,"author":{"gitId":"kevinzou369"},"content":"        String done \u003d \"done\";","lastModifiedDate":"2021-10-26"},{"lineNumber":25,"author":{"gitId":"kevinzou369"},"content":"        String todo \u003d \"todo\";","lastModifiedDate":"2021-10-26"},{"lineNumber":26,"author":{"gitId":"kevinzou369"},"content":"        String deadline \u003d \"deadline\";","lastModifiedDate":"2021-10-26"},{"lineNumber":27,"author":{"gitId":"kevinzou369"},"content":"        String event \u003d \"event\";","lastModifiedDate":"2021-10-26"},{"lineNumber":28,"author":{"gitId":"kevinzou369"},"content":"        Scanner scan \u003d new Scanner(System.in);","lastModifiedDate":"2021-08-30"},{"lineNumber":29,"author":{"gitId":"kevinzou369"},"content":"        //for (int i \u003d 0; i \u003c arry.size(); i++)","lastModifiedDate":"2021-10-26"},{"lineNumber":30,"author":{"gitId":"kevinzou369"},"content":"        do {","lastModifiedDate":"2021-10-26"},{"lineNumber":31,"author":{"gitId":"kevinzou369"},"content":"            dataIn \u003d scan.nextLine();","lastModifiedDate":"2021-08-30"},{"lineNumber":32,"author":{"gitId":"kevinzou369"},"content":"            if (dataIn.equals(exit)) {","lastModifiedDate":"2021-08-30"},{"lineNumber":33,"author":{"gitId":"kevinzou369"},"content":"                System.out.println(\"Bye. Hope to see you again soon!\");","lastModifiedDate":"2021-08-30"},{"lineNumber":34,"author":{"gitId":"kevinzou369"},"content":"                break;","lastModifiedDate":"2021-08-30"},{"lineNumber":35,"author":{"gitId":"kevinzou369"},"content":"            }else if (dataIn.equals(show)){","lastModifiedDate":"2021-08-31"},{"lineNumber":36,"author":{"gitId":"kevinzou369"},"content":"                System.out.println(\"Here are the tasks in your list:\");","lastModifiedDate":"2021-10-26"},{"lineNumber":37,"author":{"gitId":"kevinzou369"},"content":"                for (int j \u003d 0; j \u003c arry.size(); j++){","lastModifiedDate":"2021-10-26"},{"lineNumber":38,"author":{"gitId":"kevinzou369"},"content":"                    System.out.println(j + 1 + \".[\" + arry.get(j).getStatusIcon() + \"] \" + arry.get(j).getDescription());","lastModifiedDate":"2021-10-26"},{"lineNumber":39,"author":{"gitId":"kevinzou369"},"content":"                }","lastModifiedDate":"2021-08-31"},{"lineNumber":40,"author":{"gitId":"kevinzou369"},"content":"            }else if (dataIn.contains(done)) {","lastModifiedDate":"2021-10-26"},{"lineNumber":41,"author":{"gitId":"kevinzou369"},"content":"                Integer num \u003d Integer.parseInt(dataIn.replaceAll(\"[\\\\D]\",\"\"));","lastModifiedDate":"2021-10-26"},{"lineNumber":42,"author":{"gitId":"kevinzou369"},"content":"                arry.get(num-1).markAsDone();","lastModifiedDate":"2021-10-26"},{"lineNumber":43,"author":{"gitId":"kevinzou369"},"content":"                System.out.println(\"Nice! I\u0027ve marked this task as done:\");","lastModifiedDate":"2021-10-26"},{"lineNumber":44,"author":{"gitId":"kevinzou369"},"content":"                //arry[num-1] \u003d arry[num-1].substring(0,4) + \"X\" + arry[num-1].substring(5);","lastModifiedDate":"2021-10-26"},{"lineNumber":45,"author":{"gitId":"kevinzou369"},"content":"                //System.out.println(\"  \" + arry[num-1].substring(3));","lastModifiedDate":"2021-10-26"},{"lineNumber":46,"author":{"gitId":"kevinzou369"},"content":"                System.out.println(\"  [\" + arry.get(num-1).getStatusIcon() + \"] \" + arry.get(num-1).getDescription());","lastModifiedDate":"2021-10-26"},{"lineNumber":47,"author":{"gitId":"kevinzou369"},"content":"            }else if (dataIn.contains(todo)) {","lastModifiedDate":"2021-10-26"},{"lineNumber":48,"author":{"gitId":"kevinzou369"},"content":"","lastModifiedDate":"2021-10-26"},{"lineNumber":49,"author":{"gitId":"kevinzou369"},"content":"            }else if (dataIn.contains(deadline)) {","lastModifiedDate":"2021-10-26"},{"lineNumber":50,"author":{"gitId":"kevinzou369"},"content":"","lastModifiedDate":"2021-10-26"},{"lineNumber":51,"author":{"gitId":"kevinzou369"},"content":"            }else if (dataIn.contains(event)) {","lastModifiedDate":"2021-10-26"},{"lineNumber":52,"author":{"gitId":"kevinzou369"},"content":"","lastModifiedDate":"2021-10-26"},{"lineNumber":53,"author":{"gitId":"kevinzou369"},"content":"            }else{","lastModifiedDate":"2021-08-30"},{"lineNumber":54,"author":{"gitId":"kevinzou369"},"content":"                //arry[i] \u003d \"[ ][ ] \" + dataIn;","lastModifiedDate":"2021-10-26"},{"lineNumber":55,"author":{"gitId":"kevinzou369"},"content":"                //count++;","lastModifiedDate":"2021-10-26"},{"lineNumber":56,"author":{"gitId":"kevinzou369"},"content":"                //System.out.println(\"added: \" + arry[i].substring(7));","lastModifiedDate":"2021-10-26"},{"lineNumber":57,"author":{"gitId":"kevinzou369"},"content":"                Task t \u003d new Task(dataIn);","lastModifiedDate":"2021-10-26"},{"lineNumber":58,"author":{"gitId":"kevinzou369"},"content":"                arry.add(t);","lastModifiedDate":"2021-10-26"},{"lineNumber":59,"author":{"gitId":"kevinzou369"},"content":"                count++;","lastModifiedDate":"2021-08-31"},{"lineNumber":60,"author":{"gitId":"kevinzou369"},"content":"                System.out.println(\"added: \" + arry.get(arry.size()-1).getDescription());","lastModifiedDate":"2021-10-26"},{"lineNumber":61,"author":{"gitId":"kevinzou369"},"content":"            }","lastModifiedDate":"2021-08-30"},{"lineNumber":62,"author":{"gitId":"kevinzou369"},"content":"        }while(!dataIn.equals(exit));","lastModifiedDate":"2021-10-26"},{"lineNumber":63,"author":{"gitId":"-"},"content":"    }","lastModifiedDate":"2019-07-29"},{"lineNumber":64,"author":{"gitId":"-"},"content":"}","lastModifiedDate":"2019-07-29"}],"authorContributionMap":{"kevinzou369":54,"-":10}},{"path":"src/main/java/Event.java","fileType":"java","lines":[{"lineNumber":1,"author":{"gitId":"kevinzou369"},"content":"public class Event extends Task{","lastModifiedDate":"2021-10-26"},{"lineNumber":2,"author":{"gitId":"kevinzou369"},"content":"    protected String at;","lastModifiedDate":"2021-10-26"},{"lineNumber":3,"author":{"gitId":"kevinzou369"},"content":"","lastModifiedDate":"2021-10-26"},{"lineNumber":4,"author":{"gitId":"kevinzou369"},"content":"    public Event(String description, String at) {","lastModifiedDate":"2021-10-26"},{"lineNumber":5,"author":{"gitId":"kevinzou369"},"content":"        super(description);","lastModifiedDate":"2021-10-26"},{"lineNumber":6,"author":{"gitId":"kevinzou369"},"content":"        this.at \u003d at;","lastModifiedDate":"2021-10-26"},{"lineNumber":7,"author":{"gitId":"kevinzou369"},"content":"    }","lastModifiedDate":"2021-10-26"},{"lineNumber":8,"author":{"gitId":"kevinzou369"},"content":"","lastModifiedDate":"2021-10-26"},{"lineNumber":9,"author":{"gitId":"kevinzou369"},"content":"    @Override","lastModifiedDate":"2021-10-26"},{"lineNumber":10,"author":{"gitId":"kevinzou369"},"content":"    public String toString() {","lastModifiedDate":"2021-10-26"},{"lineNumber":11,"author":{"gitId":"kevinzou369"},"content":"        return \"[E]\" + super.toString() + \" (at: \" + at + \")\";","lastModifiedDate":"2021-10-26"},{"lineNumber":12,"author":{"gitId":"kevinzou369"},"content":"    }","lastModifiedDate":"2021-10-26"},{"lineNumber":13,"author":{"gitId":"kevinzou369"},"content":"}","lastModifiedDate":"2021-10-26"}],"authorContributionMap":{"kevinzou369":13}},{"path":"src/main/java/Task.java","fileType":"java","lines":[{"lineNumber":1,"author":{"gitId":"kevinzou369"},"content":"import java.util.Arrays;","lastModifiedDate":"2021-10-26"},{"lineNumber":2,"author":{"gitId":"kevinzou369"},"content":"","lastModifiedDate":"2021-10-26"},{"lineNumber":3,"author":{"gitId":"kevinzou369"},"content":"public class Task {","lastModifiedDate":"2021-10-26"},{"lineNumber":4,"author":{"gitId":"kevinzou369"},"content":"    protected String description;","lastModifiedDate":"2021-10-26"},{"lineNumber":5,"author":{"gitId":"kevinzou369"},"content":"    protected boolean isDone;","lastModifiedDate":"2021-10-26"},{"lineNumber":6,"author":{"gitId":"kevinzou369"},"content":"","lastModifiedDate":"2021-10-26"},{"lineNumber":7,"author":{"gitId":"kevinzou369"},"content":"    public Task(String description) {","lastModifiedDate":"2021-10-26"},{"lineNumber":8,"author":{"gitId":"kevinzou369"},"content":"        this.description \u003d description;","lastModifiedDate":"2021-10-26"},{"lineNumber":9,"author":{"gitId":"kevinzou369"},"content":"        this.isDone \u003d false;","lastModifiedDate":"2021-10-26"},{"lineNumber":10,"author":{"gitId":"kevinzou369"},"content":"    }","lastModifiedDate":"2021-10-26"},{"lineNumber":11,"author":{"gitId":"kevinzou369"},"content":"","lastModifiedDate":"2021-10-26"},{"lineNumber":12,"author":{"gitId":"kevinzou369"},"content":"    public String getStatusIcon() {","lastModifiedDate":"2021-10-26"},{"lineNumber":13,"author":{"gitId":"kevinzou369"},"content":"        return (isDone ? \"X\" : \" \"); // mark done task with X","lastModifiedDate":"2021-10-26"},{"lineNumber":14,"author":{"gitId":"kevinzou369"},"content":"    }","lastModifiedDate":"2021-10-26"},{"lineNumber":15,"author":{"gitId":"kevinzou369"},"content":"","lastModifiedDate":"2021-10-26"},{"lineNumber":16,"author":{"gitId":"kevinzou369"},"content":"    public void markAsDone() {","lastModifiedDate":"2021-10-26"},{"lineNumber":17,"author":{"gitId":"kevinzou369"},"content":"        this.isDone \u003d true;","lastModifiedDate":"2021-10-26"},{"lineNumber":18,"author":{"gitId":"kevinzou369"},"content":"    }","lastModifiedDate":"2021-10-26"},{"lineNumber":19,"author":{"gitId":"kevinzou369"},"content":"","lastModifiedDate":"2021-10-26"},{"lineNumber":20,"author":{"gitId":"kevinzou369"},"content":"    public String getDescription() {","lastModifiedDate":"2021-10-26"},{"lineNumber":21,"author":{"gitId":"kevinzou369"},"content":"        return this.description;","lastModifiedDate":"2021-10-26"},{"lineNumber":22,"author":{"gitId":"kevinzou369"},"content":"    }","lastModifiedDate":"2021-10-26"},{"lineNumber":23,"author":{"gitId":"kevinzou369"},"content":"}","lastModifiedDate":"2021-10-26"}],"authorContributionMap":{"kevinzou369":23}},{"path":"src/main/java/TaskType.java","fileType":"java","lines":[{"lineNumber":1,"author":{"gitId":"kevinzou369"},"content":"public enum TaskType {","lastModifiedDate":"2021-10-26"},{"lineNumber":2,"author":{"gitId":"kevinzou369"},"content":"    T, D, E","lastModifiedDate":"2021-10-26"},{"lineNumber":3,"author":{"gitId":"kevinzou369"},"content":"}","lastModifiedDate":"2021-10-26"}],"authorContributionMap":{"kevinzou369":3}},{"path":"src/main/java/Todo.java","fileType":"java","lines":[{"lineNumber":1,"author":{"gitId":"kevinzou369"},"content":"public class Todo extends Task{","lastModifiedDate":"2021-10-26"},{"lineNumber":2,"author":{"gitId":"kevinzou369"},"content":"","lastModifiedDate":"2021-10-26"},{"lineNumber":3,"author":{"gitId":"kevinzou369"},"content":"    public Todo(String description) {","lastModifiedDate":"2021-10-26"},{"lineNumber":4,"author":{"gitId":"kevinzou369"},"content":"        super(description);","lastModifiedDate":"2021-10-26"},{"lineNumber":5,"author":{"gitId":"kevinzou369"},"content":"    }","lastModifiedDate":"2021-10-26"},{"lineNumber":6,"author":{"gitId":"kevinzou369"},"content":"","lastModifiedDate":"2021-10-26"},{"lineNumber":7,"author":{"gitId":"kevinzou369"},"content":"    @Override","lastModifiedDate":"2021-10-26"},{"lineNumber":8,"author":{"gitId":"kevinzou369"},"content":"    public String toString() {","lastModifiedDate":"2021-10-26"},{"lineNumber":9,"author":{"gitId":"kevinzou369"},"content":"        return \"[T]\" + super.toString();","lastModifiedDate":"2021-10-26"},{"lineNumber":10,"author":{"gitId":"kevinzou369"},"content":"    }","lastModifiedDate":"2021-10-26"},{"lineNumber":11,"author":{"gitId":"kevinzou369"},"content":"}","lastModifiedDate":"2021-10-26"}],"authorContributionMap":{"kevinzou369":11}},{"path":"text-ui-test/runtest.bat","fileType":"bat","lines":[{"lineNumber":1,"author":{"gitId":"-"},"content":"@ECHO OFF","lastModifiedDate":"2020-05-25"},{"lineNumber":2,"author":{"gitId":"-"},"content":"","lastModifiedDate":"2020-05-25"},{"lineNumber":3,"author":{"gitId":"-"},"content":"REM create bin directory if it doesn\u0027t exist","lastModifiedDate":"2020-05-25"},{"lineNumber":4,"author":{"gitId":"-"},"content":"if not exist ..\\bin mkdir ..\\bin","lastModifiedDate":"2020-05-25"},{"lineNumber":5,"author":{"gitId":"-"},"content":"","lastModifiedDate":"2020-05-25"},{"lineNumber":6,"author":{"gitId":"-"},"content":"REM delete output from previous run","lastModifiedDate":"2020-05-25"},{"lineNumber":7,"author":{"gitId":"-"},"content":"if exist ACTUAL.TXT del ACTUAL.TXT","lastModifiedDate":"2020-08-25"},{"lineNumber":8,"author":{"gitId":"-"},"content":"","lastModifiedDate":"2020-05-25"},{"lineNumber":9,"author":{"gitId":"-"},"content":"REM compile the code into the bin folder","lastModifiedDate":"2020-05-25"},{"lineNumber":10,"author":{"gitId":"kevinzou369"},"content":"javac  -cp ..\\src\\main\\java -Xlint:none -d ..\\bin ..\\src\\main\\java\\Duke.java","lastModifiedDate":"2021-10-26"},{"lineNumber":11,"author":{"gitId":"-"},"content":"IF ERRORLEVEL 1 (","lastModifiedDate":"2020-05-25"},{"lineNumber":12,"author":{"gitId":"-"},"content":"    echo ********** BUILD FAILURE **********","lastModifiedDate":"2020-05-25"},{"lineNumber":13,"author":{"gitId":"-"},"content":"    exit /b 1","lastModifiedDate":"2020-05-25"},{"lineNumber":14,"author":{"gitId":"-"},"content":")","lastModifiedDate":"2020-05-25"},{"lineNumber":15,"author":{"gitId":"-"},"content":"REM no error here, errorlevel \u003d\u003d 0","lastModifiedDate":"2020-05-25"},{"lineNumber":16,"author":{"gitId":"-"},"content":"","lastModifiedDate":"2020-05-25"},{"lineNumber":17,"author":{"gitId":"-"},"content":"REM run the program, feed commands from input.txt file and redirect the output to the ACTUAL.TXT","lastModifiedDate":"2020-05-25"},{"lineNumber":18,"author":{"gitId":"-"},"content":"java -classpath ..\\bin Duke \u003c input.txt \u003e ACTUAL.TXT","lastModifiedDate":"2020-05-25"},{"lineNumber":19,"author":{"gitId":"-"},"content":"","lastModifiedDate":"2020-05-25"},{"lineNumber":20,"author":{"gitId":"-"},"content":"REM compare the output to the expected output","lastModifiedDate":"2020-05-25"},{"lineNumber":21,"author":{"gitId":"-"},"content":"FC ACTUAL.TXT EXPECTED.TXT","lastModifiedDate":"2020-05-25"}],"authorContributionMap":{"kevinzou369":1,"-":20}}]
