{"authorDailyContributionsMap":{"kevinzou369":[{"date":"2021-08-30","commitResults":[{"hash":"14adb6181ad7410cbb9929fee90640a3f806b603","messageTitle":"Level 1. Greet, Echo, Exit","messageBody":"","tags":["Level-1"],"fileTypesAndContributionMap":{"java":{"insertions":16,"deletions":0}}}]},{"date":"2021-08-31","commitResults":[{"hash":"acf45746ac1fa88397c8728a535d628784043e8b","messageTitle":"Level 2. Add, List","messageBody":"","tags":["Level-2"],"fileTypesAndContributionMap":{"java":{"insertions":12,"deletions":2}}}]},{"date":"2021-10-26","commitResults":[{"hash":"826faade258f51de8c11cc089d2e76e1513d05f7","messageTitle":"Level 3. Mark as done","messageBody":"","tags":["Level-3"],"fileTypesAndContributionMap":{"java":{"insertions":35,"deletions":3}}},{"hash":"dcaf766924d2d8248e7c8baa28f4994c307dc806","messageTitle":"Level 3 Edit \u0026 Level 4 Partial","messageBody":"","tags":["Level-3\u00264"],"fileTypesAndContributionMap":{"java":{"insertions":71,"deletions":12},"bat":{"insertions":1,"deletions":1}}}]},{"date":"2021-11-08","commitResults":[{"hash":"9e9478e0dccf364de80318e6664900433c2189f0","messageTitle":"Level 4. ToDos, Events, Deadlines","messageBody":"","tags":["Level-4"],"fileTypesAndContributionMap":{"java":{"insertions":26,"deletions":4}}},{"hash":"8b0e6ca826f48fb6d55348be7004039868fb7f86","messageTitle":"Level 5. Handle Errors","messageBody":"","tags":["Level-5"],"fileTypesAndContributionMap":{"java":{"insertions":47,"deletions":30}}},{"hash":"04b26c0cb36920e5873defbb653b6f2edfb51c52","messageTitle":"Level 6. Delete \u0026 some editions for Level 5","messageBody":"","tags":["Level-6"],"fileTypesAndContributionMap":{"java":{"insertions":15,"deletions":3}}}]},{"date":"2021-11-09","commitResults":[{"hash":"60a93f63aaac31d82f77dc822ade32517cc693f0","messageTitle":"Level 7. Save (Partial)","messageBody":"","tags":["Level-7"],"fileTypesAndContributionMap":{"java":{"insertions":21,"deletions":6},"bat":{"insertions":2,"deletions":2},"md":{"insertions":2,"deletions":2}}}]},{"date":"2021-11-14","commitResults":[{"hash":"803944a6abce1a57f04cd865371505f620115ec5","messageTitle":"Level 7,8,9 \u0026 Individual feature","messageBody":"","fileTypesAndContributionMap":{"txt":{"insertions":0,"deletions":0},"java":{"insertions":78,"deletions":26}}},{"hash":"0b34723e227e5c9c2b8a4bb11861ead4f55f06f1","messageTitle":"no message","messageBody":"","fileTypesAndContributionMap":{"java":{"insertions":1,"deletions":2}}}]}]},"authorFileTypeContributionMap":{"kevinzou369":{"java":241,"md":2,"fxml":0,"sh":0,"bat":2,"gradle":0,"txt":0}},"authorContributionVariance":{"kevinzou369":429.38776},"authorDisplayNameMap":{"kevinzou369":"ZOU ..SHAN"}}
