{"authorDailyContributionsMap":{"bc2ajia":[{"date":"2021-08-30","commitResults":[{"hash":"8090993044bb2f77c008d632b865834b0499a2b5","messageTitle":"Level-1","messageBody":"","tags":["Level-1"],"fileTypesAndContributionMap":{"java":{"insertions":36,"deletions":6}}},{"hash":"2cbd0da1b4ab0765444d1bfcfa84a16736f73f50","messageTitle":"Level-1 Version 2.0","messageBody":"","tags":["Level-1-Version-2.0"],"fileTypesAndContributionMap":{"java":{"insertions":13,"deletions":20}}},{"hash":"b072e1e03c97288f424ed2989512157102f6a954","messageTitle":"Level-2","messageBody":"","tags":["Level-2"],"fileTypesAndContributionMap":{"java":{"insertions":39,"deletions":8}}}]},{"date":"2021-09-10","commitResults":[{"hash":"1bbcb6eab5eba3fe1df259ecf3ce9cb4a5b72dab","messageTitle":"Level 3","messageBody":"","tags":["Level-3"],"fileTypesAndContributionMap":{"java":{"insertions":72,"deletions":40}}}]},{"date":"2021-09-12","commitResults":[{"hash":"daa871d8f34ef674417d5423d1522f74cf7fc6ed","messageTitle":"Level 4","messageBody":"","tags":["Level-4"],"fileTypesAndContributionMap":{"java":{"insertions":98,"deletions":25}}}]}]},"authorFileTypeContributionMap":{"bc2ajia":{"java":164,"md":0,"fxml":0,"sh":0,"bat":0,"gradle":0,"txt":0}},"authorContributionVariance":{"bc2ajia":1111.8744},"authorDisplayNameMap":{"bc2ajia":"GU B..HENG"}}
