{"authorDailyContributionsMap":{"bc2ajia":[{"date":"2021-08-30","commitResults":[{"hash":"8090993044bb2f77c008d632b865834b0499a2b5","messageTitle":"Level-1","messageBody":"","tags":["Level-1"],"fileTypesAndContributionMap":{"java":{"insertions":36,"deletions":6}}},{"hash":"2cbd0da1b4ab0765444d1bfcfa84a16736f73f50","messageTitle":"Level-1 Version 2.0","messageBody":"","tags":["Level-1-Version-2.0"],"fileTypesAndContributionMap":{"java":{"insertions":13,"deletions":20}}},{"hash":"b072e1e03c97288f424ed2989512157102f6a954","messageTitle":"Level-2","messageBody":"","tags":["Level-2"],"fileTypesAndContributionMap":{"java":{"insertions":39,"deletions":8}}}]},{"date":"2021-09-10","commitResults":[{"hash":"1bbcb6eab5eba3fe1df259ecf3ce9cb4a5b72dab","messageTitle":"Level 3","messageBody":"","tags":["Level-3"],"fileTypesAndContributionMap":{"java":{"insertions":72,"deletions":40}}}]},{"date":"2021-09-12","commitResults":[{"hash":"daa871d8f34ef674417d5423d1522f74cf7fc6ed","messageTitle":"Level 4","messageBody":"","tags":["Level-4"],"fileTypesAndContributionMap":{"java":{"insertions":98,"deletions":25}}}]},{"date":"2021-09-19","commitResults":[{"hash":"656fd65787b070b2c53a031469e57eaf760d75f5","messageTitle":"Level 4 small fixes","messageBody":"","fileTypesAndContributionMap":{"java":{"insertions":33,"deletions":34}}}]},{"date":"2021-10-31","commitResults":[{"hash":"0dec650e75bfffa268f925453bb04a01b0ce062d","messageTitle":"Level-5 Handle Errors","messageBody":"","tags":["Level-5-Handle-Errors"],"fileTypesAndContributionMap":{"java":{"insertions":76,"deletions":37}}},{"hash":"101d7d36f3b8fd627d7b8bc46577a82a2696dbee","messageTitle":"Level - 6 Delete \u0026\u0026 Changed Array type to Arraylist type","messageBody":"","tags":["Level-6-Delete;-Changed-Array-type-to-Arraylist-type"],"fileTypesAndContributionMap":{"java":{"insertions":102,"deletions":30}}},{"hash":"ee4c8c9178126fe80abd41f21dcb961e86aa5805","messageTitle":"Refactor Classes and Add Packages","messageBody":"","tags":["Refactor-and-Packages"],"fileTypesAndContributionMap":{"java":{"insertions":150,"deletions":109}}},{"hash":"fd1ec165eff7ae88ce95f65fb12842f090b547ce","messageTitle":"Refactor and Packages","messageBody":"","fileTypesAndContributionMap":{"java":{"insertions":39,"deletions":12}}}]},{"date":"2021-11-04","commitResults":[{"hash":"6b939a4764751e1cd78425839aadc076e278bcbb","messageTitle":"A-MoreOOP \u0026\u0026 A-Packages","messageBody":"","tags":["A-MoreOOP;A-Packages"],"fileTypesAndContributionMap":{"txt":{"insertions":2,"deletions":0},"java":{"insertions":436,"deletions":136}}},{"hash":"0556d5cf589fa38772ccd2941ab37c0c07c44efb","messageTitle":"Level-7 Save","messageBody":"","tags":["Level-7-Save"],"fileTypesAndContributionMap":{"txt":{"insertions":3,"deletions":2},"java":{"insertions":18,"deletions":21}}},{"hash":"e6337b834f2bd82a4d5de9859cbfc07788c52545","messageTitle":"Level-7 Fixed Bug","messageBody":"","tags":["Level-7-Fixed-bugs"],"fileTypesAndContributionMap":{"txt":{"insertions":4,"deletions":3},"java":{"insertions":45,"deletions":23}}},{"hash":"e8de287094dad62779a98ee1a0e0a5817b938b44","messageTitle":"small ui fixes","messageBody":"","tags":["small-ui-fixes"],"fileTypesAndContributionMap":{"java":{"insertions":7,"deletions":7}}},{"hash":"060251f2f874564560417de7e456af8c9accf98f","messageTitle":"Level - 7 bug fixes: Nullpointerexception when no file in the data directory","messageBody":"","fileTypesAndContributionMap":{"txt":{"insertions":1,"deletions":4},"java":{"insertions":9,"deletions":5}}},{"hash":"12af3ec18b3db1f7b24cb3b088be154bb690c80f","messageTitle":"Level-7 bug fixes","messageBody":"","fileTypesAndContributionMap":{"txt":{"insertions":3,"deletions":0},"java":{"insertions":6,"deletions":6}}}]},{"date":"2021-11-05","commitResults":[{"hash":"9d2c2d4152fa59b7fb0c329d7453a8b9a07361c2","messageTitle":"Level-8 Dates and Times","messageBody":"","tags":["Level-8-Date-and-Times"],"fileTypesAndContributionMap":{"txt":{"insertions":2,"deletions":4},"java":{"insertions":174,"deletions":36}}},{"hash":"a93fdba5f5401aac82bd27908a6dd045ffc34ab0","messageTitle":"Level-8 Stretch goal: view task of given date","messageBody":"","tags":["Level-8-Stretch-goal"],"fileTypesAndContributionMap":{"txt":{"insertions":11,"deletions":1},"java":{"insertions":42,"deletions":54}}},{"hash":"4f6567b617974c133fb9a85126d7097625bb60e9","messageTitle":"Level-9-Find tasks with matching keyword","messageBody":"","tags":["Level-9-Find"],"fileTypesAndContributionMap":{"gradle":{"insertions":1,"deletions":1},"java":{"insertions":75,"deletions":16}}},{"hash":"62af281dd35bd6c03e5f761632efb2610729a4a7","messageTitle":"Added Individual Feature [C - Better Search]","messageBody":"","tags":["C-Better-Search"],"fileTypesAndContributionMap":{"java":{"insertions":5,"deletions":3}}}]},{"date":"2021-11-06","commitResults":[{"hash":"8591e026127b2fe9464b5efea4aba4e5e3987776","messageTitle":"Added Reset and Help command","messageBody":"","fileTypesAndContributionMap":{"txt":{"insertions":2,"deletions":5},"java":{"insertions":88,"deletions":13}}},{"hash":"7d2f7420ade7a9db22ab603af4dec3357a185d70","messageTitle":"Level-10-GUI","messageBody":"","tags":["Level-10-GUI"],"fileTypesAndContributionMap":{"gradle":{"insertions":17,"deletions":1},"fxml":{"insertions":47,"deletions":0},"java":{"insertions":366,"deletions":148}}}]},{"date":"2021-11-07","commitResults":[{"hash":"473ec976441dcf98678171e7300ee74af190603d","messageTitle":"GUI - UI Improvement","messageBody":"","fileTypesAndContributionMap":{"gradle":{"insertions":1,"deletions":1},"txt":{"insertions":0,"deletions":1},"fxml":{"insertions":8,"deletions":8},"java":{"insertions":43,"deletions":62}}},{"hash":"4967c32f4de826f5843e425d41f3e191b8583357","messageTitle":"minor fix","messageBody":"","fileTypesAndContributionMap":{"java":{"insertions":73,"deletions":25}}},{"hash":"adc59b54002a4f844d1d114806dc7a9959956ab8","messageTitle":"improved search method","messageBody":"","tags":["v0.1"],"fileTypesAndContributionMap":{"gradle":{"insertions":1,"deletions":0},"txt":{"insertions":0,"deletions":1},"java":{"insertions":7,"deletions":10}}},{"hash":"aa36d7c5b43113f9210a44f2896fc72f7334e860","messageTitle":"A-JavaDoc","messageBody":"","tags":["A-JavaDoc"],"fileTypesAndContributionMap":{"fxml":{"insertions":2,"deletions":1},"java":{"insertions":178,"deletions":30}}},{"hash":"104adf2df66e78ca1b4f7ac147c063a3216257ab","messageTitle":"fixed-search","messageBody":"","fileTypesAndContributionMap":{"txt":{"insertions":2,"deletions":0},"java":{"insertions":6,"deletions":1}}}]},{"date":"2021-11-08","commitResults":[{"hash":"68ff1ec7fafea84d1118532e692dbc467df322f3","messageTitle":"improve GUI ui","messageBody":"","tags":["v0.2"],"fileTypesAndContributionMap":{"txt":{"insertions":0,"deletions":0},"fxml":{"insertions":5,"deletions":1},"java":{"insertions":53,"deletions":11}}},{"hash":"1ccb21e0d7e1abab47d74b4fa0ff52c0f4eb8d8a","messageTitle":"improve GUI ui","messageBody":"","fileTypesAndContributionMap":{"gradle":{"insertions":1,"deletions":1},"fxml":{"insertions":1,"deletions":1}}}]},{"date":"2021-11-13","commitResults":[{"hash":"cfac6176f14a0f379827ed7d5c864b0f579fdfb6","messageTitle":"A-Coding Standard","messageBody":"","tags":["A-CodingStandard"],"fileTypesAndContributionMap":{"txt":{"insertions":3,"deletions":9},"java":{"insertions":52,"deletions":51}}},{"hash":"618f87ebf6a156d9b1db6ab68d14b0d5ec03d54a","messageTitle":"A-CodeQuality","messageBody":"","tags":["v.03"],"fileTypesAndContributionMap":{"java":{"insertions":18,"deletions":9}}}]}]},"authorFileTypeContributionMap":{"bc2ajia":{"java":1378,"md":3,"fxml":52,"sh":0,"bat":0,"gradle":18,"txt":3}},"authorContributionVariance":{"bc2ajia":17195.547},"authorDisplayNameMap":{"bc2ajia":"GU B..HENG"}}
