{"authorDailyContributionsMap":{"sianloh":[{"date":"2021-08-24","commitResults":[{"hash":"25a09cf7d1100723055251dc45deccd0e2177528","messageTitle":"level-1","messageBody":"","fileTypesAndContributionMap":{"java":{"insertions":26,"deletions":0}}},{"hash":"34072cb3d289e4955da7b2cf18959babe016fcab","messageTitle":"Level-2","messageBody":"","fileTypesAndContributionMap":{"java":{"insertions":15,"deletions":6}}}]},{"date":"2021-09-07","commitResults":[{"hash":"c32a0861e72d7b6d32b1370edc505823367e2ed0","messageTitle":"level-3","messageBody":"","fileTypesAndContributionMap":{"java":{"insertions":43,"deletions":5}}},{"hash":"2a389bf311d9826e663461248d48b7ea6869ef90","messageTitle":"level-4","messageBody":"","fileTypesAndContributionMap":{"java":{"insertions":122,"deletions":32}}}]}]},"authorFileTypeContributionMap":{"sianloh":{"java":162,"md":0,"fxml":0,"sh":0,"bat":0,"gradle":0,"txt":0}},"authorContributionVariance":{"sianloh":1364.8766},"authorDisplayNameMap":{"sianloh":"TAY ..BOON"}}
