[{"path":"src/main/java/Deadline.java","fileType":"java","lines":[{"lineNumber":1,"author":{"gitId":"GuiltyClouD"},"content":"//level 4","lastModifiedDate":"2021-11-13"},{"lineNumber":2,"author":{"gitId":"GuiltyClouD"},"content":"","lastModifiedDate":"2021-11-13"},{"lineNumber":3,"author":{"gitId":"GuiltyClouD"},"content":"public class Deadline extends Task {","lastModifiedDate":"2021-11-13"},{"lineNumber":4,"author":{"gitId":"GuiltyClouD"},"content":"","lastModifiedDate":"2021-11-13"},{"lineNumber":5,"author":{"gitId":"GuiltyClouD"},"content":"    protected String by;","lastModifiedDate":"2021-11-13"},{"lineNumber":6,"author":{"gitId":"GuiltyClouD"},"content":"","lastModifiedDate":"2021-11-13"},{"lineNumber":7,"author":{"gitId":"GuiltyClouD"},"content":"    public Deadline(String description, String by) {","lastModifiedDate":"2021-11-13"},{"lineNumber":8,"author":{"gitId":"GuiltyClouD"},"content":"        super(description);","lastModifiedDate":"2021-11-13"},{"lineNumber":9,"author":{"gitId":"GuiltyClouD"},"content":"        this.by \u003d by;","lastModifiedDate":"2021-11-13"},{"lineNumber":10,"author":{"gitId":"GuiltyClouD"},"content":"    }","lastModifiedDate":"2021-11-13"},{"lineNumber":11,"author":{"gitId":"GuiltyClouD"},"content":"","lastModifiedDate":"2021-11-13"},{"lineNumber":12,"author":{"gitId":"GuiltyClouD"},"content":"    @Override","lastModifiedDate":"2021-11-13"},{"lineNumber":13,"author":{"gitId":"GuiltyClouD"},"content":"    public String toString() {","lastModifiedDate":"2021-11-13"},{"lineNumber":14,"author":{"gitId":"GuiltyClouD"},"content":"        return \"[D]\" + super.toString() + \" (by: \" + by + \")\";","lastModifiedDate":"2021-11-13"},{"lineNumber":15,"author":{"gitId":"GuiltyClouD"},"content":"    }","lastModifiedDate":"2021-11-13"},{"lineNumber":16,"author":{"gitId":"GuiltyClouD"},"content":"}","lastModifiedDate":"2021-11-13"}],"authorContributionMap":{"GuiltyClouD":16}},{"path":"src/main/java/Duke.java","fileType":"java","lines":[{"lineNumber":1,"author":{"gitId":"GuiltyClouD"},"content":"import java.io.File;","lastModifiedDate":"2021-11-13"},{"lineNumber":2,"author":{"gitId":"GuiltyClouD"},"content":"import java.io.FileWriter;","lastModifiedDate":"2021-11-13"},{"lineNumber":3,"author":{"gitId":"GuiltyClouD"},"content":"import java.io.IOException;","lastModifiedDate":"2021-11-13"},{"lineNumber":4,"author":{"gitId":"GuiltyClouD"},"content":"import java.util.Scanner;","lastModifiedDate":"2021-09-28"},{"lineNumber":5,"author":{"gitId":"GuiltyClouD"},"content":"import java.util.ArrayList;","lastModifiedDate":"2021-09-28"},{"lineNumber":6,"author":{"gitId":"GuiltyClouD"},"content":"import java.util.List;","lastModifiedDate":"2021-11-13"},{"lineNumber":7,"author":{"gitId":"GuiltyClouD"},"content":"","lastModifiedDate":"2021-09-28"},{"lineNumber":8,"author":{"gitId":"-"},"content":"public class Duke {","lastModifiedDate":"2019-07-29"},{"lineNumber":9,"author":{"gitId":"GuiltyClouD"},"content":"    static String verifyToDo (String task) throws DukeException{","lastModifiedDate":"2021-11-13"},{"lineNumber":10,"author":{"gitId":"GuiltyClouD"},"content":"        String[] toDoTask \u003d task.split(\" \");","lastModifiedDate":"2021-11-13"},{"lineNumber":11,"author":{"gitId":"GuiltyClouD"},"content":"        StringBuilder result \u003d new StringBuilder();","lastModifiedDate":"2021-11-13"},{"lineNumber":12,"author":{"gitId":"GuiltyClouD"},"content":"        if (toDoTask.length \u003c 2)","lastModifiedDate":"2021-11-13"},{"lineNumber":13,"author":{"gitId":"GuiltyClouD"},"content":"        {","lastModifiedDate":"2021-11-13"},{"lineNumber":14,"author":{"gitId":"GuiltyClouD"},"content":"            System.out.println(\"    ____________________________________________________________\\n\");","lastModifiedDate":"2021-11-13"},{"lineNumber":15,"author":{"gitId":"GuiltyClouD"},"content":"            throw new DukeException(\"     ☹ OOPS!!! The description of a todo cannot be empty.\");","lastModifiedDate":"2021-11-13"},{"lineNumber":16,"author":{"gitId":"GuiltyClouD"},"content":"        }","lastModifiedDate":"2021-11-13"},{"lineNumber":17,"author":{"gitId":"GuiltyClouD"},"content":"        for (String word : toDoTask){","lastModifiedDate":"2021-11-13"},{"lineNumber":18,"author":{"gitId":"GuiltyClouD"},"content":"            result.append(word).append(\" \");","lastModifiedDate":"2021-11-13"},{"lineNumber":19,"author":{"gitId":"GuiltyClouD"},"content":"        }","lastModifiedDate":"2021-11-13"},{"lineNumber":20,"author":{"gitId":"GuiltyClouD"},"content":"        return result.substring(5).trim();","lastModifiedDate":"2021-11-13"},{"lineNumber":21,"author":{"gitId":"GuiltyClouD"},"content":"    }","lastModifiedDate":"2021-11-13"},{"lineNumber":22,"author":{"gitId":"GuiltyClouD"},"content":"","lastModifiedDate":"2021-11-13"},{"lineNumber":23,"author":{"gitId":"GuiltyClouD"},"content":"    public static void main(String[] args) throws DukeException{","lastModifiedDate":"2021-11-13"},{"lineNumber":24,"author":{"gitId":"GuiltyClouD"},"content":"        String logo \u003d \"    ____________________________________________________________\\n\"","lastModifiedDate":"2021-11-13"},{"lineNumber":25,"author":{"gitId":"GuiltyClouD"},"content":"                + \"      ____        _        \\n\"","lastModifiedDate":"2021-11-13"},{"lineNumber":26,"author":{"gitId":"-"},"content":"                + \"     |  _ \\\\ _   _| | _____ \\n\"","lastModifiedDate":"2019-07-29"},{"lineNumber":27,"author":{"gitId":"-"},"content":"                + \"     | | | | | | | |/ / _ \\\\\\n\"","lastModifiedDate":"2019-07-29"},{"lineNumber":28,"author":{"gitId":"-"},"content":"                + \"     | |_| | |_| |   \u003c  __/\\n\"","lastModifiedDate":"2019-07-29"},{"lineNumber":29,"author":{"gitId":"GuiltyClouD"},"content":"                + \"     |____/ \\\\__,_|_|\\\\_\\\\___|\\n\"","lastModifiedDate":"2021-11-13"},{"lineNumber":30,"author":{"gitId":"GuiltyClouD"},"content":"                + \"     Hello! I\u0027m Duke\\n\"","lastModifiedDate":"2021-09-28"},{"lineNumber":31,"author":{"gitId":"GuiltyClouD"},"content":"                + \"     What can I do for you?\\n\"","lastModifiedDate":"2021-09-28"},{"lineNumber":32,"author":{"gitId":"GuiltyClouD"},"content":"                + \"    ____________________________________________________________\\n\";","lastModifiedDate":"2021-09-28"},{"lineNumber":33,"author":{"gitId":"-"},"content":"        System.out.println(\"Hello from\\n\" + logo);","lastModifiedDate":"2019-07-29"},{"lineNumber":34,"author":{"gitId":"GuiltyClouD"},"content":"        String bye \u003d \"    ____________________________________________________________\\n\"","lastModifiedDate":"2021-09-28"},{"lineNumber":35,"author":{"gitId":"GuiltyClouD"},"content":"                + \"     Bye. Hope to see you again soon!\\n\"","lastModifiedDate":"2021-09-28"},{"lineNumber":36,"author":{"gitId":"GuiltyClouD"},"content":"                + \"    ____________________________________________________________\\n\";","lastModifiedDate":"2021-09-28"},{"lineNumber":37,"author":{"gitId":"GuiltyClouD"},"content":"        String line;  //input from user","lastModifiedDate":"2021-11-13"},{"lineNumber":38,"author":{"gitId":"GuiltyClouD"},"content":"        List\u003cTask\u003e taskList \u003d new ArrayList\u003c\u003e();","lastModifiedDate":"2021-11-13"},{"lineNumber":39,"author":{"gitId":"GuiltyClouD"},"content":"","lastModifiedDate":"2021-11-13"},{"lineNumber":40,"author":{"gitId":"GuiltyClouD"},"content":"        while (true)","lastModifiedDate":"2021-09-28"},{"lineNumber":41,"author":{"gitId":"GuiltyClouD"},"content":"        {","lastModifiedDate":"2021-09-28"},{"lineNumber":42,"author":{"gitId":"GuiltyClouD"},"content":"            try {","lastModifiedDate":"2021-11-13"},{"lineNumber":43,"author":{"gitId":"GuiltyClouD"},"content":"                //level 1 and 2","lastModifiedDate":"2021-09-28"},{"lineNumber":44,"author":{"gitId":"GuiltyClouD"},"content":"                Scanner in \u003d new Scanner(System.in);","lastModifiedDate":"2021-09-28"},{"lineNumber":45,"author":{"gitId":"GuiltyClouD"},"content":"                line \u003d in.nextLine();","lastModifiedDate":"2021-09-28"},{"lineNumber":46,"author":{"gitId":"GuiltyClouD"},"content":"                if (line.equals(\"bye\")) {","lastModifiedDate":"2021-11-13"},{"lineNumber":47,"author":{"gitId":"GuiltyClouD"},"content":"                    System.out.print(bye);","lastModifiedDate":"2021-09-28"},{"lineNumber":48,"author":{"gitId":"GuiltyClouD"},"content":"                    break;","lastModifiedDate":"2021-09-28"},{"lineNumber":49,"author":{"gitId":"GuiltyClouD"},"content":"                } else if (line.equals(\"list\")) {","lastModifiedDate":"2021-11-13"},{"lineNumber":50,"author":{"gitId":"GuiltyClouD"},"content":"                    System.out.print(\"    ____________________________________________________________\\n\"","lastModifiedDate":"2021-09-28"},{"lineNumber":51,"author":{"gitId":"GuiltyClouD"},"content":"                            + \"     Here are the tasks in your list:\\n\");","lastModifiedDate":"2021-09-28"},{"lineNumber":52,"author":{"gitId":"GuiltyClouD"},"content":"                    for (int i \u003d 1; i \u003c\u003d taskList.size(); i++) {","lastModifiedDate":"2021-11-13"},{"lineNumber":53,"author":{"gitId":"GuiltyClouD"},"content":"                        System.out.print(\"     \" + i + \". \" + taskList.get(i - 1) + \"\\n\");","lastModifiedDate":"2021-11-13"},{"lineNumber":54,"author":{"gitId":"GuiltyClouD"},"content":"                    }","lastModifiedDate":"2021-09-28"},{"lineNumber":55,"author":{"gitId":"GuiltyClouD"},"content":"                    System.out.print(\"    ____________________________________________________________\\n\");","lastModifiedDate":"2021-09-28"},{"lineNumber":56,"author":{"gitId":"GuiltyClouD"},"content":"                } else if (line.startsWith(\"done\") \u0026\u0026 Integer.parseInt(line.substring(5)) \u003c\u003d taskList.size()) {","lastModifiedDate":"2021-11-13"},{"lineNumber":57,"author":{"gitId":"GuiltyClouD"},"content":"                    int tempLineNumber \u003d Integer.parseInt(line.substring(5));","lastModifiedDate":"2021-11-13"},{"lineNumber":58,"author":{"gitId":"GuiltyClouD"},"content":"                    taskList.get(tempLineNumber - 1).markAsDone();","lastModifiedDate":"2021-11-13"},{"lineNumber":59,"author":{"gitId":"GuiltyClouD"},"content":"                    System.out.print(\"    ____________________________________________________________\\n\"","lastModifiedDate":"2021-11-13"},{"lineNumber":60,"author":{"gitId":"GuiltyClouD"},"content":"                            + \"     Nice! I\u0027ve marked this task as done:\\n\");","lastModifiedDate":"2021-11-13"},{"lineNumber":61,"author":{"gitId":"GuiltyClouD"},"content":"                    System.out.print(\"     \" + \"[\" + taskList.get(tempLineNumber - 1).getStatusIcon() + \"] \"","lastModifiedDate":"2021-11-13"},{"lineNumber":62,"author":{"gitId":"GuiltyClouD"},"content":"                            + taskList.get(tempLineNumber - 1).getDescription() + \"\\n\");","lastModifiedDate":"2021-11-13"},{"lineNumber":63,"author":{"gitId":"GuiltyClouD"},"content":"                    System.out.print(\"    ____________________________________________________________\\n\");","lastModifiedDate":"2021-11-13"},{"lineNumber":64,"author":{"gitId":"GuiltyClouD"},"content":"                }","lastModifiedDate":"2021-09-28"},{"lineNumber":65,"author":{"gitId":"GuiltyClouD"},"content":"                else if (line.startsWith(\"delete\") \u0026\u0026 Integer.parseInt(line.substring(7)) \u003c\u003d taskList.size()) {","lastModifiedDate":"2021-11-13"},{"lineNumber":66,"author":{"gitId":"GuiltyClouD"},"content":"                    int tempLineNumber \u003d Integer.parseInt(line.substring(7));","lastModifiedDate":"2021-11-13"},{"lineNumber":67,"author":{"gitId":"GuiltyClouD"},"content":"                    System.out.print(\"    ____________________________________________________________\\n\"","lastModifiedDate":"2021-11-13"},{"lineNumber":68,"author":{"gitId":"GuiltyClouD"},"content":"                            + \"     Noted. I\u0027ve removed this task:\\n\");","lastModifiedDate":"2021-11-13"},{"lineNumber":69,"author":{"gitId":"GuiltyClouD"},"content":"                    System.out.print(\"     \" + taskList.get(tempLineNumber - 1) + \"\\n\");","lastModifiedDate":"2021-11-13"},{"lineNumber":70,"author":{"gitId":"GuiltyClouD"},"content":"                    //System.out.print(\"     \" + \"[\" + taskList.get(tempLineNumber - 1).getStatusIcon() + \"] \"","lastModifiedDate":"2021-11-13"},{"lineNumber":71,"author":{"gitId":"GuiltyClouD"},"content":"                            //+ taskList.get(tempLineNumber - 1).getDescription() + \"\\n\");","lastModifiedDate":"2021-11-13"},{"lineNumber":72,"author":{"gitId":"GuiltyClouD"},"content":"                    taskList.remove(tempLineNumber - 1);","lastModifiedDate":"2021-11-13"},{"lineNumber":73,"author":{"gitId":"GuiltyClouD"},"content":"                    System.out.print(\"     Now you have\" + taskList.size() + \"tasks in the list.\\n\");","lastModifiedDate":"2021-11-13"},{"lineNumber":74,"author":{"gitId":"GuiltyClouD"},"content":"                    System.out.print(\"    ____________________________________________________________\\n\");","lastModifiedDate":"2021-11-13"},{"lineNumber":75,"author":{"gitId":"GuiltyClouD"},"content":"","lastModifiedDate":"2021-11-13"},{"lineNumber":76,"author":{"gitId":"GuiltyClouD"},"content":"                }","lastModifiedDate":"2021-11-13"},{"lineNumber":77,"author":{"gitId":"GuiltyClouD"},"content":"            /* else","lastModifiedDate":"2021-11-13"},{"lineNumber":78,"author":{"gitId":"GuiltyClouD"},"content":"            {","lastModifiedDate":"2021-09-28"},{"lineNumber":79,"author":{"gitId":"GuiltyClouD"},"content":"                Task newTask \u003d new Task(line);","lastModifiedDate":"2021-11-13"},{"lineNumber":80,"author":{"gitId":"GuiltyClouD"},"content":"                taskList.add(newTask);","lastModifiedDate":"2021-11-13"},{"lineNumber":81,"author":{"gitId":"GuiltyClouD"},"content":"                System.out.print(\"    ____________________________________________________________\\n\"","lastModifiedDate":"2021-09-28"},{"lineNumber":82,"author":{"gitId":"GuiltyClouD"},"content":"                        + \"     Added: \" + newTask.getDescription()","lastModifiedDate":"2021-11-13"},{"lineNumber":83,"author":{"gitId":"GuiltyClouD"},"content":"                        + \"\\n\" + \"    ____________________________________________________________\\n\");","lastModifiedDate":"2021-09-28"},{"lineNumber":84,"author":{"gitId":"GuiltyClouD"},"content":"            } */","lastModifiedDate":"2021-11-13"},{"lineNumber":85,"author":{"gitId":"GuiltyClouD"},"content":"                else if (line.startsWith(\"todo\")) {","lastModifiedDate":"2021-11-13"},{"lineNumber":86,"author":{"gitId":"GuiltyClouD"},"content":"                    String newTask \u003d verifyToDo(line);","lastModifiedDate":"2021-11-13"},{"lineNumber":87,"author":{"gitId":"GuiltyClouD"},"content":"                    taskList.add(new toDo(newTask));","lastModifiedDate":"2021-11-13"},{"lineNumber":88,"author":{"gitId":"GuiltyClouD"},"content":"                    System.out.print(\"    ____________________________________________________________\\n\"","lastModifiedDate":"2021-11-13"},{"lineNumber":89,"author":{"gitId":"GuiltyClouD"},"content":"                            + \"     Got it. I\u0027ve added this task:\\n\");","lastModifiedDate":"2021-11-13"},{"lineNumber":90,"author":{"gitId":"GuiltyClouD"},"content":"                    System.out.print(\"     \" + taskList.get(taskList.size() - 1) + \"\\n\");","lastModifiedDate":"2021-11-13"},{"lineNumber":91,"author":{"gitId":"GuiltyClouD"},"content":"                    System.out.print(\"     Now you have \" + taskList.size() + \" tasks in the list.\\n\");","lastModifiedDate":"2021-11-13"},{"lineNumber":92,"author":{"gitId":"GuiltyClouD"},"content":"                    System.out.print(\"    ____________________________________________________________\\n\");","lastModifiedDate":"2021-11-13"},{"lineNumber":93,"author":{"gitId":"GuiltyClouD"},"content":"                } else if (line.startsWith(\"deadline\")) {","lastModifiedDate":"2021-11-13"},{"lineNumber":94,"author":{"gitId":"GuiltyClouD"},"content":"                    String[] newDeadline \u003d line.substring(9).split(\"/\");","lastModifiedDate":"2021-11-13"},{"lineNumber":95,"author":{"gitId":"GuiltyClouD"},"content":"                    String deadlineTask \u003d newDeadline[0];","lastModifiedDate":"2021-11-13"},{"lineNumber":96,"author":{"gitId":"GuiltyClouD"},"content":"                    String deadlineDate \u003d newDeadline[1].substring(3);","lastModifiedDate":"2021-11-13"},{"lineNumber":97,"author":{"gitId":"GuiltyClouD"},"content":"                    taskList.add(new Deadline(deadlineTask, deadlineDate));","lastModifiedDate":"2021-11-13"},{"lineNumber":98,"author":{"gitId":"GuiltyClouD"},"content":"                    System.out.print(\"    ____________________________________________________________\\n\"","lastModifiedDate":"2021-11-13"},{"lineNumber":99,"author":{"gitId":"GuiltyClouD"},"content":"                            + \"     Got it. I\u0027ve added this task:\\n\");","lastModifiedDate":"2021-11-13"},{"lineNumber":100,"author":{"gitId":"GuiltyClouD"},"content":"                    System.out.print(\"     \" + taskList.get(taskList.size() - 1) + \"\\n\");","lastModifiedDate":"2021-11-13"},{"lineNumber":101,"author":{"gitId":"GuiltyClouD"},"content":"                    System.out.print(\"     Now you have \" + taskList.size() + \" tasks in the list.\\n\");","lastModifiedDate":"2021-11-13"},{"lineNumber":102,"author":{"gitId":"GuiltyClouD"},"content":"                    System.out.print(\"    ____________________________________________________________\\n\");","lastModifiedDate":"2021-11-13"},{"lineNumber":103,"author":{"gitId":"GuiltyClouD"},"content":"                } else if (line.startsWith(\"event\")) {","lastModifiedDate":"2021-11-13"},{"lineNumber":104,"author":{"gitId":"GuiltyClouD"},"content":"                    String[] newEvent \u003d line.substring(6).split(\"/\");","lastModifiedDate":"2021-11-13"},{"lineNumber":105,"author":{"gitId":"GuiltyClouD"},"content":"                    String eventTask \u003d newEvent[0];","lastModifiedDate":"2021-11-13"},{"lineNumber":106,"author":{"gitId":"GuiltyClouD"},"content":"                    String eventDate \u003d newEvent[1].substring(3);","lastModifiedDate":"2021-11-13"},{"lineNumber":107,"author":{"gitId":"GuiltyClouD"},"content":"                    taskList.add(new Event(eventTask, eventDate));","lastModifiedDate":"2021-11-13"},{"lineNumber":108,"author":{"gitId":"GuiltyClouD"},"content":"                    System.out.print(\"    ____________________________________________________________\\n\"","lastModifiedDate":"2021-11-13"},{"lineNumber":109,"author":{"gitId":"GuiltyClouD"},"content":"                            + \"     Got it. I\u0027ve added this task:\\n\");","lastModifiedDate":"2021-11-13"},{"lineNumber":110,"author":{"gitId":"GuiltyClouD"},"content":"                    System.out.print(\"     \" + taskList.get(taskList.size() - 1) + \"\\n\");","lastModifiedDate":"2021-11-13"},{"lineNumber":111,"author":{"gitId":"GuiltyClouD"},"content":"                    System.out.print(\"     Now you have \" + taskList.size() + \" tasks in the list.\\n\");","lastModifiedDate":"2021-11-13"},{"lineNumber":112,"author":{"gitId":"GuiltyClouD"},"content":"                    System.out.print(\"    ____________________________________________________________\\n\");","lastModifiedDate":"2021-11-13"},{"lineNumber":113,"author":{"gitId":"GuiltyClouD"},"content":"                } else {","lastModifiedDate":"2021-11-13"},{"lineNumber":114,"author":{"gitId":"GuiltyClouD"},"content":"                    System.out.print(\"    ____________________________________________________________\\n\");","lastModifiedDate":"2021-11-13"},{"lineNumber":115,"author":{"gitId":"GuiltyClouD"},"content":"                    throw new DukeException(\"     ☹ OOPS!!! I\u0027m sorry, but I don\u0027t know what that means :-(\");","lastModifiedDate":"2021-11-13"},{"lineNumber":116,"author":{"gitId":"GuiltyClouD"},"content":"                }","lastModifiedDate":"2021-11-13"},{"lineNumber":117,"author":{"gitId":"GuiltyClouD"},"content":"            } catch (DukeException e)","lastModifiedDate":"2021-11-13"},{"lineNumber":118,"author":{"gitId":"GuiltyClouD"},"content":"            {","lastModifiedDate":"2021-11-13"},{"lineNumber":119,"author":{"gitId":"GuiltyClouD"},"content":"                System.out.println(e);","lastModifiedDate":"2021-11-13"},{"lineNumber":120,"author":{"gitId":"GuiltyClouD"},"content":"                System.out.print(\"    ____________________________________________________________\\n\");","lastModifiedDate":"2021-11-13"},{"lineNumber":121,"author":{"gitId":"GuiltyClouD"},"content":"            }","lastModifiedDate":"2021-09-28"},{"lineNumber":122,"author":{"gitId":"-"},"content":"        }","lastModifiedDate":"2019-07-29"},{"lineNumber":123,"author":{"gitId":"-"},"content":"    }","lastModifiedDate":"2019-07-29"},{"lineNumber":124,"author":{"gitId":"GuiltyClouD"},"content":"    //testing save file function","lastModifiedDate":"2021-11-13"},{"lineNumber":125,"author":{"gitId":"GuiltyClouD"},"content":"    public static void saveTask(String command,String task) throws IOException {","lastModifiedDate":"2021-11-13"},{"lineNumber":126,"author":{"gitId":"GuiltyClouD"},"content":"        String filePath \u003d \"duke.txt\";","lastModifiedDate":"2021-11-13"},{"lineNumber":127,"author":{"gitId":"GuiltyClouD"},"content":"        File f \u003d new File(filePath);","lastModifiedDate":"2021-11-13"},{"lineNumber":128,"author":{"gitId":"GuiltyClouD"},"content":"        FileWriter fw \u003d new FileWriter(filePath);","lastModifiedDate":"2021-11-13"},{"lineNumber":129,"author":{"gitId":"GuiltyClouD"},"content":"        fw.write(command + \" || \" + task);","lastModifiedDate":"2021-11-13"},{"lineNumber":130,"author":{"gitId":"GuiltyClouD"},"content":"        fw.close();","lastModifiedDate":"2021-11-13"},{"lineNumber":131,"author":{"gitId":"GuiltyClouD"},"content":"        try {","lastModifiedDate":"2021-11-13"},{"lineNumber":132,"author":{"gitId":"GuiltyClouD"},"content":"            boolean result \u003d f.createNewFile();","lastModifiedDate":"2021-11-13"},{"lineNumber":133,"author":{"gitId":"GuiltyClouD"},"content":"            Scanner s \u003d new Scanner(f);","lastModifiedDate":"2021-11-13"},{"lineNumber":134,"author":{"gitId":"GuiltyClouD"},"content":"            System.out.println(\"Load data from file ++++ \");","lastModifiedDate":"2021-11-13"},{"lineNumber":135,"author":{"gitId":"GuiltyClouD"},"content":"            while (s.hasNext()) {","lastModifiedDate":"2021-11-13"},{"lineNumber":136,"author":{"gitId":"GuiltyClouD"},"content":"                System.out.println(s.nextLine());","lastModifiedDate":"2021-11-13"},{"lineNumber":137,"author":{"gitId":"GuiltyClouD"},"content":"            }","lastModifiedDate":"2021-11-13"},{"lineNumber":138,"author":{"gitId":"GuiltyClouD"},"content":"        } catch (IOException e) {","lastModifiedDate":"2021-11-13"},{"lineNumber":139,"author":{"gitId":"GuiltyClouD"},"content":"            e.printStackTrace();","lastModifiedDate":"2021-11-13"},{"lineNumber":140,"author":{"gitId":"GuiltyClouD"},"content":"        }","lastModifiedDate":"2021-11-13"},{"lineNumber":141,"author":{"gitId":"-"},"content":"    }","lastModifiedDate":"2021-11-13"},{"lineNumber":142,"author":{"gitId":"GuiltyClouD"},"content":"","lastModifiedDate":"2021-11-13"},{"lineNumber":143,"author":{"gitId":"-"},"content":"}","lastModifiedDate":"2021-09-28"},{"lineNumber":144,"author":{"gitId":"GuiltyClouD"},"content":"","lastModifiedDate":"2021-09-28"},{"lineNumber":145,"author":{"gitId":"GuiltyClouD"},"content":"","lastModifiedDate":"2021-09-28"}],"authorContributionMap":{"GuiltyClouD":136,"-":9}},{"path":"src/main/java/DukeException.java","fileType":"java","lines":[{"lineNumber":1,"author":{"gitId":"GuiltyClouD"},"content":"public class DukeException extends Exception {","lastModifiedDate":"2021-11-13"},{"lineNumber":2,"author":{"gitId":"GuiltyClouD"},"content":"    public DukeException(String errorMessage){","lastModifiedDate":"2021-11-13"},{"lineNumber":3,"author":{"gitId":"GuiltyClouD"},"content":"        super(errorMessage);","lastModifiedDate":"2021-11-13"},{"lineNumber":4,"author":{"gitId":"GuiltyClouD"},"content":"    }","lastModifiedDate":"2021-11-13"},{"lineNumber":5,"author":{"gitId":"GuiltyClouD"},"content":"}","lastModifiedDate":"2021-11-13"}],"authorContributionMap":{"GuiltyClouD":5}},{"path":"src/main/java/Event.java","fileType":"java","lines":[{"lineNumber":1,"author":{"gitId":"GuiltyClouD"},"content":"//level 4","lastModifiedDate":"2021-11-13"},{"lineNumber":2,"author":{"gitId":"GuiltyClouD"},"content":"","lastModifiedDate":"2021-11-13"},{"lineNumber":3,"author":{"gitId":"GuiltyClouD"},"content":"public class Event extends Task {","lastModifiedDate":"2021-11-13"},{"lineNumber":4,"author":{"gitId":"GuiltyClouD"},"content":"","lastModifiedDate":"2021-11-13"},{"lineNumber":5,"author":{"gitId":"GuiltyClouD"},"content":"    protected String at;","lastModifiedDate":"2021-11-13"},{"lineNumber":6,"author":{"gitId":"GuiltyClouD"},"content":"","lastModifiedDate":"2021-11-13"},{"lineNumber":7,"author":{"gitId":"GuiltyClouD"},"content":"    public Event(String description, String at) {","lastModifiedDate":"2021-11-13"},{"lineNumber":8,"author":{"gitId":"GuiltyClouD"},"content":"        super(description);","lastModifiedDate":"2021-11-13"},{"lineNumber":9,"author":{"gitId":"GuiltyClouD"},"content":"        this.at \u003d at;","lastModifiedDate":"2021-11-13"},{"lineNumber":10,"author":{"gitId":"GuiltyClouD"},"content":"    }","lastModifiedDate":"2021-11-13"},{"lineNumber":11,"author":{"gitId":"GuiltyClouD"},"content":"","lastModifiedDate":"2021-11-13"},{"lineNumber":12,"author":{"gitId":"GuiltyClouD"},"content":"    @Override","lastModifiedDate":"2021-11-13"},{"lineNumber":13,"author":{"gitId":"GuiltyClouD"},"content":"    public String toString() {","lastModifiedDate":"2021-11-13"},{"lineNumber":14,"author":{"gitId":"GuiltyClouD"},"content":"        return \"[E]\" + super.toString() + \" (at: \" + at + \")\";","lastModifiedDate":"2021-11-13"},{"lineNumber":15,"author":{"gitId":"GuiltyClouD"},"content":"    }","lastModifiedDate":"2021-11-13"},{"lineNumber":16,"author":{"gitId":"GuiltyClouD"},"content":"}","lastModifiedDate":"2021-11-13"}],"authorContributionMap":{"GuiltyClouD":16}},{"path":"src/main/java/Task.java","fileType":"java","lines":[{"lineNumber":1,"author":{"gitId":"GuiltyClouD"},"content":"//level 3","lastModifiedDate":"2021-09-28"},{"lineNumber":2,"author":{"gitId":"GuiltyClouD"},"content":"","lastModifiedDate":"2021-09-28"},{"lineNumber":3,"author":{"gitId":"GuiltyClouD"},"content":"public class Task {","lastModifiedDate":"2021-09-28"},{"lineNumber":4,"author":{"gitId":"GuiltyClouD"},"content":"    protected String description;","lastModifiedDate":"2021-09-28"},{"lineNumber":5,"author":{"gitId":"GuiltyClouD"},"content":"    protected boolean isDone;","lastModifiedDate":"2021-09-28"},{"lineNumber":6,"author":{"gitId":"GuiltyClouD"},"content":"","lastModifiedDate":"2021-09-28"},{"lineNumber":7,"author":{"gitId":"GuiltyClouD"},"content":"    public Task(String description) {","lastModifiedDate":"2021-09-28"},{"lineNumber":8,"author":{"gitId":"GuiltyClouD"},"content":"        this.description \u003d description;","lastModifiedDate":"2021-09-28"},{"lineNumber":9,"author":{"gitId":"GuiltyClouD"},"content":"        this.isDone \u003d false;","lastModifiedDate":"2021-09-28"},{"lineNumber":10,"author":{"gitId":"GuiltyClouD"},"content":"    }","lastModifiedDate":"2021-09-28"},{"lineNumber":11,"author":{"gitId":"GuiltyClouD"},"content":"","lastModifiedDate":"2021-09-28"},{"lineNumber":12,"author":{"gitId":"GuiltyClouD"},"content":"    public String getStatusIcon() {","lastModifiedDate":"2021-09-28"},{"lineNumber":13,"author":{"gitId":"GuiltyClouD"},"content":"        return (isDone ? \"X\" : \" \"); // mark done task with X","lastModifiedDate":"2021-09-28"},{"lineNumber":14,"author":{"gitId":"GuiltyClouD"},"content":"    }","lastModifiedDate":"2021-09-28"},{"lineNumber":15,"author":{"gitId":"GuiltyClouD"},"content":"","lastModifiedDate":"2021-09-28"},{"lineNumber":16,"author":{"gitId":"GuiltyClouD"},"content":"    public void markAsDone() {","lastModifiedDate":"2021-09-28"},{"lineNumber":17,"author":{"gitId":"GuiltyClouD"},"content":"        this.isDone \u003d true;","lastModifiedDate":"2021-09-28"},{"lineNumber":18,"author":{"gitId":"GuiltyClouD"},"content":"    }","lastModifiedDate":"2021-09-28"},{"lineNumber":19,"author":{"gitId":"GuiltyClouD"},"content":"","lastModifiedDate":"2021-11-13"},{"lineNumber":20,"author":{"gitId":"GuiltyClouD"},"content":"    public String getDescription()","lastModifiedDate":"2021-11-13"},{"lineNumber":21,"author":{"gitId":"GuiltyClouD"},"content":"    {","lastModifiedDate":"2021-11-13"},{"lineNumber":22,"author":{"gitId":"GuiltyClouD"},"content":"        return this.description;","lastModifiedDate":"2021-11-13"},{"lineNumber":23,"author":{"gitId":"GuiltyClouD"},"content":"    }","lastModifiedDate":"2021-11-13"},{"lineNumber":24,"author":{"gitId":"GuiltyClouD"},"content":"","lastModifiedDate":"2021-11-13"},{"lineNumber":25,"author":{"gitId":"GuiltyClouD"},"content":"    @Override","lastModifiedDate":"2021-11-13"},{"lineNumber":26,"author":{"gitId":"GuiltyClouD"},"content":"    public String toString() {","lastModifiedDate":"2021-11-13"},{"lineNumber":27,"author":{"gitId":"GuiltyClouD"},"content":"        return  \"[\"+ getStatusIcon() + \"] \" + getDescription();","lastModifiedDate":"2021-11-13"},{"lineNumber":28,"author":{"gitId":"GuiltyClouD"},"content":"    }","lastModifiedDate":"2021-11-13"},{"lineNumber":29,"author":{"gitId":"GuiltyClouD"},"content":"}","lastModifiedDate":"2021-09-28"}],"authorContributionMap":{"GuiltyClouD":29}},{"path":"src/main/java/toDo.java","fileType":"java","lines":[{"lineNumber":1,"author":{"gitId":"GuiltyClouD"},"content":"//level 4","lastModifiedDate":"2021-11-13"},{"lineNumber":2,"author":{"gitId":"GuiltyClouD"},"content":"","lastModifiedDate":"2021-11-13"},{"lineNumber":3,"author":{"gitId":"GuiltyClouD"},"content":"public class toDo extends Task {","lastModifiedDate":"2021-11-13"},{"lineNumber":4,"author":{"gitId":"GuiltyClouD"},"content":"","lastModifiedDate":"2021-11-13"},{"lineNumber":5,"author":{"gitId":"GuiltyClouD"},"content":"    protected String by;","lastModifiedDate":"2021-11-13"},{"lineNumber":6,"author":{"gitId":"GuiltyClouD"},"content":"","lastModifiedDate":"2021-11-13"},{"lineNumber":7,"author":{"gitId":"GuiltyClouD"},"content":"    public toDo(String description) {","lastModifiedDate":"2021-11-13"},{"lineNumber":8,"author":{"gitId":"GuiltyClouD"},"content":"        super(description);","lastModifiedDate":"2021-11-13"},{"lineNumber":9,"author":{"gitId":"GuiltyClouD"},"content":"        this.description \u003d description;","lastModifiedDate":"2021-11-13"},{"lineNumber":10,"author":{"gitId":"GuiltyClouD"},"content":"    }","lastModifiedDate":"2021-11-13"},{"lineNumber":11,"author":{"gitId":"GuiltyClouD"},"content":"","lastModifiedDate":"2021-11-13"},{"lineNumber":12,"author":{"gitId":"GuiltyClouD"},"content":"    @Override","lastModifiedDate":"2021-11-13"},{"lineNumber":13,"author":{"gitId":"GuiltyClouD"},"content":"    public String toString() {","lastModifiedDate":"2021-11-13"},{"lineNumber":14,"author":{"gitId":"GuiltyClouD"},"content":"        return \"[T]\" + super.toString();","lastModifiedDate":"2021-11-13"},{"lineNumber":15,"author":{"gitId":"GuiltyClouD"},"content":"    }","lastModifiedDate":"2021-11-13"},{"lineNumber":16,"author":{"gitId":"GuiltyClouD"},"content":"}","lastModifiedDate":"2021-11-13"}],"authorContributionMap":{"GuiltyClouD":16}}]
