[{"path":"src/main/java/Duke.java","fileType":"java","lines":[{"lineNumber":1,"author":{"gitId":"GuiltyClouD"},"content":"import java.util.Scanner;","lastModifiedDate":"2021-09-28"},{"lineNumber":2,"author":{"gitId":"GuiltyClouD"},"content":"import java.util.Arrays;","lastModifiedDate":"2021-09-28"},{"lineNumber":3,"author":{"gitId":"GuiltyClouD"},"content":"import java.util.ArrayList;","lastModifiedDate":"2021-09-28"},{"lineNumber":4,"author":{"gitId":"GuiltyClouD"},"content":"","lastModifiedDate":"2021-09-28"},{"lineNumber":5,"author":{"gitId":"-"},"content":"public class Duke {","lastModifiedDate":"2019-07-29"},{"lineNumber":6,"author":{"gitId":"-"},"content":"    public static void main(String[] args) {","lastModifiedDate":"2019-07-29"},{"lineNumber":7,"author":{"gitId":"GuiltyClouD"},"content":"/*        String logo \u003d \" ____        _        \\n\"","lastModifiedDate":"2021-09-28"},{"lineNumber":8,"author":{"gitId":"-"},"content":"                + \"|  _ \\\\ _   _| | _____ \\n\"","lastModifiedDate":"2019-07-29"},{"lineNumber":9,"author":{"gitId":"-"},"content":"                + \"| | | | | | | |/ / _ \\\\\\n\"","lastModifiedDate":"2019-07-29"},{"lineNumber":10,"author":{"gitId":"-"},"content":"                + \"| |_| | |_| |   \u003c  __/\\n\"","lastModifiedDate":"2019-07-29"},{"lineNumber":11,"author":{"gitId":"-"},"content":"                + \"|____/ \\\\__,_|_|\\\\_\\\\___|\\n\";","lastModifiedDate":"2019-07-29"},{"lineNumber":12,"author":{"gitId":"GuiltyClouD"},"content":"        System.out.println(\"Hello from\\n\" + logo);*/","lastModifiedDate":"2021-09-28"},{"lineNumber":13,"author":{"gitId":"GuiltyClouD"},"content":"        String logo \u003d \"    ____________________________________________________________\\n\"","lastModifiedDate":"2021-09-28"},{"lineNumber":14,"author":{"gitId":"GuiltyClouD"},"content":"                + \"     Hello! I\u0027m Duke\\n\"","lastModifiedDate":"2021-09-28"},{"lineNumber":15,"author":{"gitId":"GuiltyClouD"},"content":"                + \"     What can I do for you?\\n\"","lastModifiedDate":"2021-09-28"},{"lineNumber":16,"author":{"gitId":"GuiltyClouD"},"content":"                + \"    ____________________________________________________________\\n\";","lastModifiedDate":"2021-09-28"},{"lineNumber":17,"author":{"gitId":"-"},"content":"        System.out.println(\"Hello from\\n\" + logo);","lastModifiedDate":"2019-07-29"},{"lineNumber":18,"author":{"gitId":"GuiltyClouD"},"content":"        String bye \u003d \"    ____________________________________________________________\\n\"","lastModifiedDate":"2021-09-28"},{"lineNumber":19,"author":{"gitId":"GuiltyClouD"},"content":"                + \"     Bye. Hope to see you again soon!\\n\"","lastModifiedDate":"2021-09-28"},{"lineNumber":20,"author":{"gitId":"GuiltyClouD"},"content":"                + \"    ____________________________________________________________\\n\";","lastModifiedDate":"2021-09-28"},{"lineNumber":21,"author":{"gitId":"GuiltyClouD"},"content":"        String line;","lastModifiedDate":"2021-09-28"},{"lineNumber":22,"author":{"gitId":"GuiltyClouD"},"content":"        String[] newString \u003d new String[100];","lastModifiedDate":"2021-09-28"},{"lineNumber":23,"author":{"gitId":"GuiltyClouD"},"content":"        String[] newDone \u003d new String[100];","lastModifiedDate":"2021-09-28"},{"lineNumber":24,"author":{"gitId":"GuiltyClouD"},"content":"        String[] SplitDoneAndDelete \u003d new String[2];","lastModifiedDate":"2021-10-11"},{"lineNumber":25,"author":{"gitId":"GuiltyClouD"},"content":"        Arrays.fill(newDone, \" \");","lastModifiedDate":"2021-09-28"},{"lineNumber":26,"author":{"gitId":"GuiltyClouD"},"content":"        int counter \u003d 0;","lastModifiedDate":"2021-09-28"},{"lineNumber":27,"author":{"gitId":"GuiltyClouD"},"content":"        while (true)","lastModifiedDate":"2021-09-28"},{"lineNumber":28,"author":{"gitId":"GuiltyClouD"},"content":"        {","lastModifiedDate":"2021-09-28"},{"lineNumber":29,"author":{"gitId":"GuiltyClouD"},"content":"            //level 1 and 2","lastModifiedDate":"2021-09-28"},{"lineNumber":30,"author":{"gitId":"GuiltyClouD"},"content":"            Scanner in \u003d new Scanner(System.in);","lastModifiedDate":"2021-09-28"},{"lineNumber":31,"author":{"gitId":"GuiltyClouD"},"content":"            line \u003d in.nextLine();","lastModifiedDate":"2021-09-28"},{"lineNumber":32,"author":{"gitId":"GuiltyClouD"},"content":"            if (line.equals(\"bye\"))","lastModifiedDate":"2021-09-28"},{"lineNumber":33,"author":{"gitId":"GuiltyClouD"},"content":"            {","lastModifiedDate":"2021-09-28"},{"lineNumber":34,"author":{"gitId":"GuiltyClouD"},"content":"                System.out.print(bye);","lastModifiedDate":"2021-09-28"},{"lineNumber":35,"author":{"gitId":"GuiltyClouD"},"content":"                break;","lastModifiedDate":"2021-09-28"},{"lineNumber":36,"author":{"gitId":"GuiltyClouD"},"content":"            }","lastModifiedDate":"2021-09-28"},{"lineNumber":37,"author":{"gitId":"GuiltyClouD"},"content":"            else if (line.equals(\"list\"))","lastModifiedDate":"2021-09-28"},{"lineNumber":38,"author":{"gitId":"GuiltyClouD"},"content":"            {","lastModifiedDate":"2021-09-28"},{"lineNumber":39,"author":{"gitId":"GuiltyClouD"},"content":"                System.out.print(\"    ____________________________________________________________\\n\"","lastModifiedDate":"2021-09-28"},{"lineNumber":40,"author":{"gitId":"GuiltyClouD"},"content":"                        +    \"     Here are the tasks in your list:\\n\");","lastModifiedDate":"2021-09-28"},{"lineNumber":41,"author":{"gitId":"GuiltyClouD"},"content":"                for (int i \u003d 1; i \u003c\u003d newString.length; i++)","lastModifiedDate":"2021-09-28"},{"lineNumber":42,"author":{"gitId":"GuiltyClouD"},"content":"                {","lastModifiedDate":"2021-09-28"},{"lineNumber":43,"author":{"gitId":"GuiltyClouD"},"content":"                    if (newString[i-1] !\u003d null)","lastModifiedDate":"2021-09-28"},{"lineNumber":44,"author":{"gitId":"GuiltyClouD"},"content":"                    {","lastModifiedDate":"2021-09-28"},{"lineNumber":45,"author":{"gitId":"GuiltyClouD"},"content":"                        System.out.print(\"     \" + i + \".[\" + newDone[i-1] + \"] \" + newString[i-1]","lastModifiedDate":"2021-09-28"},{"lineNumber":46,"author":{"gitId":"GuiltyClouD"},"content":"                                + \"\\n\");","lastModifiedDate":"2021-09-28"},{"lineNumber":47,"author":{"gitId":"GuiltyClouD"},"content":"                    }","lastModifiedDate":"2021-09-28"},{"lineNumber":48,"author":{"gitId":"GuiltyClouD"},"content":"                }","lastModifiedDate":"2021-09-28"},{"lineNumber":49,"author":{"gitId":"GuiltyClouD"},"content":"                System.out.print(\"    ____________________________________________________________\\n\");","lastModifiedDate":"2021-09-28"},{"lineNumber":50,"author":{"gitId":"GuiltyClouD"},"content":"            }","lastModifiedDate":"2021-09-28"},{"lineNumber":51,"author":{"gitId":"GuiltyClouD"},"content":"            else if (line.startsWith(\"done\"))","lastModifiedDate":"2021-10-11"},{"lineNumber":52,"author":{"gitId":"GuiltyClouD"},"content":"            {","lastModifiedDate":"2021-09-28"},{"lineNumber":53,"author":{"gitId":"GuiltyClouD"},"content":"                SplitDoneAndDelete \u003d line.split(\" \");","lastModifiedDate":"2021-10-11"},{"lineNumber":54,"author":{"gitId":"GuiltyClouD"},"content":"                System.out.print(SplitDoneAndDelete);","lastModifiedDate":"2021-10-11"},{"lineNumber":55,"author":{"gitId":"GuiltyClouD"},"content":"                /*String str \u003d \"abcd1234\";","lastModifiedDate":"2021-09-28"},{"lineNumber":56,"author":{"gitId":"GuiltyClouD"},"content":"String[] part \u003d str.split(\"(?\u003c\u003d\\\\D)(?\u003d\\\\d)\");","lastModifiedDate":"2021-09-28"},{"lineNumber":57,"author":{"gitId":"GuiltyClouD"},"content":"System.out.println(part[0]);","lastModifiedDate":"2021-09-28"},{"lineNumber":58,"author":{"gitId":"GuiltyClouD"},"content":"System.out.println(part[1]);","lastModifiedDate":"2021-09-28"},{"lineNumber":59,"author":{"gitId":"GuiltyClouD"},"content":"","lastModifiedDate":"2021-09-28"},{"lineNumber":60,"author":{"gitId":"GuiltyClouD"},"content":"","lastModifiedDate":"2021-09-28"},{"lineNumber":61,"author":{"gitId":"GuiltyClouD"},"content":"will output","lastModifiedDate":"2021-09-28"},{"lineNumber":62,"author":{"gitId":"GuiltyClouD"},"content":"","lastModifiedDate":"2021-09-28"},{"lineNumber":63,"author":{"gitId":"GuiltyClouD"},"content":"abcd","lastModifiedDate":"2021-09-28"},{"lineNumber":64,"author":{"gitId":"GuiltyClouD"},"content":"1234 */","lastModifiedDate":"2021-09-28"},{"lineNumber":65,"author":{"gitId":"GuiltyClouD"},"content":"            }","lastModifiedDate":"2021-09-28"},{"lineNumber":66,"author":{"gitId":"GuiltyClouD"},"content":"            else","lastModifiedDate":"2021-09-28"},{"lineNumber":67,"author":{"gitId":"GuiltyClouD"},"content":"            {","lastModifiedDate":"2021-09-28"},{"lineNumber":68,"author":{"gitId":"GuiltyClouD"},"content":"                newString[counter] \u003d line;","lastModifiedDate":"2021-09-28"},{"lineNumber":69,"author":{"gitId":"GuiltyClouD"},"content":"                System.out.print(\"    ____________________________________________________________\\n\"","lastModifiedDate":"2021-09-28"},{"lineNumber":70,"author":{"gitId":"GuiltyClouD"},"content":"                        + \"     Added: \" + newString[counter]","lastModifiedDate":"2021-09-28"},{"lineNumber":71,"author":{"gitId":"GuiltyClouD"},"content":"                        + \"\\n\" + \"    ____________________________________________________________\\n\");","lastModifiedDate":"2021-09-28"},{"lineNumber":72,"author":{"gitId":"GuiltyClouD"},"content":"                counter++;","lastModifiedDate":"2021-09-28"},{"lineNumber":73,"author":{"gitId":"GuiltyClouD"},"content":"            }","lastModifiedDate":"2021-09-28"},{"lineNumber":74,"author":{"gitId":"-"},"content":"        }","lastModifiedDate":"2019-07-29"},{"lineNumber":75,"author":{"gitId":"-"},"content":"    }","lastModifiedDate":"2019-07-29"},{"lineNumber":76,"author":{"gitId":"-"},"content":"}","lastModifiedDate":"2021-09-28"},{"lineNumber":77,"author":{"gitId":"GuiltyClouD"},"content":"","lastModifiedDate":"2021-09-28"},{"lineNumber":78,"author":{"gitId":"GuiltyClouD"},"content":"","lastModifiedDate":"2021-09-28"}],"authorContributionMap":{"GuiltyClouD":68,"-":10}},{"path":"src/main/java/Task.java","fileType":"java","lines":[{"lineNumber":1,"author":{"gitId":"GuiltyClouD"},"content":"//level 3","lastModifiedDate":"2021-09-28"},{"lineNumber":2,"author":{"gitId":"GuiltyClouD"},"content":"","lastModifiedDate":"2021-09-28"},{"lineNumber":3,"author":{"gitId":"GuiltyClouD"},"content":"public class Task {","lastModifiedDate":"2021-09-28"},{"lineNumber":4,"author":{"gitId":"GuiltyClouD"},"content":"    protected String description;","lastModifiedDate":"2021-09-28"},{"lineNumber":5,"author":{"gitId":"GuiltyClouD"},"content":"    protected boolean isDone;","lastModifiedDate":"2021-09-28"},{"lineNumber":6,"author":{"gitId":"GuiltyClouD"},"content":"","lastModifiedDate":"2021-09-28"},{"lineNumber":7,"author":{"gitId":"GuiltyClouD"},"content":"    public Task(String description) {","lastModifiedDate":"2021-09-28"},{"lineNumber":8,"author":{"gitId":"GuiltyClouD"},"content":"        this.description \u003d description;","lastModifiedDate":"2021-09-28"},{"lineNumber":9,"author":{"gitId":"GuiltyClouD"},"content":"        this.isDone \u003d false;","lastModifiedDate":"2021-09-28"},{"lineNumber":10,"author":{"gitId":"GuiltyClouD"},"content":"    }","lastModifiedDate":"2021-09-28"},{"lineNumber":11,"author":{"gitId":"GuiltyClouD"},"content":"","lastModifiedDate":"2021-09-28"},{"lineNumber":12,"author":{"gitId":"GuiltyClouD"},"content":"    public String getStatusIcon() {","lastModifiedDate":"2021-09-28"},{"lineNumber":13,"author":{"gitId":"GuiltyClouD"},"content":"        return (isDone ? \"X\" : \" \"); // mark done task with X","lastModifiedDate":"2021-09-28"},{"lineNumber":14,"author":{"gitId":"GuiltyClouD"},"content":"    }","lastModifiedDate":"2021-09-28"},{"lineNumber":15,"author":{"gitId":"GuiltyClouD"},"content":"","lastModifiedDate":"2021-09-28"},{"lineNumber":16,"author":{"gitId":"GuiltyClouD"},"content":"    public void markAsDone() {","lastModifiedDate":"2021-09-28"},{"lineNumber":17,"author":{"gitId":"GuiltyClouD"},"content":"        this.isDone \u003d true;","lastModifiedDate":"2021-09-28"},{"lineNumber":18,"author":{"gitId":"GuiltyClouD"},"content":"    }","lastModifiedDate":"2021-09-28"},{"lineNumber":19,"author":{"gitId":"GuiltyClouD"},"content":"    //...","lastModifiedDate":"2021-09-28"},{"lineNumber":20,"author":{"gitId":"GuiltyClouD"},"content":"}","lastModifiedDate":"2021-09-28"}],"authorContributionMap":{"GuiltyClouD":20}}]
