{"authorDailyContributionsMap":{"GuiltyClouD":[{"date":"2021-09-28","commitResults":[{"hash":"ffbe331df2d735bb56b58935b5438bd6fc68a122","messageTitle":"Update Duke.java","messageBody":"","fileTypesAndContributionMap":{"java":{"insertions":10,"deletions":1}}},{"hash":"1d99ef3b5cb4cd72b068e306f783018c8a4650ed","messageTitle":"Create Task.java","messageBody":"","fileTypesAndContributionMap":{"java":{"insertions":20,"deletions":0}}},{"hash":"b26f4b240054c4f940f4d09c1b82ea6ee3b354c0","messageTitle":"Update Duke.java","messageBody":"","fileTypesAndContributionMap":{"java":{"insertions":58,"deletions":1}}}]},{"date":"2021-10-11","commitResults":[{"hash":"96bab04187e972ffa08331f12e815e6fa0d6b18e","messageTitle":"Update Duke.java","messageBody":"","fileTypesAndContributionMap":{"java":{"insertions":4,"deletions":2}}}]},{"date":"2021-11-13","commitResults":[{"hash":"699839d70d9e0dcdfdb00a9d25131eced95edba8","messageTitle":"Update Task.java","messageBody":"","fileTypesAndContributionMap":{"java":{"insertions":6,"deletions":1}}},{"hash":"8eb2671a3a39253789a02491b956c04f83bfddb9","messageTitle":"Update Duke.java","messageBody":"","fileTypesAndContributionMap":{"java":{"insertions":18,"deletions":28}}},{"hash":"f0de5459080c6e1ec73d486af192df71c5f83167","messageTitle":"Create toDo.java","messageBody":"","fileTypesAndContributionMap":{"java":{"insertions":16,"deletions":0}}},{"hash":"5f32e19e2947fe2c4ac3c1129238632f75b6f095","messageTitle":"Create Event.java","messageBody":"","fileTypesAndContributionMap":{"java":{"insertions":16,"deletions":0}}},{"hash":"9007db934aa4bd6357e7677bad995fe69493c4c5","messageTitle":"Update Duke.java","messageBody":"","fileTypesAndContributionMap":{"java":{"insertions":1,"deletions":1}}},{"hash":"1b5bea9dc0cfba8a5f3fe0fa4efe58aa1c40b50f","messageTitle":"Create Deadline.java","messageBody":"","fileTypesAndContributionMap":{"java":{"insertions":16,"deletions":0}}},{"hash":"e42245115b58529ab1c5b066292a0f7fc72fb823","messageTitle":"Update toDo.java","messageBody":"","fileTypesAndContributionMap":{"java":{"insertions":3,"deletions":3}}},{"hash":"3ff0fbe195d574e648097fc252edb1caca192183","messageTitle":"Update Duke.java","messageBody":"","fileTypesAndContributionMap":{"java":{"insertions":36,"deletions":3}}},{"hash":"cfa0727dbb7871ff98b08243cd976f8be4ce1528","messageTitle":"Update Event.java","messageBody":"","fileTypesAndContributionMap":{"java":{"insertions":4,"deletions":4}}},{"hash":"ffc4e9205eb3c99f884f06ba7db6b1fa98b16098","messageTitle":"Update Task.java","messageBody":"","fileTypesAndContributionMap":{"java":{"insertions":4,"deletions":0}}},{"hash":"a54b777baad579261fcff9c8ebaf3b0368a57ad5","messageTitle":"Update Duke.java","messageBody":"","fileTypesAndContributionMap":{"java":{"insertions":1,"deletions":2}}},{"hash":"e3a2b1df2a048e53b9a20892feb7c93c91d1b9c3","messageTitle":"Update Duke.java","messageBody":"","fileTypesAndContributionMap":{"java":{"insertions":1,"deletions":1}}},{"hash":"31ac9cae38c84620e5b4997997f75f92b4429cc1","messageTitle":"Create DukeException.java","messageBody":"","fileTypesAndContributionMap":{"java":{"insertions":5,"deletions":0}}},{"hash":"6b65787e0d2551da8b38ff07d11576723f77a4b8","messageTitle":"Update Duke.java","messageBody":"","fileTypesAndContributionMap":{"java":{"insertions":57,"deletions":59}}},{"hash":"4263435ed11dbbc501a939aa37828c09763b7149","messageTitle":"Update Duke.java","messageBody":"","fileTypesAndContributionMap":{"java":{"insertions":15,"deletions":1}}},{"hash":"65d29c167ed8451e474b819679d0945a466aaf20","messageTitle":"Update Duke.java","messageBody":"","fileTypesAndContributionMap":{"java":{"insertions":12,"deletions":0}}},{"hash":"c7fc9141ba457e76ca0f3faae078db0886dbc6ca","messageTitle":"Update Duke.java","messageBody":"","fileTypesAndContributionMap":{"java":{"insertions":27,"deletions":6}}}]},{"date":"2021-11-14","commitResults":[{"hash":"fc312a7114c97a6ca24abcf7c142990088a19157","messageTitle":"Update Duke.java","messageBody":"","fileTypesAndContributionMap":{"java":{"insertions":11,"deletions":2}}},{"hash":"bcd6006f438dbe5bea9224589bcba9b57c07aaae","messageTitle":"Update Task.java","messageBody":"","fileTypesAndContributionMap":{"java":{"insertions":4,"deletions":0}}},{"hash":"72551e9bfad1176048bb9d60fcacbacf9458f3ee","messageTitle":"Update Duke.java","messageBody":"","fileTypesAndContributionMap":{"java":{"insertions":1,"deletions":1}}},{"hash":"46b4e1a48475652d3ebb3f9d39689efd87c76078","messageTitle":"Update Duke.java","messageBody":"","fileTypesAndContributionMap":{"java":{"insertions":1,"deletions":1}}},{"hash":"7330d20d2dbe58982e21cb011ad74c247fe10d6a","messageTitle":"Update Duke.java","messageBody":"","fileTypesAndContributionMap":{"java":{"insertions":7,"deletions":0}}}]}]},"authorFileTypeContributionMap":{"GuiltyClouD":{"java":238,"md":0,"fxml":0,"sh":0,"bat":0,"gradle":0,"txt":0}},"authorContributionVariance":{"GuiltyClouD":1296.5847},"authorDisplayNameMap":{"GuiltyClouD":"WANG.. WEI"}}
