[{"path":"src/main/java/Command.java","fileType":"java","lines":[{"lineNumber":1,"author":{"gitId":"wxchoong"},"content":"public enum Command {","lastModifiedDate":"2021-10-02"},{"lineNumber":2,"author":{"gitId":"wxchoong"},"content":"    LIST, TODO, DEADLINE, EVENT, DONE, DELETE, BYE","lastModifiedDate":"2021-10-02"},{"lineNumber":3,"author":{"gitId":"wxchoong"},"content":"}","lastModifiedDate":"2021-10-02"}],"authorContributionMap":{"wxchoong":3}},{"path":"src/main/java/Duke.java","fileType":"java","lines":[{"lineNumber":1,"author":{"gitId":"wxchoong"},"content":"import tasks.*;","lastModifiedDate":"2021-09-04"},{"lineNumber":2,"author":{"gitId":"wxchoong"},"content":"import exceptions.*;","lastModifiedDate":"2021-09-04"},{"lineNumber":3,"author":{"gitId":"wxchoong"},"content":"import java.util.*;","lastModifiedDate":"2021-08-25"},{"lineNumber":4,"author":{"gitId":"wxchoong"},"content":"","lastModifiedDate":"2021-08-25"},{"lineNumber":5,"author":{"gitId":"-"},"content":"public class Duke {","lastModifiedDate":"2019-07-29"},{"lineNumber":6,"author":{"gitId":"-"},"content":"    public static void main(String[] args) {","lastModifiedDate":"2019-07-29"},{"lineNumber":7,"author":{"gitId":"wxchoong"},"content":"        boolean exit \u003d false;","lastModifiedDate":"2021-08-25"},{"lineNumber":8,"author":{"gitId":"wxchoong"},"content":"        TaskList taskList \u003d new TaskList();","lastModifiedDate":"2021-09-04"},{"lineNumber":9,"author":{"gitId":"wxchoong"},"content":"        Scanner sc \u003d new Scanner(System.in);","lastModifiedDate":"2021-08-25"},{"lineNumber":10,"author":{"gitId":"wxchoong"},"content":"","lastModifiedDate":"2021-08-25"},{"lineNumber":11,"author":{"gitId":"-"},"content":"        String logo \u003d \" ____        _        \\n\"","lastModifiedDate":"2019-07-29"},{"lineNumber":12,"author":{"gitId":"-"},"content":"                + \"|  _ \\\\ _   _| | _____ \\n\"","lastModifiedDate":"2019-07-29"},{"lineNumber":13,"author":{"gitId":"-"},"content":"                + \"| | | | | | | |/ / _ \\\\\\n\"","lastModifiedDate":"2019-07-29"},{"lineNumber":14,"author":{"gitId":"-"},"content":"                + \"| |_| | |_| |   \u003c  __/\\n\"","lastModifiedDate":"2019-07-29"},{"lineNumber":15,"author":{"gitId":"-"},"content":"                + \"|____/ \\\\__,_|_|\\\\_\\\\___|\\n\";","lastModifiedDate":"2019-07-29"},{"lineNumber":16,"author":{"gitId":"wxchoong"},"content":"        System.out.println(logo);","lastModifiedDate":"2021-08-25"},{"lineNumber":17,"author":{"gitId":"wxchoong"},"content":"        System.out.println(\"__________________________________________\");","lastModifiedDate":"2021-09-04"},{"lineNumber":18,"author":{"gitId":"wxchoong"},"content":"        System.out.println(\"Hello, I\u0027m Duke!\" );","lastModifiedDate":"2021-08-25"},{"lineNumber":19,"author":{"gitId":"wxchoong"},"content":"        System.out.println(\"What can I do for you?\");","lastModifiedDate":"2021-08-25"},{"lineNumber":20,"author":{"gitId":"wxchoong"},"content":"        System.out.println(\"__________________________________________\");","lastModifiedDate":"2021-09-04"},{"lineNumber":21,"author":{"gitId":"wxchoong"},"content":"","lastModifiedDate":"2021-08-25"},{"lineNumber":22,"author":{"gitId":"wxchoong"},"content":"        while (!exit) {","lastModifiedDate":"2021-08-25"},{"lineNumber":23,"author":{"gitId":"wxchoong"},"content":"            String inputStr \u003d sc.nextLine();","lastModifiedDate":"2021-08-25"},{"lineNumber":24,"author":{"gitId":"wxchoong"},"content":"            System.out.println(\"__________________________________________\");","lastModifiedDate":"2021-09-04"},{"lineNumber":25,"author":{"gitId":"wxchoong"},"content":"","lastModifiedDate":"2021-08-25"},{"lineNumber":26,"author":{"gitId":"wxchoong"},"content":"            // Validate command","lastModifiedDate":"2021-10-02"},{"lineNumber":27,"author":{"gitId":"wxchoong"},"content":"            String[] words \u003d inputStr.split(\" \", 2);","lastModifiedDate":"2021-09-25"},{"lineNumber":28,"author":{"gitId":"wxchoong"},"content":"            String keyword \u003d words[0].toUpperCase();","lastModifiedDate":"2021-10-02"},{"lineNumber":29,"author":{"gitId":"wxchoong"},"content":"            Command command;","lastModifiedDate":"2021-10-02"},{"lineNumber":30,"author":{"gitId":"wxchoong"},"content":"            try {","lastModifiedDate":"2021-10-02"},{"lineNumber":31,"author":{"gitId":"wxchoong"},"content":"                command \u003d Command.valueOf(keyword);","lastModifiedDate":"2021-10-02"},{"lineNumber":32,"author":{"gitId":"wxchoong"},"content":"            } catch(IllegalArgumentException e) {","lastModifiedDate":"2021-10-02"},{"lineNumber":33,"author":{"gitId":"wxchoong"},"content":"                System.out.println(\"Sorry, no command \u003c\" + keyword.toLowerCase() + \"\u003e found :(\");","lastModifiedDate":"2021-10-02"},{"lineNumber":34,"author":{"gitId":"wxchoong"},"content":"                System.out.println(\"__________________________________________\");","lastModifiedDate":"2021-10-02"},{"lineNumber":35,"author":{"gitId":"wxchoong"},"content":"                continue;","lastModifiedDate":"2021-10-02"},{"lineNumber":36,"author":{"gitId":"wxchoong"},"content":"            }","lastModifiedDate":"2021-10-02"},{"lineNumber":37,"author":{"gitId":"wxchoong"},"content":"","lastModifiedDate":"2021-09-04"},{"lineNumber":38,"author":{"gitId":"wxchoong"},"content":"            switch(command)","lastModifiedDate":"2021-10-02"},{"lineNumber":39,"author":{"gitId":"wxchoong"},"content":"            {","lastModifiedDate":"2021-09-04"},{"lineNumber":40,"author":{"gitId":"wxchoong"},"content":"                case LIST: {","lastModifiedDate":"2021-10-02"},{"lineNumber":41,"author":{"gitId":"wxchoong"},"content":"                    taskList.printTasks();","lastModifiedDate":"2021-09-04"},{"lineNumber":42,"author":{"gitId":"wxchoong"},"content":"                    break;","lastModifiedDate":"2021-09-04"},{"lineNumber":43,"author":{"gitId":"wxchoong"},"content":"                }","lastModifiedDate":"2021-08-25"},{"lineNumber":44,"author":{"gitId":"wxchoong"},"content":"                case DONE:","lastModifiedDate":"2021-10-02"},{"lineNumber":45,"author":{"gitId":"wxchoong"},"content":"                case DELETE:","lastModifiedDate":"2021-10-02"},{"lineNumber":46,"author":{"gitId":"wxchoong"},"content":"                {","lastModifiedDate":"2021-09-04"},{"lineNumber":47,"author":{"gitId":"wxchoong"},"content":"                    try {","lastModifiedDate":"2021-09-04"},{"lineNumber":48,"author":{"gitId":"wxchoong"},"content":"                        int taskId \u003d Integer.parseInt(words[1]);","lastModifiedDate":"2021-09-04"},{"lineNumber":49,"author":{"gitId":"wxchoong"},"content":"","lastModifiedDate":"2021-09-04"},{"lineNumber":50,"author":{"gitId":"wxchoong"},"content":"                        try {","lastModifiedDate":"2021-09-04"},{"lineNumber":51,"author":{"gitId":"wxchoong"},"content":"                            if(command \u003d\u003d Command.DONE) {","lastModifiedDate":"2021-10-02"},{"lineNumber":52,"author":{"gitId":"wxchoong"},"content":"                                taskList.setDone(taskId);","lastModifiedDate":"2021-09-04"},{"lineNumber":53,"author":{"gitId":"wxchoong"},"content":"                            }","lastModifiedDate":"2021-09-25"},{"lineNumber":54,"author":{"gitId":"wxchoong"},"content":"                            else{","lastModifiedDate":"2021-09-25"},{"lineNumber":55,"author":{"gitId":"wxchoong"},"content":"                                taskList.deleteTask(taskId);","lastModifiedDate":"2021-09-25"},{"lineNumber":56,"author":{"gitId":"wxchoong"},"content":"                            }","lastModifiedDate":"2021-09-25"},{"lineNumber":57,"author":{"gitId":"wxchoong"},"content":"                        } catch (DukeArgumentException e) {","lastModifiedDate":"2021-09-04"},{"lineNumber":58,"author":{"gitId":"wxchoong"},"content":"                            System.out.println(\"Task with id \" + taskId + \" is not found.\");","lastModifiedDate":"2021-09-04"},{"lineNumber":59,"author":{"gitId":"wxchoong"},"content":"                        }","lastModifiedDate":"2021-09-04"},{"lineNumber":60,"author":{"gitId":"wxchoong"},"content":"                    } catch (IndexOutOfBoundsException e) {","lastModifiedDate":"2021-09-04"},{"lineNumber":61,"author":{"gitId":"wxchoong"},"content":"                        System.out.println(\"Task id is missing.\");","lastModifiedDate":"2021-09-04"},{"lineNumber":62,"author":{"gitId":"wxchoong"},"content":"                    }","lastModifiedDate":"2021-09-04"},{"lineNumber":63,"author":{"gitId":"wxchoong"},"content":"                    break;","lastModifiedDate":"2021-09-04"},{"lineNumber":64,"author":{"gitId":"wxchoong"},"content":"                }","lastModifiedDate":"2021-09-04"},{"lineNumber":65,"author":{"gitId":"wxchoong"},"content":"                case TODO:","lastModifiedDate":"2021-10-02"},{"lineNumber":66,"author":{"gitId":"wxchoong"},"content":"                case DEADLINE:","lastModifiedDate":"2021-10-02"},{"lineNumber":67,"author":{"gitId":"wxchoong"},"content":"                case EVENT:","lastModifiedDate":"2021-10-02"},{"lineNumber":68,"author":{"gitId":"wxchoong"},"content":"                {","lastModifiedDate":"2021-09-04"},{"lineNumber":69,"author":{"gitId":"wxchoong"},"content":"                    Task task;","lastModifiedDate":"2021-09-25"},{"lineNumber":70,"author":{"gitId":"wxchoong"},"content":"","lastModifiedDate":"2021-09-04"},{"lineNumber":71,"author":{"gitId":"wxchoong"},"content":"                    switch (command) {","lastModifiedDate":"2021-10-02"},{"lineNumber":72,"author":{"gitId":"wxchoong"},"content":"                        case TODO: {","lastModifiedDate":"2021-10-02"},{"lineNumber":73,"author":{"gitId":"wxchoong"},"content":"                            try {","lastModifiedDate":"2021-09-04"},{"lineNumber":74,"author":{"gitId":"wxchoong"},"content":"                                task \u003d new ToDo(words[1]);","lastModifiedDate":"2021-09-04"},{"lineNumber":75,"author":{"gitId":"wxchoong"},"content":"                                taskList.addTask(task);","lastModifiedDate":"2021-09-04"},{"lineNumber":76,"author":{"gitId":"wxchoong"},"content":"                            } catch (IndexOutOfBoundsException e) {","lastModifiedDate":"2021-10-02"},{"lineNumber":77,"author":{"gitId":"wxchoong"},"content":"                                System.out.println(\"Task cannot be added: \\nDescription is missing.\");","lastModifiedDate":"2021-09-04"},{"lineNumber":78,"author":{"gitId":"wxchoong"},"content":"                            }","lastModifiedDate":"2021-09-04"},{"lineNumber":79,"author":{"gitId":"wxchoong"},"content":"                            break;","lastModifiedDate":"2021-09-04"},{"lineNumber":80,"author":{"gitId":"wxchoong"},"content":"                        }","lastModifiedDate":"2021-09-04"},{"lineNumber":81,"author":{"gitId":"wxchoong"},"content":"                        case DEADLINE: {","lastModifiedDate":"2021-10-02"},{"lineNumber":82,"author":{"gitId":"wxchoong"},"content":"                            try {","lastModifiedDate":"2021-09-04"},{"lineNumber":83,"author":{"gitId":"wxchoong"},"content":"                                String[] deadlineInfo \u003d words[1].split(\" /by \");","lastModifiedDate":"2021-09-25"},{"lineNumber":84,"author":{"gitId":"wxchoong"},"content":"                                task \u003d new Deadline(deadlineInfo[0], deadlineInfo[1]);","lastModifiedDate":"2021-09-04"},{"lineNumber":85,"author":{"gitId":"wxchoong"},"content":"                                taskList.addTask(task);","lastModifiedDate":"2021-09-04"},{"lineNumber":86,"author":{"gitId":"wxchoong"},"content":"                            } catch(IndexOutOfBoundsException e) {","lastModifiedDate":"2021-10-02"},{"lineNumber":87,"author":{"gitId":"wxchoong"},"content":"                                System.out.println(\"Task cannot be added: \\nDeadline or description is missing.\");","lastModifiedDate":"2021-09-04"},{"lineNumber":88,"author":{"gitId":"wxchoong"},"content":"                            }","lastModifiedDate":"2021-09-04"},{"lineNumber":89,"author":{"gitId":"wxchoong"},"content":"                            break;","lastModifiedDate":"2021-09-04"},{"lineNumber":90,"author":{"gitId":"wxchoong"},"content":"                        }","lastModifiedDate":"2021-09-04"},{"lineNumber":91,"author":{"gitId":"wxchoong"},"content":"                        case EVENT: {","lastModifiedDate":"2021-10-02"},{"lineNumber":92,"author":{"gitId":"wxchoong"},"content":"                            try {","lastModifiedDate":"2021-09-04"},{"lineNumber":93,"author":{"gitId":"wxchoong"},"content":"                                String[] eventInfo \u003d words[1].split(\" /at \");","lastModifiedDate":"2021-09-25"},{"lineNumber":94,"author":{"gitId":"wxchoong"},"content":"                                task \u003d new Event(eventInfo[0], eventInfo[1]);","lastModifiedDate":"2021-09-04"},{"lineNumber":95,"author":{"gitId":"wxchoong"},"content":"                                taskList.addTask(task);","lastModifiedDate":"2021-09-04"},{"lineNumber":96,"author":{"gitId":"wxchoong"},"content":"                            } catch(IndexOutOfBoundsException e) {","lastModifiedDate":"2021-10-02"},{"lineNumber":97,"author":{"gitId":"wxchoong"},"content":"                                System.out.println(\"Task cannot be added: \\nEvent time or description is missing\");","lastModifiedDate":"2021-09-04"},{"lineNumber":98,"author":{"gitId":"wxchoong"},"content":"                            }","lastModifiedDate":"2021-08-25"},{"lineNumber":99,"author":{"gitId":"wxchoong"},"content":"                            break;","lastModifiedDate":"2021-09-04"},{"lineNumber":100,"author":{"gitId":"wxchoong"},"content":"                        }","lastModifiedDate":"2021-09-04"},{"lineNumber":101,"author":{"gitId":"wxchoong"},"content":"                    }","lastModifiedDate":"2021-09-04"},{"lineNumber":102,"author":{"gitId":"wxchoong"},"content":"                    break;","lastModifiedDate":"2021-09-04"},{"lineNumber":103,"author":{"gitId":"wxchoong"},"content":"                }","lastModifiedDate":"2021-09-04"},{"lineNumber":104,"author":{"gitId":"wxchoong"},"content":"                case BYE: {","lastModifiedDate":"2021-10-02"},{"lineNumber":105,"author":{"gitId":"wxchoong"},"content":"                    System.out.println(\"Bye. Hope to see you again soon!\");","lastModifiedDate":"2021-09-04"},{"lineNumber":106,"author":{"gitId":"wxchoong"},"content":"                    exit \u003d true;","lastModifiedDate":"2021-09-04"},{"lineNumber":107,"author":{"gitId":"wxchoong"},"content":"                    break;","lastModifiedDate":"2021-09-04"},{"lineNumber":108,"author":{"gitId":"wxchoong"},"content":"                }","lastModifiedDate":"2021-09-04"},{"lineNumber":109,"author":{"gitId":"wxchoong"},"content":"                default: {","lastModifiedDate":"2021-09-04"},{"lineNumber":110,"author":{"gitId":"wxchoong"},"content":"                    System.out.println(\"Sorry, no command \u003c\" + keyword.toLowerCase() + \"\u003e found :(\");","lastModifiedDate":"2021-10-02"},{"lineNumber":111,"author":{"gitId":"wxchoong"},"content":"                    break;","lastModifiedDate":"2021-09-04"},{"lineNumber":112,"author":{"gitId":"wxchoong"},"content":"                }","lastModifiedDate":"2021-09-04"},{"lineNumber":113,"author":{"gitId":"wxchoong"},"content":"            }","lastModifiedDate":"2021-09-04"},{"lineNumber":114,"author":{"gitId":"wxchoong"},"content":"","lastModifiedDate":"2021-09-04"},{"lineNumber":115,"author":{"gitId":"wxchoong"},"content":"            System.out.println(\"__________________________________________\");","lastModifiedDate":"2021-09-04"},{"lineNumber":116,"author":{"gitId":"wxchoong"},"content":"        }","lastModifiedDate":"2021-08-25"},{"lineNumber":117,"author":{"gitId":"-"},"content":"    }","lastModifiedDate":"2019-07-29"},{"lineNumber":118,"author":{"gitId":"-"},"content":"}","lastModifiedDate":"2019-07-29"}],"authorContributionMap":{"wxchoong":109,"-":9}},{"path":"src/main/java/exceptions/DukeArgumentException.java","fileType":"java","lines":[{"lineNumber":1,"author":{"gitId":"wxchoong"},"content":"package exceptions;","lastModifiedDate":"2021-09-04"},{"lineNumber":2,"author":{"gitId":"wxchoong"},"content":"","lastModifiedDate":"2021-09-04"},{"lineNumber":3,"author":{"gitId":"wxchoong"},"content":"public class DukeArgumentException extends IndexOutOfBoundsException{","lastModifiedDate":"2021-09-04"},{"lineNumber":4,"author":{"gitId":"wxchoong"},"content":"}","lastModifiedDate":"2021-09-04"}],"authorContributionMap":{"wxchoong":4}},{"path":"src/main/java/tasks/Deadline.java","fileType":"java","lines":[{"lineNumber":1,"author":{"gitId":"wxchoong"},"content":"package tasks;","lastModifiedDate":"2021-09-04"},{"lineNumber":2,"author":{"gitId":"wxchoong"},"content":"","lastModifiedDate":"2021-09-04"},{"lineNumber":3,"author":{"gitId":"wxchoong"},"content":"public class Deadline extends Task {","lastModifiedDate":"2021-09-04"},{"lineNumber":4,"author":{"gitId":"wxchoong"},"content":"","lastModifiedDate":"2021-09-04"},{"lineNumber":5,"author":{"gitId":"wxchoong"},"content":"    protected String by;","lastModifiedDate":"2021-09-04"},{"lineNumber":6,"author":{"gitId":"wxchoong"},"content":"","lastModifiedDate":"2021-09-04"},{"lineNumber":7,"author":{"gitId":"wxchoong"},"content":"    public Deadline(String description, String by) {","lastModifiedDate":"2021-09-04"},{"lineNumber":8,"author":{"gitId":"wxchoong"},"content":"        super(description);","lastModifiedDate":"2021-09-04"},{"lineNumber":9,"author":{"gitId":"wxchoong"},"content":"        this.by \u003d by;","lastModifiedDate":"2021-09-04"},{"lineNumber":10,"author":{"gitId":"wxchoong"},"content":"    }","lastModifiedDate":"2021-09-04"},{"lineNumber":11,"author":{"gitId":"wxchoong"},"content":"","lastModifiedDate":"2021-09-04"},{"lineNumber":12,"author":{"gitId":"wxchoong"},"content":"    @Override","lastModifiedDate":"2021-09-04"},{"lineNumber":13,"author":{"gitId":"wxchoong"},"content":"    public String toString()","lastModifiedDate":"2021-09-04"},{"lineNumber":14,"author":{"gitId":"wxchoong"},"content":"    {","lastModifiedDate":"2021-09-04"},{"lineNumber":15,"author":{"gitId":"wxchoong"},"content":"        return \"[D]\" + super.toString() + \" (by: \" + by + \")\";","lastModifiedDate":"2021-09-04"},{"lineNumber":16,"author":{"gitId":"wxchoong"},"content":"    }","lastModifiedDate":"2021-09-04"},{"lineNumber":17,"author":{"gitId":"wxchoong"},"content":"}","lastModifiedDate":"2021-09-04"}],"authorContributionMap":{"wxchoong":17}},{"path":"src/main/java/tasks/Event.java","fileType":"java","lines":[{"lineNumber":1,"author":{"gitId":"wxchoong"},"content":"package tasks;","lastModifiedDate":"2021-09-04"},{"lineNumber":2,"author":{"gitId":"wxchoong"},"content":"","lastModifiedDate":"2021-09-04"},{"lineNumber":3,"author":{"gitId":"wxchoong"},"content":"public class Event extends Task {","lastModifiedDate":"2021-09-04"},{"lineNumber":4,"author":{"gitId":"wxchoong"},"content":"","lastModifiedDate":"2021-09-04"},{"lineNumber":5,"author":{"gitId":"wxchoong"},"content":"    protected String at;","lastModifiedDate":"2021-09-04"},{"lineNumber":6,"author":{"gitId":"wxchoong"},"content":"","lastModifiedDate":"2021-09-04"},{"lineNumber":7,"author":{"gitId":"wxchoong"},"content":"    public Event(String description, String at) {","lastModifiedDate":"2021-09-04"},{"lineNumber":8,"author":{"gitId":"wxchoong"},"content":"        super(description);","lastModifiedDate":"2021-09-04"},{"lineNumber":9,"author":{"gitId":"wxchoong"},"content":"        this.at \u003d at;","lastModifiedDate":"2021-09-04"},{"lineNumber":10,"author":{"gitId":"wxchoong"},"content":"    }","lastModifiedDate":"2021-09-04"},{"lineNumber":11,"author":{"gitId":"wxchoong"},"content":"","lastModifiedDate":"2021-09-04"},{"lineNumber":12,"author":{"gitId":"wxchoong"},"content":"    @Override","lastModifiedDate":"2021-09-04"},{"lineNumber":13,"author":{"gitId":"wxchoong"},"content":"    public String toString()","lastModifiedDate":"2021-09-04"},{"lineNumber":14,"author":{"gitId":"wxchoong"},"content":"    {","lastModifiedDate":"2021-09-04"},{"lineNumber":15,"author":{"gitId":"wxchoong"},"content":"        return \"[E]\" + super.toString() + \" (at: \" + at + \")\";","lastModifiedDate":"2021-09-04"},{"lineNumber":16,"author":{"gitId":"wxchoong"},"content":"    }","lastModifiedDate":"2021-09-04"},{"lineNumber":17,"author":{"gitId":"wxchoong"},"content":"}","lastModifiedDate":"2021-09-04"}],"authorContributionMap":{"wxchoong":17}},{"path":"src/main/java/tasks/Task.java","fileType":"java","lines":[{"lineNumber":1,"author":{"gitId":"wxchoong"},"content":"package tasks;","lastModifiedDate":"2021-09-04"},{"lineNumber":2,"author":{"gitId":"wxchoong"},"content":"","lastModifiedDate":"2021-09-04"},{"lineNumber":3,"author":{"gitId":"wxchoong"},"content":"public class Task {","lastModifiedDate":"2021-08-25"},{"lineNumber":4,"author":{"gitId":"wxchoong"},"content":"    private static int taskCount;","lastModifiedDate":"2021-08-25"},{"lineNumber":5,"author":{"gitId":"wxchoong"},"content":"","lastModifiedDate":"2021-08-25"},{"lineNumber":6,"author":{"gitId":"wxchoong"},"content":"    protected int id;","lastModifiedDate":"2021-08-25"},{"lineNumber":7,"author":{"gitId":"wxchoong"},"content":"    protected String description;","lastModifiedDate":"2021-08-25"},{"lineNumber":8,"author":{"gitId":"wxchoong"},"content":"    protected boolean isDone;","lastModifiedDate":"2021-08-25"},{"lineNumber":9,"author":{"gitId":"wxchoong"},"content":"","lastModifiedDate":"2021-08-25"},{"lineNumber":10,"author":{"gitId":"wxchoong"},"content":"    public Task(String description)","lastModifiedDate":"2021-08-25"},{"lineNumber":11,"author":{"gitId":"wxchoong"},"content":"    {","lastModifiedDate":"2021-08-25"},{"lineNumber":12,"author":{"gitId":"wxchoong"},"content":"        taskCount++;","lastModifiedDate":"2021-08-25"},{"lineNumber":13,"author":{"gitId":"wxchoong"},"content":"","lastModifiedDate":"2021-08-25"},{"lineNumber":14,"author":{"gitId":"wxchoong"},"content":"        this.id \u003d taskCount;","lastModifiedDate":"2021-08-25"},{"lineNumber":15,"author":{"gitId":"wxchoong"},"content":"        this.description \u003d description;","lastModifiedDate":"2021-08-25"},{"lineNumber":16,"author":{"gitId":"wxchoong"},"content":"        this.isDone \u003d false;","lastModifiedDate":"2021-08-25"},{"lineNumber":17,"author":{"gitId":"wxchoong"},"content":"    }","lastModifiedDate":"2021-08-25"},{"lineNumber":18,"author":{"gitId":"wxchoong"},"content":"","lastModifiedDate":"2021-08-25"},{"lineNumber":19,"author":{"gitId":"wxchoong"},"content":"    public int getTaskId() { return id; }","lastModifiedDate":"2021-09-04"},{"lineNumber":20,"author":{"gitId":"wxchoong"},"content":"","lastModifiedDate":"2021-09-04"},{"lineNumber":21,"author":{"gitId":"wxchoong"},"content":"    public String getDescription() {","lastModifiedDate":"2021-08-25"},{"lineNumber":22,"author":{"gitId":"wxchoong"},"content":"        return description;","lastModifiedDate":"2021-08-25"},{"lineNumber":23,"author":{"gitId":"wxchoong"},"content":"    }","lastModifiedDate":"2021-08-25"},{"lineNumber":24,"author":{"gitId":"wxchoong"},"content":"","lastModifiedDate":"2021-08-25"},{"lineNumber":25,"author":{"gitId":"wxchoong"},"content":"    public String getStatusIcon()","lastModifiedDate":"2021-08-25"},{"lineNumber":26,"author":{"gitId":"wxchoong"},"content":"    {","lastModifiedDate":"2021-08-25"},{"lineNumber":27,"author":{"gitId":"wxchoong"},"content":"        return (isDone ? \"X\" : \" \");","lastModifiedDate":"2021-08-25"},{"lineNumber":28,"author":{"gitId":"wxchoong"},"content":"    }","lastModifiedDate":"2021-08-25"},{"lineNumber":29,"author":{"gitId":"wxchoong"},"content":"","lastModifiedDate":"2021-08-25"},{"lineNumber":30,"author":{"gitId":"wxchoong"},"content":"    public void markAsDone(){","lastModifiedDate":"2021-08-25"},{"lineNumber":31,"author":{"gitId":"wxchoong"},"content":"        isDone \u003d true;","lastModifiedDate":"2021-08-25"},{"lineNumber":32,"author":{"gitId":"wxchoong"},"content":"    }","lastModifiedDate":"2021-08-25"},{"lineNumber":33,"author":{"gitId":"wxchoong"},"content":"","lastModifiedDate":"2021-08-25"},{"lineNumber":34,"author":{"gitId":"wxchoong"},"content":"    @Override","lastModifiedDate":"2021-08-25"},{"lineNumber":35,"author":{"gitId":"wxchoong"},"content":"    public String toString()","lastModifiedDate":"2021-08-25"},{"lineNumber":36,"author":{"gitId":"wxchoong"},"content":"    {","lastModifiedDate":"2021-08-25"},{"lineNumber":37,"author":{"gitId":"wxchoong"},"content":"        return \"[\" + getStatusIcon() + \"] \" + getDescription();","lastModifiedDate":"2021-09-04"},{"lineNumber":38,"author":{"gitId":"wxchoong"},"content":"    }","lastModifiedDate":"2021-08-25"},{"lineNumber":39,"author":{"gitId":"wxchoong"},"content":"}","lastModifiedDate":"2021-08-25"}],"authorContributionMap":{"wxchoong":39}},{"path":"src/main/java/tasks/TaskList.java","fileType":"java","lines":[{"lineNumber":1,"author":{"gitId":"wxchoong"},"content":"package tasks;","lastModifiedDate":"2021-09-04"},{"lineNumber":2,"author":{"gitId":"wxchoong"},"content":"","lastModifiedDate":"2021-09-04"},{"lineNumber":3,"author":{"gitId":"wxchoong"},"content":"import exceptions.*;","lastModifiedDate":"2021-09-04"},{"lineNumber":4,"author":{"gitId":"wxchoong"},"content":"","lastModifiedDate":"2021-09-04"},{"lineNumber":5,"author":{"gitId":"wxchoong"},"content":"import java.util.ArrayList;","lastModifiedDate":"2021-09-04"},{"lineNumber":6,"author":{"gitId":"wxchoong"},"content":"","lastModifiedDate":"2021-09-04"},{"lineNumber":7,"author":{"gitId":"wxchoong"},"content":"public class TaskList {","lastModifiedDate":"2021-09-04"},{"lineNumber":8,"author":{"gitId":"wxchoong"},"content":"    private ArrayList\u003cTask\u003e taskList;","lastModifiedDate":"2021-09-04"},{"lineNumber":9,"author":{"gitId":"wxchoong"},"content":"","lastModifiedDate":"2021-09-04"},{"lineNumber":10,"author":{"gitId":"wxchoong"},"content":"    public TaskList() {","lastModifiedDate":"2021-09-04"},{"lineNumber":11,"author":{"gitId":"wxchoong"},"content":"        taskList \u003d new ArrayList\u003c\u003e();","lastModifiedDate":"2021-09-25"},{"lineNumber":12,"author":{"gitId":"wxchoong"},"content":"    }","lastModifiedDate":"2021-09-04"},{"lineNumber":13,"author":{"gitId":"wxchoong"},"content":"","lastModifiedDate":"2021-09-04"},{"lineNumber":14,"author":{"gitId":"wxchoong"},"content":"    public int getListSize() { return taskList.size(); }","lastModifiedDate":"2021-09-04"},{"lineNumber":15,"author":{"gitId":"wxchoong"},"content":"","lastModifiedDate":"2021-09-04"},{"lineNumber":16,"author":{"gitId":"wxchoong"},"content":"    public void printTasks() {","lastModifiedDate":"2021-09-04"},{"lineNumber":17,"author":{"gitId":"wxchoong"},"content":"        if(taskList.size() \u003d\u003d 0){","lastModifiedDate":"2021-09-04"},{"lineNumber":18,"author":{"gitId":"wxchoong"},"content":"            System.out.println(\"There\u0027s no task now :D\");","lastModifiedDate":"2021-09-04"},{"lineNumber":19,"author":{"gitId":"wxchoong"},"content":"        }","lastModifiedDate":"2021-09-04"},{"lineNumber":20,"author":{"gitId":"wxchoong"},"content":"        else {","lastModifiedDate":"2021-09-04"},{"lineNumber":21,"author":{"gitId":"wxchoong"},"content":"            System.out.println(\"Here are the task(s) in your list:\");","lastModifiedDate":"2021-09-04"},{"lineNumber":22,"author":{"gitId":"wxchoong"},"content":"","lastModifiedDate":"2021-09-25"},{"lineNumber":23,"author":{"gitId":"wxchoong"},"content":"            int index \u003d 1;","lastModifiedDate":"2021-09-25"},{"lineNumber":24,"author":{"gitId":"wxchoong"},"content":"            for (Task task : taskList) {","lastModifiedDate":"2021-09-04"},{"lineNumber":25,"author":{"gitId":"wxchoong"},"content":"                System.out.println(index + \". \" + task);","lastModifiedDate":"2021-09-25"},{"lineNumber":26,"author":{"gitId":"wxchoong"},"content":"                index++;","lastModifiedDate":"2021-09-25"},{"lineNumber":27,"author":{"gitId":"wxchoong"},"content":"            }","lastModifiedDate":"2021-09-04"},{"lineNumber":28,"author":{"gitId":"wxchoong"},"content":"        }","lastModifiedDate":"2021-09-04"},{"lineNumber":29,"author":{"gitId":"wxchoong"},"content":"    }","lastModifiedDate":"2021-09-04"},{"lineNumber":30,"author":{"gitId":"wxchoong"},"content":"","lastModifiedDate":"2021-09-04"},{"lineNumber":31,"author":{"gitId":"wxchoong"},"content":"    public void setDone(int taskId) throws DukeArgumentException {","lastModifiedDate":"2021-09-04"},{"lineNumber":32,"author":{"gitId":"wxchoong"},"content":"        if (taskId \u003e taskList.size()){","lastModifiedDate":"2021-09-04"},{"lineNumber":33,"author":{"gitId":"wxchoong"},"content":"            throw new DukeArgumentException();","lastModifiedDate":"2021-09-04"},{"lineNumber":34,"author":{"gitId":"wxchoong"},"content":"        }","lastModifiedDate":"2021-09-04"},{"lineNumber":35,"author":{"gitId":"wxchoong"},"content":"        else {","lastModifiedDate":"2021-09-04"},{"lineNumber":36,"author":{"gitId":"wxchoong"},"content":"            Task doneTask \u003d taskList.get(taskId - 1);","lastModifiedDate":"2021-09-04"},{"lineNumber":37,"author":{"gitId":"wxchoong"},"content":"            doneTask.markAsDone();","lastModifiedDate":"2021-09-04"},{"lineNumber":38,"author":{"gitId":"wxchoong"},"content":"","lastModifiedDate":"2021-09-04"},{"lineNumber":39,"author":{"gitId":"wxchoong"},"content":"            System.out.println(\"Amazing! The task is marked as done now:\");","lastModifiedDate":"2021-09-04"},{"lineNumber":40,"author":{"gitId":"wxchoong"},"content":"            System.out.println(doneTask);","lastModifiedDate":"2021-09-04"},{"lineNumber":41,"author":{"gitId":"wxchoong"},"content":"        }","lastModifiedDate":"2021-09-04"},{"lineNumber":42,"author":{"gitId":"wxchoong"},"content":"    }","lastModifiedDate":"2021-09-04"},{"lineNumber":43,"author":{"gitId":"wxchoong"},"content":"","lastModifiedDate":"2021-09-04"},{"lineNumber":44,"author":{"gitId":"wxchoong"},"content":"    public void deleteTask(int taskId) throws DukeArgumentException {","lastModifiedDate":"2021-09-25"},{"lineNumber":45,"author":{"gitId":"wxchoong"},"content":"        if (taskId \u003e taskList.size()){","lastModifiedDate":"2021-09-25"},{"lineNumber":46,"author":{"gitId":"wxchoong"},"content":"            throw new DukeArgumentException();","lastModifiedDate":"2021-09-25"},{"lineNumber":47,"author":{"gitId":"wxchoong"},"content":"        }","lastModifiedDate":"2021-09-25"},{"lineNumber":48,"author":{"gitId":"wxchoong"},"content":"        else {","lastModifiedDate":"2021-09-25"},{"lineNumber":49,"author":{"gitId":"wxchoong"},"content":"            Task deletedTask \u003d taskList.get(taskId - 1);","lastModifiedDate":"2021-09-25"},{"lineNumber":50,"author":{"gitId":"wxchoong"},"content":"            taskList.remove(taskId - 1);","lastModifiedDate":"2021-09-25"},{"lineNumber":51,"author":{"gitId":"wxchoong"},"content":"","lastModifiedDate":"2021-09-25"},{"lineNumber":52,"author":{"gitId":"wxchoong"},"content":"            System.out.println(\"Noted. I\u0027ve removed this task: \");","lastModifiedDate":"2021-09-25"},{"lineNumber":53,"author":{"gitId":"wxchoong"},"content":"            System.out.println(deletedTask);","lastModifiedDate":"2021-09-25"},{"lineNumber":54,"author":{"gitId":"wxchoong"},"content":"            System.out.println(\"Now you have \" + getListSize() + \" task(s) in the list\");","lastModifiedDate":"2021-09-25"},{"lineNumber":55,"author":{"gitId":"wxchoong"},"content":"        }","lastModifiedDate":"2021-09-25"},{"lineNumber":56,"author":{"gitId":"wxchoong"},"content":"    }","lastModifiedDate":"2021-09-25"},{"lineNumber":57,"author":{"gitId":"wxchoong"},"content":"","lastModifiedDate":"2021-09-25"},{"lineNumber":58,"author":{"gitId":"wxchoong"},"content":"    public void addTask(Task task){","lastModifiedDate":"2021-09-04"},{"lineNumber":59,"author":{"gitId":"wxchoong"},"content":"        taskList.add(task);","lastModifiedDate":"2021-09-04"},{"lineNumber":60,"author":{"gitId":"wxchoong"},"content":"","lastModifiedDate":"2021-09-04"},{"lineNumber":61,"author":{"gitId":"wxchoong"},"content":"        System.out.println(\"Got it! I\u0027ve added this task: \");","lastModifiedDate":"2021-09-04"},{"lineNumber":62,"author":{"gitId":"wxchoong"},"content":"        System.out.println(task.toString());","lastModifiedDate":"2021-09-04"},{"lineNumber":63,"author":{"gitId":"wxchoong"},"content":"        System.out.println(\"Now you have \" + getListSize() + \" task(s) in the list\");","lastModifiedDate":"2021-09-04"},{"lineNumber":64,"author":{"gitId":"wxchoong"},"content":"    }","lastModifiedDate":"2021-09-04"},{"lineNumber":65,"author":{"gitId":"wxchoong"},"content":"}","lastModifiedDate":"2021-09-04"}],"authorContributionMap":{"wxchoong":65}},{"path":"src/main/java/tasks/ToDo.java","fileType":"java","lines":[{"lineNumber":1,"author":{"gitId":"wxchoong"},"content":"package tasks;","lastModifiedDate":"2021-09-04"},{"lineNumber":2,"author":{"gitId":"wxchoong"},"content":"","lastModifiedDate":"2021-09-04"},{"lineNumber":3,"author":{"gitId":"wxchoong"},"content":"public class ToDo extends Task {","lastModifiedDate":"2021-09-04"},{"lineNumber":4,"author":{"gitId":"wxchoong"},"content":"","lastModifiedDate":"2021-09-04"},{"lineNumber":5,"author":{"gitId":"wxchoong"},"content":"    public ToDo(String description) {","lastModifiedDate":"2021-09-04"},{"lineNumber":6,"author":{"gitId":"wxchoong"},"content":"        super(description);","lastModifiedDate":"2021-09-04"},{"lineNumber":7,"author":{"gitId":"wxchoong"},"content":"    }","lastModifiedDate":"2021-09-04"},{"lineNumber":8,"author":{"gitId":"wxchoong"},"content":"","lastModifiedDate":"2021-09-04"},{"lineNumber":9,"author":{"gitId":"wxchoong"},"content":"    @Override","lastModifiedDate":"2021-09-04"},{"lineNumber":10,"author":{"gitId":"wxchoong"},"content":"    public String toString()","lastModifiedDate":"2021-09-04"},{"lineNumber":11,"author":{"gitId":"wxchoong"},"content":"    {","lastModifiedDate":"2021-09-04"},{"lineNumber":12,"author":{"gitId":"wxchoong"},"content":"        return \"[T]\" + super.toString();","lastModifiedDate":"2021-09-04"},{"lineNumber":13,"author":{"gitId":"wxchoong"},"content":"    }","lastModifiedDate":"2021-09-04"},{"lineNumber":14,"author":{"gitId":"wxchoong"},"content":"}","lastModifiedDate":"2021-09-04"}],"authorContributionMap":{"wxchoong":14}},{"path":"text-ui-test/input.txt","fileType":"txt","lines":[{"lineNumber":1,"author":{"gitId":"wxchoong"},"content":"list","lastModifiedDate":"2021-09-02"},{"lineNumber":2,"author":{"gitId":"wxchoong"},"content":"read a book","lastModifiedDate":"2021-09-02"},{"lineNumber":3,"author":{"gitId":"wxchoong"},"content":"todo","lastModifiedDate":"2021-09-04"},{"lineNumber":4,"author":{"gitId":"wxchoong"},"content":"todo read a book","lastModifiedDate":"2021-09-04"},{"lineNumber":5,"author":{"gitId":"wxchoong"},"content":"deadline return the book","lastModifiedDate":"2021-09-04"},{"lineNumber":6,"author":{"gitId":"wxchoong"},"content":"deadline return the book /by","lastModifiedDate":"2021-09-04"},{"lineNumber":7,"author":{"gitId":"wxchoong"},"content":"deadline return the book /by 6th Sep","lastModifiedDate":"2021-09-04"},{"lineNumber":8,"author":{"gitId":"wxchoong"},"content":"eventt meeting /at 9th Sep 2pm-3pm","lastModifiedDate":"2021-09-04"},{"lineNumber":9,"author":{"gitId":"wxchoong"},"content":"event /at 9th Sep 2pm-3pm","lastModifiedDate":"2021-09-04"},{"lineNumber":10,"author":{"gitId":"wxchoong"},"content":"event meeting /at 9th Sep 2pm-3pm","lastModifiedDate":"2021-09-04"},{"lineNumber":11,"author":{"gitId":"wxchoong"},"content":"list","lastModifiedDate":"2021-09-04"},{"lineNumber":12,"author":{"gitId":"wxchoong"},"content":"done 1","lastModifiedDate":"2021-09-02"},{"lineNumber":13,"author":{"gitId":"wxchoong"},"content":"done 3","lastModifiedDate":"2021-09-04"},{"lineNumber":14,"author":{"gitId":"wxchoong"},"content":"done","lastModifiedDate":"2021-09-04"},{"lineNumber":15,"author":{"gitId":"wxchoong"},"content":"done 5","lastModifiedDate":"2021-09-04"},{"lineNumber":16,"author":{"gitId":"wxchoong"},"content":"delete 2","lastModifiedDate":"2021-10-02"},{"lineNumber":17,"author":{"gitId":"wxchoong"},"content":"list","lastModifiedDate":"2021-09-02"},{"lineNumber":18,"author":{"gitId":"wxchoong"},"content":"bye","lastModifiedDate":"2021-09-02"}],"authorContributionMap":{"wxchoong":18}}]
