{"authorDailyContributionsMap":{"wxchoong":[{"date":"2021-08-25","commitResults":[{"hash":"f82ea7b9c8c394f14c4989aafe494604f86deb64","messageTitle":"Implemented Level 1","messageBody":"","tags":["Level-1"],"fileTypesAndContributionMap":{"java":{"insertions":22,"deletions":1}}},{"hash":"18cf9bfcdffe5a29f74dac0339137866b8530b71","messageTitle":"Implemented Level 2","messageBody":"","tags":["Level-2"],"fileTypesAndContributionMap":{"java":{"insertions":16,"deletions":2}}},{"hash":"8a558e8c65e70d60c7a88da343d07af3afaca8d4","messageTitle":"Added task class and implemented mark done function","messageBody":"","fileTypesAndContributionMap":{"java":{"insertions":52,"deletions":6}}}]},{"date":"2021-09-02","commitResults":[{"hash":"1e902ce9fb20ece4170cd46bba1252fc8b9d161b","messageTitle":"Implemented level-3","messageBody":"","tags":["Level-3"],"fileTypesAndContributionMap":{"txt":{"insertions":7,"deletions":0},"java":{"insertions":2,"deletions":0}}}]},{"date":"2021-09-04","commitResults":[{"hash":"406903858082d3bcedfa98f5208436ac009035e2","messageTitle":"Implemented level-4","messageBody":"","fileTypesAndContributionMap":{"txt":{"insertions":8,"deletions":2},"java":{"insertions":134,"deletions":30}}},{"hash":"3981f6d0f97438a1b83685d5c251d865baf7b704","messageTitle":"level-4 cleanup and bugfix","messageBody":"","tags":["Level-4"],"fileTypesAndContributionMap":{"txt":{"insertions":5,"deletions":3},"java":{"insertions":71,"deletions":42}}},{"hash":"c86417f279ca0c3e1e063344e7b50eff49498a02","messageTitle":"level-5 implementation in progress","messageBody":"","tags":["Level-5"],"fileTypesAndContributionMap":{"txt":{"insertions":2,"deletions":0},"java":{"insertions":38,"deletions":19}}}]},{"date":"2021-09-25","commitResults":[{"hash":"540b5b70e96aa886560ba43962937bd9142df309","messageTitle":"implemented delete function","messageBody":"","tags":["Level-6"],"fileTypesAndContributionMap":{"java":{"insertions":30,"deletions":7}}}]},{"date":"2021-10-02","commitResults":[{"hash":"64f1b4641edf12a856ae408484a500bbfb09f8fd","messageTitle":"Added enum class for command","messageBody":"","tags":["A-Enums"],"fileTypesAndContributionMap":{"txt":{"insertions":1,"deletions":0},"java":{"insertions":31,"deletions":22}}}]},{"date":"2021-10-03","commitResults":[{"hash":"7d0951a1c8f533ce9a3c60217a7e91106d2d4331","messageTitle":"Implemented A-MoreOop and Level-7","messageBody":"","tags":["Level-7","A-Packages","A-MoreOOP"],"fileTypesAndContributionMap":{"java":{"insertions":516,"deletions":145}}}]},{"date":"2021-10-10","commitResults":[{"hash":"4d071d3168bc9513a54918511f7819258f207f9a","messageTitle":"Implemented Level-8","messageBody":"","tags":["Level-8"],"fileTypesAndContributionMap":{"java":{"insertions":43,"deletions":17}}},{"hash":"d7862e542742d25bee284aacf652ec53fdc99720","messageTitle":"Added documentations to all existing methods","messageBody":"","tags":["A-JavaDoc"],"fileTypesAndContributionMap":{"java":{"insertions":220,"deletions":14}}}]},{"date":"2021-10-15","commitResults":[{"hash":"c3b245a913b66ad81e6e57002e6b21aa1f4c7aeb","messageTitle":"Added gradle support","messageBody":"","tags":["A-Gradle"],"fileTypesAndContributionMap":{"gradle":{"insertions":1,"deletions":1}}}]},{"date":"2021-10-16","commitResults":[{"hash":"cb3b00068a4371ccb86dbaec421df7e4f8da12be","messageTitle":"JUnit Testing implementation in progress (task package done)","messageBody":"","fileTypesAndContributionMap":{"java":{"insertions":262,"deletions":2}}}]},{"date":"2021-10-17","commitResults":[{"hash":"d1a54bf7e82a955e7ffb3da986bd379e0b0bb49b","messageTitle":"Implemented JUnit test for parser and storage, implemented level 9","messageBody":"","tags":["Level-9","A-JUnit"],"fileTypesAndContributionMap":{"java":{"insertions":159,"deletions":8}}},{"hash":"8b1df95fc8d8a459e005630f640af3bf3407ed2c","messageTitle":"Fixed bugs for running with gradle, reformmat deadline and event tasks","messageBody":"","fileTypesAndContributionMap":{"java":{"insertions":70,"deletions":33}}},{"hash":"248039a1b85633ef8b1f4d75617d6f20c06d78ab","messageTitle":"Bug fix for event, schduler implementation in progress","messageBody":"","tags":["Level-8-BugFix"],"fileTypesAndContributionMap":{"java":{"insertions":118,"deletions":10}}}]},{"date":"2021-10-20","commitResults":[{"hash":"bdf5f36a3fb40ccb87e78e345fb27c2e05227a1b","messageTitle":"Code cleaning in progress","messageBody":"","fileTypesAndContributionMap":{"java":{"insertions":115,"deletions":145}}}]},{"date":"2021-10-21","commitResults":[{"hash":"7b39dd13a21bec6eb2604cb0919e379a9420744d","messageTitle":"Code cleaning \u0026 scheduler implementation (free up slot and validate slot)","messageBody":"","fileTypesAndContributionMap":{"java":{"insertions":94,"deletions":41}}}]},{"date":"2021-10-23","commitResults":[{"hash":"60e7e858710203affad2f1ab378e73ca3615b388","messageTitle":"Code cleaning in progress","messageBody":"","fileTypesAndContributionMap":{"java":{"insertions":73,"deletions":89}}},{"hash":"c31fd27e2eb4c64954b5393342d0f3b1bcf5c027","messageTitle":"Refined find function","messageBody":"","tags":["B-DetectAnomalies"],"fileTypesAndContributionMap":{"java":{"insertions":3,"deletions":1}}},{"hash":"e7625c31711942fb2f51bca8f83deaf81e882524","messageTitle":"View schedule implementation in progress","messageBody":"","fileTypesAndContributionMap":{"java":{"insertions":91,"deletions":10}}}]},{"date":"2021-10-24","commitResults":[{"hash":"035e83fc7e1a54c71cd389f31943de35b8b90eec","messageTitle":"Scheduler features completed","messageBody":"","tags":["B-ViewSchedules"],"fileTypesAndContributionMap":{"java":{"insertions":93,"deletions":18}}}]},{"date":"2021-10-29","commitResults":[{"hash":"27e02e941bdd549e43c1236263a05a865e67672d","messageTitle":"Added JavaFX dependencies to Gradle","messageBody":"","fileTypesAndContributionMap":{"gradle":{"insertions":15,"deletions":0},"java":{"insertions":1,"deletions":2}}},{"hash":"c81f487d1500cbb2536a831c3e5159bd63e151a0","messageTitle":"GUI implementation in progress","messageBody":"","fileTypesAndContributionMap":{"fxml":{"insertions":35,"deletions":0},"java":{"insertions":288,"deletions":12}}},{"hash":"97489402a39bba6472ded372ebb94947771a443e","messageTitle":"Fixing GUI","messageBody":"","fileTypesAndContributionMap":{"fxml":{"insertions":2,"deletions":2}}},{"hash":"48f223ee3fae6a4726f8451e90aac7c169d793bd","messageTitle":"Modifying chatbox style","messageBody":"","fileTypesAndContributionMap":{"java":{"insertions":1,"deletions":0}}}]},{"date":"2021-10-30","commitResults":[{"hash":"13dc79bc60d259f80b504fc98e172cfd82a617e0","messageTitle":"Added css reference","messageBody":"","fileTypesAndContributionMap":{"java":{"insertions":2,"deletions":2}}}]},{"date":"2021-10-31","commitResults":[{"hash":"276a785a2e260f2379bb9905d25487418a6e84f3","messageTitle":"Added assertion","messageBody":"","fileTypesAndContributionMap":{"gradle":{"insertions":2,"deletions":1},"java":{"insertions":8,"deletions":1}}},{"hash":"c35d5e7e23eadb0ad86b45905b19fc2a25c6df25","messageTitle":"Updated JavaDocs","messageBody":"","fileTypesAndContributionMap":{"java":{"insertions":42,"deletions":19}}},{"hash":"1f2faabcae06c4a936f0736b55d697ccb6d4174e","messageTitle":"Added more test cases","messageBody":"","fileTypesAndContributionMap":{"java":{"insertions":438,"deletions":133}}}]},{"date":"2021-11-01","commitResults":[{"hash":"dcfba679c8721461fde438d93f384b1d88fc04f2","messageTitle":"Edited test cases and javadocs","messageBody":"","fileTypesAndContributionMap":{"java":{"insertions":5,"deletions":6}}}]}]},"authorFileTypeContributionMap":{"wxchoong":{"java":2207,"md":0,"fxml":35,"sh":0,"bat":0,"gradle":17,"txt":18}},"authorContributionVariance":{"wxchoong":16691.068},"authorDisplayNameMap":{"wxchoong":"CHOO..XIAN"}}
