{"authorDailyContributionsMap":{"wxchoong":[{"date":"2021-08-25","commitResults":[{"hash":"f82ea7b9c8c394f14c4989aafe494604f86deb64","messageTitle":"Implemented Level 1","messageBody":"","tags":["Level-1"],"fileTypesAndContributionMap":{"java":{"insertions":22,"deletions":1}}},{"hash":"18cf9bfcdffe5a29f74dac0339137866b8530b71","messageTitle":"Implemented Level 2","messageBody":"","tags":["Level-2"],"fileTypesAndContributionMap":{"java":{"insertions":16,"deletions":2}}},{"hash":"8a558e8c65e70d60c7a88da343d07af3afaca8d4","messageTitle":"Added task class and implemented mark done function","messageBody":"","fileTypesAndContributionMap":{"java":{"insertions":52,"deletions":6}}}]},{"date":"2021-09-02","commitResults":[{"hash":"1e902ce9fb20ece4170cd46bba1252fc8b9d161b","messageTitle":"Implemented level-3","messageBody":"","tags":["Level-3"],"fileTypesAndContributionMap":{"txt":{"insertions":7,"deletions":0},"java":{"insertions":2,"deletions":0}}}]},{"date":"2021-09-04","commitResults":[{"hash":"406903858082d3bcedfa98f5208436ac009035e2","messageTitle":"Implemented level-4","messageBody":"","fileTypesAndContributionMap":{"txt":{"insertions":8,"deletions":2},"java":{"insertions":134,"deletions":30}}},{"hash":"3981f6d0f97438a1b83685d5c251d865baf7b704","messageTitle":"level-4 cleanup and bugfix","messageBody":"","tags":["Level-4"],"fileTypesAndContributionMap":{"txt":{"insertions":5,"deletions":3},"java":{"insertions":71,"deletions":42}}},{"hash":"c86417f279ca0c3e1e063344e7b50eff49498a02","messageTitle":"level-5 implementation in progress","messageBody":"","tags":["Level-5"],"fileTypesAndContributionMap":{"txt":{"insertions":2,"deletions":0},"java":{"insertions":38,"deletions":19}}}]},{"date":"2021-09-25","commitResults":[{"hash":"540b5b70e96aa886560ba43962937bd9142df309","messageTitle":"implemented delete function","messageBody":"","fileTypesAndContributionMap":{"java":{"insertions":30,"deletions":7}}}]},{"date":"2021-10-02","commitResults":[{"hash":"64f1b4641edf12a856ae408484a500bbfb09f8fd","messageTitle":"Added enum class for command","messageBody":"","tags":["Level-6"],"fileTypesAndContributionMap":{"txt":{"insertions":1,"deletions":0},"java":{"insertions":31,"deletions":22}}}]}]},"authorFileTypeContributionMap":{"wxchoong":{"java":268,"md":0,"fxml":0,"sh":0,"bat":0,"gradle":0,"txt":18}},"authorContributionVariance":{"wxchoong":2434.9607},"authorDisplayNameMap":{"wxchoong":"CHOO..XIAN"}}
