[{"path":"src/main/java/Deadline.java","fileType":"java","lines":[{"lineNumber":1,"author":{"gitId":"justincwm"},"content":"public class Deadline extends Task {","lastModifiedDate":"2021-09-12"},{"lineNumber":2,"author":{"gitId":"justincwm"},"content":"","lastModifiedDate":"2021-09-12"},{"lineNumber":3,"author":{"gitId":"justincwm"},"content":"    protected String by;","lastModifiedDate":"2021-09-12"},{"lineNumber":4,"author":{"gitId":"justincwm"},"content":"","lastModifiedDate":"2021-09-12"},{"lineNumber":5,"author":{"gitId":"justincwm"},"content":"    public Deadline(String description, String by) {","lastModifiedDate":"2021-09-12"},{"lineNumber":6,"author":{"gitId":"justincwm"},"content":"        super(description);","lastModifiedDate":"2021-09-12"},{"lineNumber":7,"author":{"gitId":"justincwm"},"content":"        this.by \u003d by;","lastModifiedDate":"2021-09-12"},{"lineNumber":8,"author":{"gitId":"justincwm"},"content":"    }","lastModifiedDate":"2021-09-12"},{"lineNumber":9,"author":{"gitId":"justincwm"},"content":"","lastModifiedDate":"2021-09-12"},{"lineNumber":10,"author":{"gitId":"justincwm"},"content":"    @Override","lastModifiedDate":"2021-09-12"},{"lineNumber":11,"author":{"gitId":"justincwm"},"content":"    public String getTaskType() {","lastModifiedDate":"2021-09-12"},{"lineNumber":12,"author":{"gitId":"justincwm"},"content":"        return \"D\";","lastModifiedDate":"2021-09-12"},{"lineNumber":13,"author":{"gitId":"justincwm"},"content":"    }","lastModifiedDate":"2021-09-12"},{"lineNumber":14,"author":{"gitId":"justincwm"},"content":"","lastModifiedDate":"2021-09-12"},{"lineNumber":15,"author":{"gitId":"justincwm"},"content":"    @Override","lastModifiedDate":"2021-09-12"},{"lineNumber":16,"author":{"gitId":"justincwm"},"content":"    public String toString() {","lastModifiedDate":"2021-09-12"},{"lineNumber":17,"author":{"gitId":"justincwm"},"content":"        return String.format(\"%s(by:%s)\", super.toString(), by);","lastModifiedDate":"2021-09-12"},{"lineNumber":18,"author":{"gitId":"justincwm"},"content":"    }","lastModifiedDate":"2021-09-12"},{"lineNumber":19,"author":{"gitId":"justincwm"},"content":"","lastModifiedDate":"2021-09-12"},{"lineNumber":20,"author":{"gitId":"justincwm"},"content":"}","lastModifiedDate":"2021-09-12"}],"authorContributionMap":{"justincwm":20}},{"path":"src/main/java/Duke.java","fileType":"java","lines":[{"lineNumber":1,"author":{"gitId":"justincwm"},"content":"","lastModifiedDate":"2021-08-27"},{"lineNumber":2,"author":{"gitId":"justincwm"},"content":"import java.util.ArrayList;","lastModifiedDate":"2021-08-30"},{"lineNumber":3,"author":{"gitId":"justincwm"},"content":"import java.util.Scanner;","lastModifiedDate":"2021-08-27"},{"lineNumber":4,"author":{"gitId":"justincwm"},"content":"import java.util.Locale;","lastModifiedDate":"2021-09-03"},{"lineNumber":5,"author":{"gitId":"justincwm"},"content":"","lastModifiedDate":"2021-08-27"},{"lineNumber":6,"author":{"gitId":"-"},"content":"public class Duke {","lastModifiedDate":"2019-07-29"},{"lineNumber":7,"author":{"gitId":"justincwm"},"content":"","lastModifiedDate":"2021-08-27"},{"lineNumber":8,"author":{"gitId":"justincwm"},"content":"    private final static String LINE \u003d \"____________________________________________________\\n\";","lastModifiedDate":"2021-09-03"},{"lineNumber":9,"author":{"gitId":"justincwm"},"content":"    private final static String LOGO \u003d \" ____        _        \\n\"","lastModifiedDate":"2021-09-03"},{"lineNumber":10,"author":{"gitId":"-"},"content":"                          + \"|  _ \\\\ _   _| | _____ \\n\"","lastModifiedDate":"2019-07-29"},{"lineNumber":11,"author":{"gitId":"-"},"content":"                          + \"| | | | | | | |/ / _ \\\\\\n\"","lastModifiedDate":"2019-07-29"},{"lineNumber":12,"author":{"gitId":"-"},"content":"                          + \"| |_| | |_| |   \u003c  __/\\n\"","lastModifiedDate":"2019-07-29"},{"lineNumber":13,"author":{"gitId":"justincwm"},"content":"                          + \"|____/ \\\\__,_|_|\\\\_\\\\___|\\n\";","lastModifiedDate":"2021-09-03"},{"lineNumber":14,"author":{"gitId":"justincwm"},"content":"    private final static String INTRO \u003d \"Hello! I\u0027m Duke By Justin ☺\\nWhat can I do for you?\\n\" + LOGO;","lastModifiedDate":"2021-09-03"},{"lineNumber":15,"author":{"gitId":"justincwm"},"content":"    private final static String NO_TASK \u003d \"You have no task in your list!\\n\";","lastModifiedDate":"2021-09-03"},{"lineNumber":16,"author":{"gitId":"justincwm"},"content":"    private final static String BLAH \u003d \"Oops! Sorry, I don\u0027t know what you mean ☹\\n\";","lastModifiedDate":"2021-09-03"},{"lineNumber":17,"author":{"gitId":"justincwm"},"content":"    private final static String BYE \u003d \"Bye. Hope to see you again soon!\\n\";","lastModifiedDate":"2021-09-03"},{"lineNumber":18,"author":{"gitId":"justincwm"},"content":"    private static ArrayList\u003cTask\u003e listOfTasks \u003d new ArrayList\u003cTask\u003e();","lastModifiedDate":"2021-09-03"},{"lineNumber":19,"author":{"gitId":"justincwm"},"content":"    private static boolean bye \u003d false;","lastModifiedDate":"2021-09-03"},{"lineNumber":20,"author":{"gitId":"justincwm"},"content":"","lastModifiedDate":"2021-09-03"},{"lineNumber":21,"author":{"gitId":"-"},"content":"    public static void main(String[] args) {","lastModifiedDate":"2021-09-03"},{"lineNumber":22,"author":{"gitId":"justincwm"},"content":"","lastModifiedDate":"2021-08-27"},{"lineNumber":23,"author":{"gitId":"justincwm"},"content":"        Scanner input \u003d new Scanner(System.in);","lastModifiedDate":"2021-09-03"},{"lineNumber":24,"author":{"gitId":"justincwm"},"content":"        System.out.print(LINE+INTRO+LINE);","lastModifiedDate":"2021-09-03"},{"lineNumber":25,"author":{"gitId":"justincwm"},"content":"","lastModifiedDate":"2021-08-27"},{"lineNumber":26,"author":{"gitId":"justincwm"},"content":"        while (!bye) {","lastModifiedDate":"2021-08-30"},{"lineNumber":27,"author":{"gitId":"justincwm"},"content":"","lastModifiedDate":"2021-08-27"},{"lineNumber":28,"author":{"gitId":"justincwm"},"content":"            System.out.print(\"\\ncmd: \");","lastModifiedDate":"2021-08-30"},{"lineNumber":29,"author":{"gitId":"justincwm"},"content":"            String cmd \u003d input.nextLine();","lastModifiedDate":"2021-08-30"},{"lineNumber":30,"author":{"gitId":"justincwm"},"content":"","lastModifiedDate":"2021-08-27"},{"lineNumber":31,"author":{"gitId":"justincwm"},"content":"            if (cmd.equalsIgnoreCase(\"bye\")) {","lastModifiedDate":"2021-08-30"},{"lineNumber":32,"author":{"gitId":"justincwm"},"content":"                System.out.print(LINE+BYE+LINE);","lastModifiedDate":"2021-09-03"},{"lineNumber":33,"author":{"gitId":"justincwm"},"content":"                bye \u003d true;","lastModifiedDate":"2021-08-30"},{"lineNumber":34,"author":{"gitId":"justincwm"},"content":"            }","lastModifiedDate":"2021-08-30"},{"lineNumber":35,"author":{"gitId":"justincwm"},"content":"","lastModifiedDate":"2021-08-30"},{"lineNumber":36,"author":{"gitId":"justincwm"},"content":"            else if (cmd.equalsIgnoreCase(\"list\")) {","lastModifiedDate":"2021-08-30"},{"lineNumber":37,"author":{"gitId":"justincwm"},"content":"                if (listOfTasks.size() \u003d\u003d 0)","lastModifiedDate":"2021-09-03"},{"lineNumber":38,"author":{"gitId":"justincwm"},"content":"                    System.out.print(LINE+NO_TASK+LINE);","lastModifiedDate":"2021-09-03"},{"lineNumber":39,"author":{"gitId":"justincwm"},"content":"                else {","lastModifiedDate":"2021-09-03"},{"lineNumber":40,"author":{"gitId":"justincwm"},"content":"                    System.out.print(LINE+\"Here are the tasks in your list:\\n\");","lastModifiedDate":"2021-09-03"},{"lineNumber":41,"author":{"gitId":"justincwm"},"content":"                    for (Task task : listOfTasks)","lastModifiedDate":"2021-09-03"},{"lineNumber":42,"author":{"gitId":"justincwm"},"content":"                        System.out.println(task.toString());","lastModifiedDate":"2021-09-12"},{"lineNumber":43,"author":{"gitId":"justincwm"},"content":"                    System.out.print(LINE);","lastModifiedDate":"2021-09-03"},{"lineNumber":44,"author":{"gitId":"justincwm"},"content":"                }","lastModifiedDate":"2021-09-03"},{"lineNumber":45,"author":{"gitId":"justincwm"},"content":"            }","lastModifiedDate":"2021-08-27"},{"lineNumber":46,"author":{"gitId":"justincwm"},"content":"","lastModifiedDate":"2021-08-27"},{"lineNumber":47,"author":{"gitId":"justincwm"},"content":"            else if (cmd.toLowerCase(Locale.ROOT).startsWith(\"done\")) {","lastModifiedDate":"2021-09-03"},{"lineNumber":48,"author":{"gitId":"justincwm"},"content":"                for (Task task : listOfTasks) {","lastModifiedDate":"2021-08-30"},{"lineNumber":49,"author":{"gitId":"justincwm"},"content":"                    int id \u003d Integer.parseInt(String.valueOf(cmd.charAt(5)));","lastModifiedDate":"2021-08-30"},{"lineNumber":50,"author":{"gitId":"justincwm"},"content":"                    if (task.getID() \u003d\u003d id) {","lastModifiedDate":"2021-08-30"},{"lineNumber":51,"author":{"gitId":"justincwm"},"content":"                        task.setDone();","lastModifiedDate":"2021-08-30"},{"lineNumber":52,"author":{"gitId":"justincwm"},"content":"                        System.out.print(LINE+\"Nice! I\u0027ve marked this task as done.\\n\"+task.toString()+\"\\n\"+LINE);","lastModifiedDate":"2021-09-12"},{"lineNumber":53,"author":{"gitId":"justincwm"},"content":"                    }","lastModifiedDate":"2021-08-30"},{"lineNumber":54,"author":{"gitId":"justincwm"},"content":"                }","lastModifiedDate":"2021-08-30"},{"lineNumber":55,"author":{"gitId":"justincwm"},"content":"            }","lastModifiedDate":"2021-08-30"},{"lineNumber":56,"author":{"gitId":"justincwm"},"content":"","lastModifiedDate":"2021-08-27"},{"lineNumber":57,"author":{"gitId":"justincwm"},"content":"            else if (cmd.toLowerCase(Locale.ROOT).startsWith(\"blah\"))","lastModifiedDate":"2021-09-03"},{"lineNumber":58,"author":{"gitId":"justincwm"},"content":"                System.out.print(LINE+BLAH+LINE);","lastModifiedDate":"2021-09-03"},{"lineNumber":59,"author":{"gitId":"justincwm"},"content":"","lastModifiedDate":"2021-08-27"},{"lineNumber":60,"author":{"gitId":"justincwm"},"content":"            else {","lastModifiedDate":"2021-08-27"},{"lineNumber":61,"author":{"gitId":"justincwm"},"content":"","lastModifiedDate":"2021-08-30"},{"lineNumber":62,"author":{"gitId":"justincwm"},"content":"                Task newTask;","lastModifiedDate":"2021-09-12"},{"lineNumber":63,"author":{"gitId":"justincwm"},"content":"","lastModifiedDate":"2021-09-12"},{"lineNumber":64,"author":{"gitId":"justincwm"},"content":"                if (cmd.toLowerCase(Locale.ROOT).startsWith(\"todo\")) {","lastModifiedDate":"2021-09-12"},{"lineNumber":65,"author":{"gitId":"justincwm"},"content":"                    newTask \u003d new Todo(cmd);","lastModifiedDate":"2021-09-12"},{"lineNumber":66,"author":{"gitId":"justincwm"},"content":"                }","lastModifiedDate":"2021-09-12"},{"lineNumber":67,"author":{"gitId":"justincwm"},"content":"","lastModifiedDate":"2021-09-12"},{"lineNumber":68,"author":{"gitId":"justincwm"},"content":"                else if (cmd.toLowerCase(Locale.ROOT).startsWith(\"event\")) {","lastModifiedDate":"2021-09-12"},{"lineNumber":69,"author":{"gitId":"justincwm"},"content":"                    String[] cmdType \u003d cmd.split(\"event |/at\");","lastModifiedDate":"2021-09-12"},{"lineNumber":70,"author":{"gitId":"justincwm"},"content":"                    newTask \u003d new Event(cmdType[1], cmdType[2]);","lastModifiedDate":"2021-09-12"},{"lineNumber":71,"author":{"gitId":"justincwm"},"content":"                }","lastModifiedDate":"2021-09-12"},{"lineNumber":72,"author":{"gitId":"justincwm"},"content":"","lastModifiedDate":"2021-08-30"},{"lineNumber":73,"author":{"gitId":"justincwm"},"content":"                else if (cmd.toLowerCase(Locale.ROOT).startsWith(\"deadline\")) {","lastModifiedDate":"2021-09-12"},{"lineNumber":74,"author":{"gitId":"justincwm"},"content":"                    String[] cmdType \u003d cmd.split(\"deadline |/by\");","lastModifiedDate":"2021-09-12"},{"lineNumber":75,"author":{"gitId":"justincwm"},"content":"                    newTask \u003d new Deadline(cmdType[1], cmdType[2]);","lastModifiedDate":"2021-09-12"},{"lineNumber":76,"author":{"gitId":"justincwm"},"content":"                }","lastModifiedDate":"2021-09-12"},{"lineNumber":77,"author":{"gitId":"justincwm"},"content":"","lastModifiedDate":"2021-08-30"},{"lineNumber":78,"author":{"gitId":"justincwm"},"content":"                else {","lastModifiedDate":"2021-09-12"},{"lineNumber":79,"author":{"gitId":"justincwm"},"content":"                    newTask \u003d new Task(cmd);","lastModifiedDate":"2021-09-12"},{"lineNumber":80,"author":{"gitId":"justincwm"},"content":"                }","lastModifiedDate":"2021-09-12"},{"lineNumber":81,"author":{"gitId":"justincwm"},"content":"","lastModifiedDate":"2021-09-12"},{"lineNumber":82,"author":{"gitId":"justincwm"},"content":"                listOfTasks.add(newTask);","lastModifiedDate":"2021-09-12"},{"lineNumber":83,"author":{"gitId":"justincwm"},"content":"","lastModifiedDate":"2021-08-27"},{"lineNumber":84,"author":{"gitId":"justincwm"},"content":"                System.out.print(LINE);","lastModifiedDate":"2021-09-03"},{"lineNumber":85,"author":{"gitId":"justincwm"},"content":"                System.out.println(\"Got it! I\u0027ve added this task.\\n\" + newTask.toString());","lastModifiedDate":"2021-09-12"},{"lineNumber":86,"author":{"gitId":"justincwm"},"content":"                System.out.println(\"Now you have \" + newTask.getTotalCount() + \" in the list.\");","lastModifiedDate":"2021-08-30"},{"lineNumber":87,"author":{"gitId":"justincwm"},"content":"                System.out.print(LINE);","lastModifiedDate":"2021-09-03"},{"lineNumber":88,"author":{"gitId":"justincwm"},"content":"","lastModifiedDate":"2021-08-30"},{"lineNumber":89,"author":{"gitId":"justincwm"},"content":"            }","lastModifiedDate":"2021-08-27"},{"lineNumber":90,"author":{"gitId":"-"},"content":"        }","lastModifiedDate":"2019-07-29"},{"lineNumber":91,"author":{"gitId":"-"},"content":"    }","lastModifiedDate":"2019-07-29"},{"lineNumber":92,"author":{"gitId":"-"},"content":"}","lastModifiedDate":"2021-08-30"}],"authorContributionMap":{"justincwm":84,"-":8}},{"path":"src/main/java/Event.java","fileType":"java","lines":[{"lineNumber":1,"author":{"gitId":"justincwm"},"content":"public class Event extends Task {","lastModifiedDate":"2021-09-12"},{"lineNumber":2,"author":{"gitId":"justincwm"},"content":"","lastModifiedDate":"2021-09-12"},{"lineNumber":3,"author":{"gitId":"justincwm"},"content":"    protected String at;","lastModifiedDate":"2021-09-12"},{"lineNumber":4,"author":{"gitId":"justincwm"},"content":"","lastModifiedDate":"2021-09-12"},{"lineNumber":5,"author":{"gitId":"justincwm"},"content":"    public Event(String description, String at) {","lastModifiedDate":"2021-09-12"},{"lineNumber":6,"author":{"gitId":"justincwm"},"content":"        super(description);","lastModifiedDate":"2021-09-12"},{"lineNumber":7,"author":{"gitId":"justincwm"},"content":"        this.at \u003d at;","lastModifiedDate":"2021-09-12"},{"lineNumber":8,"author":{"gitId":"justincwm"},"content":"    }","lastModifiedDate":"2021-09-12"},{"lineNumber":9,"author":{"gitId":"justincwm"},"content":"","lastModifiedDate":"2021-09-12"},{"lineNumber":10,"author":{"gitId":"justincwm"},"content":"    @Override","lastModifiedDate":"2021-09-12"},{"lineNumber":11,"author":{"gitId":"justincwm"},"content":"    public String getTaskType() {","lastModifiedDate":"2021-09-12"},{"lineNumber":12,"author":{"gitId":"justincwm"},"content":"        return \"E\";","lastModifiedDate":"2021-09-12"},{"lineNumber":13,"author":{"gitId":"justincwm"},"content":"    }","lastModifiedDate":"2021-09-12"},{"lineNumber":14,"author":{"gitId":"justincwm"},"content":"","lastModifiedDate":"2021-09-12"},{"lineNumber":15,"author":{"gitId":"justincwm"},"content":"    @Override","lastModifiedDate":"2021-09-12"},{"lineNumber":16,"author":{"gitId":"justincwm"},"content":"    public String toString() {","lastModifiedDate":"2021-09-12"},{"lineNumber":17,"author":{"gitId":"justincwm"},"content":"        return String.format(\"%s(at:%s)\", super.toString(), at);","lastModifiedDate":"2021-09-12"},{"lineNumber":18,"author":{"gitId":"justincwm"},"content":"    }","lastModifiedDate":"2021-09-12"},{"lineNumber":19,"author":{"gitId":"justincwm"},"content":"","lastModifiedDate":"2021-09-12"},{"lineNumber":20,"author":{"gitId":"justincwm"},"content":"}","lastModifiedDate":"2021-09-12"}],"authorContributionMap":{"justincwm":20}},{"path":"src/main/java/Task.java","fileType":"java","lines":[{"lineNumber":1,"author":{"gitId":"justincwm"},"content":"","lastModifiedDate":"2021-08-30"},{"lineNumber":2,"author":{"gitId":"justincwm"},"content":"import java.util.Locale;","lastModifiedDate":"2021-09-03"},{"lineNumber":3,"author":{"gitId":"justincwm"},"content":"","lastModifiedDate":"2021-09-03"},{"lineNumber":4,"author":{"gitId":"justincwm"},"content":"public class Task {","lastModifiedDate":"2021-08-30"},{"lineNumber":5,"author":{"gitId":"justincwm"},"content":"","lastModifiedDate":"2021-08-30"},{"lineNumber":6,"author":{"gitId":"justincwm"},"content":"    protected String description;","lastModifiedDate":"2021-09-12"},{"lineNumber":7,"author":{"gitId":"justincwm"},"content":"    protected boolean isDone;","lastModifiedDate":"2021-09-12"},{"lineNumber":8,"author":{"gitId":"justincwm"},"content":"    protected int id \u003d 0;","lastModifiedDate":"2021-09-03"},{"lineNumber":9,"author":{"gitId":"justincwm"},"content":"    protected static int totalCount \u003d 0;","lastModifiedDate":"2021-09-03"},{"lineNumber":10,"author":{"gitId":"justincwm"},"content":"","lastModifiedDate":"2021-08-30"},{"lineNumber":11,"author":{"gitId":"justincwm"},"content":"    public Task(String description) {","lastModifiedDate":"2021-09-12"},{"lineNumber":12,"author":{"gitId":"justincwm"},"content":"        this.description \u003d description;","lastModifiedDate":"2021-09-12"},{"lineNumber":13,"author":{"gitId":"justincwm"},"content":"        this.isDone \u003d false;","lastModifiedDate":"2021-09-12"},{"lineNumber":14,"author":{"gitId":"justincwm"},"content":"        id \u003d totalCount + 1;","lastModifiedDate":"2021-08-30"},{"lineNumber":15,"author":{"gitId":"justincwm"},"content":"        totalCount++;","lastModifiedDate":"2021-08-30"},{"lineNumber":16,"author":{"gitId":"justincwm"},"content":"    }","lastModifiedDate":"2021-08-30"},{"lineNumber":17,"author":{"gitId":"justincwm"},"content":"","lastModifiedDate":"2021-08-30"},{"lineNumber":18,"author":{"gitId":"justincwm"},"content":"    public String getDescription() {","lastModifiedDate":"2021-09-12"},{"lineNumber":19,"author":{"gitId":"justincwm"},"content":"        return description;","lastModifiedDate":"2021-09-12"},{"lineNumber":20,"author":{"gitId":"justincwm"},"content":"    }","lastModifiedDate":"2021-08-30"},{"lineNumber":21,"author":{"gitId":"justincwm"},"content":"","lastModifiedDate":"2021-08-30"},{"lineNumber":22,"author":{"gitId":"justincwm"},"content":"    public String getDoneStatus() {","lastModifiedDate":"2021-09-12"},{"lineNumber":23,"author":{"gitId":"justincwm"},"content":"        return (isDone ? \"X\" : \" \");","lastModifiedDate":"2021-09-12"},{"lineNumber":24,"author":{"gitId":"justincwm"},"content":"    }","lastModifiedDate":"2021-09-12"},{"lineNumber":25,"author":{"gitId":"justincwm"},"content":"","lastModifiedDate":"2021-08-30"},{"lineNumber":26,"author":{"gitId":"justincwm"},"content":"    // ?","lastModifiedDate":"2021-09-12"},{"lineNumber":27,"author":{"gitId":"justincwm"},"content":"    public String getTaskType() {","lastModifiedDate":"2021-09-12"},{"lineNumber":28,"author":{"gitId":"justincwm"},"content":"        return \" \";","lastModifiedDate":"2021-09-12"},{"lineNumber":29,"author":{"gitId":"justincwm"},"content":"    }","lastModifiedDate":"2021-08-30"},{"lineNumber":30,"author":{"gitId":"justincwm"},"content":"","lastModifiedDate":"2021-08-30"},{"lineNumber":31,"author":{"gitId":"justincwm"},"content":"    public int getID() {","lastModifiedDate":"2021-08-30"},{"lineNumber":32,"author":{"gitId":"justincwm"},"content":"        return id;","lastModifiedDate":"2021-08-30"},{"lineNumber":33,"author":{"gitId":"justincwm"},"content":"    }","lastModifiedDate":"2021-08-30"},{"lineNumber":34,"author":{"gitId":"justincwm"},"content":"","lastModifiedDate":"2021-08-30"},{"lineNumber":35,"author":{"gitId":"justincwm"},"content":"    // ?","lastModifiedDate":"2021-09-12"},{"lineNumber":36,"author":{"gitId":"justincwm"},"content":"    public String getTotalCount() {","lastModifiedDate":"2021-08-30"},{"lineNumber":37,"author":{"gitId":"justincwm"},"content":"        if (totalCount \u003d\u003d 1) return totalCount + \" task\";","lastModifiedDate":"2021-08-30"},{"lineNumber":38,"author":{"gitId":"justincwm"},"content":"        else return totalCount + \" tasks\";","lastModifiedDate":"2021-08-30"},{"lineNumber":39,"author":{"gitId":"justincwm"},"content":"    }","lastModifiedDate":"2021-08-30"},{"lineNumber":40,"author":{"gitId":"justincwm"},"content":"","lastModifiedDate":"2021-08-30"},{"lineNumber":41,"author":{"gitId":"justincwm"},"content":"    public void setDone() {","lastModifiedDate":"2021-08-30"},{"lineNumber":42,"author":{"gitId":"justincwm"},"content":"        isDone \u003d true;","lastModifiedDate":"2021-08-30"},{"lineNumber":43,"author":{"gitId":"justincwm"},"content":"    }","lastModifiedDate":"2021-08-30"},{"lineNumber":44,"author":{"gitId":"justincwm"},"content":"","lastModifiedDate":"2021-08-30"},{"lineNumber":45,"author":{"gitId":"justincwm"},"content":"    @Override","lastModifiedDate":"2021-09-12"},{"lineNumber":46,"author":{"gitId":"justincwm"},"content":"    public String toString() {","lastModifiedDate":"2021-09-12"},{"lineNumber":47,"author":{"gitId":"justincwm"},"content":"        return String.format(\"%s. [%s][%s] %s\", id, getTaskType(), getDoneStatus(), description);","lastModifiedDate":"2021-09-12"},{"lineNumber":48,"author":{"gitId":"justincwm"},"content":"    }","lastModifiedDate":"2021-09-12"},{"lineNumber":49,"author":{"gitId":"justincwm"},"content":"","lastModifiedDate":"2021-09-12"},{"lineNumber":50,"author":{"gitId":"justincwm"},"content":"}","lastModifiedDate":"2021-08-30"}],"authorContributionMap":{"justincwm":50}},{"path":"src/main/java/Todo.java","fileType":"java","lines":[{"lineNumber":1,"author":{"gitId":"justincwm"},"content":"public class Todo extends Task {","lastModifiedDate":"2021-09-12"},{"lineNumber":2,"author":{"gitId":"justincwm"},"content":"","lastModifiedDate":"2021-09-12"},{"lineNumber":3,"author":{"gitId":"justincwm"},"content":"    public Todo(String description) {","lastModifiedDate":"2021-09-12"},{"lineNumber":4,"author":{"gitId":"justincwm"},"content":"        super(description);","lastModifiedDate":"2021-09-12"},{"lineNumber":5,"author":{"gitId":"justincwm"},"content":"    }","lastModifiedDate":"2021-09-12"},{"lineNumber":6,"author":{"gitId":"justincwm"},"content":"","lastModifiedDate":"2021-09-12"},{"lineNumber":7,"author":{"gitId":"justincwm"},"content":"    @Override","lastModifiedDate":"2021-09-12"},{"lineNumber":8,"author":{"gitId":"justincwm"},"content":"    public String getTaskType() {","lastModifiedDate":"2021-09-12"},{"lineNumber":9,"author":{"gitId":"justincwm"},"content":"        return \"T\";","lastModifiedDate":"2021-09-12"},{"lineNumber":10,"author":{"gitId":"justincwm"},"content":"    }","lastModifiedDate":"2021-09-12"},{"lineNumber":11,"author":{"gitId":"justincwm"},"content":"","lastModifiedDate":"2021-09-12"},{"lineNumber":12,"author":{"gitId":"justincwm"},"content":"    @Override","lastModifiedDate":"2021-09-12"},{"lineNumber":13,"author":{"gitId":"justincwm"},"content":"    public String toString() {","lastModifiedDate":"2021-09-12"},{"lineNumber":14,"author":{"gitId":"justincwm"},"content":"        return String.format(\"%s\", super.toString());","lastModifiedDate":"2021-09-12"},{"lineNumber":15,"author":{"gitId":"justincwm"},"content":"    }","lastModifiedDate":"2021-09-12"},{"lineNumber":16,"author":{"gitId":"justincwm"},"content":"","lastModifiedDate":"2021-09-12"},{"lineNumber":17,"author":{"gitId":"justincwm"},"content":"}","lastModifiedDate":"2021-09-12"}],"authorContributionMap":{"justincwm":17}}]
