{"authorDailyContributionsMap":{"justincwm":[{"date":"2021-08-27","commitResults":[{"hash":"e33efe070e294d27ec51909df1fa8acb62959fab","messageTitle":"complete level-1","messageBody":"","tags":["Level-1"],"fileTypesAndContributionMap":{"java":{"insertions":25,"deletions":1}}},{"hash":"49bd907a33ead655703bfd47f52dab1b578a1ee9","messageTitle":"complete level-2","messageBody":"","tags":["Level-2"],"fileTypesAndContributionMap":{"java":{"insertions":24,"deletions":7}}}]},{"date":"2021-08-30","commitResults":[{"hash":"57bdb9457966b621b55639f2eb53951396be6ea1","messageTitle":"add task.java","messageBody":"","fileTypesAndContributionMap":{"java":{"insertions":131,"deletions":25}}}]},{"date":"2021-09-03","commitResults":[{"hash":"d9357d18dd0642898d172c22ac4a6cdba9a4d85c","messageTitle":"complete level-3","messageBody":"","tags":["Level-3"],"fileTypesAndContributionMap":{"java":{"insertions":16,"deletions":14}}},{"hash":"ba1fc5be8afef106281efb146e5af605876ac620","messageTitle":"add attributes to duke.java","messageBody":"","fileTypesAndContributionMap":{"java":{"insertions":33,"deletions":44}}}]},{"date":"2021-09-12","commitResults":[{"hash":"39ba25efb5761bff0185eb7d18f3886a4d5239b5","messageTitle":"complete level-4","messageBody":"","tags":["Level-4"],"fileTypesAndContributionMap":{"java":{"insertions":100,"deletions":49}}}]},{"date":"2021-09-18","commitResults":[{"hash":"ff3b239ea8b947c41914025b5d96f2beb0208969","messageTitle":"complete level-5","messageBody":"","tags":["Level-5"],"fileTypesAndContributionMap":{"java":{"insertions":167,"deletions":74}}}]},{"date":"2021-09-23","commitResults":[{"hash":"21e1f143cb9673335703d9141d630b9beeba8966","messageTitle":"add printer.java","messageBody":"","fileTypesAndContributionMap":{"java":{"insertions":94,"deletions":50}}},{"hash":"2faea758f54f30d53f711cee058b84263159a28b","messageTitle":"refactor duke.java","messageBody":"","fileTypesAndContributionMap":{"java":{"insertions":30,"deletions":34}}}]},{"date":"2021-10-01","commitResults":[{"hash":"55e6ae13f12e6bda181f9ad21f3d1274dcfca403","messageTitle":"complete level-6","messageBody":"","tags":["Level-6"],"fileTypesAndContributionMap":{"java":{"insertions":54,"deletions":17}}},{"hash":"e2bae08d95b2289a798da61ce67b3b74635d0913","messageTitle":"remove parser\u0027s attribute","messageBody":"","fileTypesAndContributionMap":{"java":{"insertions":0,"deletions":1}}}]},{"date":"2021-10-13","commitResults":[{"hash":"6a041220653734450ec41fc1cf57dcbdd8b10224","messageTitle":"implemented save feature partially","messageBody":"","fileTypesAndContributionMap":{"txt":{"insertions":0,"deletions":0},"java":{"insertions":133,"deletions":20}}},{"hash":"52361d6642cda609feae9910a50ba839d583055a","messageTitle":"implemented A-Packages and A-MoreOOP","messageBody":"","fileTypesAndContributionMap":{"txt":{"insertions":0,"deletions":0},"java":{"insertions":466,"deletions":95},"bat":{"insertions":1,"deletions":1}}},{"hash":"f3cdb6778df3cf7d38e8bb47b29c557588623524","messageTitle":"implemented A-Collections and A-Enums","messageBody":"","fileTypesAndContributionMap":{"java":{"insertions":17,"deletions":4}}}]},{"date":"2021-10-14","commitResults":[{"hash":"039e3f94790d6511b3bb1333eb2cbfeb4f2e250f","messageTitle":"completed level-7","messageBody":"","tags":["Level-7"],"fileTypesAndContributionMap":{"java":{"insertions":195,"deletions":31}}},{"hash":"950d45ec3e4b1cb7131012ce7b81f76dcb485f66","messageTitle":"refactored all classes","messageBody":"","fileTypesAndContributionMap":{"java":{"insertions":168,"deletions":305}}}]},{"date":"2021-10-19","commitResults":[{"hash":"d2a8f9ff575114faa94b4a5746096b8c4f401bba","messageTitle":"complete level-8","messageBody":"","tags":["Level-8"],"fileTypesAndContributionMap":{"java":{"insertions":43,"deletions":12}}},{"hash":"def88053ad747957e49da04118ef45145e589bd9","messageTitle":"complete A-JavaDoc","messageBody":"","fileTypesAndContributionMap":{"java":{"insertions":285,"deletions":19}}}]},{"date":"2021-10-21","commitResults":[{"hash":"f063849d8186c881bd4d4eb49c34f62ef33e6739","messageTitle":"Implement A-Gradle and A-JUnit","messageBody":"","fileTypesAndContributionMap":{"gradle":{"insertions":1,"deletions":1},"java":{"insertions":68,"deletions":1}}},{"hash":"fdaddc4f033acdbbb1749df8fdaf710d8e468bb4","messageTitle":"Remove extra classes","messageBody":"","fileTypesAndContributionMap":{"java":{"insertions":0,"deletions":249}}},{"hash":"fdfb65784d675ffd919906326ff2670dd1f0f497","messageTitle":"Implement A-JUnit","messageBody":"","fileTypesAndContributionMap":{"java":{"insertions":62,"deletions":34}}}]},{"date":"2021-10-28","commitResults":[{"hash":"804eed05dce47c2fada8a0dd2126999746d439e3","messageTitle":"Complete Level-9","messageBody":"","tags":["Level-9"],"fileTypesAndContributionMap":{"java":{"insertions":80,"deletions":23}}},{"hash":"b11cc686c60100127b18579668479c2963a9ef6f","messageTitle":"Complete C-Tagging + Improvement","messageBody":"","fileTypesAndContributionMap":{"java":{"insertions":125,"deletions":21}}}]},{"date":"2021-10-29","commitResults":[{"hash":"bc45ceacbfee83865346023d9e102e63cf6101e5","messageTitle":"Improve C-Tagging + Tag Delete","messageBody":"","fileTypesAndContributionMap":{"java":{"insertions":76,"deletions":17}}},{"hash":"6856951ebeee72a6687b7a05be5222b9f790ede8","messageTitle":"Implement A-CodingStandard","messageBody":"","fileTypesAndContributionMap":{"java":{"insertions":157,"deletions":142}}},{"hash":"70e96604d4deac7db5ddc18c6a748fb11cfe016b","messageTitle":"Implement A-Assertions","messageBody":"","fileTypesAndContributionMap":{"gradle":{"insertions":1,"deletions":0},"java":{"insertions":9,"deletions":3}}},{"hash":"63660f8d9076018e94942fee43ad898418822301","messageTitle":"Fix Assertion for DoneCommand","messageBody":"","fileTypesAndContributionMap":{"java":{"insertions":2,"deletions":3}}}]},{"date":"2021-10-30","commitResults":[{"hash":"cd25e19571957bb0613d033c0153974a3c5710be","messageTitle":"Implement A-CodeQuality","messageBody":"","fileTypesAndContributionMap":{"java":{"insertions":10,"deletions":6}}},{"hash":"cfb4ffc29633d35f7279efd6bb1d0deae93b1676","messageTitle":"Fix tagging bugs","messageBody":"","fileTypesAndContributionMap":{"java":{"insertions":20,"deletions":13}}},{"hash":"fe095a563a1301c656dc109cef6762d426fa2ee2","messageTitle":"Test new filepath for tasklist.csv","messageBody":"","fileTypesAndContributionMap":{"java":{"insertions":2,"deletions":2}}},{"hash":"125c81963c77194b336da2053af2cb7963e639fe","messageTitle":"Add filepath.mkdir()","messageBody":"","fileTypesAndContributionMap":{"java":{"insertions":12,"deletions":16}}},{"hash":"0ffa05f21b302e07c069669faacae7b4fe083132","messageTitle":"Add Ui#showCommandHeader()","messageBody":"","fileTypesAndContributionMap":{"java":{"insertions":25,"deletions":10}}}]},{"date":"2021-10-31","commitResults":[{"hash":"0293262e5a59b926d719e5e77abc4d96aaad4777","messageTitle":"Fix bugs and modify exceptions","messageBody":"","fileTypesAndContributionMap":{"java":{"insertions":31,"deletions":32}}}]}]},"authorFileTypeContributionMap":{"justincwm":{"java":1295,"md":0,"fxml":0,"sh":0,"bat":1,"gradle":2,"txt":0}},"authorContributionVariance":{"justincwm":18509.38},"authorDisplayNameMap":{"justincwm":"CHON..MENG"}}
