{"authorDailyContributionsMap":{"tanyanru":[{"date":"2021-08-29","commitResults":[{"hash":"eb488b3200056db955e597e416deb8c38da6e276","messageTitle":"Level 1 - Create lines, greet, echo, exit.","messageBody":"","tags":["Level-2"],"fileTypesAndContributionMap":{"java":{"insertions":28,"deletions":2}}},{"hash":"b3c05ae4818aedaa210b622a9639671e0c264ada","messageTitle":"Level 2 - Add, List, Align right for Duke\u0027s msg","messageBody":"","tags":["Level-3"],"fileTypesAndContributionMap":{"java":{"insertions":45,"deletions":7}}}]},{"date":"2021-09-05","commitResults":[{"hash":"daa229eb003b6a05c3dc299426156cb6efe17bc6","messageTitle":"Level 3 - Mark task as done (with tick), else show as cross.","messageBody":"","fileTypesAndContributionMap":{"java":{"insertions":65,"deletions":13}}}]},{"date":"2021-09-11","commitResults":[{"hash":"c25e3425ea92d1817046f24b24d13b31d9502f79","messageTitle":"Level 4 - ToDos, Events, Deadlines and Level 5 - Handle Errors","messageBody":"","tags":["Level-6"],"fileTypesAndContributionMap":{"java":{"insertions":174,"deletions":44}}}]},{"date":"2021-10-07","commitResults":[{"hash":"60073783a4a762b85f38aae1cab575586064df93","messageTitle":"Level 6 - Delete and use Java Collections classes","messageBody":"","fileTypesAndContributionMap":{"java":{"insertions":51,"deletions":38}}},{"hash":"6f2e0b9d1e5792b7dd500ed04017697ecb3a9f60","messageTitle":"Level 6 - Use Enums","messageBody":"","tags":["Level-7"],"fileTypesAndContributionMap":{"java":{"insertions":99,"deletions":86}}}]},{"date":"2021-10-12","commitResults":[{"hash":"478ef8860161ec2c4697c5ab4c59643fccc4bc9c","messageTitle":"Level 7 - Save File","messageBody":"","tags":["Level-8"],"fileTypesAndContributionMap":{"txt":{"insertions":9,"deletions":0},"java":{"insertions":29,"deletions":0},"bat":{"insertions":3,"deletions":1}}}]},{"date":"2021-10-25","commitResults":[{"hash":"67f5ab00b7b66fe7ebd1dafd7d69c29f4ce8e33e","messageTitle":"Level 8 - Dates and Times","messageBody":"","fileTypesAndContributionMap":{"txt":{"insertions":1,"deletions":1},"java":{"insertions":67,"deletions":8}}}]},{"date":"2021-10-28","commitResults":[{"hash":"0947be9d3db0aa1d2eb2e48f644ae655bc9a534b","messageTitle":"Level 7.1 - Implement more oop classes, fix bugs, code refactoring and follow coding standard","messageBody":"","fileTypesAndContributionMap":{"java":{"insertions":506,"deletions":136}}},{"hash":"3013de1dee3dd78b53dd32aa509e9cc6d9cfcc9f","messageTitle":"Level 7.2 - Divide classes into packages","messageBody":"","tags":["Level-8.1"],"fileTypesAndContributionMap":{"java":{"insertions":124,"deletions":31}}},{"hash":"3aa2e6bc5567c4860730adbce6388beb9d5dc76b","messageTitle":"Level 8.1 - Add JUnit tests","messageBody":"","fileTypesAndContributionMap":{"java":{"insertions":211,"deletions":22}}},{"hash":"3b6ede00a85b18d8d59912f9df192ae6e3bfc2c9","messageTitle":"Level 9.1 - Find a task by searching for keyword","messageBody":"","fileTypesAndContributionMap":{"java":{"insertions":81,"deletions":10}}}]},{"date":"2021-10-30","commitResults":[{"hash":"4a9e269c5df3aac76688d38e111b8b3ce23ab116","messageTitle":"Level 8.2 - Add JavaDoc comments","messageBody":"","fileTypesAndContributionMap":{"java":{"insertions":408,"deletions":135}}},{"hash":"2d48c70344cb75ee7977f9a6ba82025bbcf5f43c","messageTitle":"Level 9.2 - Further tweak the code to follow coding standard","messageBody":"","fileTypesAndContributionMap":{"java":{"insertions":76,"deletions":75}}}]},{"date":"2021-10-31","commitResults":[{"hash":"cc35296d28e0db611e8aa9dfea00199b2da980c4","messageTitle":"Level 8.3 - Add gradle support and use checkstyle to follow coding standard","messageBody":"","fileTypesAndContributionMap":{"gradle":{"insertions":1,"deletions":1},"java":{"insertions":191,"deletions":151}}},{"hash":"d747162334f7a1cc009c4d971270b92af7678037","messageTitle":"Level 8.4 - Tweak code after 1 unit test case failed when running gradle test after setting up gradle for unit testing based on previous commit. Result: Passed 12 cases.","messageBody":"","fileTypesAndContributionMap":{"java":{"insertions":3,"deletions":3}}},{"hash":"53ebd30bc90cea716f5ada9149b26385a15e665b","messageTitle":"Level 10 - Implement GUI using JavaFX","messageBody":"","fileTypesAndContributionMap":{"gradle":{"insertions":7,"deletions":1},"java":{"insertions":229,"deletions":3}}},{"hash":"c2c7ba92588a0552ab4a498369b38913af3615fc","messageTitle":"Level 10.1 - Rebuilding the Scene using FXML","messageBody":"","fileTypesAndContributionMap":{"fxml":{"insertions":35,"deletions":0},"java":{"insertions":126,"deletions":36}}}]},{"date":"2021-11-01","commitResults":[{"hash":"82d979963c35a0589eda37d61b796a4215d9b03a","messageTitle":"Level 10.2 - Implement assertion, streams and lambda, enhance GUI","messageBody":"","fileTypesAndContributionMap":{"gradle":{"insertions":2,"deletions":2},"fxml":{"insertions":11,"deletions":3},"java":{"insertions":47,"deletions":13}}},{"hash":"20538754abcb4f49906ae88133c44dd8ada27b35","messageTitle":"Level 10.2 - Add fonts, improve code quality/standards, fix bugs, code refactoring","messageBody":"","fileTypesAndContributionMap":{"java":{"insertions":123,"deletions":273}}},{"hash":"93b498c279b1cfe683e88d1d5771c05e45d23489","messageTitle":"Level 9.3 - Implement view schedule feature, add font size, upload files and code touch-ups","messageBody":"","fileTypesAndContributionMap":{"gradle":{"insertions":22,"deletions":17},"txt":{"insertions":2,"deletions":0},"fxml":{"insertions":2,"deletions":5},"java":{"insertions":82,"deletions":9}}}]}]},"authorFileTypeContributionMap":{"tanyanru":{"java":1674,"md":0,"fxml":40,"sh":0,"bat":3,"gradle":24,"txt":11}},"authorContributionVariance":{"tanyanru":31642.307},"authorDisplayNameMap":{"tanyanru":"TAN ..N RU"}}
