{"authorDailyContributionsMap":{"tanyanru":[{"date":"2021-08-29","commitResults":[{"hash":"eb488b3200056db955e597e416deb8c38da6e276","messageTitle":"Level 1 - Create lines, greet, echo, exit.","messageBody":"","tags":["Level-2"],"fileTypesAndContributionMap":{"java":{"insertions":28,"deletions":2}}},{"hash":"b3c05ae4818aedaa210b622a9639671e0c264ada","messageTitle":"Level 2 - Add, List, Align right for Duke\u0027s msg","messageBody":"","tags":["Level-3"],"fileTypesAndContributionMap":{"java":{"insertions":45,"deletions":7}}}]},{"date":"2021-09-05","commitResults":[{"hash":"daa229eb003b6a05c3dc299426156cb6efe17bc6","messageTitle":"Level 3 - Mark task as done (with tick), else show as cross.","messageBody":"","fileTypesAndContributionMap":{"java":{"insertions":65,"deletions":13}}}]},{"date":"2021-09-11","commitResults":[{"hash":"c25e3425ea92d1817046f24b24d13b31d9502f79","messageTitle":"Level 4 - ToDos, Events, Deadlines and Level 5 - Handle Errors","messageBody":"","tags":["Level-6"],"fileTypesAndContributionMap":{"java":{"insertions":174,"deletions":44}}}]},{"date":"2021-10-07","commitResults":[{"hash":"60073783a4a762b85f38aae1cab575586064df93","messageTitle":"Level 6 - Delete and use Java Collections classes","messageBody":"","fileTypesAndContributionMap":{"java":{"insertions":51,"deletions":38}}},{"hash":"6f2e0b9d1e5792b7dd500ed04017697ecb3a9f60","messageTitle":"Level 6 - Use Enums","messageBody":"","fileTypesAndContributionMap":{"java":{"insertions":99,"deletions":86}}}]}]},"authorFileTypeContributionMap":{"tanyanru":{"java":278,"md":0,"fxml":0,"sh":0,"bat":0,"gradle":0,"txt":0}},"authorContributionVariance":{"tanyanru":2138.716},"authorDisplayNameMap":{"tanyanru":"TAN ..N RU"}}
