[{"path":"src/main/java/GreetEchoExit.java","fileType":"java","lines":[{"lineNumber":1,"author":{"gitId":"ngkeiyeung"},"content":"import java.util.Scanner;","lastModifiedDate":"2021-09-21"},{"lineNumber":2,"author":{"gitId":"ngkeiyeung"},"content":"","lastModifiedDate":"2021-09-21"},{"lineNumber":3,"author":{"gitId":"ngkeiyeung"},"content":"public class GreetEchoExit {","lastModifiedDate":"2021-09-21"},{"lineNumber":4,"author":{"gitId":"ngkeiyeung"},"content":"    public static void main(String[] args){","lastModifiedDate":"2021-09-21"},{"lineNumber":5,"author":{"gitId":"ngkeiyeung"},"content":"        Scanner in \u003d new Scanner(System.in);","lastModifiedDate":"2021-09-21"},{"lineNumber":6,"author":{"gitId":"ngkeiyeung"},"content":"","lastModifiedDate":"2021-09-21"},{"lineNumber":7,"author":{"gitId":"ngkeiyeung"},"content":"        System.out.println(\"    ____________________________________________________________\\n\" +","lastModifiedDate":"2021-09-21"},{"lineNumber":8,"author":{"gitId":"ngkeiyeung"},"content":"                \"     Hello! I\u0027m Duke\\n\" +","lastModifiedDate":"2021-09-21"},{"lineNumber":9,"author":{"gitId":"ngkeiyeung"},"content":"                \"     What can I do for you?\\n\" +","lastModifiedDate":"2021-09-21"},{"lineNumber":10,"author":{"gitId":"ngkeiyeung"},"content":"                \"    ____________________________________________________________\\n\");","lastModifiedDate":"2021-09-21"},{"lineNumber":11,"author":{"gitId":"ngkeiyeung"},"content":"        String input;","lastModifiedDate":"2021-09-21"},{"lineNumber":12,"author":{"gitId":"ngkeiyeung"},"content":"        String bye \u003d \"bye\";","lastModifiedDate":"2021-09-21"},{"lineNumber":13,"author":{"gitId":"ngkeiyeung"},"content":"        do{","lastModifiedDate":"2021-09-21"},{"lineNumber":14,"author":{"gitId":"ngkeiyeung"},"content":"            input \u003d in.nextLine();","lastModifiedDate":"2021-09-21"},{"lineNumber":15,"author":{"gitId":"ngkeiyeung"},"content":"            System.out.println(\"    ____________________________________________________________\\n\" +","lastModifiedDate":"2021-09-21"},{"lineNumber":16,"author":{"gitId":"ngkeiyeung"},"content":"                    \"    \" + input + \"\\n\" +","lastModifiedDate":"2021-09-21"},{"lineNumber":17,"author":{"gitId":"ngkeiyeung"},"content":"                    \"    ____________________________________________________________\");","lastModifiedDate":"2021-09-21"},{"lineNumber":18,"author":{"gitId":"ngkeiyeung"},"content":"        }while(!input.equals(bye));{","lastModifiedDate":"2021-09-21"},{"lineNumber":19,"author":{"gitId":"ngkeiyeung"},"content":"            System.out.println(\"    ____________________________________________________________\\n\" +","lastModifiedDate":"2021-09-21"},{"lineNumber":20,"author":{"gitId":"ngkeiyeung"},"content":"                \"    Bye. Hope to see you again soon!\\n\" +","lastModifiedDate":"2021-09-21"},{"lineNumber":21,"author":{"gitId":"ngkeiyeung"},"content":"                \"    ____________________________________________________________\\n\");","lastModifiedDate":"2021-09-21"},{"lineNumber":22,"author":{"gitId":"ngkeiyeung"},"content":"            }","lastModifiedDate":"2021-09-21"},{"lineNumber":23,"author":{"gitId":"ngkeiyeung"},"content":"        }","lastModifiedDate":"2021-09-21"},{"lineNumber":24,"author":{"gitId":"ngkeiyeung"},"content":"}","lastModifiedDate":"2021-09-21"}],"authorContributionMap":{"ngkeiyeung":24}}]
