[{"path":"src/main/java/project/Exception/Exception.java","fileType":"java","lines":[{"lineNumber":1,"author":{"gitId":"ngkeiyeung"},"content":"package project.Exception;","lastModifiedDate":"2021-10-10"},{"lineNumber":2,"author":{"gitId":"ngkeiyeung"},"content":"","lastModifiedDate":"2021-10-10"},{"lineNumber":3,"author":{"gitId":"ngkeiyeung"},"content":"public class Exception extends java.lang.Exception {","lastModifiedDate":"2021-10-10"},{"lineNumber":4,"author":{"gitId":"ngkeiyeung"},"content":"","lastModifiedDate":"2021-10-10"},{"lineNumber":5,"author":{"gitId":"ngkeiyeung"},"content":"    public Exception(String warning) {","lastModifiedDate":"2021-10-10"},{"lineNumber":6,"author":{"gitId":"ngkeiyeung"},"content":"        super(warning);","lastModifiedDate":"2021-10-10"},{"lineNumber":7,"author":{"gitId":"ngkeiyeung"},"content":"    }","lastModifiedDate":"2021-10-10"},{"lineNumber":8,"author":{"gitId":"ngkeiyeung"},"content":"}","lastModifiedDate":"2021-10-10"}],"authorContributionMap":{"ngkeiyeung":8}},{"path":"src/main/java/project/TextContent/deadline.java","fileType":"java","lines":[{"lineNumber":1,"author":{"gitId":"ngkeiyeung"},"content":"package project.TextContent;","lastModifiedDate":"2021-10-12"},{"lineNumber":2,"author":{"gitId":"ngkeiyeung"},"content":"","lastModifiedDate":"2021-10-10"},{"lineNumber":3,"author":{"gitId":"ngkeiyeung"},"content":"import project.functions.Deadlines;","lastModifiedDate":"2021-10-12"},{"lineNumber":4,"author":{"gitId":"ngkeiyeung"},"content":"import project.functions.function;","lastModifiedDate":"2021-10-12"},{"lineNumber":5,"author":{"gitId":"ngkeiyeung"},"content":"import project.functions.TodoList;","lastModifiedDate":"2021-10-12"},{"lineNumber":6,"author":{"gitId":"ngkeiyeung"},"content":"import project.ui.ui;","lastModifiedDate":"2021-10-12"},{"lineNumber":7,"author":{"gitId":"ngkeiyeung"},"content":"import project.storage.save;","lastModifiedDate":"2021-10-12"},{"lineNumber":8,"author":{"gitId":"ngkeiyeung"},"content":"import project.Exception.Exception;","lastModifiedDate":"2021-10-12"},{"lineNumber":9,"author":{"gitId":"ngkeiyeung"},"content":"","lastModifiedDate":"2021-10-10"},{"lineNumber":10,"author":{"gitId":"ngkeiyeung"},"content":"import java.time.LocalDateTime;","lastModifiedDate":"2021-10-12"},{"lineNumber":11,"author":{"gitId":"ngkeiyeung"},"content":"import java.time.format.DateTimeFormatter;","lastModifiedDate":"2021-10-12"},{"lineNumber":12,"author":{"gitId":"ngkeiyeung"},"content":"import java.time.format.DateTimeParseException;","lastModifiedDate":"2021-10-12"},{"lineNumber":13,"author":{"gitId":"ngkeiyeung"},"content":"","lastModifiedDate":"2021-10-12"},{"lineNumber":14,"author":{"gitId":"ngkeiyeung"},"content":"","lastModifiedDate":"2021-10-12"},{"lineNumber":15,"author":{"gitId":"ngkeiyeung"},"content":"public class deadline extends function{","lastModifiedDate":"2021-10-12"},{"lineNumber":16,"author":{"gitId":"ngkeiyeung"},"content":"    public Deadlines deadline;","lastModifiedDate":"2021-10-12"},{"lineNumber":17,"author":{"gitId":"ngkeiyeung"},"content":"","lastModifiedDate":"2021-10-12"},{"lineNumber":18,"author":{"gitId":"ngkeiyeung"},"content":"    public deadline(boolean isExit, String description) {","lastModifiedDate":"2021-10-12"},{"lineNumber":19,"author":{"gitId":"ngkeiyeung"},"content":"        super(isExit, description);","lastModifiedDate":"2021-10-12"},{"lineNumber":20,"author":{"gitId":"ngkeiyeung"},"content":"    }","lastModifiedDate":"2021-10-12"},{"lineNumber":21,"author":{"gitId":"ngkeiyeung"},"content":"","lastModifiedDate":"2021-10-12"},{"lineNumber":22,"author":{"gitId":"ngkeiyeung"},"content":"    public LocalDateTime stringFormat(String date) throws Exception {","lastModifiedDate":"2021-10-12"},{"lineNumber":23,"author":{"gitId":"ngkeiyeung"},"content":"        try {","lastModifiedDate":"2021-10-12"},{"lineNumber":24,"author":{"gitId":"ngkeiyeung"},"content":"            DateTimeFormatter formatter \u003d DateTimeFormatter.ofPattern(dateTimeFormat);","lastModifiedDate":"2021-10-12"},{"lineNumber":25,"author":{"gitId":"ngkeiyeung"},"content":"            return LocalDateTime.parse(date, formatter);","lastModifiedDate":"2021-10-12"},{"lineNumber":26,"author":{"gitId":"ngkeiyeung"},"content":"        } catch (DateTimeParseException e) {","lastModifiedDate":"2021-10-12"},{"lineNumber":27,"author":{"gitId":"ngkeiyeung"},"content":"            throw new Exception(\"The format of the date and time is not \" + dateTimeFormat);","lastModifiedDate":"2021-10-12"},{"lineNumber":28,"author":{"gitId":"ngkeiyeung"},"content":"        }","lastModifiedDate":"2021-10-12"},{"lineNumber":29,"author":{"gitId":"ngkeiyeung"},"content":"    }","lastModifiedDate":"2021-10-12"},{"lineNumber":30,"author":{"gitId":"ngkeiyeung"},"content":"","lastModifiedDate":"2021-10-12"},{"lineNumber":31,"author":{"gitId":"ngkeiyeung"},"content":"    @Override","lastModifiedDate":"2021-10-12"},{"lineNumber":32,"author":{"gitId":"ngkeiyeung"},"content":"    public void exe (TodoList todoList, ui ui, save storage) throws Exception{","lastModifiedDate":"2021-10-12"},{"lineNumber":33,"author":{"gitId":"ngkeiyeung"},"content":"","lastModifiedDate":"2021-10-12"},{"lineNumber":34,"author":{"gitId":"ngkeiyeung"},"content":"        if (description.substring(8).equals(empty)) {","lastModifiedDate":"2021-10-12"},{"lineNumber":35,"author":{"gitId":"ngkeiyeung"},"content":"            throw new Exception(\"The deadline cannot be null. Please re-enter the deadline\");","lastModifiedDate":"2021-10-12"},{"lineNumber":36,"author":{"gitId":"ngkeiyeung"},"content":"        } else if (!description.contains(\"by\")) {","lastModifiedDate":"2021-10-12"},{"lineNumber":37,"author":{"gitId":"ngkeiyeung"},"content":"            throw new Exception(\"The date cannot be null, please re-entry the date.\");","lastModifiedDate":"2021-10-12"},{"lineNumber":38,"author":{"gitId":"ngkeiyeung"},"content":"        }","lastModifiedDate":"2021-10-12"},{"lineNumber":39,"author":{"gitId":"ngkeiyeung"},"content":"","lastModifiedDate":"2021-10-12"},{"lineNumber":40,"author":{"gitId":"ngkeiyeung"},"content":"        deadline \u003d new Deadlines(description.substring(9, description.indexOf(\"by\") - 1), stringFormat(description.substring(description.indexOf(\"by\") + 3)));","lastModifiedDate":"2021-10-12"},{"lineNumber":41,"author":{"gitId":"ngkeiyeung"},"content":"        todoList.setTodoList(deadline);","lastModifiedDate":"2021-10-12"},{"lineNumber":42,"author":{"gitId":"ngkeiyeung"},"content":"","lastModifiedDate":"2021-10-12"},{"lineNumber":43,"author":{"gitId":"ngkeiyeung"},"content":"        assert todoList.length() \u003e 0;","lastModifiedDate":"2021-10-12"},{"lineNumber":44,"author":{"gitId":"ngkeiyeung"},"content":"        ui.outputDisplay(\"Got it. I\u0027ve added this task:\\n\"","lastModifiedDate":"2021-10-12"},{"lineNumber":45,"author":{"gitId":"ngkeiyeung"},"content":"                + deadline.getTaskDescription()","lastModifiedDate":"2021-10-12"},{"lineNumber":46,"author":{"gitId":"ngkeiyeung"},"content":"                + \"\\nNow you have \"","lastModifiedDate":"2021-10-12"},{"lineNumber":47,"author":{"gitId":"ngkeiyeung"},"content":"                + todoList.length()","lastModifiedDate":"2021-10-12"},{"lineNumber":48,"author":{"gitId":"ngkeiyeung"},"content":"                + \" in task list.\");","lastModifiedDate":"2021-10-12"},{"lineNumber":49,"author":{"gitId":"ngkeiyeung"},"content":"        storage.save();","lastModifiedDate":"2021-10-12"},{"lineNumber":50,"author":{"gitId":"ngkeiyeung"},"content":"    }","lastModifiedDate":"2021-10-12"},{"lineNumber":51,"author":{"gitId":"ngkeiyeung"},"content":"","lastModifiedDate":"2021-10-10"},{"lineNumber":52,"author":{"gitId":"ngkeiyeung"},"content":"}","lastModifiedDate":"2021-10-10"}],"authorContributionMap":{"ngkeiyeung":52}},{"path":"src/main/java/project/TextContent/delete.java","fileType":"java","lines":[{"lineNumber":1,"author":{"gitId":"ngkeiyeung"},"content":"package project.TextContent;","lastModifiedDate":"2021-10-13"},{"lineNumber":2,"author":{"gitId":"ngkeiyeung"},"content":"","lastModifiedDate":"2021-10-13"},{"lineNumber":3,"author":{"gitId":"ngkeiyeung"},"content":"import project.Duke;","lastModifiedDate":"2021-10-13"},{"lineNumber":4,"author":{"gitId":"ngkeiyeung"},"content":"import project.Exception.Exception;","lastModifiedDate":"2021-10-13"},{"lineNumber":5,"author":{"gitId":"ngkeiyeung"},"content":"import project.functions.TodoList;","lastModifiedDate":"2021-10-13"},{"lineNumber":6,"author":{"gitId":"ngkeiyeung"},"content":"import project.functions.function;","lastModifiedDate":"2021-10-13"},{"lineNumber":7,"author":{"gitId":"ngkeiyeung"},"content":"import project.storage.save;","lastModifiedDate":"2021-10-13"},{"lineNumber":8,"author":{"gitId":"ngkeiyeung"},"content":"import project.ui.ui;","lastModifiedDate":"2021-10-13"},{"lineNumber":9,"author":{"gitId":"ngkeiyeung"},"content":"","lastModifiedDate":"2021-10-13"},{"lineNumber":10,"author":{"gitId":"ngkeiyeung"},"content":"public class delete extends function {","lastModifiedDate":"2021-10-13"},{"lineNumber":11,"author":{"gitId":"ngkeiyeung"},"content":"","lastModifiedDate":"2021-10-13"},{"lineNumber":12,"author":{"gitId":"ngkeiyeung"},"content":"    /**","lastModifiedDate":"2021-10-13"},{"lineNumber":13,"author":{"gitId":"ngkeiyeung"},"content":"     * Return user input and initialize the status of the description","lastModifiedDate":"2021-10-13"},{"lineNumber":14,"author":{"gitId":"ngkeiyeung"},"content":"     *","lastModifiedDate":"2021-10-13"},{"lineNumber":15,"author":{"gitId":"ngkeiyeung"},"content":"     * @param isExit      The boolean value if the exit condition is true.","lastModifiedDate":"2021-10-13"},{"lineNumber":16,"author":{"gitId":"ngkeiyeung"},"content":"     * @param description The task description/command from user.","lastModifiedDate":"2021-10-13"},{"lineNumber":17,"author":{"gitId":"ngkeiyeung"},"content":"     */","lastModifiedDate":"2021-10-13"},{"lineNumber":18,"author":{"gitId":"ngkeiyeung"},"content":"    public delete(boolean isExit, String description) {","lastModifiedDate":"2021-10-13"},{"lineNumber":19,"author":{"gitId":"ngkeiyeung"},"content":"        super(isExit, description);","lastModifiedDate":"2021-10-13"},{"lineNumber":20,"author":{"gitId":"ngkeiyeung"},"content":"    }","lastModifiedDate":"2021-10-13"},{"lineNumber":21,"author":{"gitId":"ngkeiyeung"},"content":"","lastModifiedDate":"2021-10-13"},{"lineNumber":22,"author":{"gitId":"ngkeiyeung"},"content":"    public void exe(TodoList todoList, ui ui, save storage) throws Exception {","lastModifiedDate":"2021-10-13"},{"lineNumber":23,"author":{"gitId":"ngkeiyeung"},"content":"        if(description.substring(7).equals(empty)){","lastModifiedDate":"2021-10-13"},{"lineNumber":24,"author":{"gitId":"ngkeiyeung"},"content":"            throw new Exception(\"Which task to delete?\");","lastModifiedDate":"2021-10-13"},{"lineNumber":25,"author":{"gitId":"ngkeiyeung"},"content":"        }","lastModifiedDate":"2021-10-13"},{"lineNumber":26,"author":{"gitId":"ngkeiyeung"},"content":"        i \u003d Integer.parseInt(description.substring(7));","lastModifiedDate":"2021-10-13"},{"lineNumber":27,"author":{"gitId":"ngkeiyeung"},"content":"        i--;","lastModifiedDate":"2021-10-13"},{"lineNumber":28,"author":{"gitId":"ngkeiyeung"},"content":"","lastModifiedDate":"2021-10-13"},{"lineNumber":29,"author":{"gitId":"ngkeiyeung"},"content":"        ui.outputdisplay(\"Noted. I\u0027ve removed this task:\\n\"","lastModifiedDate":"2021-10-13"},{"lineNumber":30,"author":{"gitId":"ngkeiyeung"},"content":"                + \"\\t\"","lastModifiedDate":"2021-10-13"},{"lineNumber":31,"author":{"gitId":"ngkeiyeung"},"content":"                + todoList.getList(i).getTaskDescription();","lastModifiedDate":"2021-10-13"},{"lineNumber":32,"author":{"gitId":"ngkeiyeung"},"content":"        todoList.toDelete(i);","lastModifiedDate":"2021-10-13"},{"lineNumber":33,"author":{"gitId":"ngkeiyeung"},"content":"        storage.save();","lastModifiedDate":"2021-10-13"},{"lineNumber":34,"author":{"gitId":"ngkeiyeung"},"content":"    }","lastModifiedDate":"2021-10-13"},{"lineNumber":35,"author":{"gitId":"ngkeiyeung"},"content":"}","lastModifiedDate":"2021-10-10"}],"authorContributionMap":{"ngkeiyeung":35}},{"path":"src/main/java/project/TextContent/done.java","fileType":"java","lines":[{"lineNumber":1,"author":{"gitId":"ngkeiyeung"},"content":"package TextContent;","lastModifiedDate":"2021-10-10"},{"lineNumber":2,"author":{"gitId":"ngkeiyeung"},"content":"","lastModifiedDate":"2021-10-10"},{"lineNumber":3,"author":{"gitId":"ngkeiyeung"},"content":"public class done extends Duke {","lastModifiedDate":"2021-10-10"},{"lineNumber":4,"author":{"gitId":"ngkeiyeung"},"content":"    /**","lastModifiedDate":"2021-10-10"},{"lineNumber":5,"author":{"gitId":"ngkeiyeung"},"content":"     * Creates DoneCommand and initialise the isExit boolean value and description according to user input.","lastModifiedDate":"2021-10-10"},{"lineNumber":6,"author":{"gitId":"ngkeiyeung"},"content":"     *","lastModifiedDate":"2021-10-10"},{"lineNumber":7,"author":{"gitId":"ngkeiyeung"},"content":"     * @param isCompleted      The boolean value if the exit condition is true.","lastModifiedDate":"2021-10-10"},{"lineNumber":8,"author":{"gitId":"ngkeiyeung"},"content":"     * @param description The task description/command from user.","lastModifiedDate":"2021-10-10"},{"lineNumber":9,"author":{"gitId":"ngkeiyeung"},"content":"     */","lastModifiedDate":"2021-10-10"},{"lineNumber":10,"author":{"gitId":"ngkeiyeung"},"content":"    public done(boolean isCompleted, String description) {","lastModifiedDate":"2021-10-10"},{"lineNumber":11,"author":{"gitId":"ngkeiyeung"},"content":"        super(isCompleted, description);","lastModifiedDate":"2021-10-10"},{"lineNumber":12,"author":{"gitId":"ngkeiyeung"},"content":"    }","lastModifiedDate":"2021-10-10"},{"lineNumber":13,"author":{"gitId":"ngkeiyeung"},"content":"","lastModifiedDate":"2021-10-10"},{"lineNumber":14,"author":{"gitId":"ngkeiyeung"},"content":"    /**","lastModifiedDate":"2021-10-10"},{"lineNumber":15,"author":{"gitId":"ngkeiyeung"},"content":"     * Marks the task as done, check the task number if empty prior marking it as done.","lastModifiedDate":"2021-10-10"},{"lineNumber":16,"author":{"gitId":"ngkeiyeung"},"content":"     *","lastModifiedDate":"2021-10-10"},{"lineNumber":17,"author":{"gitId":"ngkeiyeung"},"content":"     * @param taskList The array of tasks stored in as an ArrayList.","lastModifiedDate":"2021-10-10"},{"lineNumber":18,"author":{"gitId":"ngkeiyeung"},"content":"     * @param ui       The User Interface (UI) to handle the interaction with user.","lastModifiedDate":"2021-10-10"},{"lineNumber":19,"author":{"gitId":"ngkeiyeung"},"content":"     * @param storage  The storage to handle storing and reading of task from the file.","lastModifiedDate":"2021-10-10"},{"lineNumber":20,"author":{"gitId":"ngkeiyeung"},"content":"     * @throws DukeException To handle error and exception, if the user inputs an empty description.","lastModifiedDate":"2021-10-10"},{"lineNumber":21,"author":{"gitId":"ngkeiyeung"},"content":"     */","lastModifiedDate":"2021-10-10"},{"lineNumber":22,"author":{"gitId":"ngkeiyeung"},"content":"    @Override","lastModifiedDate":"2021-10-10"},{"lineNumber":23,"author":{"gitId":"ngkeiyeung"},"content":"    public void execute(TaskList taskList, Ui ui, Storage storage) throws DukeException {","lastModifiedDate":"2021-10-10"},{"lineNumber":24,"author":{"gitId":"ngkeiyeung"},"content":"        int index \u003d 0;","lastModifiedDate":"2021-10-10"},{"lineNumber":25,"author":{"gitId":"ngkeiyeung"},"content":"        if (description.substring(4).equals(\"\")) {","lastModifiedDate":"2021-10-10"},{"lineNumber":26,"author":{"gitId":"ngkeiyeung"},"content":"            throw new DukeException(\"Which task is done?\");","lastModifiedDate":"2021-10-10"},{"lineNumber":27,"author":{"gitId":"ngkeiyeung"},"content":"        }","lastModifiedDate":"2021-10-10"},{"lineNumber":28,"author":{"gitId":"ngkeiyeung"},"content":"        index \u003d Integer.parseInt(description.substring(5)) - 1;","lastModifiedDate":"2021-10-10"},{"lineNumber":29,"author":{"gitId":"ngkeiyeung"},"content":"        (taskList.getATask(index)).setDone();","lastModifiedDate":"2021-10-10"},{"lineNumber":30,"author":{"gitId":"ngkeiyeung"},"content":"        ui.showOutputToUser(DONE_MSG + taskList.getATask(index).getDescription());","lastModifiedDate":"2021-10-10"},{"lineNumber":31,"author":{"gitId":"ngkeiyeung"},"content":"        storage.save();","lastModifiedDate":"2021-10-10"},{"lineNumber":32,"author":{"gitId":"ngkeiyeung"},"content":"    }","lastModifiedDate":"2021-10-10"},{"lineNumber":33,"author":{"gitId":"ngkeiyeung"},"content":"}","lastModifiedDate":"2021-10-10"}],"authorContributionMap":{"ngkeiyeung":33}},{"path":"src/main/java/project/TextContent/event.java","fileType":"java","lines":[{"lineNumber":1,"author":{"gitId":"ngkeiyeung"},"content":"package project.TextContent;","lastModifiedDate":"2021-10-12"},{"lineNumber":2,"author":{"gitId":"ngkeiyeung"},"content":"","lastModifiedDate":"2021-10-12"},{"lineNumber":3,"author":{"gitId":"ngkeiyeung"},"content":"import project.Exception.Exception;","lastModifiedDate":"2021-10-12"},{"lineNumber":4,"author":{"gitId":"ngkeiyeung"},"content":"import project.functions.Events;","lastModifiedDate":"2021-10-12"},{"lineNumber":5,"author":{"gitId":"ngkeiyeung"},"content":"import project.functions.TodoList;","lastModifiedDate":"2021-10-12"},{"lineNumber":6,"author":{"gitId":"ngkeiyeung"},"content":"import project.functions.function;","lastModifiedDate":"2021-10-12"},{"lineNumber":7,"author":{"gitId":"ngkeiyeung"},"content":"import project.storage.save;","lastModifiedDate":"2021-10-12"},{"lineNumber":8,"author":{"gitId":"ngkeiyeung"},"content":"import project.ui.ui;","lastModifiedDate":"2021-10-12"},{"lineNumber":9,"author":{"gitId":"ngkeiyeung"},"content":"","lastModifiedDate":"2021-10-12"},{"lineNumber":10,"author":{"gitId":"ngkeiyeung"},"content":"import java.time.LocalDateTime;","lastModifiedDate":"2021-10-12"},{"lineNumber":11,"author":{"gitId":"ngkeiyeung"},"content":"import java.time.format.DateTimeFormatter;","lastModifiedDate":"2021-10-12"},{"lineNumber":12,"author":{"gitId":"ngkeiyeung"},"content":"import java.time.format.DateTimeParseException;","lastModifiedDate":"2021-10-12"},{"lineNumber":13,"author":{"gitId":"ngkeiyeung"},"content":"","lastModifiedDate":"2021-10-12"},{"lineNumber":14,"author":{"gitId":"ngkeiyeung"},"content":"public class event extends function{","lastModifiedDate":"2021-10-12"},{"lineNumber":15,"author":{"gitId":"ngkeiyeung"},"content":"    public Events events;","lastModifiedDate":"2021-10-12"},{"lineNumber":16,"author":{"gitId":"ngkeiyeung"},"content":"    /**","lastModifiedDate":"2021-10-12"},{"lineNumber":17,"author":{"gitId":"ngkeiyeung"},"content":"     * Return user input and initialize the status of the description","lastModifiedDate":"2021-10-12"},{"lineNumber":18,"author":{"gitId":"ngkeiyeung"},"content":"     *","lastModifiedDate":"2021-10-12"},{"lineNumber":19,"author":{"gitId":"ngkeiyeung"},"content":"     * @param isExit      The boolean value if the exit condition is true.","lastModifiedDate":"2021-10-12"},{"lineNumber":20,"author":{"gitId":"ngkeiyeung"},"content":"     * @param description The task description/command from user.","lastModifiedDate":"2021-10-12"},{"lineNumber":21,"author":{"gitId":"ngkeiyeung"},"content":"     */","lastModifiedDate":"2021-10-12"},{"lineNumber":22,"author":{"gitId":"ngkeiyeung"},"content":"    public event(boolean isExit, String description) {","lastModifiedDate":"2021-10-12"},{"lineNumber":23,"author":{"gitId":"ngkeiyeung"},"content":"        super(isExit, description);","lastModifiedDate":"2021-10-12"},{"lineNumber":24,"author":{"gitId":"ngkeiyeung"},"content":"    }","lastModifiedDate":"2021-10-12"},{"lineNumber":25,"author":{"gitId":"ngkeiyeung"},"content":"","lastModifiedDate":"2021-10-12"},{"lineNumber":26,"author":{"gitId":"ngkeiyeung"},"content":"    private LocalDateTime stringFormat(String date) throws Exception {","lastModifiedDate":"2021-10-12"},{"lineNumber":27,"author":{"gitId":"ngkeiyeung"},"content":"        try {","lastModifiedDate":"2021-10-12"},{"lineNumber":28,"author":{"gitId":"ngkeiyeung"},"content":"            DateTimeFormatter formatter \u003d DateTimeFormatter.ofPattern(dateTimeFormat);","lastModifiedDate":"2021-10-12"},{"lineNumber":29,"author":{"gitId":"ngkeiyeung"},"content":"            return LocalDateTime.parse(date, formatter);","lastModifiedDate":"2021-10-12"},{"lineNumber":30,"author":{"gitId":"ngkeiyeung"},"content":"        } catch (DateTimeParseException e) {","lastModifiedDate":"2021-10-12"},{"lineNumber":31,"author":{"gitId":"ngkeiyeung"},"content":"            throw new Exception(\"The format of the date and time is not \" + dateTimeFormat);","lastModifiedDate":"2021-10-12"},{"lineNumber":32,"author":{"gitId":"ngkeiyeung"},"content":"        }","lastModifiedDate":"2021-10-12"},{"lineNumber":33,"author":{"gitId":"ngkeiyeung"},"content":"    }","lastModifiedDate":"2021-10-12"},{"lineNumber":34,"author":{"gitId":"ngkeiyeung"},"content":"","lastModifiedDate":"2021-10-12"},{"lineNumber":35,"author":{"gitId":"ngkeiyeung"},"content":"    @Override","lastModifiedDate":"2021-10-12"},{"lineNumber":36,"author":{"gitId":"ngkeiyeung"},"content":"    public void exe(TodoList todoList, ui ui, save storage) throws Exception {","lastModifiedDate":"2021-10-12"},{"lineNumber":37,"author":{"gitId":"ngkeiyeung"},"content":"        if (description.substring(5).equals(empty)) {","lastModifiedDate":"2021-10-12"},{"lineNumber":38,"author":{"gitId":"ngkeiyeung"},"content":"            throw new Exception(\"The description of event cannot be empty.\");","lastModifiedDate":"2021-10-12"},{"lineNumber":39,"author":{"gitId":"ngkeiyeung"},"content":"        } else if (!description.contains(\"at\")) {","lastModifiedDate":"2021-10-12"},{"lineNumber":40,"author":{"gitId":"ngkeiyeung"},"content":"            throw new Exception(\"The event date cannot be empty.\");","lastModifiedDate":"2021-10-12"},{"lineNumber":41,"author":{"gitId":"ngkeiyeung"},"content":"        }","lastModifiedDate":"2021-10-12"},{"lineNumber":42,"author":{"gitId":"ngkeiyeung"},"content":"","lastModifiedDate":"2021-10-12"},{"lineNumber":43,"author":{"gitId":"ngkeiyeung"},"content":"        events \u003d new Events(description.substring(6, description.indexOf(\"at\") - 1), stringFormat(description.substring(description.indexOf(\"at\") + 3)));","lastModifiedDate":"2021-10-12"},{"lineNumber":44,"author":{"gitId":"ngkeiyeung"},"content":"        todoList.setTodoList(events);","lastModifiedDate":"2021-10-12"},{"lineNumber":45,"author":{"gitId":"ngkeiyeung"},"content":"","lastModifiedDate":"2021-10-12"},{"lineNumber":46,"author":{"gitId":"ngkeiyeung"},"content":"        assert todoList.length() \u003e 0;","lastModifiedDate":"2021-10-12"},{"lineNumber":47,"author":{"gitId":"ngkeiyeung"},"content":"        ui.outputDisplay(\"Got it. I\u0027ve added this task:\\n\"","lastModifiedDate":"2021-10-12"},{"lineNumber":48,"author":{"gitId":"ngkeiyeung"},"content":"                + events.getTaskDescription()","lastModifiedDate":"2021-10-12"},{"lineNumber":49,"author":{"gitId":"ngkeiyeung"},"content":"                + \"\\nNow you have \"","lastModifiedDate":"2021-10-12"},{"lineNumber":50,"author":{"gitId":"ngkeiyeung"},"content":"                + todoList.length()","lastModifiedDate":"2021-10-12"},{"lineNumber":51,"author":{"gitId":"ngkeiyeung"},"content":"                + \" in task list.\");","lastModifiedDate":"2021-10-12"},{"lineNumber":52,"author":{"gitId":"ngkeiyeung"},"content":"        storage.save();","lastModifiedDate":"2021-10-12"},{"lineNumber":53,"author":{"gitId":"ngkeiyeung"},"content":"    }","lastModifiedDate":"2021-10-12"},{"lineNumber":54,"author":{"gitId":"ngkeiyeung"},"content":"","lastModifiedDate":"2021-10-12"},{"lineNumber":55,"author":{"gitId":"ngkeiyeung"},"content":"","lastModifiedDate":"2021-10-08"},{"lineNumber":56,"author":{"gitId":"ngkeiyeung"},"content":"}","lastModifiedDate":"2021-10-08"}],"authorContributionMap":{"ngkeiyeung":56}},{"path":"src/main/java/project/TextContent/exit.java","fileType":"java","lines":[{"lineNumber":1,"author":{"gitId":"ngkeiyeung"},"content":"package project.TextContent;","lastModifiedDate":"2021-10-13"},{"lineNumber":2,"author":{"gitId":"ngkeiyeung"},"content":"","lastModifiedDate":"2021-10-08"},{"lineNumber":3,"author":{"gitId":"ngkeiyeung"},"content":"import project.functions.TodoList;","lastModifiedDate":"2021-10-13"},{"lineNumber":4,"author":{"gitId":"ngkeiyeung"},"content":"import project.functions.function;","lastModifiedDate":"2021-10-13"},{"lineNumber":5,"author":{"gitId":"ngkeiyeung"},"content":"","lastModifiedDate":"2021-10-13"},{"lineNumber":6,"author":{"gitId":"ngkeiyeung"},"content":"public class","lastModifiedDate":"2021-10-13"},{"lineNumber":7,"author":{"gitId":"ngkeiyeung"},"content":"exit extends function {","lastModifiedDate":"2021-10-13"},{"lineNumber":8,"author":{"gitId":"ngkeiyeung"},"content":"","lastModifiedDate":"2021-10-13"},{"lineNumber":9,"author":{"gitId":"ngkeiyeung"},"content":"    /**","lastModifiedDate":"2021-10-13"},{"lineNumber":10,"author":{"gitId":"ngkeiyeung"},"content":"     * Return user input and initialize the status of the description","lastModifiedDate":"2021-10-13"},{"lineNumber":11,"author":{"gitId":"ngkeiyeung"},"content":"     *","lastModifiedDate":"2021-10-13"},{"lineNumber":12,"author":{"gitId":"ngkeiyeung"},"content":"     * @param isExit      The boolean value if the exit condition is true.","lastModifiedDate":"2021-10-13"},{"lineNumber":13,"author":{"gitId":"ngkeiyeung"},"content":"     * @param description The task description/command from user.","lastModifiedDate":"2021-10-13"},{"lineNumber":14,"author":{"gitId":"ngkeiyeung"},"content":"     */","lastModifiedDate":"2021-10-13"},{"lineNumber":15,"author":{"gitId":"ngkeiyeung"},"content":"    public exit(boolean isExit, String description) {","lastModifiedDate":"2021-10-13"},{"lineNumber":16,"author":{"gitId":"ngkeiyeung"},"content":"        super(isExit, description);","lastModifiedDate":"2021-10-13"},{"lineNumber":17,"author":{"gitId":"ngkeiyeung"},"content":"    }","lastModifiedDate":"2021-10-13"},{"lineNumber":18,"author":{"gitId":"ngkeiyeung"},"content":"","lastModifiedDate":"2021-10-13"},{"lineNumber":19,"author":{"gitId":"ngkeiyeung"},"content":"    public void exe(TodoList todoList, ui ui, save storage) {","lastModifiedDate":"2021-10-13"},{"lineNumber":20,"author":{"gitId":"ngkeiyeung"},"content":"        ui.exitMessage();","lastModifiedDate":"2021-10-13"},{"lineNumber":21,"author":{"gitId":"ngkeiyeung"},"content":"    }","lastModifiedDate":"2021-10-13"},{"lineNumber":22,"author":{"gitId":"ngkeiyeung"},"content":"}","lastModifiedDate":"2021-10-08"}],"authorContributionMap":{"ngkeiyeung":22}},{"path":"src/main/java/project/TextContent/find.java","fileType":"java","lines":[{"lineNumber":1,"author":{"gitId":"ngkeiyeung"},"content":"package TextContent;","lastModifiedDate":"2021-10-08"},{"lineNumber":2,"author":{"gitId":"ngkeiyeung"},"content":"","lastModifiedDate":"2021-10-08"},{"lineNumber":3,"author":{"gitId":"ngkeiyeung"},"content":"public class find {","lastModifiedDate":"2021-10-08"},{"lineNumber":4,"author":{"gitId":"ngkeiyeung"},"content":"}","lastModifiedDate":"2021-10-08"}],"authorContributionMap":{"ngkeiyeung":4}},{"path":"src/main/java/project/TextContent/list.java","fileType":"java","lines":[{"lineNumber":1,"author":{"gitId":"ngkeiyeung"},"content":"package TextContent;","lastModifiedDate":"2021-10-08"},{"lineNumber":2,"author":{"gitId":"ngkeiyeung"},"content":"","lastModifiedDate":"2021-10-08"},{"lineNumber":3,"author":{"gitId":"ngkeiyeung"},"content":"public class list {","lastModifiedDate":"2021-10-08"},{"lineNumber":4,"author":{"gitId":"ngkeiyeung"},"content":"}","lastModifiedDate":"2021-10-08"}],"authorContributionMap":{"ngkeiyeung":4}},{"path":"src/main/java/project/TextContent/todo.java","fileType":"java","lines":[{"lineNumber":1,"author":{"gitId":"ngkeiyeung"},"content":"package project.TextContent;","lastModifiedDate":"2021-10-12"},{"lineNumber":2,"author":{"gitId":"ngkeiyeung"},"content":"","lastModifiedDate":"2021-10-08"},{"lineNumber":3,"author":{"gitId":"ngkeiyeung"},"content":"public class todo {","lastModifiedDate":"2021-10-08"},{"lineNumber":4,"author":{"gitId":"ngkeiyeung"},"content":"}","lastModifiedDate":"2021-10-08"}],"authorContributionMap":{"ngkeiyeung":4}},{"path":"src/main/java/project/functions/Deadlines.java","fileType":"java","lines":[{"lineNumber":1,"author":{"gitId":"ngkeiyeung"},"content":"package project.functions;","lastModifiedDate":"2021-10-10"},{"lineNumber":2,"author":{"gitId":"ngkeiyeung"},"content":"","lastModifiedDate":"2021-10-08"},{"lineNumber":3,"author":{"gitId":"ngkeiyeung"},"content":"import project.Exception.Exception;","lastModifiedDate":"2021-10-10"},{"lineNumber":4,"author":{"gitId":"ngkeiyeung"},"content":"import java.time.LocalDateTime;","lastModifiedDate":"2021-10-08"},{"lineNumber":5,"author":{"gitId":"ngkeiyeung"},"content":"import java.time.format.DateTimeFormatter;","lastModifiedDate":"2021-10-08"},{"lineNumber":6,"author":{"gitId":"ngkeiyeung"},"content":"import java.time.format.DateTimeParseException;","lastModifiedDate":"2021-10-10"},{"lineNumber":7,"author":{"gitId":"ngkeiyeung"},"content":"","lastModifiedDate":"2021-10-08"},{"lineNumber":8,"author":{"gitId":"ngkeiyeung"},"content":"public class Deadlines extends Task {","lastModifiedDate":"2021-10-08"},{"lineNumber":9,"author":{"gitId":"ngkeiyeung"},"content":"    public LocalDateTime timing;","lastModifiedDate":"2021-10-08"},{"lineNumber":10,"author":{"gitId":"ngkeiyeung"},"content":"    private String deleted \u003d \"[D]\";","lastModifiedDate":"2021-10-10"},{"lineNumber":11,"author":{"gitId":"ngkeiyeung"},"content":"","lastModifiedDate":"2021-10-08"},{"lineNumber":12,"author":{"gitId":"ngkeiyeung"},"content":"    /**","lastModifiedDate":"2021-10-08"},{"lineNumber":13,"author":{"gitId":"ngkeiyeung"},"content":"     * The purpose of new task description is","lastModifiedDate":"2021-10-08"},{"lineNumber":14,"author":{"gitId":"ngkeiyeung"},"content":"     * Initializing the new task and mark the progress as incomplete.","lastModifiedDate":"2021-10-08"},{"lineNumber":15,"author":{"gitId":"ngkeiyeung"},"content":"     *","lastModifiedDate":"2021-10-08"},{"lineNumber":16,"author":{"gitId":"ngkeiyeung"},"content":"     * @param description","lastModifiedDate":"2021-10-08"},{"lineNumber":17,"author":{"gitId":"ngkeiyeung"},"content":"     */","lastModifiedDate":"2021-10-08"},{"lineNumber":18,"author":{"gitId":"ngkeiyeung"},"content":"    public Deadlines(String description, LocalDateTime timing) {","lastModifiedDate":"2021-10-08"},{"lineNumber":19,"author":{"gitId":"ngkeiyeung"},"content":"        super(description);","lastModifiedDate":"2021-10-08"},{"lineNumber":20,"author":{"gitId":"ngkeiyeung"},"content":"        this.timing \u003d timing;","lastModifiedDate":"2021-10-08"},{"lineNumber":21,"author":{"gitId":"ngkeiyeung"},"content":"    }","lastModifiedDate":"2021-10-08"},{"lineNumber":22,"author":{"gitId":"ngkeiyeung"},"content":"","lastModifiedDate":"2021-10-08"},{"lineNumber":23,"author":{"gitId":"ngkeiyeung"},"content":"    /**","lastModifiedDate":"2021-10-08"},{"lineNumber":24,"author":{"gitId":"ngkeiyeung"},"content":"     * Return the deadline of the task","lastModifiedDate":"2021-10-08"},{"lineNumber":25,"author":{"gitId":"ngkeiyeung"},"content":"     *","lastModifiedDate":"2021-10-08"},{"lineNumber":26,"author":{"gitId":"ngkeiyeung"},"content":"     * @return String","lastModifiedDate":"2021-10-08"},{"lineNumber":27,"author":{"gitId":"ngkeiyeung"},"content":"     */","lastModifiedDate":"2021-10-08"},{"lineNumber":28,"author":{"gitId":"ngkeiyeung"},"content":"    @Override","lastModifiedDate":"2021-10-08"},{"lineNumber":29,"author":{"gitId":"ngkeiyeung"},"content":"    public String getTaskDescription() {","lastModifiedDate":"2021-10-08"},{"lineNumber":30,"author":{"gitId":"ngkeiyeung"},"content":"        return deleted + getTaskDescription();","lastModifiedDate":"2021-10-10"},{"lineNumber":31,"author":{"gitId":"ngkeiyeung"},"content":"    }","lastModifiedDate":"2021-10-08"},{"lineNumber":32,"author":{"gitId":"ngkeiyeung"},"content":"","lastModifiedDate":"2021-10-08"},{"lineNumber":33,"author":{"gitId":"ngkeiyeung"},"content":"    /**","lastModifiedDate":"2021-10-08"},{"lineNumber":34,"author":{"gitId":"ngkeiyeung"},"content":"     * To get the date and time","lastModifiedDate":"2021-10-08"},{"lineNumber":35,"author":{"gitId":"ngkeiyeung"},"content":"     *","lastModifiedDate":"2021-10-08"},{"lineNumber":36,"author":{"gitId":"ngkeiyeung"},"content":"     * @return String","lastModifiedDate":"2021-10-08"},{"lineNumber":37,"author":{"gitId":"ngkeiyeung"},"content":"     */","lastModifiedDate":"2021-10-08"},{"lineNumber":38,"author":{"gitId":"ngkeiyeung"},"content":"    public LocalDateTime DateTime() {","lastModifiedDate":"2021-10-08"},{"lineNumber":39,"author":{"gitId":"ngkeiyeung"},"content":"        return this.timing;","lastModifiedDate":"2021-10-08"},{"lineNumber":40,"author":{"gitId":"ngkeiyeung"},"content":"    }","lastModifiedDate":"2021-10-08"},{"lineNumber":41,"author":{"gitId":"ngkeiyeung"},"content":"","lastModifiedDate":"2021-10-08"},{"lineNumber":42,"author":{"gitId":"ngkeiyeung"},"content":"    /**","lastModifiedDate":"2021-10-08"},{"lineNumber":43,"author":{"gitId":"ngkeiyeung"},"content":"     * To convert date and time as string","lastModifiedDate":"2021-10-08"},{"lineNumber":44,"author":{"gitId":"ngkeiyeung"},"content":"     *","lastModifiedDate":"2021-10-08"},{"lineNumber":45,"author":{"gitId":"ngkeiyeung"},"content":"     * @param time","lastModifiedDate":"2021-10-10"},{"lineNumber":46,"author":{"gitId":"ngkeiyeung"},"content":"     * @return String","lastModifiedDate":"2021-10-08"},{"lineNumber":47,"author":{"gitId":"ngkeiyeung"},"content":"     */","lastModifiedDate":"2021-10-08"},{"lineNumber":48,"author":{"gitId":"ngkeiyeung"},"content":"    public String dateFormat(LocalDateTime time) {","lastModifiedDate":"2021-10-10"},{"lineNumber":49,"author":{"gitId":"ngkeiyeung"},"content":"        DateTimeFormatter dateFormat \u003d DateTimeFormatter.ofPattern(dateTimeFormat);","lastModifiedDate":"2021-10-08"},{"lineNumber":50,"author":{"gitId":"ngkeiyeung"},"content":"        return timing.format(dateFormat);","lastModifiedDate":"2021-10-08"},{"lineNumber":51,"author":{"gitId":"ngkeiyeung"},"content":"    }","lastModifiedDate":"2021-10-08"},{"lineNumber":52,"author":{"gitId":"ngkeiyeung"},"content":"","lastModifiedDate":"2021-10-08"},{"lineNumber":53,"author":{"gitId":"ngkeiyeung"},"content":"}","lastModifiedDate":"2021-10-08"}],"authorContributionMap":{"ngkeiyeung":53}},{"path":"src/main/java/project/functions/Events.java","fileType":"java","lines":[{"lineNumber":1,"author":{"gitId":"ngkeiyeung"},"content":"package project.functions;","lastModifiedDate":"2021-10-10"},{"lineNumber":2,"author":{"gitId":"ngkeiyeung"},"content":"","lastModifiedDate":"2021-10-08"},{"lineNumber":3,"author":{"gitId":"ngkeiyeung"},"content":"import java.time.LocalDateTime;","lastModifiedDate":"2021-10-08"},{"lineNumber":4,"author":{"gitId":"ngkeiyeung"},"content":"import java.time.format.DateTimeFormatter;","lastModifiedDate":"2021-10-08"},{"lineNumber":5,"author":{"gitId":"ngkeiyeung"},"content":"","lastModifiedDate":"2021-10-08"},{"lineNumber":6,"author":{"gitId":"ngkeiyeung"},"content":"public class Events extends Task {","lastModifiedDate":"2021-10-08"},{"lineNumber":7,"author":{"gitId":"ngkeiyeung"},"content":"    public LocalDateTime eventTime;","lastModifiedDate":"2021-10-08"},{"lineNumber":8,"author":{"gitId":"ngkeiyeung"},"content":"    private String dateTimeFormat \u003d \"DD/MM/YYYY HHmm\";","lastModifiedDate":"2021-10-08"},{"lineNumber":9,"author":{"gitId":"ngkeiyeung"},"content":"","lastModifiedDate":"2021-10-08"},{"lineNumber":10,"author":{"gitId":"ngkeiyeung"},"content":"    /**","lastModifiedDate":"2021-10-08"},{"lineNumber":11,"author":{"gitId":"ngkeiyeung"},"content":"     * The purpose of new task description is","lastModifiedDate":"2021-10-08"},{"lineNumber":12,"author":{"gitId":"ngkeiyeung"},"content":"     * Initializing the new task and mark the progress as incomplete.","lastModifiedDate":"2021-10-08"},{"lineNumber":13,"author":{"gitId":"ngkeiyeung"},"content":"     *","lastModifiedDate":"2021-10-08"},{"lineNumber":14,"author":{"gitId":"ngkeiyeung"},"content":"     * @param description","lastModifiedDate":"2021-10-08"},{"lineNumber":15,"author":{"gitId":"ngkeiyeung"},"content":"     */","lastModifiedDate":"2021-10-08"},{"lineNumber":16,"author":{"gitId":"ngkeiyeung"},"content":"    public Events(String description, LocalDateTime eventTime) {","lastModifiedDate":"2021-10-08"},{"lineNumber":17,"author":{"gitId":"ngkeiyeung"},"content":"        super(description);","lastModifiedDate":"2021-10-08"},{"lineNumber":18,"author":{"gitId":"ngkeiyeung"},"content":"        this.eventTime \u003d eventTime;","lastModifiedDate":"2021-10-08"},{"lineNumber":19,"author":{"gitId":"ngkeiyeung"},"content":"    }","lastModifiedDate":"2021-10-08"},{"lineNumber":20,"author":{"gitId":"ngkeiyeung"},"content":"","lastModifiedDate":"2021-10-08"},{"lineNumber":21,"author":{"gitId":"ngkeiyeung"},"content":"    /**","lastModifiedDate":"2021-10-08"},{"lineNumber":22,"author":{"gitId":"ngkeiyeung"},"content":"     * To get the date and time","lastModifiedDate":"2021-10-08"},{"lineNumber":23,"author":{"gitId":"ngkeiyeung"},"content":"     *","lastModifiedDate":"2021-10-08"},{"lineNumber":24,"author":{"gitId":"ngkeiyeung"},"content":"     * @return String","lastModifiedDate":"2021-10-08"},{"lineNumber":25,"author":{"gitId":"ngkeiyeung"},"content":"     */","lastModifiedDate":"2021-10-08"},{"lineNumber":26,"author":{"gitId":"ngkeiyeung"},"content":"    public LocalDateTime eventTime() {","lastModifiedDate":"2021-10-08"},{"lineNumber":27,"author":{"gitId":"ngkeiyeung"},"content":"        return this.eventTime;","lastModifiedDate":"2021-10-08"},{"lineNumber":28,"author":{"gitId":"ngkeiyeung"},"content":"    }","lastModifiedDate":"2021-10-08"},{"lineNumber":29,"author":{"gitId":"ngkeiyeung"},"content":"","lastModifiedDate":"2021-10-08"},{"lineNumber":30,"author":{"gitId":"ngkeiyeung"},"content":"    /**","lastModifiedDate":"2021-10-08"},{"lineNumber":31,"author":{"gitId":"ngkeiyeung"},"content":"     * To convert date and time as string","lastModifiedDate":"2021-10-08"},{"lineNumber":32,"author":{"gitId":"ngkeiyeung"},"content":"     *","lastModifiedDate":"2021-10-08"},{"lineNumber":33,"author":{"gitId":"ngkeiyeung"},"content":"     * @param eventTime","lastModifiedDate":"2021-10-08"},{"lineNumber":34,"author":{"gitId":"ngkeiyeung"},"content":"     * @return String","lastModifiedDate":"2021-10-08"},{"lineNumber":35,"author":{"gitId":"ngkeiyeung"},"content":"     */","lastModifiedDate":"2021-10-08"},{"lineNumber":36,"author":{"gitId":"ngkeiyeung"},"content":"    public String dateToString(LocalDateTime eventTime) {","lastModifiedDate":"2021-10-08"},{"lineNumber":37,"author":{"gitId":"ngkeiyeung"},"content":"        DateTimeFormatter dateFormat \u003d DateTimeFormatter.ofPattern(dateTimeFormat);","lastModifiedDate":"2021-10-08"},{"lineNumber":38,"author":{"gitId":"ngkeiyeung"},"content":"        return eventTime.format(dateFormat);","lastModifiedDate":"2021-10-08"},{"lineNumber":39,"author":{"gitId":"ngkeiyeung"},"content":"    }","lastModifiedDate":"2021-10-08"},{"lineNumber":40,"author":{"gitId":"ngkeiyeung"},"content":"","lastModifiedDate":"2021-10-08"},{"lineNumber":41,"author":{"gitId":"ngkeiyeung"},"content":"    /**","lastModifiedDate":"2021-10-08"},{"lineNumber":42,"author":{"gitId":"ngkeiyeung"},"content":"     * Return the deadline of the task","lastModifiedDate":"2021-10-08"},{"lineNumber":43,"author":{"gitId":"ngkeiyeung"},"content":"     *","lastModifiedDate":"2021-10-08"},{"lineNumber":44,"author":{"gitId":"ngkeiyeung"},"content":"     * @return","lastModifiedDate":"2021-10-08"},{"lineNumber":45,"author":{"gitId":"ngkeiyeung"},"content":"     */","lastModifiedDate":"2021-10-08"},{"lineNumber":46,"author":{"gitId":"ngkeiyeung"},"content":"    @Override","lastModifiedDate":"2021-10-08"},{"lineNumber":47,"author":{"gitId":"ngkeiyeung"},"content":"    public String getTaskDescription() {","lastModifiedDate":"2021-10-08"},{"lineNumber":48,"author":{"gitId":"ngkeiyeung"},"content":"        return \"[E]\" + getTaskDescription();","lastModifiedDate":"2021-10-08"},{"lineNumber":49,"author":{"gitId":"ngkeiyeung"},"content":"    }","lastModifiedDate":"2021-10-08"},{"lineNumber":50,"author":{"gitId":"ngkeiyeung"},"content":"","lastModifiedDate":"2021-10-10"},{"lineNumber":51,"author":{"gitId":"ngkeiyeung"},"content":"    public String dateFormat(LocalDateTime dateTime) {","lastModifiedDate":"2021-10-10"},{"lineNumber":52,"author":{"gitId":"ngkeiyeung"},"content":"        DateTimeFormatter formatter \u003d DateTimeFormatter.ofPattern(\"d/MM/yyyy HHmm\");","lastModifiedDate":"2021-10-10"},{"lineNumber":53,"author":{"gitId":"ngkeiyeung"},"content":"        return dateTime.format(formatter);","lastModifiedDate":"2021-10-10"},{"lineNumber":54,"author":{"gitId":"ngkeiyeung"},"content":"    }","lastModifiedDate":"2021-10-10"},{"lineNumber":55,"author":{"gitId":"ngkeiyeung"},"content":"}","lastModifiedDate":"2021-10-08"}],"authorContributionMap":{"ngkeiyeung":55}},{"path":"src/main/java/project/functions/Task.java","fileType":"java","lines":[{"lineNumber":1,"author":{"gitId":"ngkeiyeung"},"content":"package project.functions;","lastModifiedDate":"2021-10-10"},{"lineNumber":2,"author":{"gitId":"ngkeiyeung"},"content":"","lastModifiedDate":"2021-09-23"},{"lineNumber":3,"author":{"gitId":"ngkeiyeung"},"content":"public class Task {","lastModifiedDate":"2021-10-05"},{"lineNumber":4,"author":{"gitId":"ngkeiyeung"},"content":"    public String description;","lastModifiedDate":"2021-10-05"},{"lineNumber":5,"author":{"gitId":"ngkeiyeung"},"content":"    public boolean isCompleted;","lastModifiedDate":"2021-10-05"},{"lineNumber":6,"author":{"gitId":"ngkeiyeung"},"content":"    public String dateTimeFormat \u003d \"DD/MM/YYYY HHmm\";","lastModifiedDate":"2021-10-10"},{"lineNumber":7,"author":{"gitId":"ngkeiyeung"},"content":"","lastModifiedDate":"2021-10-10"},{"lineNumber":8,"author":{"gitId":"ngkeiyeung"},"content":"    /**","lastModifiedDate":"2021-10-05"},{"lineNumber":9,"author":{"gitId":"ngkeiyeung"},"content":"     * The purpose of new task description is","lastModifiedDate":"2021-10-05"},{"lineNumber":10,"author":{"gitId":"ngkeiyeung"},"content":"     *  Initializing the new task and mark the progress as incomplete.","lastModifiedDate":"2021-10-05"},{"lineNumber":11,"author":{"gitId":"ngkeiyeung"},"content":"     */","lastModifiedDate":"2021-10-05"},{"lineNumber":12,"author":{"gitId":"ngkeiyeung"},"content":"    public Task(String description) {","lastModifiedDate":"2021-10-05"},{"lineNumber":13,"author":{"gitId":"ngkeiyeung"},"content":"        this.description \u003d description;","lastModifiedDate":"2021-10-05"},{"lineNumber":14,"author":{"gitId":"ngkeiyeung"},"content":"        this.isCompleted \u003d false; //default is false","lastModifiedDate":"2021-10-05"},{"lineNumber":15,"author":{"gitId":"ngkeiyeung"},"content":"    }","lastModifiedDate":"2021-09-21"},{"lineNumber":16,"author":{"gitId":"ngkeiyeung"},"content":"","lastModifiedDate":"2021-09-23"},{"lineNumber":17,"author":{"gitId":"ngkeiyeung"},"content":"    /**","lastModifiedDate":"2021-10-05"},{"lineNumber":18,"author":{"gitId":"ngkeiyeung"},"content":"     * Return the String type of task","lastModifiedDate":"2021-10-05"},{"lineNumber":19,"author":{"gitId":"ngkeiyeung"},"content":"     *","lastModifiedDate":"2021-10-05"},{"lineNumber":20,"author":{"gitId":"ngkeiyeung"},"content":"     * @return String       Return the task description","lastModifiedDate":"2021-10-05"},{"lineNumber":21,"author":{"gitId":"ngkeiyeung"},"content":"     */","lastModifiedDate":"2021-10-05"},{"lineNumber":22,"author":{"gitId":"ngkeiyeung"},"content":"    public String getTaskDescription(){","lastModifiedDate":"2021-10-05"},{"lineNumber":23,"author":{"gitId":"ngkeiyeung"},"content":"        return \"[\" + getTaskStatus() + \"]\" + this.description;","lastModifiedDate":"2021-10-05"},{"lineNumber":24,"author":{"gitId":"ngkeiyeung"},"content":"    }","lastModifiedDate":"2021-09-23"},{"lineNumber":25,"author":{"gitId":"ngkeiyeung"},"content":"","lastModifiedDate":"2021-09-23"},{"lineNumber":26,"author":{"gitId":"ngkeiyeung"},"content":"    /**","lastModifiedDate":"2021-10-05"},{"lineNumber":27,"author":{"gitId":"ngkeiyeung"},"content":"     * Mark completed task as completed status","lastModifiedDate":"2021-10-05"},{"lineNumber":28,"author":{"gitId":"ngkeiyeung"},"content":"     *","lastModifiedDate":"2021-10-05"},{"lineNumber":29,"author":{"gitId":"ngkeiyeung"},"content":"      */","lastModifiedDate":"2021-10-05"},{"lineNumber":30,"author":{"gitId":"ngkeiyeung"},"content":"    public void markCompleted() {","lastModifiedDate":"2021-10-08"},{"lineNumber":31,"author":{"gitId":"ngkeiyeung"},"content":"        isCompleted \u003d true;","lastModifiedDate":"2021-10-08"},{"lineNumber":32,"author":{"gitId":"ngkeiyeung"},"content":"    }","lastModifiedDate":"2021-10-08"},{"lineNumber":33,"author":{"gitId":"ngkeiyeung"},"content":"","lastModifiedDate":"2021-10-05"},{"lineNumber":34,"author":{"gitId":"ngkeiyeung"},"content":"    /**","lastModifiedDate":"2021-10-05"},{"lineNumber":35,"author":{"gitId":"ngkeiyeung"},"content":"     * Return the task status","lastModifiedDate":"2021-10-05"},{"lineNumber":36,"author":{"gitId":"ngkeiyeung"},"content":"     *","lastModifiedDate":"2021-10-05"},{"lineNumber":37,"author":{"gitId":"ngkeiyeung"},"content":"     * @return String       Return the task status, Either \"Yes\" or \"No\"","lastModifiedDate":"2021-10-05"},{"lineNumber":38,"author":{"gitId":"ngkeiyeung"},"content":"     */","lastModifiedDate":"2021-10-05"},{"lineNumber":39,"author":{"gitId":"ngkeiyeung"},"content":"    public String getTaskStatus(){","lastModifiedDate":"2021-10-05"},{"lineNumber":40,"author":{"gitId":"ngkeiyeung"},"content":"        return (isCompleted ? \"X\" : \" \");","lastModifiedDate":"2021-10-05"},{"lineNumber":41,"author":{"gitId":"ngkeiyeung"},"content":"    }","lastModifiedDate":"2021-09-21"},{"lineNumber":42,"author":{"gitId":"ngkeiyeung"},"content":"}","lastModifiedDate":"2021-09-21"}],"authorContributionMap":{"ngkeiyeung":42}},{"path":"src/main/java/project/functions/TodoList.java","fileType":"java","lines":[{"lineNumber":1,"author":{"gitId":"ngkeiyeung"},"content":"package project.functions;","lastModifiedDate":"2021-10-10"},{"lineNumber":2,"author":{"gitId":"ngkeiyeung"},"content":"","lastModifiedDate":"2021-10-08"},{"lineNumber":3,"author":{"gitId":"ngkeiyeung"},"content":"import java.util.ArrayList;","lastModifiedDate":"2021-10-05"},{"lineNumber":4,"author":{"gitId":"ngkeiyeung"},"content":"","lastModifiedDate":"2021-10-05"},{"lineNumber":5,"author":{"gitId":"ngkeiyeung"},"content":"public class TodoList {","lastModifiedDate":"2021-10-05"},{"lineNumber":6,"author":{"gitId":"ngkeiyeung"},"content":"    public static ArrayList\u003cTask\u003e todoList ;","lastModifiedDate":"2021-10-05"},{"lineNumber":7,"author":{"gitId":"ngkeiyeung"},"content":"","lastModifiedDate":"2021-10-05"},{"lineNumber":8,"author":{"gitId":"ngkeiyeung"},"content":"    /**","lastModifiedDate":"2021-10-05"},{"lineNumber":9,"author":{"gitId":"ngkeiyeung"},"content":"     * To get the size of task","lastModifiedDate":"2021-10-05"},{"lineNumber":10,"author":{"gitId":"ngkeiyeung"},"content":"     *","lastModifiedDate":"2021-10-05"},{"lineNumber":11,"author":{"gitId":"ngkeiyeung"},"content":"     * @return int","lastModifiedDate":"2021-10-05"},{"lineNumber":12,"author":{"gitId":"ngkeiyeung"},"content":"     */","lastModifiedDate":"2021-10-05"},{"lineNumber":13,"author":{"gitId":"ngkeiyeung"},"content":"    public int length() {","lastModifiedDate":"2021-10-10"},{"lineNumber":14,"author":{"gitId":"ngkeiyeung"},"content":"        return todoList.size();","lastModifiedDate":"2021-10-10"},{"lineNumber":15,"author":{"gitId":"ngkeiyeung"},"content":"    }","lastModifiedDate":"2021-10-05"},{"lineNumber":16,"author":{"gitId":"ngkeiyeung"},"content":"","lastModifiedDate":"2021-10-05"},{"lineNumber":17,"author":{"gitId":"ngkeiyeung"},"content":"    /**","lastModifiedDate":"2021-10-05"},{"lineNumber":18,"author":{"gitId":"ngkeiyeung"},"content":"     * Creating and initializing a new todoList","lastModifiedDate":"2021-10-05"},{"lineNumber":19,"author":{"gitId":"ngkeiyeung"},"content":"     *","lastModifiedDate":"2021-10-08"},{"lineNumber":20,"author":{"gitId":"ngkeiyeung"},"content":"     * @return array","lastModifiedDate":"2021-10-08"},{"lineNumber":21,"author":{"gitId":"ngkeiyeung"},"content":"     */","lastModifiedDate":"2021-10-05"},{"lineNumber":22,"author":{"gitId":"ngkeiyeung"},"content":"    public TodoList() {","lastModifiedDate":"2021-10-05"},{"lineNumber":23,"author":{"gitId":"ngkeiyeung"},"content":"        this.todoList \u003d new ArrayList\u003c\u003e();","lastModifiedDate":"2021-10-05"},{"lineNumber":24,"author":{"gitId":"ngkeiyeung"},"content":"    }","lastModifiedDate":"2021-10-05"},{"lineNumber":25,"author":{"gitId":"ngkeiyeung"},"content":"","lastModifiedDate":"2021-10-05"},{"lineNumber":26,"author":{"gitId":"ngkeiyeung"},"content":"","lastModifiedDate":"2021-10-10"},{"lineNumber":27,"author":{"gitId":"ngkeiyeung"},"content":"","lastModifiedDate":"2021-10-10"},{"lineNumber":28,"author":{"gitId":"ngkeiyeung"},"content":"    /**","lastModifiedDate":"2021-10-05"},{"lineNumber":29,"author":{"gitId":"ngkeiyeung"},"content":"     * Creating a specified type of new todolist","lastModifiedDate":"2021-10-05"},{"lineNumber":30,"author":{"gitId":"ngkeiyeung"},"content":"     *","lastModifiedDate":"2021-10-05"},{"lineNumber":31,"author":{"gitId":"ngkeiyeung"},"content":"     * @param todo","lastModifiedDate":"2021-10-05"},{"lineNumber":32,"author":{"gitId":"ngkeiyeung"},"content":"     * @return String","lastModifiedDate":"2021-10-08"},{"lineNumber":33,"author":{"gitId":"ngkeiyeung"},"content":"     */","lastModifiedDate":"2021-10-05"},{"lineNumber":34,"author":{"gitId":"ngkeiyeung"},"content":"    public TodoList(ArrayList\u003cTask\u003e todo) {","lastModifiedDate":"2021-10-08"},{"lineNumber":35,"author":{"gitId":"ngkeiyeung"},"content":"        this.todoList \u003d todo;","lastModifiedDate":"2021-10-08"},{"lineNumber":36,"author":{"gitId":"ngkeiyeung"},"content":"    }","lastModifiedDate":"2021-10-08"},{"lineNumber":37,"author":{"gitId":"ngkeiyeung"},"content":"","lastModifiedDate":"2021-10-05"},{"lineNumber":38,"author":{"gitId":"ngkeiyeung"},"content":"    /**","lastModifiedDate":"2021-10-05"},{"lineNumber":39,"author":{"gitId":"ngkeiyeung"},"content":"     * Creating the new scope of todoList","lastModifiedDate":"2021-10-05"},{"lineNumber":40,"author":{"gitId":"ngkeiyeung"},"content":"     *","lastModifiedDate":"2021-10-05"},{"lineNumber":41,"author":{"gitId":"ngkeiyeung"},"content":"     * @param description       Adding the new task into the todoList","lastModifiedDate":"2021-10-05"},{"lineNumber":42,"author":{"gitId":"ngkeiyeung"},"content":"     * @return String","lastModifiedDate":"2021-10-08"},{"lineNumber":43,"author":{"gitId":"ngkeiyeung"},"content":"     */","lastModifiedDate":"2021-10-05"},{"lineNumber":44,"author":{"gitId":"ngkeiyeung"},"content":"    public static void setTodoList(Task description) {","lastModifiedDate":"2021-10-05"},{"lineNumber":45,"author":{"gitId":"ngkeiyeung"},"content":"        todoList.add(description);","lastModifiedDate":"2021-10-05"},{"lineNumber":46,"author":{"gitId":"ngkeiyeung"},"content":"    }","lastModifiedDate":"2021-10-05"},{"lineNumber":47,"author":{"gitId":"ngkeiyeung"},"content":"","lastModifiedDate":"2021-10-05"},{"lineNumber":48,"author":{"gitId":"ngkeiyeung"},"content":"    /**","lastModifiedDate":"2021-10-08"},{"lineNumber":49,"author":{"gitId":"ngkeiyeung"},"content":"     * To get a todolist that will be removed","lastModifiedDate":"2021-10-08"},{"lineNumber":50,"author":{"gitId":"ngkeiyeung"},"content":"     *","lastModifiedDate":"2021-10-08"},{"lineNumber":51,"author":{"gitId":"ngkeiyeung"},"content":"     * @param description","lastModifiedDate":"2021-10-08"},{"lineNumber":52,"author":{"gitId":"ngkeiyeung"},"content":"     * @return String","lastModifiedDate":"2021-10-08"},{"lineNumber":53,"author":{"gitId":"ngkeiyeung"},"content":"     */","lastModifiedDate":"2021-10-08"},{"lineNumber":54,"author":{"gitId":"ngkeiyeung"},"content":"    public Task toDelete(int description) {","lastModifiedDate":"2021-10-10"},{"lineNumber":55,"author":{"gitId":"ngkeiyeung"},"content":"        return todoList.remove(description);","lastModifiedDate":"2021-10-08"},{"lineNumber":56,"author":{"gitId":"ngkeiyeung"},"content":"    }","lastModifiedDate":"2021-10-08"},{"lineNumber":57,"author":{"gitId":"ngkeiyeung"},"content":"","lastModifiedDate":"2021-10-08"},{"lineNumber":58,"author":{"gitId":"ngkeiyeung"},"content":"    /**","lastModifiedDate":"2021-10-08"},{"lineNumber":59,"author":{"gitId":"ngkeiyeung"},"content":"     * to get a todolist","lastModifiedDate":"2021-10-08"},{"lineNumber":60,"author":{"gitId":"ngkeiyeung"},"content":"     *","lastModifiedDate":"2021-10-08"},{"lineNumber":61,"author":{"gitId":"ngkeiyeung"},"content":"     * @param description","lastModifiedDate":"2021-10-08"},{"lineNumber":62,"author":{"gitId":"ngkeiyeung"},"content":"     * @return String","lastModifiedDate":"2021-10-08"},{"lineNumber":63,"author":{"gitId":"ngkeiyeung"},"content":"     */","lastModifiedDate":"2021-10-08"},{"lineNumber":64,"author":{"gitId":"ngkeiyeung"},"content":"    public Task getList(int description) {","lastModifiedDate":"2021-10-10"},{"lineNumber":65,"author":{"gitId":"ngkeiyeung"},"content":"        return todoList.get(description);","lastModifiedDate":"2021-10-08"},{"lineNumber":66,"author":{"gitId":"ngkeiyeung"},"content":"    }","lastModifiedDate":"2021-10-08"},{"lineNumber":67,"author":{"gitId":"ngkeiyeung"},"content":"","lastModifiedDate":"2021-10-08"},{"lineNumber":68,"author":{"gitId":"ngkeiyeung"},"content":"}","lastModifiedDate":"2021-10-05"}],"authorContributionMap":{"ngkeiyeung":68}},{"path":"src/main/java/project/functions/Todos.java","fileType":"java","lines":[{"lineNumber":1,"author":{"gitId":"ngkeiyeung"},"content":"package project.functions;","lastModifiedDate":"2021-10-10"},{"lineNumber":2,"author":{"gitId":"ngkeiyeung"},"content":"","lastModifiedDate":"2021-10-08"},{"lineNumber":3,"author":{"gitId":"ngkeiyeung"},"content":"public class Todos extends Task {","lastModifiedDate":"2021-10-05"},{"lineNumber":4,"author":{"gitId":"ngkeiyeung"},"content":"","lastModifiedDate":"2021-10-05"},{"lineNumber":5,"author":{"gitId":"ngkeiyeung"},"content":"    /**","lastModifiedDate":"2021-10-08"},{"lineNumber":6,"author":{"gitId":"ngkeiyeung"},"content":"     * Creating a todolist from the inpute","lastModifiedDate":"2021-10-08"},{"lineNumber":7,"author":{"gitId":"ngkeiyeung"},"content":"     *","lastModifiedDate":"2021-10-08"},{"lineNumber":8,"author":{"gitId":"ngkeiyeung"},"content":"     * @param description","lastModifiedDate":"2021-10-08"},{"lineNumber":9,"author":{"gitId":"ngkeiyeung"},"content":"     */","lastModifiedDate":"2021-10-08"},{"lineNumber":10,"author":{"gitId":"ngkeiyeung"},"content":"    public Todos (String description) {","lastModifiedDate":"2021-10-05"},{"lineNumber":11,"author":{"gitId":"ngkeiyeung"},"content":"        super(description);","lastModifiedDate":"2021-10-05"},{"lineNumber":12,"author":{"gitId":"ngkeiyeung"},"content":"    }","lastModifiedDate":"2021-10-05"},{"lineNumber":13,"author":{"gitId":"ngkeiyeung"},"content":"","lastModifiedDate":"2021-10-05"},{"lineNumber":14,"author":{"gitId":"ngkeiyeung"},"content":"    /**","lastModifiedDate":"2021-10-08"},{"lineNumber":15,"author":{"gitId":"ngkeiyeung"},"content":"     * return a status of the task","lastModifiedDate":"2021-10-08"},{"lineNumber":16,"author":{"gitId":"ngkeiyeung"},"content":"     *","lastModifiedDate":"2021-10-08"},{"lineNumber":17,"author":{"gitId":"ngkeiyeung"},"content":"     * @return String","lastModifiedDate":"2021-10-08"},{"lineNumber":18,"author":{"gitId":"ngkeiyeung"},"content":"     */","lastModifiedDate":"2021-10-08"},{"lineNumber":19,"author":{"gitId":"ngkeiyeung"},"content":"    @Override","lastModifiedDate":"2021-10-05"},{"lineNumber":20,"author":{"gitId":"ngkeiyeung"},"content":"    public String getTaskDescription() {","lastModifiedDate":"2021-10-05"},{"lineNumber":21,"author":{"gitId":"ngkeiyeung"},"content":"        return \"[T]\" + super.getTaskDescription();","lastModifiedDate":"2021-10-10"},{"lineNumber":22,"author":{"gitId":"ngkeiyeung"},"content":"    }","lastModifiedDate":"2021-10-05"},{"lineNumber":23,"author":{"gitId":"ngkeiyeung"},"content":"","lastModifiedDate":"2021-10-05"},{"lineNumber":24,"author":{"gitId":"ngkeiyeung"},"content":"}","lastModifiedDate":"2021-10-05"}],"authorContributionMap":{"ngkeiyeung":24}},{"path":"src/main/java/project/functions/function.java","fileType":"java","lines":[{"lineNumber":1,"author":{"gitId":"ngkeiyeung"},"content":"package project.functions;","lastModifiedDate":"2021-10-10"},{"lineNumber":2,"author":{"gitId":"ngkeiyeung"},"content":"","lastModifiedDate":"2021-10-10"},{"lineNumber":3,"author":{"gitId":"ngkeiyeung"},"content":"import java.io.IOException;","lastModifiedDate":"2021-10-10"},{"lineNumber":4,"author":{"gitId":"ngkeiyeung"},"content":"import project.ui.ui;","lastModifiedDate":"2021-10-10"},{"lineNumber":5,"author":{"gitId":"ngkeiyeung"},"content":"import project.storage.save;","lastModifiedDate":"2021-10-10"},{"lineNumber":6,"author":{"gitId":"ngkeiyeung"},"content":"","lastModifiedDate":"2021-10-10"},{"lineNumber":7,"author":{"gitId":"ngkeiyeung"},"content":"public class function {","lastModifiedDate":"2021-10-10"},{"lineNumber":8,"author":{"gitId":"ngkeiyeung"},"content":"    public boolean isExit;","lastModifiedDate":"2021-10-10"},{"lineNumber":9,"author":{"gitId":"ngkeiyeung"},"content":"    public String description;","lastModifiedDate":"2021-10-10"},{"lineNumber":10,"author":{"gitId":"ngkeiyeung"},"content":"    public String empty \u003d \"\";","lastModifiedDate":"2021-10-10"},{"lineNumber":11,"author":{"gitId":"ngkeiyeung"},"content":"    public String dateTimeFormat \u003d \"DD/MM/YYYY HHmm\";","lastModifiedDate":"2021-10-10"},{"lineNumber":12,"author":{"gitId":"ngkeiyeung"},"content":"    public int i \u003d 0;","lastModifiedDate":"2021-10-10"},{"lineNumber":13,"author":{"gitId":"ngkeiyeung"},"content":"","lastModifiedDate":"2021-10-10"},{"lineNumber":14,"author":{"gitId":"ngkeiyeung"},"content":"    /**","lastModifiedDate":"2021-10-10"},{"lineNumber":15,"author":{"gitId":"ngkeiyeung"},"content":"     * Return user input and initialize the status of the description","lastModifiedDate":"2021-10-10"},{"lineNumber":16,"author":{"gitId":"ngkeiyeung"},"content":"     *","lastModifiedDate":"2021-10-10"},{"lineNumber":17,"author":{"gitId":"ngkeiyeung"},"content":"     * @param isExit      The boolean value if the exit condition is true.","lastModifiedDate":"2021-10-10"},{"lineNumber":18,"author":{"gitId":"ngkeiyeung"},"content":"     * @param description The task description/command from user.","lastModifiedDate":"2021-10-10"},{"lineNumber":19,"author":{"gitId":"ngkeiyeung"},"content":"     */","lastModifiedDate":"2021-10-10"},{"lineNumber":20,"author":{"gitId":"ngkeiyeung"},"content":"    public function(boolean isExit, String description) {","lastModifiedDate":"2021-10-10"},{"lineNumber":21,"author":{"gitId":"ngkeiyeung"},"content":"        this.isExit \u003d isExit;","lastModifiedDate":"2021-10-10"},{"lineNumber":22,"author":{"gitId":"ngkeiyeung"},"content":"        this.description \u003d description;","lastModifiedDate":"2021-10-10"},{"lineNumber":23,"author":{"gitId":"ngkeiyeung"},"content":"    }","lastModifiedDate":"2021-10-10"},{"lineNumber":24,"author":{"gitId":"ngkeiyeung"},"content":"","lastModifiedDate":"2021-10-10"},{"lineNumber":25,"author":{"gitId":"ngkeiyeung"},"content":"","lastModifiedDate":"2021-10-10"},{"lineNumber":26,"author":{"gitId":"ngkeiyeung"},"content":"    public String empty(String empty) {","lastModifiedDate":"2021-10-10"},{"lineNumber":27,"author":{"gitId":"ngkeiyeung"},"content":"        return this.empty \u003d empty;","lastModifiedDate":"2021-10-10"},{"lineNumber":28,"author":{"gitId":"ngkeiyeung"},"content":"    }","lastModifiedDate":"2021-10-10"},{"lineNumber":29,"author":{"gitId":"ngkeiyeung"},"content":"","lastModifiedDate":"2021-10-10"},{"lineNumber":30,"author":{"gitId":"ngkeiyeung"},"content":"    public int i(int i) {","lastModifiedDate":"2021-10-10"},{"lineNumber":31,"author":{"gitId":"ngkeiyeung"},"content":"        return this.i \u003d i;","lastModifiedDate":"2021-10-10"},{"lineNumber":32,"author":{"gitId":"ngkeiyeung"},"content":"    }","lastModifiedDate":"2021-10-10"},{"lineNumber":33,"author":{"gitId":"ngkeiyeung"},"content":"    /**","lastModifiedDate":"2021-10-10"},{"lineNumber":34,"author":{"gitId":"ngkeiyeung"},"content":"     * to decide true or false","lastModifiedDate":"2021-10-10"},{"lineNumber":35,"author":{"gitId":"ngkeiyeung"},"content":"     *","lastModifiedDate":"2021-10-10"},{"lineNumber":36,"author":{"gitId":"ngkeiyeung"},"content":"     * @return boolean","lastModifiedDate":"2021-10-10"},{"lineNumber":37,"author":{"gitId":"ngkeiyeung"},"content":"     */","lastModifiedDate":"2021-10-10"},{"lineNumber":38,"author":{"gitId":"ngkeiyeung"},"content":"    public boolean isExit() {","lastModifiedDate":"2021-10-10"},{"lineNumber":39,"author":{"gitId":"ngkeiyeung"},"content":"        return isExit;","lastModifiedDate":"2021-10-10"},{"lineNumber":40,"author":{"gitId":"ngkeiyeung"},"content":"    }","lastModifiedDate":"2021-10-10"},{"lineNumber":41,"author":{"gitId":"ngkeiyeung"},"content":"","lastModifiedDate":"2021-10-10"},{"lineNumber":42,"author":{"gitId":"ngkeiyeung"},"content":"    /**","lastModifiedDate":"2021-10-10"},{"lineNumber":43,"author":{"gitId":"ngkeiyeung"},"content":"     * To give a warning message that if the function does not exist.","lastModifiedDate":"2021-10-10"},{"lineNumber":44,"author":{"gitId":"ngkeiyeung"},"content":"     *","lastModifiedDate":"2021-10-10"},{"lineNumber":45,"author":{"gitId":"ngkeiyeung"},"content":"     * @param todoList","lastModifiedDate":"2021-10-10"},{"lineNumber":46,"author":{"gitId":"ngkeiyeung"},"content":"     * @param ui","lastModifiedDate":"2021-10-10"},{"lineNumber":47,"author":{"gitId":"ngkeiyeung"},"content":"     * @param storage","lastModifiedDate":"2021-10-10"},{"lineNumber":48,"author":{"gitId":"ngkeiyeung"},"content":"     * @throws Exception","lastModifiedDate":"2021-10-10"},{"lineNumber":49,"author":{"gitId":"ngkeiyeung"},"content":"     * @throws IOException","lastModifiedDate":"2021-10-10"},{"lineNumber":50,"author":{"gitId":"ngkeiyeung"},"content":"     */","lastModifiedDate":"2021-10-10"},{"lineNumber":51,"author":{"gitId":"ngkeiyeung"},"content":"    public void warningMessage(TodoList todoList, ui ui, save storage) throws Exception, IOException {","lastModifiedDate":"2021-10-10"},{"lineNumber":52,"author":{"gitId":"ngkeiyeung"},"content":"        throw new Exception(\"The function was not found. Please try again!\");","lastModifiedDate":"2021-10-10"},{"lineNumber":53,"author":{"gitId":"ngkeiyeung"},"content":"    }","lastModifiedDate":"2021-10-10"},{"lineNumber":54,"author":{"gitId":"ngkeiyeung"},"content":"","lastModifiedDate":"2021-10-10"},{"lineNumber":55,"author":{"gitId":"ngkeiyeung"},"content":"}","lastModifiedDate":"2021-10-10"}],"authorContributionMap":{"ngkeiyeung":55}},{"path":"src/main/java/project/storage/save.java","fileType":"java","lines":[{"lineNumber":1,"author":{"gitId":"ngkeiyeung"},"content":"package project.storage;","lastModifiedDate":"2021-10-15"},{"lineNumber":2,"author":{"gitId":"ngkeiyeung"},"content":"","lastModifiedDate":"2021-10-15"},{"lineNumber":3,"author":{"gitId":"ngkeiyeung"},"content":"public class save {","lastModifiedDate":"2021-10-15"},{"lineNumber":4,"author":{"gitId":"ngkeiyeung"},"content":"","lastModifiedDate":"2021-10-15"},{"lineNumber":5,"author":{"gitId":"ngkeiyeung"},"content":"}","lastModifiedDate":"2021-10-10"}],"authorContributionMap":{"ngkeiyeung":5}},{"path":"src/main/java/project/ui/ui.java","fileType":"java","lines":[{"lineNumber":1,"author":{"gitId":"ngkeiyeung"},"content":"package project.ui;","lastModifiedDate":"2021-10-15"},{"lineNumber":2,"author":{"gitId":"ngkeiyeung"},"content":"","lastModifiedDate":"2021-10-15"},{"lineNumber":3,"author":{"gitId":"ngkeiyeung"},"content":"public class ui {","lastModifiedDate":"2021-10-15"},{"lineNumber":4,"author":{"gitId":"ngkeiyeung"},"content":"}","lastModifiedDate":"2021-10-10"}],"authorContributionMap":{"ngkeiyeung":4}}]
