{"authorDailyContributionsMap":{"ngkeiyeung":[{"date":"2021-09-21","commitResults":[{"hash":"199ee7493073c2aa0657a8e1966a6b25aa989840","messageTitle":"Level 1 Greet, Echo and Text","messageBody":"","fileTypesAndContributionMap":{"java":{"insertions":23,"deletions":0}}},{"hash":"6f54e6e0f83fa123c37b049e80ee8a646a8826ef","messageTitle":"Level 1 Updated","messageBody":"","fileTypesAndContributionMap":{"java":{"insertions":2,"deletions":1}}}]},{"date":"2021-09-22","commitResults":[{"hash":"9bd85a409329e6efe3e8bd24f2bf279f4a170e32","messageTitle":"Add level 2 - AddList","messageBody":"","fileTypesAndContributionMap":{"java":{"insertions":3,"deletions":0}}}]},{"date":"2021-09-23","commitResults":[{"hash":"d53029640cb50cc9394a02ab28b3e9a547f1d860","messageTitle":"AddList for level 2","messageBody":"","fileTypesAndContributionMap":{"java":{"insertions":32,"deletions":0}}},{"hash":"91edfbd0bdd6e0e9b9392ebec0661504701e3016","messageTitle":"Update Level1 , combine Add List.java and GreetEchiExit.java.","messageBody":"","fileTypesAndContributionMap":{"java":{"insertions":25,"deletions":13}}}]},{"date":"2021-09-25","commitResults":[{"hash":"9cb7e953ff0b844c0792ffd149ece6859acd5e9d","messageTitle":"update","messageBody":"","fileTypesAndContributionMap":{"java":{"insertions":58,"deletions":7}}}]},{"date":"2021-10-03","commitResults":[{"hash":"c446d604f5ba26064199f189ed7d9d4448a8451d","messageTitle":"update for higher level","messageBody":"","fileTypesAndContributionMap":{"java":{"insertions":1,"deletions":1}}}]},{"date":"2021-10-05","commitResults":[{"hash":"b82ee29f7338aba4abe6d14aec696ae96fc817f0","messageTitle":"Level 4 Deadline","messageBody":"","fileTypesAndContributionMap":{"java":{"insertions":8,"deletions":81}}},{"hash":"6dd9007c6361301425a17f2ea6cd7ff7175f6ee4","messageTitle":"Level 4 Events","messageBody":"","fileTypesAndContributionMap":{"java":{"insertions":2,"deletions":1}}},{"hash":"fe392df66710b949a9bd5e184abdeee87db17867","messageTitle":"Update for level 3","messageBody":"","fileTypesAndContributionMap":{"java":{"insertions":80,"deletions":37}}}]},{"date":"2021-10-08","commitResults":[{"hash":"342865e2564f47b12130143b96ade47fe58874f0","messageTitle":"add package for save and UI design","messageBody":"","fileTypesAndContributionMap":{"java":{"insertions":258,"deletions":8}}},{"hash":"f2e826aff0f0dacfc858bdce8abcf2a1306afe99","messageTitle":"update","messageBody":"","fileTypesAndContributionMap":{"java":{"insertions":0,"deletions":28}}}]},{"date":"2021-10-10","commitResults":[{"hash":"f0d6163c0ff20da62f228fa16ec30e7bd811279a","messageTitle":"Level 4 update","messageBody":"","fileTypesAndContributionMap":{"java":{"insertions":63,"deletions":75}}},{"hash":"edadcbcc40472533616fe7f9260f716e3593154c","messageTitle":"Level 4 update-2","messageBody":"","fileTypesAndContributionMap":{"java":{"insertions":9,"deletions":2}}},{"hash":"dd95a3f10f5cc888d93b46aebf0f6bb8d05074b6","messageTitle":"to package together, add UI, storage function in the future","messageBody":"","fileTypesAndContributionMap":{"java":{"insertions":54,"deletions":1}}},{"hash":"61c58a90c270ed358d942d6518cec87a5ba5595f","messageTitle":"update","messageBody":"","fileTypesAndContributionMap":{"java":{"insertions":9,"deletions":11}}}]},{"date":"2021-10-12","commitResults":[{"hash":"949a484c51f9f50a6346c98a47174f99777f7762","messageTitle":"level 4 update","messageBody":"","fileTypesAndContributionMap":{"java":{"insertions":103,"deletions":6}}}]},{"date":"2021-10-13","commitResults":[{"hash":"ca72e8fe9940bc87e8b752d2f5d7f7154ca9cfb3","messageTitle":"Update delete function","messageBody":"","fileTypesAndContributionMap":{"java":{"insertions":34,"deletions":1}}},{"hash":"722e332dc2cb3dbcf9ef467451c54149044efdcc","messageTitle":"update exit function when key in bye","messageBody":"","fileTypesAndContributionMap":{"java":{"insertions":20,"deletions":2}}}]},{"date":"2021-10-15","commitResults":[{"hash":"93b2b2d4bc658c9ac86a6d4c11e9f51165fdca26","messageTitle":"update Storage and UI","messageBody":"","fileTypesAndContributionMap":{"java":{"insertions":7,"deletions":2}}}]},{"date":"2021-10-17","commitResults":[{"hash":"0077b1b1fdec92b9fd0cd6b68681c174cb6f17a5","messageTitle":"update","messageBody":"","fileTypesAndContributionMap":{"java":{"insertions":56,"deletions":8}}},{"hash":"8797a002428a1912dea4c1b3475fce0aeca02b45","messageTitle":"update","messageBody":"","fileTypesAndContributionMap":{"java":{"insertions":42,"deletions":34}}}]},{"date":"2021-10-24","commitResults":[{"hash":"293278e08b397bec90af6bf0a70e9bb611acd855","messageTitle":"update level 8","messageBody":"","fileTypesAndContributionMap":{"gradle":{"insertions":39,"deletions":0},"java":{"insertions":259,"deletions":15},"bat":{"insertions":89,"deletions":0}}}]}]},"authorFileTypeContributionMap":{"ngkeiyeung":{"java":824,"md":0,"fxml":0,"sh":0,"bat":89,"gradle":39,"txt":0}},"authorContributionVariance":{"ngkeiyeung":4582.5757},"authorDisplayNameMap":{"ngkeiyeung":"WU Q..YANG"}}
