{"authorDailyContributionsMap":{"ngkeiyeung":[{"date":"2021-09-21","commitResults":[{"hash":"199ee7493073c2aa0657a8e1966a6b25aa989840","messageTitle":"Level 1 Greet, Echo and Text","messageBody":"","fileTypesAndContributionMap":{"java":{"insertions":23,"deletions":0}}},{"hash":"6f54e6e0f83fa123c37b049e80ee8a646a8826ef","messageTitle":"Level 1 Updated","messageBody":"","fileTypesAndContributionMap":{"java":{"insertions":2,"deletions":1}}}]},{"date":"2021-09-22","commitResults":[{"hash":"9bd85a409329e6efe3e8bd24f2bf279f4a170e32","messageTitle":"Add level 2 - AddList","messageBody":"","fileTypesAndContributionMap":{"java":{"insertions":3,"deletions":0}}}]},{"date":"2021-09-23","commitResults":[{"hash":"d53029640cb50cc9394a02ab28b3e9a547f1d860","messageTitle":"AddList for level 2","messageBody":"","fileTypesAndContributionMap":{"java":{"insertions":32,"deletions":0}}},{"hash":"91edfbd0bdd6e0e9b9392ebec0661504701e3016","messageTitle":"Update Level1 , combine Add List.java and GreetEchiExit.java.","messageBody":"","fileTypesAndContributionMap":{"java":{"insertions":25,"deletions":13}}}]}]},"authorFileTypeContributionMap":{"ngkeiyeung":{"java":71,"md":0,"fxml":0,"sh":0,"bat":0,"gradle":0,"txt":0}},"authorContributionVariance":{"ngkeiyeung":116.78119},"authorDisplayNameMap":{"ngkeiyeung":"WU Q..YANG"}}
