[{"path":"src/main/java/Deadline.java","fileType":"java","lines":[{"lineNumber":1,"author":{"gitId":"Light1987"},"content":"public class Deadline extends Task{","lastModifiedDate":"2021-09-12"},{"lineNumber":2,"author":{"gitId":"Light1987"},"content":"    String by;","lastModifiedDate":"2021-09-12"},{"lineNumber":3,"author":{"gitId":"Light1987"},"content":"","lastModifiedDate":"2021-09-12"},{"lineNumber":4,"author":{"gitId":"Light1987"},"content":"    public Deadline(String description, String by){","lastModifiedDate":"2021-09-12"},{"lineNumber":5,"author":{"gitId":"Light1987"},"content":"        super(description);","lastModifiedDate":"2021-09-12"},{"lineNumber":6,"author":{"gitId":"Light1987"},"content":"        this.by \u003d by;","lastModifiedDate":"2021-09-12"},{"lineNumber":7,"author":{"gitId":"Light1987"},"content":"        taskType \u003d \u0027D\u0027;","lastModifiedDate":"2021-09-12"},{"lineNumber":8,"author":{"gitId":"Light1987"},"content":"    }","lastModifiedDate":"2021-09-12"},{"lineNumber":9,"author":{"gitId":"Light1987"},"content":"","lastModifiedDate":"2021-09-12"},{"lineNumber":10,"author":{"gitId":"Light1987"},"content":"    public void showTask(){","lastModifiedDate":"2021-09-12"},{"lineNumber":11,"author":{"gitId":"Light1987"},"content":"        String mark \u003d isDone ? \"X\" : \" \";","lastModifiedDate":"2021-09-12"},{"lineNumber":12,"author":{"gitId":"Light1987"},"content":"        System.out.println(\"[\" + taskType + \"][\" + mark + \"] \" + description + \" (by: \" + by + \")\");","lastModifiedDate":"2021-09-12"},{"lineNumber":13,"author":{"gitId":"Light1987"},"content":"    }","lastModifiedDate":"2021-09-12"},{"lineNumber":14,"author":{"gitId":"Light1987"},"content":"","lastModifiedDate":"2021-09-12"},{"lineNumber":15,"author":{"gitId":"Light1987"},"content":"}","lastModifiedDate":"2021-09-12"}],"authorContributionMap":{"Light1987":15}},{"path":"src/main/java/Duke.java","fileType":"java","lines":[{"lineNumber":1,"author":{"gitId":"Light1987"},"content":"import java.util.ArrayList;","lastModifiedDate":"2021-09-02"},{"lineNumber":2,"author":{"gitId":"Light1987"},"content":"import java.util.List;","lastModifiedDate":"2021-09-12"},{"lineNumber":3,"author":{"gitId":"Light1987"},"content":"import java.util.Scanner;","lastModifiedDate":"2021-09-02"},{"lineNumber":4,"author":{"gitId":"Light1987"},"content":"","lastModifiedDate":"2021-09-02"},{"lineNumber":5,"author":{"gitId":"-"},"content":"public class Duke {","lastModifiedDate":"2019-07-29"},{"lineNumber":6,"author":{"gitId":"Light1987"},"content":"    public static List\u003cTask\u003e taskList \u003d new ArrayList\u003c\u003e();","lastModifiedDate":"2021-09-12"},{"lineNumber":7,"author":{"gitId":"Light1987"},"content":"    public static void printLine(){","lastModifiedDate":"2021-09-02"},{"lineNumber":8,"author":{"gitId":"Light1987"},"content":"        System.out.println(\"    -----------------------------------------------\");","lastModifiedDate":"2021-09-12"},{"lineNumber":9,"author":{"gitId":"Light1987"},"content":"    }","lastModifiedDate":"2021-09-02"},{"lineNumber":10,"author":{"gitId":"Light1987"},"content":"","lastModifiedDate":"2021-09-02"},{"lineNumber":11,"author":{"gitId":"Light1987"},"content":"    public static void dukeGreet(){","lastModifiedDate":"2021-09-02"},{"lineNumber":12,"author":{"gitId":"Light1987"},"content":"        printLine();","lastModifiedDate":"2021-09-02"},{"lineNumber":13,"author":{"gitId":"Light1987"},"content":"        System.out.println(\"     Hello! I\u0027m Duke\");","lastModifiedDate":"2021-09-02"},{"lineNumber":14,"author":{"gitId":"Light1987"},"content":"        System.out.println(\"     What can I do for you?\\n\");","lastModifiedDate":"2021-09-02"},{"lineNumber":15,"author":{"gitId":"Light1987"},"content":"        printLine();","lastModifiedDate":"2021-09-02"},{"lineNumber":16,"author":{"gitId":"Light1987"},"content":"    }","lastModifiedDate":"2021-09-02"},{"lineNumber":17,"author":{"gitId":"Light1987"},"content":"","lastModifiedDate":"2021-09-02"},{"lineNumber":18,"author":{"gitId":"Light1987"},"content":"    public static void addTask(String req)throws InvalidException, MissReqException{","lastModifiedDate":"2021-09-22"},{"lineNumber":19,"author":{"gitId":"Light1987"},"content":"        Task newTask;","lastModifiedDate":"2021-09-12"},{"lineNumber":20,"author":{"gitId":"Light1987"},"content":"        String[] reqs \u003d req.trim().split(\" \");","lastModifiedDate":"2021-09-22"},{"lineNumber":21,"author":{"gitId":"Light1987"},"content":"        String type \u003d reqs[0];","lastModifiedDate":"2021-09-22"},{"lineNumber":22,"author":{"gitId":"Light1987"},"content":"        String description;","lastModifiedDate":"2021-09-12"},{"lineNumber":23,"author":{"gitId":"Light1987"},"content":"        if(type.equals(\"todo\")){","lastModifiedDate":"2021-09-12"},{"lineNumber":24,"author":{"gitId":"Light1987"},"content":"            if(reqs.length \u003d\u003d 1){","lastModifiedDate":"2021-09-22"},{"lineNumber":25,"author":{"gitId":"Light1987"},"content":"                throw new MissReqException(\"todo\");","lastModifiedDate":"2021-09-22"},{"lineNumber":26,"author":{"gitId":"Light1987"},"content":"            }","lastModifiedDate":"2021-09-22"},{"lineNumber":27,"author":{"gitId":"Light1987"},"content":"            description \u003d req.replaceFirst(\"todo\", \"\").trim();","lastModifiedDate":"2021-09-12"},{"lineNumber":28,"author":{"gitId":"Light1987"},"content":"            newTask \u003d new Todo(description);","lastModifiedDate":"2021-09-12"},{"lineNumber":29,"author":{"gitId":"Light1987"},"content":"        } else if(type.equals(\"deadline\")){","lastModifiedDate":"2021-09-12"},{"lineNumber":30,"author":{"gitId":"Light1987"},"content":"            if(reqs.length \u003d\u003d 1){","lastModifiedDate":"2021-09-22"},{"lineNumber":31,"author":{"gitId":"Light1987"},"content":"                throw new MissReqException(\"deadline\");","lastModifiedDate":"2021-09-22"},{"lineNumber":32,"author":{"gitId":"Light1987"},"content":"            }","lastModifiedDate":"2021-09-22"},{"lineNumber":33,"author":{"gitId":"Light1987"},"content":"            String[] descriptions \u003d req.replaceFirst(\"deadline\", \"\").trim().split(\"/by \");","lastModifiedDate":"2021-09-12"},{"lineNumber":34,"author":{"gitId":"Light1987"},"content":"            description \u003d descriptions[0].trim();","lastModifiedDate":"2021-09-12"},{"lineNumber":35,"author":{"gitId":"Light1987"},"content":"            String by \u003d descriptions[1];","lastModifiedDate":"2021-09-12"},{"lineNumber":36,"author":{"gitId":"Light1987"},"content":"            newTask \u003d new Deadline(description, by);","lastModifiedDate":"2021-09-12"},{"lineNumber":37,"author":{"gitId":"Light1987"},"content":"        } else if(type.equals(\"event\")){","lastModifiedDate":"2021-09-12"},{"lineNumber":38,"author":{"gitId":"Light1987"},"content":"            if(reqs.length \u003d\u003d 1){","lastModifiedDate":"2021-09-22"},{"lineNumber":39,"author":{"gitId":"Light1987"},"content":"                throw new MissReqException(\"event\");","lastModifiedDate":"2021-09-22"},{"lineNumber":40,"author":{"gitId":"Light1987"},"content":"            }","lastModifiedDate":"2021-09-22"},{"lineNumber":41,"author":{"gitId":"Light1987"},"content":"            String[] descriptions \u003d req.replaceFirst(\"event\", \"\").trim().split(\"/at \");","lastModifiedDate":"2021-09-12"},{"lineNumber":42,"author":{"gitId":"Light1987"},"content":"            description \u003d descriptions[0].trim();","lastModifiedDate":"2021-09-12"},{"lineNumber":43,"author":{"gitId":"Light1987"},"content":"            String at \u003d descriptions[1];","lastModifiedDate":"2021-09-12"},{"lineNumber":44,"author":{"gitId":"Light1987"},"content":"            newTask \u003d new Event(description, at);","lastModifiedDate":"2021-09-12"},{"lineNumber":45,"author":{"gitId":"Light1987"},"content":"        } else{","lastModifiedDate":"2021-09-12"},{"lineNumber":46,"author":{"gitId":"Light1987"},"content":"            throw new InvalidException();","lastModifiedDate":"2021-09-22"},{"lineNumber":47,"author":{"gitId":"Light1987"},"content":"        }","lastModifiedDate":"2021-09-12"},{"lineNumber":48,"author":{"gitId":"Light1987"},"content":"        taskList.add(newTask);","lastModifiedDate":"2021-09-12"},{"lineNumber":49,"author":{"gitId":"Light1987"},"content":"        System.out.println(\"     Got it. I\u0027ve added this task:\");","lastModifiedDate":"2021-09-12"},{"lineNumber":50,"author":{"gitId":"Light1987"},"content":"        System.out.print(\"       \");","lastModifiedDate":"2021-09-12"},{"lineNumber":51,"author":{"gitId":"Light1987"},"content":"        newTask.showTask();","lastModifiedDate":"2021-09-12"},{"lineNumber":52,"author":{"gitId":"Light1987"},"content":"        System.out.println(\"     Now you have \" + taskList.size() + \" tasks in the list.\");","lastModifiedDate":"2021-09-12"},{"lineNumber":53,"author":{"gitId":"Light1987"},"content":"    }","lastModifiedDate":"2021-09-12"},{"lineNumber":54,"author":{"gitId":"Light1987"},"content":"","lastModifiedDate":"2021-09-12"},{"lineNumber":55,"author":{"gitId":"Light1987"},"content":"    public static void dukeEcho(){","lastModifiedDate":"2021-09-02"},{"lineNumber":56,"author":{"gitId":"Light1987"},"content":"        String req;","lastModifiedDate":"2021-09-02"},{"lineNumber":57,"author":{"gitId":"Light1987"},"content":"        Scanner sc \u003d new Scanner(System.in);","lastModifiedDate":"2021-09-02"},{"lineNumber":58,"author":{"gitId":"Light1987"},"content":"        while(!(req \u003d sc.nextLine()).equals(\"bye\")){","lastModifiedDate":"2021-09-02"},{"lineNumber":59,"author":{"gitId":"Light1987"},"content":"            String[] reqs \u003d req.split(\" \");","lastModifiedDate":"2021-09-22"},{"lineNumber":60,"author":{"gitId":"Light1987"},"content":"            System.out.println(req + \"\\n\");","lastModifiedDate":"2021-09-02"},{"lineNumber":61,"author":{"gitId":"Light1987"},"content":"            printLine();","lastModifiedDate":"2021-09-02"},{"lineNumber":62,"author":{"gitId":"Light1987"},"content":"            if(reqs[0].equals(\"list\")){","lastModifiedDate":"2021-09-22"},{"lineNumber":63,"author":{"gitId":"Light1987"},"content":"                System.out.println(\"     Here are the tasks in your list:\");","lastModifiedDate":"2021-09-12"},{"lineNumber":64,"author":{"gitId":"Light1987"},"content":"                for(int i \u003d 0; i \u003c taskList.size(); i++){","lastModifiedDate":"2021-09-12"},{"lineNumber":65,"author":{"gitId":"Light1987"},"content":"                    System.out.print(\"     \" + (i + 1) + \".\");","lastModifiedDate":"2021-09-12"},{"lineNumber":66,"author":{"gitId":"Light1987"},"content":"                    taskList.get(i).showTask();","lastModifiedDate":"2021-09-12"},{"lineNumber":67,"author":{"gitId":"Light1987"},"content":"                }","lastModifiedDate":"2021-09-02"},{"lineNumber":68,"author":{"gitId":"Light1987"},"content":"            }","lastModifiedDate":"2021-09-12"},{"lineNumber":69,"author":{"gitId":"Light1987"},"content":"            else if(reqs[0].equals(\"done\")){","lastModifiedDate":"2021-09-22"},{"lineNumber":70,"author":{"gitId":"Light1987"},"content":"                int idx \u003d Integer.parseInt(req.substring(4).trim()) - 1;","lastModifiedDate":"2021-09-12"},{"lineNumber":71,"author":{"gitId":"Light1987"},"content":"                taskList.get(idx).doTask();","lastModifiedDate":"2021-09-12"},{"lineNumber":72,"author":{"gitId":"Light1987"},"content":"                System.out.println(\"     Nice! I\u0027ve marked this task as done:\");","lastModifiedDate":"2021-09-12"},{"lineNumber":73,"author":{"gitId":"Light1987"},"content":"                System.out.print(\"       \");","lastModifiedDate":"2021-09-12"},{"lineNumber":74,"author":{"gitId":"Light1987"},"content":"                taskList.get(idx).showTask();","lastModifiedDate":"2021-09-12"},{"lineNumber":75,"author":{"gitId":"Light1987"},"content":"            }","lastModifiedDate":"2021-09-02"},{"lineNumber":76,"author":{"gitId":"Light1987"},"content":"            else {","lastModifiedDate":"2021-09-02"},{"lineNumber":77,"author":{"gitId":"Light1987"},"content":"                try{","lastModifiedDate":"2021-09-22"},{"lineNumber":78,"author":{"gitId":"Light1987"},"content":"                    addTask(req);","lastModifiedDate":"2021-09-12"},{"lineNumber":79,"author":{"gitId":"Light1987"},"content":"                }catch (Exception e){","lastModifiedDate":"2021-09-22"},{"lineNumber":80,"author":{"gitId":"Light1987"},"content":"                    System.out.println(\"     \" + e.getMessage());","lastModifiedDate":"2021-09-22"},{"lineNumber":81,"author":{"gitId":"Light1987"},"content":"                }","lastModifiedDate":"2021-09-22"},{"lineNumber":82,"author":{"gitId":"Light1987"},"content":"","lastModifiedDate":"2021-09-22"},{"lineNumber":83,"author":{"gitId":"Light1987"},"content":"            }","lastModifiedDate":"2021-09-02"},{"lineNumber":84,"author":{"gitId":"Light1987"},"content":"            System.out.println();","lastModifiedDate":"2021-09-12"},{"lineNumber":85,"author":{"gitId":"Light1987"},"content":"            printLine();","lastModifiedDate":"2021-09-02"},{"lineNumber":86,"author":{"gitId":"Light1987"},"content":"        }","lastModifiedDate":"2021-09-02"},{"lineNumber":87,"author":{"gitId":"Light1987"},"content":"        System.out.println(req + \"\\n\");","lastModifiedDate":"2021-09-02"},{"lineNumber":88,"author":{"gitId":"Light1987"},"content":"        printLine();","lastModifiedDate":"2021-09-02"},{"lineNumber":89,"author":{"gitId":"Light1987"},"content":"        System.out.println(\"     Bye.Hope to see you again soon!\\n\");","lastModifiedDate":"2021-09-02"},{"lineNumber":90,"author":{"gitId":"Light1987"},"content":"        printLine();","lastModifiedDate":"2021-09-02"},{"lineNumber":91,"author":{"gitId":"Light1987"},"content":"    }","lastModifiedDate":"2021-09-02"},{"lineNumber":92,"author":{"gitId":"Light1987"},"content":"","lastModifiedDate":"2021-09-02"},{"lineNumber":93,"author":{"gitId":"-"},"content":"    public static void main(String[] args) {","lastModifiedDate":"2019-07-29"},{"lineNumber":94,"author":{"gitId":"-"},"content":"        String logo \u003d \" ____        _        \\n\"","lastModifiedDate":"2019-07-29"},{"lineNumber":95,"author":{"gitId":"-"},"content":"                + \"|  _ \\\\ _   _| | _____ \\n\"","lastModifiedDate":"2019-07-29"},{"lineNumber":96,"author":{"gitId":"-"},"content":"                + \"| | | | | | | |/ / _ \\\\\\n\"","lastModifiedDate":"2019-07-29"},{"lineNumber":97,"author":{"gitId":"-"},"content":"                + \"| |_| | |_| |   \u003c  __/\\n\"","lastModifiedDate":"2019-07-29"},{"lineNumber":98,"author":{"gitId":"-"},"content":"                + \"|____/ \\\\__,_|_|\\\\_\\\\___|\\n\";","lastModifiedDate":"2019-07-29"},{"lineNumber":99,"author":{"gitId":"-"},"content":"        System.out.println(\"Hello from\\n\" + logo);","lastModifiedDate":"2019-07-29"},{"lineNumber":100,"author":{"gitId":"Light1987"},"content":"        dukeGreet();","lastModifiedDate":"2021-09-02"},{"lineNumber":101,"author":{"gitId":"Light1987"},"content":"        dukeEcho();","lastModifiedDate":"2021-09-02"},{"lineNumber":102,"author":{"gitId":"Light1987"},"content":"","lastModifiedDate":"2021-09-02"},{"lineNumber":103,"author":{"gitId":"-"},"content":"    }","lastModifiedDate":"2019-07-29"},{"lineNumber":104,"author":{"gitId":"-"},"content":"}","lastModifiedDate":"2019-07-29"}],"authorContributionMap":{"Light1987":94,"-":10}},{"path":"src/main/java/Event.java","fileType":"java","lines":[{"lineNumber":1,"author":{"gitId":"Light1987"},"content":"public class Event extends Task{","lastModifiedDate":"2021-09-12"},{"lineNumber":2,"author":{"gitId":"Light1987"},"content":"    String at;","lastModifiedDate":"2021-09-12"},{"lineNumber":3,"author":{"gitId":"Light1987"},"content":"","lastModifiedDate":"2021-09-12"},{"lineNumber":4,"author":{"gitId":"Light1987"},"content":"    public Event(String description, String at){","lastModifiedDate":"2021-09-12"},{"lineNumber":5,"author":{"gitId":"Light1987"},"content":"        super(description);","lastModifiedDate":"2021-09-12"},{"lineNumber":6,"author":{"gitId":"Light1987"},"content":"        this.at \u003d at;","lastModifiedDate":"2021-09-12"},{"lineNumber":7,"author":{"gitId":"Light1987"},"content":"        taskType \u003d \u0027E\u0027;","lastModifiedDate":"2021-09-12"},{"lineNumber":8,"author":{"gitId":"Light1987"},"content":"    }","lastModifiedDate":"2021-09-12"},{"lineNumber":9,"author":{"gitId":"Light1987"},"content":"","lastModifiedDate":"2021-09-12"},{"lineNumber":10,"author":{"gitId":"Light1987"},"content":"    public void showTask(){","lastModifiedDate":"2021-09-12"},{"lineNumber":11,"author":{"gitId":"Light1987"},"content":"        String mark \u003d isDone ? \"X\" : \" \";","lastModifiedDate":"2021-09-12"},{"lineNumber":12,"author":{"gitId":"Light1987"},"content":"        System.out.println(\"[\" + taskType + \"][\" + mark + \"] \" + description + \" (at: \" + at + \")\");","lastModifiedDate":"2021-09-12"},{"lineNumber":13,"author":{"gitId":"Light1987"},"content":"    }","lastModifiedDate":"2021-09-12"},{"lineNumber":14,"author":{"gitId":"Light1987"},"content":"}","lastModifiedDate":"2021-09-12"}],"authorContributionMap":{"Light1987":14}},{"path":"src/main/java/InvalidException.java","fileType":"java","lines":[{"lineNumber":1,"author":{"gitId":"Light1987"},"content":"public class InvalidException extends Exception{","lastModifiedDate":"2021-09-22"},{"lineNumber":2,"author":{"gitId":"Light1987"},"content":"","lastModifiedDate":"2021-09-22"},{"lineNumber":3,"author":{"gitId":"Light1987"},"content":"    public String getMessage(){","lastModifiedDate":"2021-09-22"},{"lineNumber":4,"author":{"gitId":"Light1987"},"content":"        return \"☹ OOPS!!! I\u0027m sorry, but I don\u0027t know what that means :-(\";","lastModifiedDate":"2021-09-22"},{"lineNumber":5,"author":{"gitId":"Light1987"},"content":"    }","lastModifiedDate":"2021-09-22"},{"lineNumber":6,"author":{"gitId":"Light1987"},"content":"}","lastModifiedDate":"2021-09-22"}],"authorContributionMap":{"Light1987":6}},{"path":"src/main/java/MissReqException.java","fileType":"java","lines":[{"lineNumber":1,"author":{"gitId":"Light1987"},"content":"public class MissReqException extends Exception{","lastModifiedDate":"2021-09-22"},{"lineNumber":2,"author":{"gitId":"Light1987"},"content":"    String message;","lastModifiedDate":"2021-09-22"},{"lineNumber":3,"author":{"gitId":"Light1987"},"content":"    MissReqException(String req){","lastModifiedDate":"2021-09-22"},{"lineNumber":4,"author":{"gitId":"Light1987"},"content":"        message \u003d String.format(\"☹ OOPS!!! The description of a %s cannot be empty.\", req);","lastModifiedDate":"2021-09-22"},{"lineNumber":5,"author":{"gitId":"Light1987"},"content":"","lastModifiedDate":"2021-09-22"},{"lineNumber":6,"author":{"gitId":"Light1987"},"content":"    }","lastModifiedDate":"2021-09-22"},{"lineNumber":7,"author":{"gitId":"Light1987"},"content":"    public String getMessage(){","lastModifiedDate":"2021-09-22"},{"lineNumber":8,"author":{"gitId":"Light1987"},"content":"        return  message;","lastModifiedDate":"2021-09-22"},{"lineNumber":9,"author":{"gitId":"Light1987"},"content":"    }","lastModifiedDate":"2021-09-22"},{"lineNumber":10,"author":{"gitId":"Light1987"},"content":"}","lastModifiedDate":"2021-09-22"}],"authorContributionMap":{"Light1987":10}},{"path":"src/main/java/Task.java","fileType":"java","lines":[{"lineNumber":1,"author":{"gitId":"Light1987"},"content":"public class Task {","lastModifiedDate":"2021-09-12"},{"lineNumber":2,"author":{"gitId":"Light1987"},"content":"    String description;","lastModifiedDate":"2021-09-12"},{"lineNumber":3,"author":{"gitId":"Light1987"},"content":"    boolean isDone;","lastModifiedDate":"2021-09-12"},{"lineNumber":4,"author":{"gitId":"Light1987"},"content":"    char taskType;","lastModifiedDate":"2021-09-12"},{"lineNumber":5,"author":{"gitId":"Light1987"},"content":"","lastModifiedDate":"2021-09-12"},{"lineNumber":6,"author":{"gitId":"Light1987"},"content":"    public Task(String description){","lastModifiedDate":"2021-09-12"},{"lineNumber":7,"author":{"gitId":"Light1987"},"content":"        this.description \u003d description;","lastModifiedDate":"2021-09-12"},{"lineNumber":8,"author":{"gitId":"Light1987"},"content":"        isDone \u003d false;","lastModifiedDate":"2021-09-12"},{"lineNumber":9,"author":{"gitId":"Light1987"},"content":"        taskType \u003d \u0027#\u0027;","lastModifiedDate":"2021-09-12"},{"lineNumber":10,"author":{"gitId":"Light1987"},"content":"    }","lastModifiedDate":"2021-09-12"},{"lineNumber":11,"author":{"gitId":"Light1987"},"content":"","lastModifiedDate":"2021-09-12"},{"lineNumber":12,"author":{"gitId":"Light1987"},"content":"    public void showTask(){}","lastModifiedDate":"2021-09-12"},{"lineNumber":13,"author":{"gitId":"Light1987"},"content":"","lastModifiedDate":"2021-09-12"},{"lineNumber":14,"author":{"gitId":"Light1987"},"content":"    public void doTask(){","lastModifiedDate":"2021-09-12"},{"lineNumber":15,"author":{"gitId":"Light1987"},"content":"        this.isDone \u003d true;","lastModifiedDate":"2021-09-12"},{"lineNumber":16,"author":{"gitId":"Light1987"},"content":"    }","lastModifiedDate":"2021-09-12"},{"lineNumber":17,"author":{"gitId":"Light1987"},"content":"}","lastModifiedDate":"2021-09-12"}],"authorContributionMap":{"Light1987":17}},{"path":"src/main/java/Todo.java","fileType":"java","lines":[{"lineNumber":1,"author":{"gitId":"Light1987"},"content":"public class Todo extends Task{","lastModifiedDate":"2021-09-12"},{"lineNumber":2,"author":{"gitId":"Light1987"},"content":"","lastModifiedDate":"2021-09-12"},{"lineNumber":3,"author":{"gitId":"Light1987"},"content":"    public Todo(String description){","lastModifiedDate":"2021-09-12"},{"lineNumber":4,"author":{"gitId":"Light1987"},"content":"        super(description);","lastModifiedDate":"2021-09-12"},{"lineNumber":5,"author":{"gitId":"Light1987"},"content":"        taskType \u003d \u0027T\u0027;","lastModifiedDate":"2021-09-12"},{"lineNumber":6,"author":{"gitId":"Light1987"},"content":"    }","lastModifiedDate":"2021-09-12"},{"lineNumber":7,"author":{"gitId":"Light1987"},"content":"","lastModifiedDate":"2021-09-12"},{"lineNumber":8,"author":{"gitId":"Light1987"},"content":"    public void showTask(){","lastModifiedDate":"2021-09-12"},{"lineNumber":9,"author":{"gitId":"Light1987"},"content":"        String mark \u003d isDone ? \"X\" : \" \";","lastModifiedDate":"2021-09-12"},{"lineNumber":10,"author":{"gitId":"Light1987"},"content":"        System.out.println(\"[\" + taskType + \"][\" + mark + \"] \" + description);","lastModifiedDate":"2021-09-12"},{"lineNumber":11,"author":{"gitId":"Light1987"},"content":"    }","lastModifiedDate":"2021-09-12"},{"lineNumber":12,"author":{"gitId":"Light1987"},"content":"","lastModifiedDate":"2021-09-12"},{"lineNumber":13,"author":{"gitId":"Light1987"},"content":"}","lastModifiedDate":"2021-09-12"}],"authorContributionMap":{"Light1987":13}}]
