{"authorDailyContributionsMap":{"Light1987":[{"date":"2021-09-02","commitResults":[{"hash":"afc20bca35ba6ad060b6c0e1dd3217c228d9f2f2","messageTitle":"level 1","messageBody":"","tags":["v1.0"],"fileTypesAndContributionMap":{"java":{"insertions":32,"deletions":1}}},{"hash":"2c0629b43540a971388014c8d1dd159c6cb7e832","messageTitle":"level 2","messageBody":"","tags":["v2.0"],"fileTypesAndContributionMap":{"java":{"insertions":14,"deletions":1}}}]},{"date":"2021-09-12","commitResults":[{"hash":"e55e19ac3e33012a425cda667ec2181cc737d380","messageTitle":"level 3","messageBody":"","fileTypesAndContributionMap":{"java":{"insertions":11,"deletions":4}}},{"hash":"a5899c3881bbfffb34dd9efa6c870f82b905905f","messageTitle":"level 4","messageBody":"","fileTypesAndContributionMap":{"java":{"insertions":100,"deletions":13}}}]},{"date":"2021-09-22","commitResults":[{"hash":"eeccc114dce60eb8c5a5ce95330690a29b31b45c","messageTitle":"level 5","messageBody":"","fileTypesAndContributionMap":{"java":{"insertions":38,"deletions":7}}}]},{"date":"2021-10-02","commitResults":[{"hash":"b6098a6c9dade91b120f17f4111e2afeb2b78800","messageTitle":"level 6","messageBody":"","fileTypesAndContributionMap":{"java":{"insertions":19,"deletions":9}}}]},{"date":"2021-10-09","commitResults":[{"hash":"fe43ec8a32aadc4390e9b82dca66a603c27ac7cb","messageTitle":"level 7","messageBody":"","fileTypesAndContributionMap":{"txt":{"insertions":1,"deletions":0},"java":{"insertions":555,"deletions":159},"bat":{"insertions":1,"deletions":1},"md":{"insertions":2,"deletions":2}}}]},{"date":"2021-10-16","commitResults":[{"hash":"ce6de8249a5a86f3e92afe422970fcef354703ee","messageTitle":"level 8","messageBody":"","fileTypesAndContributionMap":{"txt":{"insertions":2,"deletions":1},"java":{"insertions":130,"deletions":4}}}]}]},"authorFileTypeContributionMap":{"Light1987":{"java":711,"md":2,"fxml":0,"sh":0,"bat":1,"gradle":0,"txt":2}},"authorContributionVariance":{"Light1987":7860.0986},"authorDisplayNameMap":{"Light1987":"XIE ..TIAN"}}
