[{"path":"src/main/java/Command.java","fileType":"java","lines":[{"lineNumber":1,"author":{"gitId":"Troy-xu"},"content":"","lastModifiedDate":"2021-10-04"},{"lineNumber":2,"author":{"gitId":"Troy-xu"},"content":"","lastModifiedDate":"2021-10-04"},{"lineNumber":3,"author":{"gitId":"Troy-xu"},"content":"public abstract class Command {","lastModifiedDate":"2021-10-04"},{"lineNumber":4,"author":{"gitId":"Troy-xu"},"content":"    TaskList taskList;","lastModifiedDate":"2021-10-04"},{"lineNumber":5,"author":{"gitId":"Troy-xu"},"content":"","lastModifiedDate":"2021-10-04"},{"lineNumber":6,"author":{"gitId":"Troy-xu"},"content":"    public abstract CommandResult execute();","lastModifiedDate":"2021-10-04"},{"lineNumber":7,"author":{"gitId":"Troy-xu"},"content":"","lastModifiedDate":"2021-10-04"},{"lineNumber":8,"author":{"gitId":"Troy-xu"},"content":"    public void inputData(TaskList taskList) {","lastModifiedDate":"2021-10-04"},{"lineNumber":9,"author":{"gitId":"Troy-xu"},"content":"        this.taskList \u003d taskList;","lastModifiedDate":"2021-10-04"},{"lineNumber":10,"author":{"gitId":"Troy-xu"},"content":"    }","lastModifiedDate":"2021-10-04"},{"lineNumber":11,"author":{"gitId":"Troy-xu"},"content":"","lastModifiedDate":"2021-10-04"},{"lineNumber":12,"author":{"gitId":"Troy-xu"},"content":"    public String addTaskSuccess(Task task) {","lastModifiedDate":"2021-10-04"},{"lineNumber":13,"author":{"gitId":"Troy-xu"},"content":"        return \"Got it. I have added the task!\\n\" + task","lastModifiedDate":"2021-10-04"},{"lineNumber":14,"author":{"gitId":"Troy-xu"},"content":"                + \"Now you have \" + taskList.getSize() + \" tasks in the list.\";","lastModifiedDate":"2021-10-04"},{"lineNumber":15,"author":{"gitId":"Troy-xu"},"content":"","lastModifiedDate":"2021-10-04"},{"lineNumber":16,"author":{"gitId":"Troy-xu"},"content":"    }","lastModifiedDate":"2021-10-04"},{"lineNumber":17,"author":{"gitId":"Troy-xu"},"content":"}","lastModifiedDate":"2021-10-04"}],"authorContributionMap":{"Troy-xu":17}},{"path":"src/main/java/CommandResult.java","fileType":"java","lines":[{"lineNumber":1,"author":{"gitId":"Troy-xu"},"content":"public class CommandResult {","lastModifiedDate":"2021-10-04"},{"lineNumber":2,"author":{"gitId":"Troy-xu"},"content":"    String respondToUser;","lastModifiedDate":"2021-10-04"},{"lineNumber":3,"author":{"gitId":"Troy-xu"},"content":"    TaskList taskList;","lastModifiedDate":"2021-10-04"},{"lineNumber":4,"author":{"gitId":"Troy-xu"},"content":"","lastModifiedDate":"2021-10-04"},{"lineNumber":5,"author":{"gitId":"Troy-xu"},"content":"    CommandResult(String respondToUser){","lastModifiedDate":"2021-10-04"},{"lineNumber":6,"author":{"gitId":"Troy-xu"},"content":"        this.respondToUser \u003d respondToUser;","lastModifiedDate":"2021-10-04"},{"lineNumber":7,"author":{"gitId":"Troy-xu"},"content":"    }","lastModifiedDate":"2021-10-04"},{"lineNumber":8,"author":{"gitId":"Troy-xu"},"content":"","lastModifiedDate":"2021-10-04"},{"lineNumber":9,"author":{"gitId":"Troy-xu"},"content":"    public String getRespondToUser() {","lastModifiedDate":"2021-10-04"},{"lineNumber":10,"author":{"gitId":"Troy-xu"},"content":"        return respondToUser;","lastModifiedDate":"2021-10-04"},{"lineNumber":11,"author":{"gitId":"Troy-xu"},"content":"    }","lastModifiedDate":"2021-10-04"},{"lineNumber":12,"author":{"gitId":"Troy-xu"},"content":"","lastModifiedDate":"2021-10-04"},{"lineNumber":13,"author":{"gitId":"Troy-xu"},"content":"    public TaskList getTaskList() {","lastModifiedDate":"2021-10-04"},{"lineNumber":14,"author":{"gitId":"Troy-xu"},"content":"        return taskList;","lastModifiedDate":"2021-10-04"},{"lineNumber":15,"author":{"gitId":"Troy-xu"},"content":"    }","lastModifiedDate":"2021-10-04"},{"lineNumber":16,"author":{"gitId":"Troy-xu"},"content":"}","lastModifiedDate":"2021-10-04"}],"authorContributionMap":{"Troy-xu":16}},{"path":"src/main/java/Deadlines.java","fileType":"java","lines":[{"lineNumber":1,"author":{"gitId":"Troy-xu"},"content":"import java.time.LocalDate;","lastModifiedDate":"2021-10-23"},{"lineNumber":2,"author":{"gitId":"Troy-xu"},"content":"public class Deadlines extends Task  {","lastModifiedDate":"2021-10-04"},{"lineNumber":3,"author":{"gitId":"Troy-xu"},"content":"    protected LocalDate by;","lastModifiedDate":"2021-10-23"},{"lineNumber":4,"author":{"gitId":"Troy-xu"},"content":"","lastModifiedDate":"2021-10-04"},{"lineNumber":5,"author":{"gitId":"Troy-xu"},"content":"    public Deadlines(String description, boolean isDone, LocalDate by) {","lastModifiedDate":"2021-10-23"},{"lineNumber":6,"author":{"gitId":"Troy-xu"},"content":"        super(description, isDone);","lastModifiedDate":"2021-10-04"},{"lineNumber":7,"author":{"gitId":"Troy-xu"},"content":"        this.description \u003d description;","lastModifiedDate":"2021-10-04"},{"lineNumber":8,"author":{"gitId":"Troy-xu"},"content":"        this.isDone \u003d isDone;","lastModifiedDate":"2021-10-04"},{"lineNumber":9,"author":{"gitId":"Troy-xu"},"content":"        this.by \u003d by;","lastModifiedDate":"2021-10-04"},{"lineNumber":10,"author":{"gitId":"Troy-xu"},"content":"    }","lastModifiedDate":"2021-10-04"},{"lineNumber":11,"author":{"gitId":"Troy-xu"},"content":"","lastModifiedDate":"2021-10-04"},{"lineNumber":12,"author":{"gitId":"Troy-xu"},"content":"    @Override","lastModifiedDate":"2021-10-04"},{"lineNumber":13,"author":{"gitId":"Troy-xu"},"content":"    public String toString() {","lastModifiedDate":"2021-10-04"},{"lineNumber":14,"author":{"gitId":"Troy-xu"},"content":"        return \"[D]\" + super.toString() + \" (by: \" + by + \")\";","lastModifiedDate":"2021-10-04"},{"lineNumber":15,"author":{"gitId":"Troy-xu"},"content":"    }","lastModifiedDate":"2021-10-04"},{"lineNumber":16,"author":{"gitId":"Troy-xu"},"content":"","lastModifiedDate":"2021-10-04"},{"lineNumber":17,"author":{"gitId":"Troy-xu"},"content":"    public Task complete() {","lastModifiedDate":"2021-10-04"},{"lineNumber":18,"author":{"gitId":"Troy-xu"},"content":"        return new Deadlines(this.getName(),true,by);","lastModifiedDate":"2021-10-04"},{"lineNumber":19,"author":{"gitId":"Troy-xu"},"content":"    }","lastModifiedDate":"2021-10-04"},{"lineNumber":20,"author":{"gitId":"Troy-xu"},"content":"","lastModifiedDate":"2021-10-04"},{"lineNumber":21,"author":{"gitId":"Troy-xu"},"content":"    @Override","lastModifiedDate":"2021-10-04"},{"lineNumber":22,"author":{"gitId":"Troy-xu"},"content":"    public Task setName(String newName) {","lastModifiedDate":"2021-10-04"},{"lineNumber":23,"author":{"gitId":"Troy-xu"},"content":"        return new Deadlines(newName, isDone,by);","lastModifiedDate":"2021-10-04"},{"lineNumber":24,"author":{"gitId":"Troy-xu"},"content":"    }","lastModifiedDate":"2021-10-04"},{"lineNumber":25,"author":{"gitId":"Troy-xu"},"content":"}","lastModifiedDate":"2021-10-04"},{"lineNumber":26,"author":{"gitId":"Troy-xu"},"content":"","lastModifiedDate":"2021-10-04"},{"lineNumber":27,"author":{"gitId":"Troy-xu"},"content":"","lastModifiedDate":"2021-10-04"}],"authorContributionMap":{"Troy-xu":27}},{"path":"src/main/java/DeadlinesCommand.java","fileType":"java","lines":[{"lineNumber":1,"author":{"gitId":"Troy-xu"},"content":"import java.time.LocalDate;","lastModifiedDate":"2021-10-23"},{"lineNumber":2,"author":{"gitId":"Troy-xu"},"content":"import java.time.format.DateTimeParseException;","lastModifiedDate":"2021-10-23"},{"lineNumber":3,"author":{"gitId":"Troy-xu"},"content":"","lastModifiedDate":"2021-10-23"},{"lineNumber":4,"author":{"gitId":"Troy-xu"},"content":"public class DeadlinesCommand extends Command {","lastModifiedDate":"2021-10-23"},{"lineNumber":5,"author":{"gitId":"Troy-xu"},"content":"    public static final String COMMAND_WORD \u003d \"deadline\";","lastModifiedDate":"2021-10-23"},{"lineNumber":6,"author":{"gitId":"Troy-xu"},"content":"    String taskName;","lastModifiedDate":"2021-10-23"},{"lineNumber":7,"author":{"gitId":"Troy-xu"},"content":"    LocalDate on;","lastModifiedDate":"2021-10-23"},{"lineNumber":8,"author":{"gitId":"Troy-xu"},"content":"","lastModifiedDate":"2021-10-23"},{"lineNumber":9,"author":{"gitId":"Troy-xu"},"content":"    DeadlinesCommand(String argumentText) throws DukeException, DateTimeParseException {","lastModifiedDate":"2021-10-23"},{"lineNumber":10,"author":{"gitId":"Troy-xu"},"content":"        String[] deadParts \u003d argumentText.split(\" /at \");","lastModifiedDate":"2021-10-23"},{"lineNumber":11,"author":{"gitId":"Troy-xu"},"content":"        if (deadParts[0].equals(\"\") || deadParts[1].equals(\"\")) {","lastModifiedDate":"2021-10-23"},{"lineNumber":12,"author":{"gitId":"Troy-xu"},"content":"            throw new DukeException(\"The description of an deadline cannot be empty\");","lastModifiedDate":"2021-10-23"},{"lineNumber":13,"author":{"gitId":"Troy-xu"},"content":"        } else {","lastModifiedDate":"2021-10-23"},{"lineNumber":14,"author":{"gitId":"Troy-xu"},"content":"            this.taskName \u003d deadParts[0];","lastModifiedDate":"2021-10-23"},{"lineNumber":15,"author":{"gitId":"Troy-xu"},"content":"            this.on \u003d LocalDate.parse(deadParts[1]);","lastModifiedDate":"2021-10-23"},{"lineNumber":16,"author":{"gitId":"Troy-xu"},"content":"        }","lastModifiedDate":"2021-10-23"},{"lineNumber":17,"author":{"gitId":"Troy-xu"},"content":"    }","lastModifiedDate":"2021-10-23"},{"lineNumber":18,"author":{"gitId":"Troy-xu"},"content":"","lastModifiedDate":"2021-10-23"},{"lineNumber":19,"author":{"gitId":"Troy-xu"},"content":"    @Override","lastModifiedDate":"2021-10-23"},{"lineNumber":20,"author":{"gitId":"Troy-xu"},"content":"    public CommandResult execute() {","lastModifiedDate":"2021-10-23"},{"lineNumber":21,"author":{"gitId":"Troy-xu"},"content":"        Task newDeadlines \u003d new Deadlines(taskName, false, on);","lastModifiedDate":"2021-10-23"},{"lineNumber":22,"author":{"gitId":"Troy-xu"},"content":"        taskList.addTasks(newDeadlines);","lastModifiedDate":"2021-10-23"},{"lineNumber":23,"author":{"gitId":"Troy-xu"},"content":"        return new CommandResult(addTaskSuccess(newDeadlines));","lastModifiedDate":"2021-10-23"},{"lineNumber":24,"author":{"gitId":"Troy-xu"},"content":"    }","lastModifiedDate":"2021-10-23"},{"lineNumber":25,"author":{"gitId":"Troy-xu"},"content":"}","lastModifiedDate":"2021-10-23"}],"authorContributionMap":{"Troy-xu":25}},{"path":"src/main/java/Delete.java","fileType":"java","lines":[{"lineNumber":1,"author":{"gitId":"Troy-xu"},"content":"public class Delete extends Command {","lastModifiedDate":"2021-10-12"},{"lineNumber":2,"author":{"gitId":"Troy-xu"},"content":"    int taskNumToDelete;","lastModifiedDate":"2021-10-12"},{"lineNumber":3,"author":{"gitId":"Troy-xu"},"content":"","lastModifiedDate":"2021-10-12"},{"lineNumber":4,"author":{"gitId":"Troy-xu"},"content":"    @Override","lastModifiedDate":"2021-10-12"},{"lineNumber":5,"author":{"gitId":"Troy-xu"},"content":"    public CommandResult execute() {","lastModifiedDate":"2021-10-12"},{"lineNumber":6,"author":{"gitId":"Troy-xu"},"content":"        Task removeTask \u003d taskList.deleteTasks(taskNumToDelete);","lastModifiedDate":"2021-10-12"},{"lineNumber":7,"author":{"gitId":"Troy-xu"},"content":"        return new CommandResult(Message(removeTask));","lastModifiedDate":"2021-10-12"},{"lineNumber":8,"author":{"gitId":"Troy-xu"},"content":"    }","lastModifiedDate":"2021-10-12"},{"lineNumber":9,"author":{"gitId":"Troy-xu"},"content":"    public String Message(Task removeTask) {","lastModifiedDate":"2021-10-12"},{"lineNumber":10,"author":{"gitId":"Troy-xu"},"content":"        return \"Noted! I\u0027ve removed this task:\\n\"","lastModifiedDate":"2021-10-12"},{"lineNumber":11,"author":{"gitId":"Troy-xu"},"content":"                + removeTask + \"\\n\"","lastModifiedDate":"2021-10-12"},{"lineNumber":12,"author":{"gitId":"Troy-xu"},"content":"                + \"Now you have \" + taskList.getSize() + \" tasks in the list.\";","lastModifiedDate":"2021-10-12"},{"lineNumber":13,"author":{"gitId":"Troy-xu"},"content":"    }","lastModifiedDate":"2021-10-12"},{"lineNumber":14,"author":{"gitId":"Troy-xu"},"content":"}","lastModifiedDate":"2021-10-12"}],"authorContributionMap":{"Troy-xu":14}},{"path":"src/main/java/Duke.java","fileType":"java","lines":[{"lineNumber":1,"author":{"gitId":"Troy-xu"},"content":"import javax.swing.text.html.parser.Parser;","lastModifiedDate":"2021-10-04"},{"lineNumber":2,"author":{"gitId":"Troy-xu"},"content":"import java.util.Arrays;","lastModifiedDate":"2021-10-04"},{"lineNumber":3,"author":{"gitId":"Troy-xu"},"content":"import java.util.Locale;","lastModifiedDate":"2021-08-31"},{"lineNumber":4,"author":{"gitId":"Troy-xu"},"content":"import java.util.Scanner;","lastModifiedDate":"2021-08-31"},{"lineNumber":5,"author":{"gitId":"-"},"content":"public class Duke {","lastModifiedDate":"2019-07-29"},{"lineNumber":6,"author":{"gitId":"Troy-xu"},"content":"    UserInterface ui;","lastModifiedDate":"2021-10-04"},{"lineNumber":7,"author":{"gitId":"Troy-xu"},"content":"    TaskList taskList;","lastModifiedDate":"2021-10-04"},{"lineNumber":8,"author":{"gitId":"Troy-xu"},"content":"    Storage storage;","lastModifiedDate":"2021-10-04"},{"lineNumber":9,"author":{"gitId":"Troy-xu"},"content":"","lastModifiedDate":"2021-08-31"},{"lineNumber":10,"author":{"gitId":"Troy-xu"},"content":"    public Duke() {","lastModifiedDate":"2021-10-04"},{"lineNumber":11,"author":{"gitId":"Troy-xu"},"content":"        this.ui \u003d new UserInterface();","lastModifiedDate":"2021-10-04"},{"lineNumber":12,"author":{"gitId":"Troy-xu"},"content":"        this.taskList \u003d new TaskList();","lastModifiedDate":"2021-10-04"},{"lineNumber":13,"author":{"gitId":"-"},"content":"    }","lastModifiedDate":"2019-07-29"},{"lineNumber":14,"author":{"gitId":"Troy-xu"},"content":"","lastModifiedDate":"2021-10-04"},{"lineNumber":15,"author":{"gitId":"Troy-xu"},"content":"    public void run() {","lastModifiedDate":"2021-10-04"},{"lineNumber":16,"author":{"gitId":"Troy-xu"},"content":"        ui.logo();","lastModifiedDate":"2021-10-04"},{"lineNumber":17,"author":{"gitId":"Troy-xu"},"content":"        ui.showWelcomeMessage();","lastModifiedDate":"2021-10-04"},{"lineNumber":18,"author":{"gitId":"Troy-xu"},"content":"    }","lastModifiedDate":"2021-08-31"},{"lineNumber":19,"author":{"gitId":"Troy-xu"},"content":"","lastModifiedDate":"2021-10-04"},{"lineNumber":20,"author":{"gitId":"Troy-xu"},"content":"    public void userCommand() {","lastModifiedDate":"2021-10-04"},{"lineNumber":21,"author":{"gitId":"Troy-xu"},"content":"        boolean isExit \u003d false;","lastModifiedDate":"2021-10-04"},{"lineNumber":22,"author":{"gitId":"Troy-xu"},"content":"        while (!isExit) {","lastModifiedDate":"2021-10-04"},{"lineNumber":23,"author":{"gitId":"Troy-xu"},"content":"            try {","lastModifiedDate":"2021-10-04"},{"lineNumber":24,"author":{"gitId":"Troy-xu"},"content":"                String fullCommand \u003d ui.getInput();","lastModifiedDate":"2021-10-04"},{"lineNumber":25,"author":{"gitId":"Troy-xu"},"content":"                ui.showLine(); // show the divider line (\"_______\")","lastModifiedDate":"2021-10-04"},{"lineNumber":26,"author":{"gitId":"Troy-xu"},"content":"                Command c \u003d Parser.parse(fullCommand);","lastModifiedDate":"2021-10-04"},{"lineNumber":27,"author":{"gitId":"Troy-xu"},"content":"                c.execute(tasks, ui, storage);","lastModifiedDate":"2021-10-04"},{"lineNumber":28,"author":{"gitId":"Troy-xu"},"content":"                isExit \u003d c.isExit();","lastModifiedDate":"2021-10-04"},{"lineNumber":29,"author":{"gitId":"Troy-xu"},"content":"            } catch (DukeException e) {","lastModifiedDate":"2021-10-04"},{"lineNumber":30,"author":{"gitId":"Troy-xu"},"content":"                ui.showError(e.getMessage());","lastModifiedDate":"2021-10-04"},{"lineNumber":31,"author":{"gitId":"Troy-xu"},"content":"            } finally {","lastModifiedDate":"2021-10-04"},{"lineNumber":32,"author":{"gitId":"Troy-xu"},"content":"                ui.showLine();","lastModifiedDate":"2021-10-04"},{"lineNumber":33,"author":{"gitId":"Troy-xu"},"content":"            }","lastModifiedDate":"2021-08-31"},{"lineNumber":34,"author":{"gitId":"Troy-xu"},"content":"        }","lastModifiedDate":"2021-08-31"},{"lineNumber":35,"author":{"gitId":"Troy-xu"},"content":"    }","lastModifiedDate":"2021-08-31"},{"lineNumber":36,"author":{"gitId":"-"},"content":"    public static void main(String[] args) {","lastModifiedDate":"2021-10-04"},{"lineNumber":37,"author":{"gitId":"Troy-xu"},"content":"        Duke duke \u003d new Duke();","lastModifiedDate":"2021-10-04"},{"lineNumber":38,"author":{"gitId":"Troy-xu"},"content":"        duke.run();","lastModifiedDate":"2021-10-04"},{"lineNumber":39,"author":{"gitId":"Troy-xu"},"content":"","lastModifiedDate":"2021-10-04"},{"lineNumber":40,"author":{"gitId":"-"},"content":"    }","lastModifiedDate":"2021-08-31"},{"lineNumber":41,"author":{"gitId":"Troy-xu"},"content":"","lastModifiedDate":"2021-08-31"},{"lineNumber":42,"author":{"gitId":"-"},"content":"}","lastModifiedDate":"2019-07-29"}],"authorContributionMap":{"Troy-xu":37,"-":5}},{"path":"src/main/java/DukeException.java","fileType":"java","lines":[{"lineNumber":1,"author":{"gitId":"Troy-xu"},"content":"public class DukeException extends Exception {","lastModifiedDate":"2021-10-04"},{"lineNumber":2,"author":{"gitId":"Troy-xu"},"content":"    DukeException(String e){","lastModifiedDate":"2021-10-04"},{"lineNumber":3,"author":{"gitId":"Troy-xu"},"content":"        super(e);","lastModifiedDate":"2021-10-04"},{"lineNumber":4,"author":{"gitId":"Troy-xu"},"content":"    }","lastModifiedDate":"2021-10-04"},{"lineNumber":5,"author":{"gitId":"Troy-xu"},"content":"}","lastModifiedDate":"2021-10-04"}],"authorContributionMap":{"Troy-xu":5}},{"path":"src/main/java/Event.java","fileType":"java","lines":[{"lineNumber":1,"author":{"gitId":"Troy-xu"},"content":"import java.time.LocalDate;","lastModifiedDate":"2021-10-23"},{"lineNumber":2,"author":{"gitId":"Troy-xu"},"content":"public class Event extends Task {","lastModifiedDate":"2021-10-04"},{"lineNumber":3,"author":{"gitId":"Troy-xu"},"content":"    LocalDate on;","lastModifiedDate":"2021-10-23"},{"lineNumber":4,"author":{"gitId":"Troy-xu"},"content":"","lastModifiedDate":"2021-10-04"},{"lineNumber":5,"author":{"gitId":"Troy-xu"},"content":"    Event(String description, boolean isDone, LocalDate on) {","lastModifiedDate":"2021-10-23"},{"lineNumber":6,"author":{"gitId":"Troy-xu"},"content":"        super(description,isDone);","lastModifiedDate":"2021-10-04"},{"lineNumber":7,"author":{"gitId":"Troy-xu"},"content":"        this.on \u003d on;","lastModifiedDate":"2021-10-04"},{"lineNumber":8,"author":{"gitId":"Troy-xu"},"content":"    }","lastModifiedDate":"2021-10-04"},{"lineNumber":9,"author":{"gitId":"Troy-xu"},"content":"","lastModifiedDate":"2021-10-04"},{"lineNumber":10,"author":{"gitId":"Troy-xu"},"content":"","lastModifiedDate":"2021-10-04"},{"lineNumber":11,"author":{"gitId":"Troy-xu"},"content":"    @Override","lastModifiedDate":"2021-10-04"},{"lineNumber":12,"author":{"gitId":"Troy-xu"},"content":"    public Task complete() {","lastModifiedDate":"2021-10-04"},{"lineNumber":13,"author":{"gitId":"Troy-xu"},"content":"        return new Event(this.getName(), true, this.on);","lastModifiedDate":"2021-10-04"},{"lineNumber":14,"author":{"gitId":"Troy-xu"},"content":"    }","lastModifiedDate":"2021-10-04"},{"lineNumber":15,"author":{"gitId":"Troy-xu"},"content":"","lastModifiedDate":"2021-10-04"},{"lineNumber":16,"author":{"gitId":"Troy-xu"},"content":"    @Override","lastModifiedDate":"2021-10-04"},{"lineNumber":17,"author":{"gitId":"Troy-xu"},"content":"    public Task setName(String New) {","lastModifiedDate":"2021-10-04"},{"lineNumber":18,"author":{"gitId":"Troy-xu"},"content":"        return new Event(New, isDone, this.on);","lastModifiedDate":"2021-10-04"},{"lineNumber":19,"author":{"gitId":"Troy-xu"},"content":"    }","lastModifiedDate":"2021-10-04"},{"lineNumber":20,"author":{"gitId":"Troy-xu"},"content":"    @Override","lastModifiedDate":"2021-10-04"},{"lineNumber":21,"author":{"gitId":"Troy-xu"},"content":"    public String toString() {","lastModifiedDate":"2021-10-04"},{"lineNumber":22,"author":{"gitId":"Troy-xu"},"content":"        String taskString \u003d super.toString();","lastModifiedDate":"2021-10-04"},{"lineNumber":23,"author":{"gitId":"Troy-xu"},"content":"        String result \u003d \"[E]\" + taskString + \" (at: \" + this.on + \")\";","lastModifiedDate":"2021-10-04"},{"lineNumber":24,"author":{"gitId":"Troy-xu"},"content":"        return result;","lastModifiedDate":"2021-10-04"},{"lineNumber":25,"author":{"gitId":"Troy-xu"},"content":"    }","lastModifiedDate":"2021-10-04"},{"lineNumber":26,"author":{"gitId":"Troy-xu"},"content":"}","lastModifiedDate":"2021-10-04"}],"authorContributionMap":{"Troy-xu":26}},{"path":"src/main/java/EventCommand.java","fileType":"java","lines":[{"lineNumber":1,"author":{"gitId":"Troy-xu"},"content":"import java.time.LocalDate;","lastModifiedDate":"2021-10-23"},{"lineNumber":2,"author":{"gitId":"Troy-xu"},"content":"import java.time.format.DateTimeParseException;","lastModifiedDate":"2021-10-23"},{"lineNumber":3,"author":{"gitId":"Troy-xu"},"content":"","lastModifiedDate":"2021-10-23"},{"lineNumber":4,"author":{"gitId":"Troy-xu"},"content":"public class EventCommand extends Command {","lastModifiedDate":"2021-10-23"},{"lineNumber":5,"author":{"gitId":"Troy-xu"},"content":"    public static final String COMMAND_WORD \u003d \"event\";","lastModifiedDate":"2021-10-23"},{"lineNumber":6,"author":{"gitId":"Troy-xu"},"content":"    String taskName;","lastModifiedDate":"2021-10-23"},{"lineNumber":7,"author":{"gitId":"Troy-xu"},"content":"    LocalDate on;","lastModifiedDate":"2021-10-23"},{"lineNumber":8,"author":{"gitId":"Troy-xu"},"content":"","lastModifiedDate":"2021-10-23"},{"lineNumber":9,"author":{"gitId":"Troy-xu"},"content":"    EventCommand(String argumentText) throws DukeException, DateTimeParseException {","lastModifiedDate":"2021-10-23"},{"lineNumber":10,"author":{"gitId":"Troy-xu"},"content":"        String[] eventParts \u003d argumentText.split(\" /at \");","lastModifiedDate":"2021-10-23"},{"lineNumber":11,"author":{"gitId":"Troy-xu"},"content":"        if (eventParts[0].equals(\"\") || eventParts[1].equals(\"\")) {","lastModifiedDate":"2021-10-23"},{"lineNumber":12,"author":{"gitId":"Troy-xu"},"content":"            throw new DukeException(\"The description of an event cannot be empty\");","lastModifiedDate":"2021-10-23"},{"lineNumber":13,"author":{"gitId":"Troy-xu"},"content":"        } else {","lastModifiedDate":"2021-10-23"},{"lineNumber":14,"author":{"gitId":"Troy-xu"},"content":"            this.taskName \u003d eventParts[0];","lastModifiedDate":"2021-10-23"},{"lineNumber":15,"author":{"gitId":"Troy-xu"},"content":"            this.on \u003d LocalDate.parse(eventParts[1]);","lastModifiedDate":"2021-10-23"},{"lineNumber":16,"author":{"gitId":"Troy-xu"},"content":"        }","lastModifiedDate":"2021-10-23"},{"lineNumber":17,"author":{"gitId":"Troy-xu"},"content":"    }","lastModifiedDate":"2021-10-23"},{"lineNumber":18,"author":{"gitId":"Troy-xu"},"content":"","lastModifiedDate":"2021-10-23"},{"lineNumber":19,"author":{"gitId":"Troy-xu"},"content":"    @Override","lastModifiedDate":"2021-10-23"},{"lineNumber":20,"author":{"gitId":"Troy-xu"},"content":"    public CommandResult execute() {","lastModifiedDate":"2021-10-23"},{"lineNumber":21,"author":{"gitId":"Troy-xu"},"content":"        Task newEvent \u003d new Event(taskName, false, on);","lastModifiedDate":"2021-10-23"},{"lineNumber":22,"author":{"gitId":"Troy-xu"},"content":"        taskList.addTasks(newEvent);","lastModifiedDate":"2021-10-23"},{"lineNumber":23,"author":{"gitId":"Troy-xu"},"content":"        return new CommandResult(addTaskSuccess(newEvent));","lastModifiedDate":"2021-10-23"},{"lineNumber":24,"author":{"gitId":"Troy-xu"},"content":"    }","lastModifiedDate":"2021-10-23"},{"lineNumber":25,"author":{"gitId":"Troy-xu"},"content":"}","lastModifiedDate":"2021-10-23"}],"authorContributionMap":{"Troy-xu":25}},{"path":"src/main/java/Storage.java","fileType":"java","lines":[{"lineNumber":1,"author":{"gitId":"Troy-xu"},"content":"public class Storage {","lastModifiedDate":"2021-10-04"},{"lineNumber":2,"author":{"gitId":"Troy-xu"},"content":"","lastModifiedDate":"2021-10-04"},{"lineNumber":3,"author":{"gitId":"Troy-xu"},"content":"","lastModifiedDate":"2021-10-04"},{"lineNumber":4,"author":{"gitId":"Troy-xu"},"content":"}","lastModifiedDate":"2021-10-04"}],"authorContributionMap":{"Troy-xu":4}},{"path":"src/main/java/Task.java","fileType":"java","lines":[{"lineNumber":1,"author":{"gitId":"Troy-xu"},"content":"public abstract class Task {","lastModifiedDate":"2021-10-04"},{"lineNumber":2,"author":{"gitId":"Troy-xu"},"content":"","lastModifiedDate":"2021-10-04"},{"lineNumber":3,"author":{"gitId":"Troy-xu"},"content":"    public Task(String description, boolean isDone) {","lastModifiedDate":"2021-10-04"},{"lineNumber":4,"author":{"gitId":"Troy-xu"},"content":"        this.description \u003d description;","lastModifiedDate":"2021-10-04"},{"lineNumber":5,"author":{"gitId":"Troy-xu"},"content":"        this.isDone \u003d isDone;","lastModifiedDate":"2021-10-04"},{"lineNumber":6,"author":{"gitId":"Troy-xu"},"content":"    }","lastModifiedDate":"2021-10-04"},{"lineNumber":7,"author":{"gitId":"Troy-xu"},"content":"","lastModifiedDate":"2021-10-04"},{"lineNumber":8,"author":{"gitId":"Troy-xu"},"content":"    protected boolean isDone;","lastModifiedDate":"2021-10-04"},{"lineNumber":9,"author":{"gitId":"Troy-xu"},"content":"    protected String description;","lastModifiedDate":"2021-10-04"},{"lineNumber":10,"author":{"gitId":"Troy-xu"},"content":"","lastModifiedDate":"2021-10-04"},{"lineNumber":11,"author":{"gitId":"Troy-xu"},"content":"    public boolean getIsDone() {","lastModifiedDate":"2021-10-04"},{"lineNumber":12,"author":{"gitId":"Troy-xu"},"content":"        return isDone;","lastModifiedDate":"2021-10-04"},{"lineNumber":13,"author":{"gitId":"Troy-xu"},"content":"    }","lastModifiedDate":"2021-10-04"},{"lineNumber":14,"author":{"gitId":"Troy-xu"},"content":"","lastModifiedDate":"2021-10-04"},{"lineNumber":15,"author":{"gitId":"Troy-xu"},"content":"    public String getName() {","lastModifiedDate":"2021-10-04"},{"lineNumber":16,"author":{"gitId":"Troy-xu"},"content":"        return description;","lastModifiedDate":"2021-10-04"},{"lineNumber":17,"author":{"gitId":"Troy-xu"},"content":"    }","lastModifiedDate":"2021-10-04"},{"lineNumber":18,"author":{"gitId":"Troy-xu"},"content":"","lastModifiedDate":"2021-10-04"},{"lineNumber":19,"author":{"gitId":"Troy-xu"},"content":"    public void markAsDone() {","lastModifiedDate":"2021-10-04"},{"lineNumber":20,"author":{"gitId":"Troy-xu"},"content":"        System.out.println(\"Nice! I\u0027ve marked this task as done: \");","lastModifiedDate":"2021-10-04"},{"lineNumber":21,"author":{"gitId":"Troy-xu"},"content":"        System.out.println(getStatusIcon());","lastModifiedDate":"2021-10-04"},{"lineNumber":22,"author":{"gitId":"Troy-xu"},"content":"    }","lastModifiedDate":"2021-10-04"},{"lineNumber":23,"author":{"gitId":"Troy-xu"},"content":"","lastModifiedDate":"2021-10-04"},{"lineNumber":24,"author":{"gitId":"Troy-xu"},"content":"    public String getStatusIcon() {","lastModifiedDate":"2021-10-04"},{"lineNumber":25,"author":{"gitId":"Troy-xu"},"content":"","lastModifiedDate":"2021-10-04"},{"lineNumber":26,"author":{"gitId":"Troy-xu"},"content":"        return (\"[\" + (this.getIsDone() ? \"X\" : \" \") + \"]\") + \" \" + this.getName(); // mark done task with X","lastModifiedDate":"2021-10-04"},{"lineNumber":27,"author":{"gitId":"Troy-xu"},"content":"    }","lastModifiedDate":"2021-10-04"},{"lineNumber":28,"author":{"gitId":"Troy-xu"},"content":"","lastModifiedDate":"2021-10-04"},{"lineNumber":29,"author":{"gitId":"Troy-xu"},"content":"    public abstract Task setName(String name);","lastModifiedDate":"2021-10-04"},{"lineNumber":30,"author":{"gitId":"Troy-xu"},"content":"    public abstract Task complete();","lastModifiedDate":"2021-10-04"},{"lineNumber":31,"author":{"gitId":"Troy-xu"},"content":"}","lastModifiedDate":"2021-10-04"}],"authorContributionMap":{"Troy-xu":31}},{"path":"src/main/java/TaskList.java","fileType":"java","lines":[{"lineNumber":1,"author":{"gitId":"Troy-xu"},"content":"import java.util.ArrayList;","lastModifiedDate":"2021-10-04"},{"lineNumber":2,"author":{"gitId":"Troy-xu"},"content":"import java.util.List;","lastModifiedDate":"2021-10-04"},{"lineNumber":3,"author":{"gitId":"Troy-xu"},"content":"","lastModifiedDate":"2021-10-04"},{"lineNumber":4,"author":{"gitId":"Troy-xu"},"content":"public class TaskList {","lastModifiedDate":"2021-10-04"},{"lineNumber":5,"author":{"gitId":"Troy-xu"},"content":"    private List\u003cTask\u003e tasks;","lastModifiedDate":"2021-10-04"},{"lineNumber":6,"author":{"gitId":"Troy-xu"},"content":"","lastModifiedDate":"2021-10-04"},{"lineNumber":7,"author":{"gitId":"Troy-xu"},"content":"    TaskList() {","lastModifiedDate":"2021-10-04"},{"lineNumber":8,"author":{"gitId":"Troy-xu"},"content":"        tasks \u003d new ArrayList\u003c\u003e();","lastModifiedDate":"2021-10-04"},{"lineNumber":9,"author":{"gitId":"Troy-xu"},"content":"    }","lastModifiedDate":"2021-10-04"},{"lineNumber":10,"author":{"gitId":"Troy-xu"},"content":"","lastModifiedDate":"2021-10-04"},{"lineNumber":11,"author":{"gitId":"Troy-xu"},"content":"    TaskList(List\u003cTask\u003e tasks) {","lastModifiedDate":"2021-10-04"},{"lineNumber":12,"author":{"gitId":"Troy-xu"},"content":"        this.tasks \u003d tasks;","lastModifiedDate":"2021-10-04"},{"lineNumber":13,"author":{"gitId":"Troy-xu"},"content":"    }","lastModifiedDate":"2021-10-04"},{"lineNumber":14,"author":{"gitId":"Troy-xu"},"content":"","lastModifiedDate":"2021-10-04"},{"lineNumber":15,"author":{"gitId":"Troy-xu"},"content":"    public int getSize() {","lastModifiedDate":"2021-10-04"},{"lineNumber":16,"author":{"gitId":"Troy-xu"},"content":"        return tasks.size();","lastModifiedDate":"2021-10-04"},{"lineNumber":17,"author":{"gitId":"Troy-xu"},"content":"    }","lastModifiedDate":"2021-10-04"},{"lineNumber":18,"author":{"gitId":"Troy-xu"},"content":"","lastModifiedDate":"2021-10-04"},{"lineNumber":19,"author":{"gitId":"Troy-xu"},"content":"    public void addTasks(Task newTask) {","lastModifiedDate":"2021-10-04"},{"lineNumber":20,"author":{"gitId":"Troy-xu"},"content":"        tasks.add(newTask);","lastModifiedDate":"2021-10-04"},{"lineNumber":21,"author":{"gitId":"Troy-xu"},"content":"    }","lastModifiedDate":"2021-10-04"},{"lineNumber":22,"author":{"gitId":"Troy-xu"},"content":"","lastModifiedDate":"2021-10-04"},{"lineNumber":23,"author":{"gitId":"Troy-xu"},"content":"    public Task deleteTasks(int num) {","lastModifiedDate":"2021-10-12"},{"lineNumber":24,"author":{"gitId":"Troy-xu"},"content":"        int index \u003d num - 1;","lastModifiedDate":"2021-10-12"},{"lineNumber":25,"author":{"gitId":"Troy-xu"},"content":"        Task removeTask \u003d tasks.remove(index);","lastModifiedDate":"2021-10-12"},{"lineNumber":26,"author":{"gitId":"Troy-xu"},"content":"        return removeTask;","lastModifiedDate":"2021-10-12"},{"lineNumber":27,"author":{"gitId":"Troy-xu"},"content":"    }","lastModifiedDate":"2021-10-04"},{"lineNumber":28,"author":{"gitId":"Troy-xu"},"content":"","lastModifiedDate":"2021-10-04"},{"lineNumber":29,"author":{"gitId":"Troy-xu"},"content":"","lastModifiedDate":"2021-10-04"},{"lineNumber":30,"author":{"gitId":"Troy-xu"},"content":"    public List\u003cTask\u003e getList() {","lastModifiedDate":"2021-10-04"},{"lineNumber":31,"author":{"gitId":"Troy-xu"},"content":"        return tasks;","lastModifiedDate":"2021-10-04"},{"lineNumber":32,"author":{"gitId":"Troy-xu"},"content":"    }","lastModifiedDate":"2021-10-04"},{"lineNumber":33,"author":{"gitId":"Troy-xu"},"content":"    public String getAllTasks() {","lastModifiedDate":"2021-10-04"},{"lineNumber":34,"author":{"gitId":"Troy-xu"},"content":"        String result \u003d \"Here are the tasks in your list:\";","lastModifiedDate":"2021-10-04"},{"lineNumber":35,"author":{"gitId":"Troy-xu"},"content":"        for (int i \u003d 0; i \u003c tasks.size(); i++) {","lastModifiedDate":"2021-10-04"},{"lineNumber":36,"author":{"gitId":"Troy-xu"},"content":"            result +\u003d \"\\n\";","lastModifiedDate":"2021-10-04"},{"lineNumber":37,"author":{"gitId":"Troy-xu"},"content":"            Task currentTask \u003d tasks.get(i);","lastModifiedDate":"2021-10-04"},{"lineNumber":38,"author":{"gitId":"Troy-xu"},"content":"            int taskNumber \u003d i + 1;","lastModifiedDate":"2021-10-04"},{"lineNumber":39,"author":{"gitId":"Troy-xu"},"content":"            result +\u003d taskNumber + \". \" + currentTask;","lastModifiedDate":"2021-10-04"},{"lineNumber":40,"author":{"gitId":"Troy-xu"},"content":"        }","lastModifiedDate":"2021-10-04"},{"lineNumber":41,"author":{"gitId":"Troy-xu"},"content":"        return result;","lastModifiedDate":"2021-10-04"},{"lineNumber":42,"author":{"gitId":"Troy-xu"},"content":"    }","lastModifiedDate":"2021-10-04"},{"lineNumber":43,"author":{"gitId":"Troy-xu"},"content":"","lastModifiedDate":"2021-10-04"},{"lineNumber":44,"author":{"gitId":"Troy-xu"},"content":"}","lastModifiedDate":"2021-10-04"}],"authorContributionMap":{"Troy-xu":44}},{"path":"src/main/java/Todo.java","fileType":"java","lines":[{"lineNumber":1,"author":{"gitId":"Troy-xu"},"content":"public class Todo extends Task {","lastModifiedDate":"2021-10-04"},{"lineNumber":2,"author":{"gitId":"Troy-xu"},"content":"    Todo(String name, boolean isDone) {","lastModifiedDate":"2021-10-04"},{"lineNumber":3,"author":{"gitId":"Troy-xu"},"content":"        super(name, isDone);","lastModifiedDate":"2021-10-04"},{"lineNumber":4,"author":{"gitId":"Troy-xu"},"content":"    }","lastModifiedDate":"2021-10-04"},{"lineNumber":5,"author":{"gitId":"Troy-xu"},"content":"","lastModifiedDate":"2021-10-04"},{"lineNumber":6,"author":{"gitId":"Troy-xu"},"content":"    @Override","lastModifiedDate":"2021-10-04"},{"lineNumber":7,"author":{"gitId":"Troy-xu"},"content":"    public Task complete() {","lastModifiedDate":"2021-10-04"},{"lineNumber":8,"author":{"gitId":"Troy-xu"},"content":"        return new Todo(this.getName(),true);","lastModifiedDate":"2021-10-04"},{"lineNumber":9,"author":{"gitId":"Troy-xu"},"content":"    }","lastModifiedDate":"2021-10-04"},{"lineNumber":10,"author":{"gitId":"Troy-xu"},"content":"","lastModifiedDate":"2021-10-04"},{"lineNumber":11,"author":{"gitId":"Troy-xu"},"content":"    @Override","lastModifiedDate":"2021-10-04"},{"lineNumber":12,"author":{"gitId":"Troy-xu"},"content":"    public Task setName(String newName) {","lastModifiedDate":"2021-10-04"},{"lineNumber":13,"author":{"gitId":"Troy-xu"},"content":"        return new Todo(newName, isDone);","lastModifiedDate":"2021-10-04"},{"lineNumber":14,"author":{"gitId":"Troy-xu"},"content":"    }","lastModifiedDate":"2021-10-04"},{"lineNumber":15,"author":{"gitId":"Troy-xu"},"content":"}","lastModifiedDate":"2021-10-04"}],"authorContributionMap":{"Troy-xu":15}},{"path":"src/main/java/UserInterface.java","fileType":"java","lines":[{"lineNumber":1,"author":{"gitId":"Troy-xu"},"content":"import java.util.Scanner;","lastModifiedDate":"2021-10-04"},{"lineNumber":2,"author":{"gitId":"Troy-xu"},"content":"","lastModifiedDate":"2021-10-04"},{"lineNumber":3,"author":{"gitId":"Troy-xu"},"content":"public class UserInterface {","lastModifiedDate":"2021-10-04"},{"lineNumber":4,"author":{"gitId":"Troy-xu"},"content":"","lastModifiedDate":"2021-10-04"},{"lineNumber":5,"author":{"gitId":"Troy-xu"},"content":"    Scanner in;","lastModifiedDate":"2021-10-04"},{"lineNumber":6,"author":{"gitId":"Troy-xu"},"content":"    public void UserInterface() {","lastModifiedDate":"2021-10-04"},{"lineNumber":7,"author":{"gitId":"Troy-xu"},"content":"        this.in \u003d new Scanner(System.in);","lastModifiedDate":"2021-10-04"},{"lineNumber":8,"author":{"gitId":"Troy-xu"},"content":"    }","lastModifiedDate":"2021-10-04"},{"lineNumber":9,"author":{"gitId":"Troy-xu"},"content":"","lastModifiedDate":"2021-10-04"},{"lineNumber":10,"author":{"gitId":"Troy-xu"},"content":"    public String getInput() {","lastModifiedDate":"2021-10-04"},{"lineNumber":11,"author":{"gitId":"Troy-xu"},"content":"        return in.nextLine();","lastModifiedDate":"2021-10-04"},{"lineNumber":12,"author":{"gitId":"Troy-xu"},"content":"    }","lastModifiedDate":"2021-10-04"},{"lineNumber":13,"author":{"gitId":"Troy-xu"},"content":"","lastModifiedDate":"2021-10-04"},{"lineNumber":14,"author":{"gitId":"Troy-xu"},"content":"    public void showLine() {","lastModifiedDate":"2021-10-04"},{"lineNumber":15,"author":{"gitId":"Troy-xu"},"content":"        System.out.println(\"__________________\");","lastModifiedDate":"2021-10-04"},{"lineNumber":16,"author":{"gitId":"Troy-xu"},"content":"    }","lastModifiedDate":"2021-10-04"},{"lineNumber":17,"author":{"gitId":"Troy-xu"},"content":"    public String getResponse(CommandResult result) {","lastModifiedDate":"2021-10-04"},{"lineNumber":18,"author":{"gitId":"Troy-xu"},"content":"        return result.getRespondToUser();","lastModifiedDate":"2021-10-04"},{"lineNumber":19,"author":{"gitId":"Troy-xu"},"content":"    }","lastModifiedDate":"2021-10-04"},{"lineNumber":20,"author":{"gitId":"Troy-xu"},"content":"","lastModifiedDate":"2021-10-04"},{"lineNumber":21,"author":{"gitId":"Troy-xu"},"content":"    public void goodBye() {","lastModifiedDate":"2021-10-04"},{"lineNumber":22,"author":{"gitId":"Troy-xu"},"content":"        System.out.println(\"Bye\");","lastModifiedDate":"2021-10-04"},{"lineNumber":23,"author":{"gitId":"Troy-xu"},"content":"    }","lastModifiedDate":"2021-10-04"},{"lineNumber":24,"author":{"gitId":"Troy-xu"},"content":"","lastModifiedDate":"2021-10-04"},{"lineNumber":25,"author":{"gitId":"Troy-xu"},"content":"","lastModifiedDate":"2021-10-04"},{"lineNumber":26,"author":{"gitId":"Troy-xu"},"content":"    public void showWelcomeMessage() {","lastModifiedDate":"2021-10-04"},{"lineNumber":27,"author":{"gitId":"Troy-xu"},"content":"        System.out.println(\"Hello! I\u0027m Duke\\n\"","lastModifiedDate":"2021-10-04"},{"lineNumber":28,"author":{"gitId":"Troy-xu"},"content":"                + \"What can I do for you?\");","lastModifiedDate":"2021-10-04"},{"lineNumber":29,"author":{"gitId":"Troy-xu"},"content":"    }","lastModifiedDate":"2021-10-04"},{"lineNumber":30,"author":{"gitId":"Troy-xu"},"content":"","lastModifiedDate":"2021-10-04"},{"lineNumber":31,"author":{"gitId":"Troy-xu"},"content":"    public void logo() {","lastModifiedDate":"2021-10-04"},{"lineNumber":32,"author":{"gitId":"Troy-xu"},"content":"        String logo \u003d \" ____        _        \\n\"","lastModifiedDate":"2021-10-04"},{"lineNumber":33,"author":{"gitId":"Troy-xu"},"content":"                + \"|  _ \\\\ _   _| | _____ \\n\"","lastModifiedDate":"2021-10-04"},{"lineNumber":34,"author":{"gitId":"Troy-xu"},"content":"                + \"| | | | | | | |/ / _ \\\\\\n\"","lastModifiedDate":"2021-10-04"},{"lineNumber":35,"author":{"gitId":"Troy-xu"},"content":"                + \"| |_| | |_| |   \u003c  __/\\n\"","lastModifiedDate":"2021-10-04"},{"lineNumber":36,"author":{"gitId":"Troy-xu"},"content":"                + \"|____/ \\\\__,_|_|\\\\_\\\\___|\\n\";","lastModifiedDate":"2021-10-04"},{"lineNumber":37,"author":{"gitId":"Troy-xu"},"content":"        System.out.println(\"Hello from\\n\" + logo);","lastModifiedDate":"2021-10-04"},{"lineNumber":38,"author":{"gitId":"Troy-xu"},"content":"    }","lastModifiedDate":"2021-10-04"},{"lineNumber":39,"author":{"gitId":"Troy-xu"},"content":"","lastModifiedDate":"2021-10-04"},{"lineNumber":40,"author":{"gitId":"Troy-xu"},"content":"","lastModifiedDate":"2021-10-04"},{"lineNumber":41,"author":{"gitId":"Troy-xu"},"content":"    public void showError(String message) {","lastModifiedDate":"2021-10-04"},{"lineNumber":42,"author":{"gitId":"Troy-xu"},"content":"        System.out.println(message);","lastModifiedDate":"2021-10-04"},{"lineNumber":43,"author":{"gitId":"Troy-xu"},"content":"    }","lastModifiedDate":"2021-10-04"},{"lineNumber":44,"author":{"gitId":"Troy-xu"},"content":"}","lastModifiedDate":"2021-10-04"}],"authorContributionMap":{"Troy-xu":44}}]
