{"authorDailyContributionsMap":{"Troy-xu":[{"date":"2021-08-31","commitResults":[{"hash":"b6aac5c3e003f004c6839f92589a3c4f89f81df7","messageTitle":"Level 1. Greet, Echo, Exit","messageBody":"","fileTypesAndContributionMap":{"java":{"insertions":16,"deletions":0}}},{"hash":"df6e961207f144f3c40f02096ef41f1aa4b62404","messageTitle":"Level 2. Add, List","messageBody":"","fileTypesAndContributionMap":{"java":{"insertions":11,"deletions":1}}}]},{"date":"2021-10-04","commitResults":[{"hash":"5006fe9b48e67d355835f432143a0f0d0dfce7dd","messageTitle":"Level 3,4,5 formed, part of A-MoreOOP formed Duke.java not completed","messageBody":"","fileTypesAndContributionMap":{"java":{"insertions":258,"deletions":27}}}]},{"date":"2021-10-12","commitResults":[{"hash":"886e491d45d2227506f999325e4e5668a23dc7f1","messageTitle":"Level 6: added Delete class","messageBody":"","fileTypesAndContributionMap":{"java":{"insertions":18,"deletions":2}}}]},{"date":"2021-10-23","commitResults":[{"hash":"4df0c5b914f1d7c5e7a36961dc547db78353b153","messageTitle":"Level 8: added DeadlinesCommand and EventCommand class, change string to date in Deadlines and Event class","messageBody":"","fileTypesAndContributionMap":{"java":{"insertions":56,"deletions":4}}}]}]},"authorFileTypeContributionMap":{"Troy-xu":{"java":330,"md":0,"fxml":0,"sh":0,"bat":0,"gradle":0,"txt":0}},"authorContributionVariance":{"Troy-xu":1104.958},"authorDisplayNameMap":{"Troy-xu":"XU X..IANG"}}
