[{"path":"src/main/java/AddList_Level2.java","fileType":"java","lines":[{"lineNumber":1,"author":{"gitId":"boolittlegiant"},"content":"import java.util.Scanner;","lastModifiedDate":"2021-09-23"},{"lineNumber":2,"author":{"gitId":"boolittlegiant"},"content":"","lastModifiedDate":"2021-09-23"},{"lineNumber":3,"author":{"gitId":"boolittlegiant"},"content":"public class AddList_Level2 {","lastModifiedDate":"2021-09-23"},{"lineNumber":4,"author":{"gitId":"boolittlegiant"},"content":"    public static void main(String[] args) {","lastModifiedDate":"2021-09-23"},{"lineNumber":5,"author":{"gitId":"boolittlegiant"},"content":"        System.out.println(\"Hello! I\u0027m Boo.\");","lastModifiedDate":"2021-09-23"},{"lineNumber":6,"author":{"gitId":"boolittlegiant"},"content":"        System.out.println(\"What do you have to do today\");","lastModifiedDate":"2021-09-23"},{"lineNumber":7,"author":{"gitId":"boolittlegiant"},"content":"","lastModifiedDate":"2021-09-23"},{"lineNumber":8,"author":{"gitId":"boolittlegiant"},"content":"        String line;","lastModifiedDate":"2021-09-23"},{"lineNumber":9,"author":{"gitId":"boolittlegiant"},"content":"        int count \u003d 0;","lastModifiedDate":"2021-09-23"},{"lineNumber":10,"author":{"gitId":"boolittlegiant"},"content":"        String array[];","lastModifiedDate":"2021-09-23"},{"lineNumber":11,"author":{"gitId":"boolittlegiant"},"content":"        array \u003d new String[100];","lastModifiedDate":"2021-09-23"},{"lineNumber":12,"author":{"gitId":"boolittlegiant"},"content":"        Scanner input \u003d new Scanner(System.in);","lastModifiedDate":"2021-09-23"},{"lineNumber":13,"author":{"gitId":"boolittlegiant"},"content":"        for (int i \u003d 0; i \u003c array.length; i++) {","lastModifiedDate":"2021-09-23"},{"lineNumber":14,"author":{"gitId":"boolittlegiant"},"content":"            line \u003d input.nextLine();","lastModifiedDate":"2021-09-23"},{"lineNumber":15,"author":{"gitId":"boolittlegiant"},"content":"            if (line.toLowerCase().equals(\"bye\")) {","lastModifiedDate":"2021-09-23"},{"lineNumber":16,"author":{"gitId":"boolittlegiant"},"content":"                System.out.println(\"Bye. Have a nice day!\");","lastModifiedDate":"2021-09-23"},{"lineNumber":17,"author":{"gitId":"boolittlegiant"},"content":"                break;","lastModifiedDate":"2021-09-23"},{"lineNumber":18,"author":{"gitId":"boolittlegiant"},"content":"            } else if (line.toLowerCase().equals(\"list\")){","lastModifiedDate":"2021-09-23"},{"lineNumber":19,"author":{"gitId":"boolittlegiant"},"content":"                for (int k \u003d0; k \u003c count; k++){","lastModifiedDate":"2021-09-23"},{"lineNumber":20,"author":{"gitId":"boolittlegiant"},"content":"                    //line.remove(null);","lastModifiedDate":"2021-09-23"},{"lineNumber":21,"author":{"gitId":"boolittlegiant"},"content":"                    System.out.println((k + 1 )+ \")\" + array[k]); //why does it print null at certain areas?! ahhhhhh!!!","lastModifiedDate":"2021-09-23"},{"lineNumber":22,"author":{"gitId":"boolittlegiant"},"content":"                }","lastModifiedDate":"2021-09-23"},{"lineNumber":23,"author":{"gitId":"boolittlegiant"},"content":"            }else{","lastModifiedDate":"2021-09-23"},{"lineNumber":24,"author":{"gitId":"boolittlegiant"},"content":"                array[i] \u003d line;","lastModifiedDate":"2021-09-23"},{"lineNumber":25,"author":{"gitId":"boolittlegiant"},"content":"                count ++;","lastModifiedDate":"2021-09-23"},{"lineNumber":26,"author":{"gitId":"boolittlegiant"},"content":"                System.out.println(\"I\u0027ve added \" + array[i] + \" to your to-do list\");","lastModifiedDate":"2021-09-23"},{"lineNumber":27,"author":{"gitId":"boolittlegiant"},"content":"            }","lastModifiedDate":"2021-09-23"},{"lineNumber":28,"author":{"gitId":"boolittlegiant"},"content":"        }","lastModifiedDate":"2021-09-23"},{"lineNumber":29,"author":{"gitId":"boolittlegiant"},"content":"    }","lastModifiedDate":"2021-09-23"},{"lineNumber":30,"author":{"gitId":"boolittlegiant"},"content":"}","lastModifiedDate":"2021-09-23"}],"authorContributionMap":{"boolittlegiant":30}},{"path":"src/main/java/Duke.java","fileType":"java","lines":[{"lineNumber":1,"author":{"gitId":"boolittlegiant"},"content":"import java.util.Scanner;","lastModifiedDate":"2021-09-23"},{"lineNumber":2,"author":{"gitId":"boolittlegiant"},"content":"","lastModifiedDate":"2021-09-23"},{"lineNumber":3,"author":{"gitId":"-"},"content":"public class Duke {","lastModifiedDate":"2019-07-29"},{"lineNumber":4,"author":{"gitId":"boolittlegiant"},"content":"","lastModifiedDate":"2021-09-20"},{"lineNumber":5,"author":{"gitId":"-"},"content":"    public static void main(String[] args) {","lastModifiedDate":"2019-07-29"},{"lineNumber":6,"author":{"gitId":"boolittlegiant"},"content":"        String logo \u003d","lastModifiedDate":"2021-09-23"},{"lineNumber":7,"author":{"gitId":"boolittlegiant"},"content":"                  \" ____              \\n\"","lastModifiedDate":"2021-09-23"},{"lineNumber":8,"author":{"gitId":"boolittlegiant"},"content":"                + \"|  _ \\\\_____ _____ \\n\"","lastModifiedDate":"2021-09-23"},{"lineNumber":9,"author":{"gitId":"boolittlegiant"},"content":"                + \"| |_| |  _  |  _  |\\n\"","lastModifiedDate":"2021-09-23"},{"lineNumber":10,"author":{"gitId":"boolittlegiant"},"content":"                + \"|  _  | | | | | | |\\n\"","lastModifiedDate":"2021-09-23"},{"lineNumber":11,"author":{"gitId":"boolittlegiant"},"content":"                + \"| |_| | |_| | |_| |\\n\"","lastModifiedDate":"2021-09-23"},{"lineNumber":12,"author":{"gitId":"boolittlegiant"},"content":"                + \"|____/ \\\\____|\\\\____|\\n\";","lastModifiedDate":"2021-09-23"},{"lineNumber":13,"author":{"gitId":"boolittlegiant"},"content":"        System.out.println(logo + \"Welcome I\u0027m Boo.\");","lastModifiedDate":"2021-09-23"},{"lineNumber":14,"author":{"gitId":"boolittlegiant"},"content":"        System.out.println(\"What can I do for you?\\n\");","lastModifiedDate":"2021-09-22"},{"lineNumber":15,"author":{"gitId":"boolittlegiant"},"content":"","lastModifiedDate":"2021-09-23"},{"lineNumber":16,"author":{"gitId":"boolittlegiant"},"content":"        String line;","lastModifiedDate":"2021-09-23"},{"lineNumber":17,"author":{"gitId":"boolittlegiant"},"content":"        int count \u003d 0;","lastModifiedDate":"2021-09-23"},{"lineNumber":18,"author":{"gitId":"boolittlegiant"},"content":"        String array[];","lastModifiedDate":"2021-09-23"},{"lineNumber":19,"author":{"gitId":"boolittlegiant"},"content":"        array \u003d new String[100];","lastModifiedDate":"2021-09-23"},{"lineNumber":20,"author":{"gitId":"boolittlegiant"},"content":"        Scanner input \u003d new Scanner(System.in);","lastModifiedDate":"2021-09-23"},{"lineNumber":21,"author":{"gitId":"boolittlegiant"},"content":"        for (int i \u003d 0; i \u003c array.length; i++) {","lastModifiedDate":"2021-09-23"},{"lineNumber":22,"author":{"gitId":"boolittlegiant"},"content":"            line \u003d input.nextLine();","lastModifiedDate":"2021-09-23"},{"lineNumber":23,"author":{"gitId":"boolittlegiant"},"content":"            if (line.toLowerCase().equals(\"bye\")) {","lastModifiedDate":"2021-09-23"},{"lineNumber":24,"author":{"gitId":"boolittlegiant"},"content":"                System.out.println(\"Bye. Have a nice day!\");","lastModifiedDate":"2021-09-23"},{"lineNumber":25,"author":{"gitId":"boolittlegiant"},"content":"                break;","lastModifiedDate":"2021-09-23"},{"lineNumber":26,"author":{"gitId":"boolittlegiant"},"content":"            } else if (line.toLowerCase().equals(\"list\")){","lastModifiedDate":"2021-09-23"},{"lineNumber":27,"author":{"gitId":"boolittlegiant"},"content":"                for (int k \u003d0; k \u003c count; k++){","lastModifiedDate":"2021-09-23"},{"lineNumber":28,"author":{"gitId":"boolittlegiant"},"content":"                    //line.remove(null);","lastModifiedDate":"2021-09-23"},{"lineNumber":29,"author":{"gitId":"boolittlegiant"},"content":"                    System.out.println((k + 1 )+ \")\" + array[k]); //why does it print null at certain areas?! ahhhhhh!!!","lastModifiedDate":"2021-09-23"},{"lineNumber":30,"author":{"gitId":"boolittlegiant"},"content":"                }","lastModifiedDate":"2021-09-23"},{"lineNumber":31,"author":{"gitId":"boolittlegiant"},"content":"            }else{","lastModifiedDate":"2021-09-23"},{"lineNumber":32,"author":{"gitId":"boolittlegiant"},"content":"                array[i] \u003d line;","lastModifiedDate":"2021-09-23"},{"lineNumber":33,"author":{"gitId":"boolittlegiant"},"content":"                count ++;","lastModifiedDate":"2021-09-23"},{"lineNumber":34,"author":{"gitId":"boolittlegiant"},"content":"                System.out.println(\"I\u0027ve added \" + array[i] + \" to your to-do list\");","lastModifiedDate":"2021-09-23"},{"lineNumber":35,"author":{"gitId":"boolittlegiant"},"content":"            }","lastModifiedDate":"2021-09-23"},{"lineNumber":36,"author":{"gitId":"boolittlegiant"},"content":"        }","lastModifiedDate":"2021-09-23"},{"lineNumber":37,"author":{"gitId":"-"},"content":"    }","lastModifiedDate":"2019-07-29"},{"lineNumber":38,"author":{"gitId":"-"},"content":"}","lastModifiedDate":"2019-07-29"}],"authorContributionMap":{"boolittlegiant":34,"-":4}},{"path":"src/main/java/GreetEchoExit_Level1.java","fileType":"java","lines":[{"lineNumber":1,"author":{"gitId":"boolittlegiant"},"content":"import java.util.Scanner;","lastModifiedDate":"2021-09-22"},{"lineNumber":2,"author":{"gitId":"boolittlegiant"},"content":"","lastModifiedDate":"2021-09-22"},{"lineNumber":3,"author":{"gitId":"boolittlegiant"},"content":"public class GreetEchoExit_Level1 {","lastModifiedDate":"2021-09-22"},{"lineNumber":4,"author":{"gitId":"boolittlegiant"},"content":"    public static void main(String[] args) {","lastModifiedDate":"2021-09-22"},{"lineNumber":5,"author":{"gitId":"boolittlegiant"},"content":"        System.out.println(\"Hello! I\u0027m Boo.\");","lastModifiedDate":"2021-09-22"},{"lineNumber":6,"author":{"gitId":"boolittlegiant"},"content":"        System.out.println(\"What can I do for you?\");","lastModifiedDate":"2021-09-22"},{"lineNumber":7,"author":{"gitId":"boolittlegiant"},"content":"","lastModifiedDate":"2021-09-22"},{"lineNumber":8,"author":{"gitId":"boolittlegiant"},"content":"        String line;","lastModifiedDate":"2021-09-22"},{"lineNumber":9,"author":{"gitId":"boolittlegiant"},"content":"        Scanner input \u003d new Scanner(System.in);","lastModifiedDate":"2021-09-22"},{"lineNumber":10,"author":{"gitId":"boolittlegiant"},"content":"        for(int i \u003d 0; i\u003cInteger.MAX_VALUE; i++){","lastModifiedDate":"2021-09-22"},{"lineNumber":11,"author":{"gitId":"boolittlegiant"},"content":"            line \u003d input.nextLine();","lastModifiedDate":"2021-09-22"},{"lineNumber":12,"author":{"gitId":"boolittlegiant"},"content":"            if(line.toLowerCase().equals(\"bye\")){","lastModifiedDate":"2021-09-22"},{"lineNumber":13,"author":{"gitId":"boolittlegiant"},"content":"                System.out.println(\"Bye. Have a nice day!\");","lastModifiedDate":"2021-09-22"},{"lineNumber":14,"author":{"gitId":"boolittlegiant"},"content":"                break;","lastModifiedDate":"2021-09-22"},{"lineNumber":15,"author":{"gitId":"boolittlegiant"},"content":"            }else{","lastModifiedDate":"2021-09-22"},{"lineNumber":16,"author":{"gitId":"boolittlegiant"},"content":"                System.out.println(line);","lastModifiedDate":"2021-09-22"},{"lineNumber":17,"author":{"gitId":"boolittlegiant"},"content":"            }","lastModifiedDate":"2021-09-22"},{"lineNumber":18,"author":{"gitId":"boolittlegiant"},"content":"        }","lastModifiedDate":"2021-09-22"},{"lineNumber":19,"author":{"gitId":"boolittlegiant"},"content":"    }","lastModifiedDate":"2021-09-22"},{"lineNumber":20,"author":{"gitId":"boolittlegiant"},"content":"}","lastModifiedDate":"2021-09-22"}],"authorContributionMap":{"boolittlegiant":20}},{"path":"src/main/java/MarkasDone_Level3.java","fileType":"java","lines":[{"lineNumber":1,"author":{"gitId":"boolittlegiant"},"content":"public class MarkasDone_Level3 {","lastModifiedDate":"2021-09-23"},{"lineNumber":2,"author":{"gitId":"boolittlegiant"},"content":"    protected String list;","lastModifiedDate":"2021-09-23"},{"lineNumber":3,"author":{"gitId":"boolittlegiant"},"content":"    protected boolean isDone;","lastModifiedDate":"2021-09-23"},{"lineNumber":4,"author":{"gitId":"boolittlegiant"},"content":"","lastModifiedDate":"2021-09-23"},{"lineNumber":5,"author":{"gitId":"boolittlegiant"},"content":"    public Task(String list){","lastModifiedDate":"2021-09-23"},{"lineNumber":6,"author":{"gitId":"boolittlegiant"},"content":"        this.list \u003d list;","lastModifiedDate":"2021-09-23"},{"lineNumber":7,"author":{"gitId":"boolittlegiant"},"content":"        this.isDone \u003d false;","lastModifiedDate":"2021-09-23"},{"lineNumber":8,"author":{"gitId":"boolittlegiant"},"content":"    }","lastModifiedDate":"2021-09-23"},{"lineNumber":9,"author":{"gitId":"boolittlegiant"},"content":"","lastModifiedDate":"2021-09-23"},{"lineNumber":10,"author":{"gitId":"boolittlegiant"},"content":"    public String getStatus(){","lastModifiedDate":"2021-09-23"},{"lineNumber":11,"author":{"gitId":"boolittlegiant"},"content":"        return (isDone ? \"X\" : \" \"); //X is done","lastModifiedDate":"2021-09-23"},{"lineNumber":12,"author":{"gitId":"boolittlegiant"},"content":"    }","lastModifiedDate":"2021-09-23"},{"lineNumber":13,"author":{"gitId":"boolittlegiant"},"content":"","lastModifiedDate":"2021-09-23"},{"lineNumber":14,"author":{"gitId":"boolittlegiant"},"content":"    public void markAsDone(){","lastModifiedDate":"2021-09-23"},{"lineNumber":15,"author":{"gitId":"boolittlegiant"},"content":"        this.isDone \u003d true;","lastModifiedDate":"2021-09-23"},{"lineNumber":16,"author":{"gitId":"boolittlegiant"},"content":"    }","lastModifiedDate":"2021-09-23"},{"lineNumber":17,"author":{"gitId":"boolittlegiant"},"content":"","lastModifiedDate":"2021-09-23"},{"lineNumber":18,"author":{"gitId":"boolittlegiant"},"content":"    //Override","lastModifiedDate":"2021-09-23"},{"lineNumber":19,"author":{"gitId":"boolittlegiant"},"content":"    public String toString(){","lastModifiedDate":"2021-09-23"},{"lineNumber":20,"author":{"gitId":"boolittlegiant"},"content":"        return (\"[\"+ getStatus() + \"] \" + list);","lastModifiedDate":"2021-09-23"},{"lineNumber":21,"author":{"gitId":"boolittlegiant"},"content":"    }","lastModifiedDate":"2021-09-23"},{"lineNumber":22,"author":{"gitId":"boolittlegiant"},"content":"}","lastModifiedDate":"2021-09-23"}],"authorContributionMap":{"boolittlegiant":22}}]
