[{"path":"duke.txt","fileType":"txt","lines":[{"lineNumber":1,"author":{"gitId":"baihuangfei"},"content":"deadline || ","lastModifiedDate":"2021-10-25"}],"authorContributionMap":{"baihuangfei":1}},{"path":"src/main/java/Deadline.java","fileType":"java","lines":[{"lineNumber":1,"author":{"gitId":"baihuangfei"},"content":"import java.time.LocalDate;","lastModifiedDate":"2021-10-30"},{"lineNumber":2,"author":{"gitId":"baihuangfei"},"content":"import java.time.format.DateTimeFormatter;","lastModifiedDate":"2021-10-30"},{"lineNumber":3,"author":{"gitId":"baihuangfei"},"content":"","lastModifiedDate":"2021-10-30"},{"lineNumber":4,"author":{"gitId":"baihuangfei"},"content":"/**","lastModifiedDate":"2021-10-30"},{"lineNumber":5,"author":{"gitId":"baihuangfei"},"content":" * Deadlines: tasks that need to be done before a specific date/time e.g., submit report by 11/10/2019 5pm","lastModifiedDate":"2021-10-30"},{"lineNumber":6,"author":{"gitId":"baihuangfei"},"content":" */","lastModifiedDate":"2021-10-30"},{"lineNumber":7,"author":{"gitId":"baihuangfei"},"content":"public class Deadline extends Task{","lastModifiedDate":"2021-10-24"},{"lineNumber":8,"author":{"gitId":"baihuangfei"},"content":"    protected LocalDate by;","lastModifiedDate":"2021-10-30"},{"lineNumber":9,"author":{"gitId":"baihuangfei"},"content":"","lastModifiedDate":"2021-10-24"},{"lineNumber":10,"author":{"gitId":"baihuangfei"},"content":"    public Deadline(String description, LocalDate by) {","lastModifiedDate":"2021-10-30"},{"lineNumber":11,"author":{"gitId":"baihuangfei"},"content":"        super(description);","lastModifiedDate":"2021-10-24"},{"lineNumber":12,"author":{"gitId":"baihuangfei"},"content":"        this.by \u003d by;","lastModifiedDate":"2021-10-24"},{"lineNumber":13,"author":{"gitId":"baihuangfei"},"content":"    }","lastModifiedDate":"2021-10-24"},{"lineNumber":14,"author":{"gitId":"baihuangfei"},"content":"","lastModifiedDate":"2021-10-24"},{"lineNumber":15,"author":{"gitId":"baihuangfei"},"content":"    @Override","lastModifiedDate":"2021-10-24"},{"lineNumber":16,"author":{"gitId":"baihuangfei"},"content":"    public String toString() {","lastModifiedDate":"2021-10-24"},{"lineNumber":17,"author":{"gitId":"baihuangfei"},"content":"","lastModifiedDate":"2021-10-30"},{"lineNumber":18,"author":{"gitId":"baihuangfei"},"content":"        return \"[D]\" + super.toString() + \" (by: \" + by.format(DateTimeFormatter.ofPattern(\"MMM d yyyy\")) + \")\";","lastModifiedDate":"2021-10-30"},{"lineNumber":19,"author":{"gitId":"baihuangfei"},"content":"    }","lastModifiedDate":"2021-10-24"},{"lineNumber":20,"author":{"gitId":"baihuangfei"},"content":"}","lastModifiedDate":"2021-10-24"}],"authorContributionMap":{"baihuangfei":20}},{"path":"src/main/java/Duke.java","fileType":"java","lines":[{"lineNumber":1,"author":{"gitId":"baihuangfei"},"content":"import java.util.Scanner;","lastModifiedDate":"2021-09-15"},{"lineNumber":2,"author":{"gitId":"baihuangfei"},"content":"import java.util.ArrayList;","lastModifiedDate":"2021-10-24"},{"lineNumber":3,"author":{"gitId":"baihuangfei"},"content":"import java.util.List;","lastModifiedDate":"2021-10-24"},{"lineNumber":4,"author":{"gitId":"baihuangfei"},"content":"import java.io.FileWriter;","lastModifiedDate":"2021-10-25"},{"lineNumber":5,"author":{"gitId":"baihuangfei"},"content":"import java.io.IOException;","lastModifiedDate":"2021-10-25"},{"lineNumber":6,"author":{"gitId":"baihuangfei"},"content":"import java.io.File;","lastModifiedDate":"2021-10-25"},{"lineNumber":7,"author":{"gitId":"baihuangfei"},"content":"import java.io.BufferedWriter;","lastModifiedDate":"2021-10-30"},{"lineNumber":8,"author":{"gitId":"baihuangfei"},"content":"import java.time.LocalDate;","lastModifiedDate":"2021-10-30"},{"lineNumber":9,"author":{"gitId":"baihuangfei"},"content":"","lastModifiedDate":"2021-10-30"},{"lineNumber":10,"author":{"gitId":"baihuangfei"},"content":"/**","lastModifiedDate":"2021-10-30"},{"lineNumber":11,"author":{"gitId":"baihuangfei"},"content":" * The project aims to build a product named Duke, a Personal Assistant Chatbot that helps a person to keep track of various things.","lastModifiedDate":"2021-10-30"},{"lineNumber":12,"author":{"gitId":"baihuangfei"},"content":" * The name Duke was chosen as a placeholder name, in honor of Duke, the Java Mascot.","lastModifiedDate":"2021-10-30"},{"lineNumber":13,"author":{"gitId":"baihuangfei"},"content":" */","lastModifiedDate":"2021-10-30"},{"lineNumber":14,"author":{"gitId":"baihuangfei"},"content":"","lastModifiedDate":"2021-09-30"},{"lineNumber":15,"author":{"gitId":"-"},"content":"public class Duke {","lastModifiedDate":"2019-07-29"},{"lineNumber":16,"author":{"gitId":"baihuangfei"},"content":"    public static void main(String[] args) throws IOException {","lastModifiedDate":"2021-10-25"},{"lineNumber":17,"author":{"gitId":"baihuangfei"},"content":"        String logo \u003d \" ____        _\\n\"","lastModifiedDate":"2021-09-30"},{"lineNumber":18,"author":{"gitId":"baihuangfei"},"content":"                + \"|  _ \\\\ _   _| | _____\\n\"","lastModifiedDate":"2021-09-30"},{"lineNumber":19,"author":{"gitId":"-"},"content":"                + \"| | | | | | | |/ / _ \\\\\\n\"","lastModifiedDate":"2021-09-30"},{"lineNumber":20,"author":{"gitId":"-"},"content":"                + \"| |_| | |_| |   \u003c  __/\\n\"","lastModifiedDate":"2021-09-30"},{"lineNumber":21,"author":{"gitId":"-"},"content":"                + \"|____/ \\\\__,_|_|\\\\_\\\\___|\\n\";","lastModifiedDate":"2021-09-30"},{"lineNumber":22,"author":{"gitId":"baihuangfei"},"content":"        System.out.println(\"Hello! I\u0027m Duke\" + \"\\n\" + logo + \"\\n\" + \"How can I help you today?\");","lastModifiedDate":"2021-09-30"},{"lineNumber":23,"author":{"gitId":"baihuangfei"},"content":"","lastModifiedDate":"2021-10-30"},{"lineNumber":24,"author":{"gitId":"baihuangfei"},"content":"        /**","lastModifiedDate":"2021-10-30"},{"lineNumber":25,"author":{"gitId":"baihuangfei"},"content":"         * Create an arraylist to store tasks","lastModifiedDate":"2021-10-30"},{"lineNumber":26,"author":{"gitId":"baihuangfei"},"content":"         */","lastModifiedDate":"2021-10-30"},{"lineNumber":27,"author":{"gitId":"baihuangfei"},"content":"        List\u003cTask\u003e list \u003d new ArrayList\u003c\u003e();","lastModifiedDate":"2021-10-24"},{"lineNumber":28,"author":{"gitId":"baihuangfei"},"content":"        boolean isTrue \u003d true;","lastModifiedDate":"2021-10-24"},{"lineNumber":29,"author":{"gitId":"baihuangfei"},"content":"","lastModifiedDate":"2021-09-30"},{"lineNumber":30,"author":{"gitId":"baihuangfei"},"content":"        while (isTrue) {","lastModifiedDate":"2021-10-24"},{"lineNumber":31,"author":{"gitId":"baihuangfei"},"content":"            Scanner sc \u003d new Scanner(System.in);","lastModifiedDate":"2021-09-30"},{"lineNumber":32,"author":{"gitId":"baihuangfei"},"content":"            String[] input \u003d sc.nextLine().split(\" \", 2);","lastModifiedDate":"2021-10-24"},{"lineNumber":33,"author":{"gitId":"baihuangfei"},"content":"            String [] s \u003d new String[2];","lastModifiedDate":"2021-10-25"},{"lineNumber":34,"author":{"gitId":"baihuangfei"},"content":"            try {","lastModifiedDate":"2021-10-24"},{"lineNumber":35,"author":{"gitId":"baihuangfei"},"content":"                switch (input[0]) {","lastModifiedDate":"2021-10-24"},{"lineNumber":36,"author":{"gitId":"baihuangfei"},"content":"","lastModifiedDate":"2021-10-24"},{"lineNumber":37,"author":{"gitId":"baihuangfei"},"content":"                    case \"bye\":","lastModifiedDate":"2021-10-24"},{"lineNumber":38,"author":{"gitId":"baihuangfei"},"content":"                        System.out.println(\"\\tBye. Hope to see you again soon!\");","lastModifiedDate":"2021-10-24"},{"lineNumber":39,"author":{"gitId":"baihuangfei"},"content":"                        isTrue \u003d false;","lastModifiedDate":"2021-10-24"},{"lineNumber":40,"author":{"gitId":"baihuangfei"},"content":"                        break;","lastModifiedDate":"2021-09-15"},{"lineNumber":41,"author":{"gitId":"baihuangfei"},"content":"                    case \"list\":","lastModifiedDate":"2021-10-24"},{"lineNumber":42,"author":{"gitId":"baihuangfei"},"content":"                        if (list.isEmpty()) {","lastModifiedDate":"2021-10-24"},{"lineNumber":43,"author":{"gitId":"baihuangfei"},"content":"                            System.out.println(\"\\tList is empty.\");","lastModifiedDate":"2021-10-24"},{"lineNumber":44,"author":{"gitId":"baihuangfei"},"content":"                            break;","lastModifiedDate":"2021-10-24"},{"lineNumber":45,"author":{"gitId":"baihuangfei"},"content":"                        }","lastModifiedDate":"2021-10-24"},{"lineNumber":46,"author":{"gitId":"baihuangfei"},"content":"                        System.out.println(\"\\tHere are the tasks in your list:\");","lastModifiedDate":"2021-09-30"},{"lineNumber":47,"author":{"gitId":"baihuangfei"},"content":"                        int taskNumber \u003d 1;","lastModifiedDate":"2021-10-24"},{"lineNumber":48,"author":{"gitId":"baihuangfei"},"content":"                        for (Task task : list) {","lastModifiedDate":"2021-10-24"},{"lineNumber":49,"author":{"gitId":"baihuangfei"},"content":"                            System.out.println(\"\\t\" + taskNumber + \". \" + task);","lastModifiedDate":"2021-10-24"},{"lineNumber":50,"author":{"gitId":"baihuangfei"},"content":"                            taskNumber++;","lastModifiedDate":"2021-10-24"},{"lineNumber":51,"author":{"gitId":"baihuangfei"},"content":"                        }","lastModifiedDate":"2021-10-24"},{"lineNumber":52,"author":{"gitId":"baihuangfei"},"content":"                        createFile(\"event\",\"\");","lastModifiedDate":"2021-10-25"},{"lineNumber":53,"author":{"gitId":"baihuangfei"},"content":"                        break;","lastModifiedDate":"2021-10-24"},{"lineNumber":54,"author":{"gitId":"baihuangfei"},"content":"                    case \"done\":","lastModifiedDate":"2021-10-24"},{"lineNumber":55,"author":{"gitId":"baihuangfei"},"content":"                        int doneTaskNumber \u003d Integer.parseInt(input[1]);","lastModifiedDate":"2021-10-24"},{"lineNumber":56,"author":{"gitId":"baihuangfei"},"content":"                        if (doneTaskNumber \u003e list.size()) {","lastModifiedDate":"2021-10-24"},{"lineNumber":57,"author":{"gitId":"baihuangfei"},"content":"                            throw new DukeException(\"☹ OOPS!!! There is no such task.\");","lastModifiedDate":"2021-10-24"},{"lineNumber":58,"author":{"gitId":"baihuangfei"},"content":"                        }","lastModifiedDate":"2021-10-24"},{"lineNumber":59,"author":{"gitId":"baihuangfei"},"content":"                        Task doneTask \u003d list.get(doneTaskNumber - 1);","lastModifiedDate":"2021-10-24"},{"lineNumber":60,"author":{"gitId":"baihuangfei"},"content":"                        doneTask.setDone();","lastModifiedDate":"2021-10-24"},{"lineNumber":61,"author":{"gitId":"baihuangfei"},"content":"                        System.out.println(\"\\tNice! I\u0027ve marked this task as done: \");","lastModifiedDate":"2021-09-30"},{"lineNumber":62,"author":{"gitId":"baihuangfei"},"content":"                        System.out.println(\"\\t\\t\" + list.get(Integer.parseInt(input[1]) - 1));","lastModifiedDate":"2021-10-24"},{"lineNumber":63,"author":{"gitId":"baihuangfei"},"content":"                        break;","lastModifiedDate":"2021-10-24"},{"lineNumber":64,"author":{"gitId":"baihuangfei"},"content":"                    case \"delete\":","lastModifiedDate":"2021-10-24"},{"lineNumber":65,"author":{"gitId":"baihuangfei"},"content":"                        /**","lastModifiedDate":"2021-10-30"},{"lineNumber":66,"author":{"gitId":"baihuangfei"},"content":"                         * Add support for deleting tasks from the list.","lastModifiedDate":"2021-10-30"},{"lineNumber":67,"author":{"gitId":"baihuangfei"},"content":"                         */","lastModifiedDate":"2021-10-30"},{"lineNumber":68,"author":{"gitId":"baihuangfei"},"content":"                        int deletedTaskNumber \u003d Integer.parseInt(input[1]);","lastModifiedDate":"2021-10-24"},{"lineNumber":69,"author":{"gitId":"baihuangfei"},"content":"                        if (deletedTaskNumber \u003e list.size()) {","lastModifiedDate":"2021-10-24"},{"lineNumber":70,"author":{"gitId":"baihuangfei"},"content":"                            /**","lastModifiedDate":"2021-10-30"},{"lineNumber":71,"author":{"gitId":"baihuangfei"},"content":"                             * Teach Duke to deal with errors such as incorrect inputs entered by the user.","lastModifiedDate":"2021-10-30"},{"lineNumber":72,"author":{"gitId":"baihuangfei"},"content":"                             */","lastModifiedDate":"2021-10-30"},{"lineNumber":73,"author":{"gitId":"baihuangfei"},"content":"                            throw new DukeException(\"☹ OOPS!!! There is no such task.\");","lastModifiedDate":"2021-10-24"},{"lineNumber":74,"author":{"gitId":"baihuangfei"},"content":"                        }","lastModifiedDate":"2021-10-24"},{"lineNumber":75,"author":{"gitId":"baihuangfei"},"content":"                        Task deletedTask \u003d list.get(deletedTaskNumber - 1);","lastModifiedDate":"2021-10-24"},{"lineNumber":76,"author":{"gitId":"baihuangfei"},"content":"                        list.remove(deletedTaskNumber - 1);","lastModifiedDate":"2021-10-24"},{"lineNumber":77,"author":{"gitId":"baihuangfei"},"content":"                        System.out.println(\"\\tNoted. I\u0027ve removed this task: \");","lastModifiedDate":"2021-10-24"},{"lineNumber":78,"author":{"gitId":"baihuangfei"},"content":"                        System.out.println(\"\\t\\t\" + deletedTask);","lastModifiedDate":"2021-10-24"},{"lineNumber":79,"author":{"gitId":"baihuangfei"},"content":"                        Task.taskDeleted();","lastModifiedDate":"2021-10-24"},{"lineNumber":80,"author":{"gitId":"baihuangfei"},"content":"                        Task.getTotalTasks();","lastModifiedDate":"2021-10-24"},{"lineNumber":81,"author":{"gitId":"baihuangfei"},"content":"                        break;","lastModifiedDate":"2021-10-24"},{"lineNumber":82,"author":{"gitId":"baihuangfei"},"content":"                    case \"todo\":","lastModifiedDate":"2021-10-24"},{"lineNumber":83,"author":{"gitId":"baihuangfei"},"content":"                        if (input.length \u003c 2) {","lastModifiedDate":"2021-10-24"},{"lineNumber":84,"author":{"gitId":"baihuangfei"},"content":"                            throw new DukeException(\"☹ OOPS!!! The description of a todo cannot be empty.\");","lastModifiedDate":"2021-10-24"},{"lineNumber":85,"author":{"gitId":"baihuangfei"},"content":"                        }","lastModifiedDate":"2021-10-24"},{"lineNumber":86,"author":{"gitId":"baihuangfei"},"content":"","lastModifiedDate":"2021-10-30"},{"lineNumber":87,"author":{"gitId":"baihuangfei"},"content":"                        list.add(new Todo(input[1]));","lastModifiedDate":"2021-10-24"},{"lineNumber":88,"author":{"gitId":"baihuangfei"},"content":"                        Task.getTotalTasks();","lastModifiedDate":"2021-10-24"},{"lineNumber":89,"author":{"gitId":"baihuangfei"},"content":"                        createFile(\"todo\", s[1]);","lastModifiedDate":"2021-10-25"},{"lineNumber":90,"author":{"gitId":"baihuangfei"},"content":"                        break;","lastModifiedDate":"2021-10-24"},{"lineNumber":91,"author":{"gitId":"baihuangfei"},"content":"                    case \"deadline\":","lastModifiedDate":"2021-10-24"},{"lineNumber":92,"author":{"gitId":"baihuangfei"},"content":"                        if (input.length \u003c 2) {","lastModifiedDate":"2021-10-24"},{"lineNumber":93,"author":{"gitId":"baihuangfei"},"content":"                            throw new DukeException(\"☹ OOPS!!! The description of a deadline cannot be empty.\");","lastModifiedDate":"2021-10-24"},{"lineNumber":94,"author":{"gitId":"baihuangfei"},"content":"                        }","lastModifiedDate":"2021-10-24"},{"lineNumber":95,"author":{"gitId":"baihuangfei"},"content":"                        String[] by \u003d input[1].split(\"/\");","lastModifiedDate":"2021-10-24"},{"lineNumber":96,"author":{"gitId":"baihuangfei"},"content":"                        if (by.length \u003c 2) {","lastModifiedDate":"2021-10-24"},{"lineNumber":97,"author":{"gitId":"baihuangfei"},"content":"                            throw new DukeException(\"☹ OOPS!!! The date of a deadline cannot be empty.\");","lastModifiedDate":"2021-10-24"},{"lineNumber":98,"author":{"gitId":"baihuangfei"},"content":"                        }","lastModifiedDate":"2021-10-24"},{"lineNumber":99,"author":{"gitId":"baihuangfei"},"content":"                        list.add(new Deadline(by[0], LocalDate.parse(by[1])));","lastModifiedDate":"2021-10-30"},{"lineNumber":100,"author":{"gitId":"baihuangfei"},"content":"                        Task.getTotalTasks();","lastModifiedDate":"2021-10-24"},{"lineNumber":101,"author":{"gitId":"baihuangfei"},"content":"                        createFile(\"deadline\", \"\");","lastModifiedDate":"2021-10-25"},{"lineNumber":102,"author":{"gitId":"baihuangfei"},"content":"","lastModifiedDate":"2021-10-24"},{"lineNumber":103,"author":{"gitId":"baihuangfei"},"content":"                        break;","lastModifiedDate":"2021-10-24"},{"lineNumber":104,"author":{"gitId":"baihuangfei"},"content":"                    case \"event\":","lastModifiedDate":"2021-10-24"},{"lineNumber":105,"author":{"gitId":"baihuangfei"},"content":"                        if (input.length \u003c 2) {","lastModifiedDate":"2021-10-24"},{"lineNumber":106,"author":{"gitId":"baihuangfei"},"content":"                            throw new DukeException(\"☹ OOPS!!! The description of a event cannot be empty.\");","lastModifiedDate":"2021-10-24"},{"lineNumber":107,"author":{"gitId":"baihuangfei"},"content":"                        }","lastModifiedDate":"2021-10-24"},{"lineNumber":108,"author":{"gitId":"baihuangfei"},"content":"                        String[] at \u003d input[1].split(\"/\");","lastModifiedDate":"2021-10-24"},{"lineNumber":109,"author":{"gitId":"baihuangfei"},"content":"                        if (at.length \u003c 2) {","lastModifiedDate":"2021-10-24"},{"lineNumber":110,"author":{"gitId":"baihuangfei"},"content":"                            throw new DukeException(\"☹ OOPS!!! The date of a event cannot be empty.\");","lastModifiedDate":"2021-10-24"},{"lineNumber":111,"author":{"gitId":"baihuangfei"},"content":"                        }","lastModifiedDate":"2021-10-24"},{"lineNumber":112,"author":{"gitId":"baihuangfei"},"content":"                        list.add(new Event(at[0], LocalDate.parse(at[1])));","lastModifiedDate":"2021-10-30"},{"lineNumber":113,"author":{"gitId":"baihuangfei"},"content":"                        Task.getTotalTasks();","lastModifiedDate":"2021-10-24"},{"lineNumber":114,"author":{"gitId":"baihuangfei"},"content":"","lastModifiedDate":"2021-10-24"},{"lineNumber":115,"author":{"gitId":"baihuangfei"},"content":"                        break;","lastModifiedDate":"2021-10-24"},{"lineNumber":116,"author":{"gitId":"baihuangfei"},"content":"                    default:","lastModifiedDate":"2021-10-24"},{"lineNumber":117,"author":{"gitId":"baihuangfei"},"content":"                        throw new DukeException(\"☹ OOPS!!! I\u0027m sorry, but I don\u0027t know what that means :-(\");","lastModifiedDate":"2021-10-24"},{"lineNumber":118,"author":{"gitId":"baihuangfei"},"content":"                }","lastModifiedDate":"2021-09-30"},{"lineNumber":119,"author":{"gitId":"baihuangfei"},"content":"            } catch (DukeException e) {","lastModifiedDate":"2021-10-24"},{"lineNumber":120,"author":{"gitId":"baihuangfei"},"content":"                System.err.println(\"\\t\" + e);","lastModifiedDate":"2021-10-24"},{"lineNumber":121,"author":{"gitId":"baihuangfei"},"content":"","lastModifiedDate":"2021-10-24"},{"lineNumber":122,"author":{"gitId":"baihuangfei"},"content":"            }","lastModifiedDate":"2021-09-30"},{"lineNumber":123,"author":{"gitId":"baihuangfei"},"content":"","lastModifiedDate":"2021-10-24"},{"lineNumber":124,"author":{"gitId":"baihuangfei"},"content":"        }","lastModifiedDate":"2021-10-24"},{"lineNumber":125,"author":{"gitId":"-"},"content":"    }","lastModifiedDate":"2021-10-25"},{"lineNumber":126,"author":{"gitId":"baihuangfei"},"content":"        public static void createFile(String command,String task) throws IOException{","lastModifiedDate":"2021-10-25"},{"lineNumber":127,"author":{"gitId":"baihuangfei"},"content":"            /**","lastModifiedDate":"2021-10-30"},{"lineNumber":128,"author":{"gitId":"baihuangfei"},"content":"             * Save the tasks in the hard disk automatically whenever the task list changes.","lastModifiedDate":"2021-10-30"},{"lineNumber":129,"author":{"gitId":"baihuangfei"},"content":"             * Load the data from the hard disk when Duke starts up.","lastModifiedDate":"2021-10-30"},{"lineNumber":130,"author":{"gitId":"baihuangfei"},"content":"             */","lastModifiedDate":"2021-10-30"},{"lineNumber":131,"author":{"gitId":"baihuangfei"},"content":"            String filePath \u003d \"duke.txt\";","lastModifiedDate":"2021-10-25"},{"lineNumber":132,"author":{"gitId":"baihuangfei"},"content":"            File f \u003d new File(filePath);","lastModifiedDate":"2021-10-25"},{"lineNumber":133,"author":{"gitId":"baihuangfei"},"content":"            FileWriter fw \u003d new FileWriter(filePath,true);","lastModifiedDate":"2021-10-30"},{"lineNumber":134,"author":{"gitId":"baihuangfei"},"content":"            BufferedWriter br \u003d new BufferedWriter(fw);","lastModifiedDate":"2021-10-30"},{"lineNumber":135,"author":{"gitId":"baihuangfei"},"content":"            br.write(command+\" || \"+task);","lastModifiedDate":"2021-10-30"},{"lineNumber":136,"author":{"gitId":"baihuangfei"},"content":"            br.newLine();","lastModifiedDate":"2021-10-30"},{"lineNumber":137,"author":{"gitId":"baihuangfei"},"content":"            br.close();","lastModifiedDate":"2021-10-30"},{"lineNumber":138,"author":{"gitId":"baihuangfei"},"content":"","lastModifiedDate":"2021-10-30"},{"lineNumber":139,"author":{"gitId":"baihuangfei"},"content":"            fw.close();","lastModifiedDate":"2021-10-25"},{"lineNumber":140,"author":{"gitId":"baihuangfei"},"content":"            try {","lastModifiedDate":"2021-10-25"},{"lineNumber":141,"author":{"gitId":"baihuangfei"},"content":"                boolean result \u003d f.createNewFile();","lastModifiedDate":"2021-10-25"},{"lineNumber":142,"author":{"gitId":"baihuangfei"},"content":"                Scanner s \u003d new Scanner(f);","lastModifiedDate":"2021-10-25"},{"lineNumber":143,"author":{"gitId":"baihuangfei"},"content":"                System.out.println(\"Load data from file ++++ \");","lastModifiedDate":"2021-10-25"},{"lineNumber":144,"author":{"gitId":"baihuangfei"},"content":"                while(s.hasNext()){","lastModifiedDate":"2021-10-25"},{"lineNumber":145,"author":{"gitId":"baihuangfei"},"content":"                    System.out.println(s.nextLine());","lastModifiedDate":"2021-10-25"},{"lineNumber":146,"author":{"gitId":"baihuangfei"},"content":"                }","lastModifiedDate":"2021-10-25"},{"lineNumber":147,"author":{"gitId":"baihuangfei"},"content":"            } catch (IOException e) {","lastModifiedDate":"2021-10-25"},{"lineNumber":148,"author":{"gitId":"baihuangfei"},"content":"                e.printStackTrace();","lastModifiedDate":"2021-10-25"},{"lineNumber":149,"author":{"gitId":"baihuangfei"},"content":"            }","lastModifiedDate":"2021-10-25"},{"lineNumber":150,"author":{"gitId":"baihuangfei"},"content":"","lastModifiedDate":"2021-10-24"},{"lineNumber":151,"author":{"gitId":"baihuangfei"},"content":"    }","lastModifiedDate":"2021-09-15"},{"lineNumber":152,"author":{"gitId":"baihuangfei"},"content":"}","lastModifiedDate":"2021-09-15"}],"authorContributionMap":{"-":5,"baihuangfei":147}},{"path":"src/main/java/DukeException.java","fileType":"java","lines":[{"lineNumber":1,"author":{"gitId":"baihuangfei"},"content":"public class DukeException extends IllegalArgumentException{","lastModifiedDate":"2021-10-24"},{"lineNumber":2,"author":{"gitId":"baihuangfei"},"content":"    DukeException(String s) {","lastModifiedDate":"2021-10-24"},{"lineNumber":3,"author":{"gitId":"baihuangfei"},"content":"        super(s);","lastModifiedDate":"2021-10-24"},{"lineNumber":4,"author":{"gitId":"baihuangfei"},"content":"    }","lastModifiedDate":"2021-10-24"},{"lineNumber":5,"author":{"gitId":"baihuangfei"},"content":"}","lastModifiedDate":"2021-10-24"}],"authorContributionMap":{"baihuangfei":5}},{"path":"src/main/java/Event.java","fileType":"java","lines":[{"lineNumber":1,"author":{"gitId":"baihuangfei"},"content":"import java.time.LocalDate;","lastModifiedDate":"2021-10-30"},{"lineNumber":2,"author":{"gitId":"baihuangfei"},"content":"import java.time.format.DateTimeFormatter;","lastModifiedDate":"2021-10-30"},{"lineNumber":3,"author":{"gitId":"baihuangfei"},"content":"","lastModifiedDate":"2021-10-30"},{"lineNumber":4,"author":{"gitId":"baihuangfei"},"content":"/**","lastModifiedDate":"2021-10-30"},{"lineNumber":5,"author":{"gitId":"baihuangfei"},"content":" * Events: tasks that start at a specific time and ends at a specific time e.g., team project meeting on 2/10/2019 2-4pm","lastModifiedDate":"2021-10-30"},{"lineNumber":6,"author":{"gitId":"baihuangfei"},"content":" */","lastModifiedDate":"2021-10-30"},{"lineNumber":7,"author":{"gitId":"baihuangfei"},"content":"public class Event extends Task{","lastModifiedDate":"2021-10-24"},{"lineNumber":8,"author":{"gitId":"baihuangfei"},"content":"","lastModifiedDate":"2021-10-24"},{"lineNumber":9,"author":{"gitId":"baihuangfei"},"content":"    protected LocalDate at;","lastModifiedDate":"2021-10-30"},{"lineNumber":10,"author":{"gitId":"baihuangfei"},"content":"","lastModifiedDate":"2021-10-24"},{"lineNumber":11,"author":{"gitId":"baihuangfei"},"content":"    public Event(String description, LocalDate at) {","lastModifiedDate":"2021-10-30"},{"lineNumber":12,"author":{"gitId":"baihuangfei"},"content":"        super(description);","lastModifiedDate":"2021-10-24"},{"lineNumber":13,"author":{"gitId":"baihuangfei"},"content":"        this.at \u003d at;","lastModifiedDate":"2021-10-24"},{"lineNumber":14,"author":{"gitId":"baihuangfei"},"content":"    }","lastModifiedDate":"2021-10-24"},{"lineNumber":15,"author":{"gitId":"baihuangfei"},"content":"","lastModifiedDate":"2021-10-24"},{"lineNumber":16,"author":{"gitId":"baihuangfei"},"content":"    @Override","lastModifiedDate":"2021-10-24"},{"lineNumber":17,"author":{"gitId":"baihuangfei"},"content":"    public String toString() {","lastModifiedDate":"2021-10-24"},{"lineNumber":18,"author":{"gitId":"baihuangfei"},"content":"","lastModifiedDate":"2021-10-30"},{"lineNumber":19,"author":{"gitId":"baihuangfei"},"content":"        return \"[E]\" + super.toString() + \" (at: \" + at.format(DateTimeFormatter.ofPattern(\"MMM d yyyy\")) + \")\";","lastModifiedDate":"2021-10-30"},{"lineNumber":20,"author":{"gitId":"baihuangfei"},"content":"    }","lastModifiedDate":"2021-10-24"},{"lineNumber":21,"author":{"gitId":"baihuangfei"},"content":"}","lastModifiedDate":"2021-10-24"}],"authorContributionMap":{"baihuangfei":21}},{"path":"src/main/java/Task.java","fileType":"java","lines":[{"lineNumber":1,"author":{"gitId":"baihuangfei"},"content":"public class Task {","lastModifiedDate":"2021-09-30"},{"lineNumber":2,"author":{"gitId":"baihuangfei"},"content":"    protected String description;","lastModifiedDate":"2021-09-30"},{"lineNumber":3,"author":{"gitId":"baihuangfei"},"content":"    protected boolean isDone;","lastModifiedDate":"2021-09-30"},{"lineNumber":4,"author":{"gitId":"baihuangfei"},"content":"    protected static int totalTasks \u003d 0;","lastModifiedDate":"2021-10-24"},{"lineNumber":5,"author":{"gitId":"baihuangfei"},"content":"","lastModifiedDate":"2021-09-30"},{"lineNumber":6,"author":{"gitId":"baihuangfei"},"content":"    public Task(String description) {","lastModifiedDate":"2021-09-30"},{"lineNumber":7,"author":{"gitId":"baihuangfei"},"content":"        this.description \u003d description;","lastModifiedDate":"2021-09-30"},{"lineNumber":8,"author":{"gitId":"baihuangfei"},"content":"        this.isDone \u003d false;","lastModifiedDate":"2021-09-30"},{"lineNumber":9,"author":{"gitId":"baihuangfei"},"content":"        taskAdded();","lastModifiedDate":"2021-10-24"},{"lineNumber":10,"author":{"gitId":"baihuangfei"},"content":"    }","lastModifiedDate":"2021-09-30"},{"lineNumber":11,"author":{"gitId":"baihuangfei"},"content":"","lastModifiedDate":"2021-09-30"},{"lineNumber":12,"author":{"gitId":"baihuangfei"},"content":"    public String getStatusIcon() {","lastModifiedDate":"2021-09-30"},{"lineNumber":13,"author":{"gitId":"baihuangfei"},"content":"","lastModifiedDate":"2021-10-24"},{"lineNumber":14,"author":{"gitId":"baihuangfei"},"content":"        return (isDone ? \"\\u2713\" : \"\\u2718\");","lastModifiedDate":"2021-10-24"},{"lineNumber":15,"author":{"gitId":"baihuangfei"},"content":"","lastModifiedDate":"2021-10-24"},{"lineNumber":16,"author":{"gitId":"baihuangfei"},"content":"    }","lastModifiedDate":"2021-09-30"},{"lineNumber":17,"author":{"gitId":"baihuangfei"},"content":"","lastModifiedDate":"2021-10-24"},{"lineNumber":18,"author":{"gitId":"baihuangfei"},"content":"    public void setDone() {","lastModifiedDate":"2021-09-30"},{"lineNumber":19,"author":{"gitId":"baihuangfei"},"content":"        isDone \u003d true;","lastModifiedDate":"2021-09-30"},{"lineNumber":20,"author":{"gitId":"baihuangfei"},"content":"    }","lastModifiedDate":"2021-09-30"},{"lineNumber":21,"author":{"gitId":"baihuangfei"},"content":"    public static void taskAdded() {","lastModifiedDate":"2021-10-24"},{"lineNumber":22,"author":{"gitId":"baihuangfei"},"content":"        totalTasks++;","lastModifiedDate":"2021-10-24"},{"lineNumber":23,"author":{"gitId":"baihuangfei"},"content":"    }","lastModifiedDate":"2021-10-24"},{"lineNumber":24,"author":{"gitId":"baihuangfei"},"content":"","lastModifiedDate":"2021-10-24"},{"lineNumber":25,"author":{"gitId":"baihuangfei"},"content":"    public static void taskDeleted() {","lastModifiedDate":"2021-10-24"},{"lineNumber":26,"author":{"gitId":"baihuangfei"},"content":"        totalTasks--;","lastModifiedDate":"2021-10-24"},{"lineNumber":27,"author":{"gitId":"baihuangfei"},"content":"    }","lastModifiedDate":"2021-10-24"},{"lineNumber":28,"author":{"gitId":"baihuangfei"},"content":"","lastModifiedDate":"2021-09-30"},{"lineNumber":29,"author":{"gitId":"baihuangfei"},"content":"    public static void getTotalTasks() {","lastModifiedDate":"2021-10-24"},{"lineNumber":30,"author":{"gitId":"baihuangfei"},"content":"        if (totalTasks \u003d\u003d 0) {","lastModifiedDate":"2021-10-24"},{"lineNumber":31,"author":{"gitId":"baihuangfei"},"content":"            System.out.println(\"\\tNow you have no tasks in the list.\");","lastModifiedDate":"2021-10-24"},{"lineNumber":32,"author":{"gitId":"baihuangfei"},"content":"        } else if (totalTasks \u003d\u003d 1) {","lastModifiedDate":"2021-10-24"},{"lineNumber":33,"author":{"gitId":"baihuangfei"},"content":"            System.out.println(String.format(\"\\tNow you have %d task in the list.\", totalTasks));","lastModifiedDate":"2021-10-24"},{"lineNumber":34,"author":{"gitId":"baihuangfei"},"content":"        } else {","lastModifiedDate":"2021-10-24"},{"lineNumber":35,"author":{"gitId":"baihuangfei"},"content":"            System.out.println(String.format(\"\\tNow you have %d tasks in the list.\", totalTasks));","lastModifiedDate":"2021-10-24"},{"lineNumber":36,"author":{"gitId":"baihuangfei"},"content":"        }","lastModifiedDate":"2021-10-24"},{"lineNumber":37,"author":{"gitId":"baihuangfei"},"content":"    }","lastModifiedDate":"2021-10-24"},{"lineNumber":38,"author":{"gitId":"baihuangfei"},"content":"    @Override","lastModifiedDate":"2021-09-30"},{"lineNumber":39,"author":{"gitId":"baihuangfei"},"content":"    public String toString() {","lastModifiedDate":"2021-09-30"},{"lineNumber":40,"author":{"gitId":"baihuangfei"},"content":"","lastModifiedDate":"2021-10-30"},{"lineNumber":41,"author":{"gitId":"baihuangfei"},"content":"        return String.format(\"[%s] %s\", getStatusIcon(), description);","lastModifiedDate":"2021-09-30"},{"lineNumber":42,"author":{"gitId":"baihuangfei"},"content":"    }","lastModifiedDate":"2021-09-30"},{"lineNumber":43,"author":{"gitId":"baihuangfei"},"content":"}","lastModifiedDate":"2021-09-30"}],"authorContributionMap":{"baihuangfei":43}},{"path":"src/main/java/Todo.java","fileType":"java","lines":[{"lineNumber":1,"author":{"gitId":"baihuangfei"},"content":"public class Todo extends Task{","lastModifiedDate":"2021-10-24"},{"lineNumber":2,"author":{"gitId":"baihuangfei"},"content":"    /**","lastModifiedDate":"2021-10-30"},{"lineNumber":3,"author":{"gitId":"baihuangfei"},"content":"     * ToDos: tasks without any date/time attached to it e.g., visit new theme park","lastModifiedDate":"2021-10-30"},{"lineNumber":4,"author":{"gitId":"baihuangfei"},"content":"     * @param description","lastModifiedDate":"2021-10-30"},{"lineNumber":5,"author":{"gitId":"baihuangfei"},"content":"     */","lastModifiedDate":"2021-10-30"},{"lineNumber":6,"author":{"gitId":"baihuangfei"},"content":"    public Todo(String description) {","lastModifiedDate":"2021-10-24"},{"lineNumber":7,"author":{"gitId":"baihuangfei"},"content":"        super(description);","lastModifiedDate":"2021-10-24"},{"lineNumber":8,"author":{"gitId":"baihuangfei"},"content":"    }","lastModifiedDate":"2021-10-24"},{"lineNumber":9,"author":{"gitId":"baihuangfei"},"content":"","lastModifiedDate":"2021-10-24"},{"lineNumber":10,"author":{"gitId":"baihuangfei"},"content":"    @Override","lastModifiedDate":"2021-10-24"},{"lineNumber":11,"author":{"gitId":"baihuangfei"},"content":"    public String toString() {","lastModifiedDate":"2021-10-24"},{"lineNumber":12,"author":{"gitId":"baihuangfei"},"content":"        return \"[T]\" + super.toString();","lastModifiedDate":"2021-10-24"},{"lineNumber":13,"author":{"gitId":"baihuangfei"},"content":"    }","lastModifiedDate":"2021-10-24"},{"lineNumber":14,"author":{"gitId":"baihuangfei"},"content":"}","lastModifiedDate":"2021-10-24"}],"authorContributionMap":{"baihuangfei":14}}]
