[{"path":"build.gradle","fileType":"gradle","lines":[{"lineNumber":1,"author":{"gitId":"baihuangfei"},"content":"plugins {","lastModifiedDate":"2021-10-30"},{"lineNumber":2,"author":{"gitId":"baihuangfei"},"content":"    id \u0027java\u0027","lastModifiedDate":"2021-10-30"},{"lineNumber":3,"author":{"gitId":"baihuangfei"},"content":"}","lastModifiedDate":"2021-10-30"},{"lineNumber":4,"author":{"gitId":"baihuangfei"},"content":"","lastModifiedDate":"2021-10-30"},{"lineNumber":5,"author":{"gitId":"baihuangfei"},"content":"group \u0027org.example\u0027","lastModifiedDate":"2021-10-30"},{"lineNumber":6,"author":{"gitId":"baihuangfei"},"content":"version \u00271.0-SNAPSHOT\u0027","lastModifiedDate":"2021-10-30"},{"lineNumber":7,"author":{"gitId":"baihuangfei"},"content":"","lastModifiedDate":"2021-10-30"},{"lineNumber":8,"author":{"gitId":"baihuangfei"},"content":"repositories {","lastModifiedDate":"2021-10-30"},{"lineNumber":9,"author":{"gitId":"baihuangfei"},"content":"    mavenCentral()","lastModifiedDate":"2021-10-30"},{"lineNumber":10,"author":{"gitId":"baihuangfei"},"content":"}","lastModifiedDate":"2021-10-30"},{"lineNumber":11,"author":{"gitId":"baihuangfei"},"content":"","lastModifiedDate":"2021-10-30"},{"lineNumber":12,"author":{"gitId":"baihuangfei"},"content":"dependencies {","lastModifiedDate":"2021-10-30"},{"lineNumber":13,"author":{"gitId":"baihuangfei"},"content":"    testImplementation \u0027org.junit.jupiter:junit-jupiter-api:5.8.1\u0027","lastModifiedDate":"2021-10-30"},{"lineNumber":14,"author":{"gitId":"baihuangfei"},"content":"    testRuntimeOnly \u0027org.junit.jupiter:junit-jupiter-engine:1.7.0\u0027","lastModifiedDate":"2021-10-30"},{"lineNumber":15,"author":{"gitId":"baihuangfei"},"content":"}","lastModifiedDate":"2021-10-30"},{"lineNumber":16,"author":{"gitId":"baihuangfei"},"content":"","lastModifiedDate":"2021-10-30"},{"lineNumber":17,"author":{"gitId":"baihuangfei"},"content":"test {","lastModifiedDate":"2021-10-30"},{"lineNumber":18,"author":{"gitId":"baihuangfei"},"content":"    useJUnitPlatform()","lastModifiedDate":"2021-10-30"},{"lineNumber":19,"author":{"gitId":"baihuangfei"},"content":"}","lastModifiedDate":"2021-10-30"},{"lineNumber":20,"author":{"gitId":"baihuangfei"},"content":"","lastModifiedDate":"2021-11-04"},{"lineNumber":21,"author":{"gitId":"baihuangfei"},"content":"repositories {","lastModifiedDate":"2021-11-04"},{"lineNumber":22,"author":{"gitId":"baihuangfei"},"content":"    mavenCentral()","lastModifiedDate":"2021-11-04"},{"lineNumber":23,"author":{"gitId":"baihuangfei"},"content":"}","lastModifiedDate":"2021-11-04"},{"lineNumber":24,"author":{"gitId":"baihuangfei"},"content":"","lastModifiedDate":"2021-11-04"},{"lineNumber":25,"author":{"gitId":"baihuangfei"},"content":"dependencies {","lastModifiedDate":"2021-11-04"},{"lineNumber":26,"author":{"gitId":"baihuangfei"},"content":"    String javaFxVersion \u003d \u002715\u0027","lastModifiedDate":"2021-11-04"},{"lineNumber":27,"author":{"gitId":"baihuangfei"},"content":"","lastModifiedDate":"2021-11-04"},{"lineNumber":28,"author":{"gitId":"baihuangfei"},"content":"    implementation group: \u0027org.openjfx\u0027, name: \u0027javafx-base\u0027, version: javaFxVersion, classifier: \u0027win\u0027","lastModifiedDate":"2021-11-04"},{"lineNumber":29,"author":{"gitId":"baihuangfei"},"content":"    implementation group: \u0027org.openjfx\u0027, name: \u0027javafx-base\u0027, version: javaFxVersion, classifier: \u0027mac\u0027","lastModifiedDate":"2021-11-04"},{"lineNumber":30,"author":{"gitId":"baihuangfei"},"content":"    implementation group: \u0027org.openjfx\u0027, name: \u0027javafx-base\u0027, version: javaFxVersion, classifier: \u0027linux\u0027","lastModifiedDate":"2021-11-04"},{"lineNumber":31,"author":{"gitId":"baihuangfei"},"content":"    implementation group: \u0027org.openjfx\u0027, name: \u0027javafx-controls\u0027, version: javaFxVersion, classifier: \u0027win\u0027","lastModifiedDate":"2021-11-04"},{"lineNumber":32,"author":{"gitId":"baihuangfei"},"content":"    implementation group: \u0027org.openjfx\u0027, name: \u0027javafx-controls\u0027, version: javaFxVersion, classifier: \u0027mac\u0027","lastModifiedDate":"2021-11-04"},{"lineNumber":33,"author":{"gitId":"baihuangfei"},"content":"    implementation group: \u0027org.openjfx\u0027, name: \u0027javafx-controls\u0027, version: javaFxVersion, classifier: \u0027linux\u0027","lastModifiedDate":"2021-11-04"},{"lineNumber":34,"author":{"gitId":"baihuangfei"},"content":"    implementation group: \u0027org.openjfx\u0027, name: \u0027javafx-fxml\u0027, version: javaFxVersion, classifier: \u0027win\u0027","lastModifiedDate":"2021-11-04"},{"lineNumber":35,"author":{"gitId":"baihuangfei"},"content":"    implementation group: \u0027org.openjfx\u0027, name: \u0027javafx-fxml\u0027, version: javaFxVersion, classifier: \u0027mac\u0027","lastModifiedDate":"2021-11-04"},{"lineNumber":36,"author":{"gitId":"baihuangfei"},"content":"    implementation group: \u0027org.openjfx\u0027, name: \u0027javafx-fxml\u0027, version: javaFxVersion, classifier: \u0027linux\u0027","lastModifiedDate":"2021-11-04"},{"lineNumber":37,"author":{"gitId":"baihuangfei"},"content":"    implementation group: \u0027org.openjfx\u0027, name: \u0027javafx-graphics\u0027, version: javaFxVersion, classifier: \u0027win\u0027","lastModifiedDate":"2021-11-04"},{"lineNumber":38,"author":{"gitId":"baihuangfei"},"content":"    implementation group: \u0027org.openjfx\u0027, name: \u0027javafx-graphics\u0027, version: javaFxVersion, classifier: \u0027mac\u0027","lastModifiedDate":"2021-11-04"},{"lineNumber":39,"author":{"gitId":"baihuangfei"},"content":"    implementation group: \u0027org.openjfx\u0027, name: \u0027javafx-graphics\u0027, version: javaFxVersion, classifier: \u0027linux\u0027","lastModifiedDate":"2021-11-04"},{"lineNumber":40,"author":{"gitId":"baihuangfei"},"content":"}","lastModifiedDate":"2021-11-04"}],"authorContributionMap":{"baihuangfei":40}},{"path":"duke.txt","fileType":"txt","lines":[{"lineNumber":1,"author":{"gitId":"baihuangfei"},"content":"deadline || ","lastModifiedDate":"2021-10-25"}],"authorContributionMap":{"baihuangfei":1}},{"path":"gradlew.bat","fileType":"bat","lines":[{"lineNumber":1,"author":{"gitId":"baihuangfei"},"content":"@rem","lastModifiedDate":"2021-10-30"},{"lineNumber":2,"author":{"gitId":"baihuangfei"},"content":"@rem Copyright 2015 the original author or authors.","lastModifiedDate":"2021-10-30"},{"lineNumber":3,"author":{"gitId":"baihuangfei"},"content":"@rem","lastModifiedDate":"2021-10-30"},{"lineNumber":4,"author":{"gitId":"baihuangfei"},"content":"@rem Licensed under the Apache License, Version 2.0 (the \"License\");","lastModifiedDate":"2021-10-30"},{"lineNumber":5,"author":{"gitId":"baihuangfei"},"content":"@rem you may not use this file except in compliance with the License.","lastModifiedDate":"2021-10-30"},{"lineNumber":6,"author":{"gitId":"baihuangfei"},"content":"@rem You may obtain a copy of the License at","lastModifiedDate":"2021-10-30"},{"lineNumber":7,"author":{"gitId":"baihuangfei"},"content":"@rem","lastModifiedDate":"2021-10-30"},{"lineNumber":8,"author":{"gitId":"baihuangfei"},"content":"@rem      https://www.apache.org/licenses/LICENSE-2.0","lastModifiedDate":"2021-10-30"},{"lineNumber":9,"author":{"gitId":"baihuangfei"},"content":"@rem","lastModifiedDate":"2021-10-30"},{"lineNumber":10,"author":{"gitId":"baihuangfei"},"content":"@rem Unless required by applicable law or agreed to in writing, software","lastModifiedDate":"2021-10-30"},{"lineNumber":11,"author":{"gitId":"baihuangfei"},"content":"@rem distributed under the License is distributed on an \"AS IS\" BASIS,","lastModifiedDate":"2021-10-30"},{"lineNumber":12,"author":{"gitId":"baihuangfei"},"content":"@rem WITHOUT WARRANTIES OR CONDITIONS OF ANY KIND, either express or implied.","lastModifiedDate":"2021-10-30"},{"lineNumber":13,"author":{"gitId":"baihuangfei"},"content":"@rem See the License for the specific language governing permissions and","lastModifiedDate":"2021-10-30"},{"lineNumber":14,"author":{"gitId":"baihuangfei"},"content":"@rem limitations under the License.","lastModifiedDate":"2021-10-30"},{"lineNumber":15,"author":{"gitId":"baihuangfei"},"content":"@rem","lastModifiedDate":"2021-10-30"},{"lineNumber":16,"author":{"gitId":"baihuangfei"},"content":"","lastModifiedDate":"2021-10-30"},{"lineNumber":17,"author":{"gitId":"baihuangfei"},"content":"@if \"%DEBUG%\" \u003d\u003d \"\" @echo off","lastModifiedDate":"2021-10-30"},{"lineNumber":18,"author":{"gitId":"baihuangfei"},"content":"@rem ##########################################################################","lastModifiedDate":"2021-10-30"},{"lineNumber":19,"author":{"gitId":"baihuangfei"},"content":"@rem","lastModifiedDate":"2021-10-30"},{"lineNumber":20,"author":{"gitId":"baihuangfei"},"content":"@rem  Gradle startup script for Windows","lastModifiedDate":"2021-10-30"},{"lineNumber":21,"author":{"gitId":"baihuangfei"},"content":"@rem","lastModifiedDate":"2021-10-30"},{"lineNumber":22,"author":{"gitId":"baihuangfei"},"content":"@rem ##########################################################################","lastModifiedDate":"2021-10-30"},{"lineNumber":23,"author":{"gitId":"baihuangfei"},"content":"","lastModifiedDate":"2021-10-30"},{"lineNumber":24,"author":{"gitId":"baihuangfei"},"content":"@rem Set local scope for the variables with windows NT shell","lastModifiedDate":"2021-10-30"},{"lineNumber":25,"author":{"gitId":"baihuangfei"},"content":"if \"%OS%\"\u003d\u003d\"Windows_NT\" setlocal","lastModifiedDate":"2021-10-30"},{"lineNumber":26,"author":{"gitId":"baihuangfei"},"content":"","lastModifiedDate":"2021-10-30"},{"lineNumber":27,"author":{"gitId":"baihuangfei"},"content":"set DIRNAME\u003d%~dp0","lastModifiedDate":"2021-10-30"},{"lineNumber":28,"author":{"gitId":"baihuangfei"},"content":"if \"%DIRNAME%\" \u003d\u003d \"\" set DIRNAME\u003d.","lastModifiedDate":"2021-10-30"},{"lineNumber":29,"author":{"gitId":"baihuangfei"},"content":"set APP_BASE_NAME\u003d%~n0","lastModifiedDate":"2021-10-30"},{"lineNumber":30,"author":{"gitId":"baihuangfei"},"content":"set APP_HOME\u003d%DIRNAME%","lastModifiedDate":"2021-10-30"},{"lineNumber":31,"author":{"gitId":"baihuangfei"},"content":"","lastModifiedDate":"2021-10-30"},{"lineNumber":32,"author":{"gitId":"baihuangfei"},"content":"@rem Resolve any \".\" and \"..\" in APP_HOME to make it shorter.","lastModifiedDate":"2021-10-30"},{"lineNumber":33,"author":{"gitId":"baihuangfei"},"content":"for %%i in (\"%APP_HOME%\") do set APP_HOME\u003d%%~fi","lastModifiedDate":"2021-10-30"},{"lineNumber":34,"author":{"gitId":"baihuangfei"},"content":"","lastModifiedDate":"2021-10-30"},{"lineNumber":35,"author":{"gitId":"baihuangfei"},"content":"@rem Add default JVM options here. You can also use JAVA_OPTS and GRADLE_OPTS to pass JVM options to this script.","lastModifiedDate":"2021-10-30"},{"lineNumber":36,"author":{"gitId":"baihuangfei"},"content":"set DEFAULT_JVM_OPTS\u003d\"-Xmx64m\" \"-Xms64m\"","lastModifiedDate":"2021-10-30"},{"lineNumber":37,"author":{"gitId":"baihuangfei"},"content":"","lastModifiedDate":"2021-10-30"},{"lineNumber":38,"author":{"gitId":"baihuangfei"},"content":"@rem Find java.exe","lastModifiedDate":"2021-10-30"},{"lineNumber":39,"author":{"gitId":"baihuangfei"},"content":"if defined JAVA_HOME goto findJavaFromJavaHome","lastModifiedDate":"2021-10-30"},{"lineNumber":40,"author":{"gitId":"baihuangfei"},"content":"","lastModifiedDate":"2021-10-30"},{"lineNumber":41,"author":{"gitId":"baihuangfei"},"content":"set JAVA_EXE\u003djava.exe","lastModifiedDate":"2021-10-30"},{"lineNumber":42,"author":{"gitId":"baihuangfei"},"content":"%JAVA_EXE% -version \u003eNUL 2\u003e\u00261","lastModifiedDate":"2021-10-30"},{"lineNumber":43,"author":{"gitId":"baihuangfei"},"content":"if \"%ERRORLEVEL%\" \u003d\u003d \"0\" goto execute","lastModifiedDate":"2021-10-30"},{"lineNumber":44,"author":{"gitId":"baihuangfei"},"content":"","lastModifiedDate":"2021-10-30"},{"lineNumber":45,"author":{"gitId":"baihuangfei"},"content":"echo.","lastModifiedDate":"2021-10-30"},{"lineNumber":46,"author":{"gitId":"baihuangfei"},"content":"echo ERROR: JAVA_HOME is not set and no \u0027java\u0027 command could be found in your PATH.","lastModifiedDate":"2021-10-30"},{"lineNumber":47,"author":{"gitId":"baihuangfei"},"content":"echo.","lastModifiedDate":"2021-10-30"},{"lineNumber":48,"author":{"gitId":"baihuangfei"},"content":"echo Please set the JAVA_HOME variable in your environment to match the","lastModifiedDate":"2021-10-30"},{"lineNumber":49,"author":{"gitId":"baihuangfei"},"content":"echo location of your Java installation.","lastModifiedDate":"2021-10-30"},{"lineNumber":50,"author":{"gitId":"baihuangfei"},"content":"","lastModifiedDate":"2021-10-30"},{"lineNumber":51,"author":{"gitId":"baihuangfei"},"content":"goto fail","lastModifiedDate":"2021-10-30"},{"lineNumber":52,"author":{"gitId":"baihuangfei"},"content":"","lastModifiedDate":"2021-10-30"},{"lineNumber":53,"author":{"gitId":"baihuangfei"},"content":":findJavaFromJavaHome","lastModifiedDate":"2021-10-30"},{"lineNumber":54,"author":{"gitId":"baihuangfei"},"content":"set JAVA_HOME\u003d%JAVA_HOME:\"\u003d%","lastModifiedDate":"2021-10-30"},{"lineNumber":55,"author":{"gitId":"baihuangfei"},"content":"set JAVA_EXE\u003d%JAVA_HOME%/bin/java.exe","lastModifiedDate":"2021-10-30"},{"lineNumber":56,"author":{"gitId":"baihuangfei"},"content":"","lastModifiedDate":"2021-10-30"},{"lineNumber":57,"author":{"gitId":"baihuangfei"},"content":"if exist \"%JAVA_EXE%\" goto execute","lastModifiedDate":"2021-10-30"},{"lineNumber":58,"author":{"gitId":"baihuangfei"},"content":"","lastModifiedDate":"2021-10-30"},{"lineNumber":59,"author":{"gitId":"baihuangfei"},"content":"echo.","lastModifiedDate":"2021-10-30"},{"lineNumber":60,"author":{"gitId":"baihuangfei"},"content":"echo ERROR: JAVA_HOME is set to an invalid directory: %JAVA_HOME%","lastModifiedDate":"2021-10-30"},{"lineNumber":61,"author":{"gitId":"baihuangfei"},"content":"echo.","lastModifiedDate":"2021-10-30"},{"lineNumber":62,"author":{"gitId":"baihuangfei"},"content":"echo Please set the JAVA_HOME variable in your environment to match the","lastModifiedDate":"2021-10-30"},{"lineNumber":63,"author":{"gitId":"baihuangfei"},"content":"echo location of your Java installation.","lastModifiedDate":"2021-10-30"},{"lineNumber":64,"author":{"gitId":"baihuangfei"},"content":"","lastModifiedDate":"2021-10-30"},{"lineNumber":65,"author":{"gitId":"baihuangfei"},"content":"goto fail","lastModifiedDate":"2021-10-30"},{"lineNumber":66,"author":{"gitId":"baihuangfei"},"content":"","lastModifiedDate":"2021-10-30"},{"lineNumber":67,"author":{"gitId":"baihuangfei"},"content":":execute","lastModifiedDate":"2021-10-30"},{"lineNumber":68,"author":{"gitId":"baihuangfei"},"content":"@rem Setup the command line","lastModifiedDate":"2021-10-30"},{"lineNumber":69,"author":{"gitId":"baihuangfei"},"content":"","lastModifiedDate":"2021-10-30"},{"lineNumber":70,"author":{"gitId":"baihuangfei"},"content":"set CLASSPATH\u003d%APP_HOME%\\gradle\\wrapper\\gradle-wrapper.jar","lastModifiedDate":"2021-10-30"},{"lineNumber":71,"author":{"gitId":"baihuangfei"},"content":"","lastModifiedDate":"2021-10-30"},{"lineNumber":72,"author":{"gitId":"baihuangfei"},"content":"","lastModifiedDate":"2021-10-30"},{"lineNumber":73,"author":{"gitId":"baihuangfei"},"content":"@rem Execute Gradle","lastModifiedDate":"2021-10-30"},{"lineNumber":74,"author":{"gitId":"baihuangfei"},"content":"\"%JAVA_EXE%\" %DEFAULT_JVM_OPTS% %JAVA_OPTS% %GRADLE_OPTS% \"-Dorg.gradle.appname\u003d%APP_BASE_NAME%\" -classpath \"%CLASSPATH%\" org.gradle.wrapper.GradleWrapperMain %*","lastModifiedDate":"2021-10-30"},{"lineNumber":75,"author":{"gitId":"baihuangfei"},"content":"","lastModifiedDate":"2021-10-30"},{"lineNumber":76,"author":{"gitId":"baihuangfei"},"content":":end","lastModifiedDate":"2021-10-30"},{"lineNumber":77,"author":{"gitId":"baihuangfei"},"content":"@rem End local scope for the variables with windows NT shell","lastModifiedDate":"2021-10-30"},{"lineNumber":78,"author":{"gitId":"baihuangfei"},"content":"if \"%ERRORLEVEL%\"\u003d\u003d\"0\" goto mainEnd","lastModifiedDate":"2021-10-30"},{"lineNumber":79,"author":{"gitId":"baihuangfei"},"content":"","lastModifiedDate":"2021-10-30"},{"lineNumber":80,"author":{"gitId":"baihuangfei"},"content":":fail","lastModifiedDate":"2021-10-30"},{"lineNumber":81,"author":{"gitId":"baihuangfei"},"content":"rem Set variable GRADLE_EXIT_CONSOLE if you need the _script_ return code instead of","lastModifiedDate":"2021-10-30"},{"lineNumber":82,"author":{"gitId":"baihuangfei"},"content":"rem the _cmd.exe /c_ return code!","lastModifiedDate":"2021-10-30"},{"lineNumber":83,"author":{"gitId":"baihuangfei"},"content":"if  not \"\" \u003d\u003d \"%GRADLE_EXIT_CONSOLE%\" exit 1","lastModifiedDate":"2021-10-30"},{"lineNumber":84,"author":{"gitId":"baihuangfei"},"content":"exit /b 1","lastModifiedDate":"2021-10-30"},{"lineNumber":85,"author":{"gitId":"baihuangfei"},"content":"","lastModifiedDate":"2021-10-30"},{"lineNumber":86,"author":{"gitId":"baihuangfei"},"content":":mainEnd","lastModifiedDate":"2021-10-30"},{"lineNumber":87,"author":{"gitId":"baihuangfei"},"content":"if \"%OS%\"\u003d\u003d\"Windows_NT\" endlocal","lastModifiedDate":"2021-10-30"},{"lineNumber":88,"author":{"gitId":"baihuangfei"},"content":"","lastModifiedDate":"2021-10-30"},{"lineNumber":89,"author":{"gitId":"baihuangfei"},"content":":omega","lastModifiedDate":"2021-10-30"}],"authorContributionMap":{"baihuangfei":89}},{"path":"settings.gradle","fileType":"gradle","lines":[{"lineNumber":1,"author":{"gitId":"baihuangfei"},"content":"rootProject.name \u003d \u0027duke\u0027","lastModifiedDate":"2021-10-30"}],"authorContributionMap":{"baihuangfei":1}},{"path":"src/main/java/Deadline.java","fileType":"java","lines":[{"lineNumber":1,"author":{"gitId":"baihuangfei"},"content":"import java.time.LocalDate;","lastModifiedDate":"2021-10-30"},{"lineNumber":2,"author":{"gitId":"baihuangfei"},"content":"import java.time.format.DateTimeFormatter;","lastModifiedDate":"2021-10-30"},{"lineNumber":3,"author":{"gitId":"baihuangfei"},"content":"","lastModifiedDate":"2021-10-30"},{"lineNumber":4,"author":{"gitId":"baihuangfei"},"content":"/**","lastModifiedDate":"2021-10-30"},{"lineNumber":5,"author":{"gitId":"baihuangfei"},"content":" * Deadlines: tasks that need to be done before a specific date/time e.g., submit report by 11/10/2019 5pm","lastModifiedDate":"2021-10-30"},{"lineNumber":6,"author":{"gitId":"baihuangfei"},"content":" */","lastModifiedDate":"2021-10-30"},{"lineNumber":7,"author":{"gitId":"baihuangfei"},"content":"public class Deadline extends Task{","lastModifiedDate":"2021-10-24"},{"lineNumber":8,"author":{"gitId":"baihuangfei"},"content":"    protected LocalDate by;","lastModifiedDate":"2021-10-30"},{"lineNumber":9,"author":{"gitId":"baihuangfei"},"content":"","lastModifiedDate":"2021-10-24"},{"lineNumber":10,"author":{"gitId":"baihuangfei"},"content":"    public Deadline(String description, LocalDate by) {","lastModifiedDate":"2021-10-30"},{"lineNumber":11,"author":{"gitId":"baihuangfei"},"content":"        super(description);","lastModifiedDate":"2021-10-24"},{"lineNumber":12,"author":{"gitId":"baihuangfei"},"content":"        this.by \u003d by;","lastModifiedDate":"2021-10-24"},{"lineNumber":13,"author":{"gitId":"baihuangfei"},"content":"    }","lastModifiedDate":"2021-10-24"},{"lineNumber":14,"author":{"gitId":"baihuangfei"},"content":"","lastModifiedDate":"2021-10-24"},{"lineNumber":15,"author":{"gitId":"baihuangfei"},"content":"    @Override","lastModifiedDate":"2021-10-24"},{"lineNumber":16,"author":{"gitId":"baihuangfei"},"content":"    public String toString() {","lastModifiedDate":"2021-10-24"},{"lineNumber":17,"author":{"gitId":"baihuangfei"},"content":"","lastModifiedDate":"2021-10-30"},{"lineNumber":18,"author":{"gitId":"baihuangfei"},"content":"        return \"[D]\" + super.toString() + \" (by: \" + by.format(DateTimeFormatter.ofPattern(\"MMM d yyyy\")) + \")\";","lastModifiedDate":"2021-10-30"},{"lineNumber":19,"author":{"gitId":"baihuangfei"},"content":"    }","lastModifiedDate":"2021-10-24"},{"lineNumber":20,"author":{"gitId":"baihuangfei"},"content":"}","lastModifiedDate":"2021-10-24"}],"authorContributionMap":{"baihuangfei":20}},{"path":"src/main/java/DialogBox.java","fileType":"java","lines":[{"lineNumber":1,"author":{"gitId":"baihuangfei"},"content":"import javafx.collections.FXCollections;","lastModifiedDate":"2021-11-04"},{"lineNumber":2,"author":{"gitId":"baihuangfei"},"content":"import javafx.collections.ObservableList;","lastModifiedDate":"2021-11-04"},{"lineNumber":3,"author":{"gitId":"baihuangfei"},"content":"import javafx.geometry.Pos;","lastModifiedDate":"2021-11-04"},{"lineNumber":4,"author":{"gitId":"baihuangfei"},"content":"import javafx.scene.Node;","lastModifiedDate":"2021-11-04"},{"lineNumber":5,"author":{"gitId":"baihuangfei"},"content":"import javafx.scene.control.Label;","lastModifiedDate":"2021-11-04"},{"lineNumber":6,"author":{"gitId":"baihuangfei"},"content":"import javafx.scene.image.ImageView;","lastModifiedDate":"2021-11-04"},{"lineNumber":7,"author":{"gitId":"baihuangfei"},"content":"import javafx.scene.layout.HBox;","lastModifiedDate":"2021-11-04"},{"lineNumber":8,"author":{"gitId":"baihuangfei"},"content":"","lastModifiedDate":"2021-11-04"},{"lineNumber":9,"author":{"gitId":"baihuangfei"},"content":"","lastModifiedDate":"2021-11-04"},{"lineNumber":10,"author":{"gitId":"baihuangfei"},"content":"public class DialogBox extends HBox {","lastModifiedDate":"2021-11-04"},{"lineNumber":11,"author":{"gitId":"baihuangfei"},"content":"","lastModifiedDate":"2021-11-04"},{"lineNumber":12,"author":{"gitId":"baihuangfei"},"content":"    private Label text;","lastModifiedDate":"2021-11-04"},{"lineNumber":13,"author":{"gitId":"baihuangfei"},"content":"    private ImageView displayPicture;","lastModifiedDate":"2021-11-04"},{"lineNumber":14,"author":{"gitId":"baihuangfei"},"content":"","lastModifiedDate":"2021-11-04"},{"lineNumber":15,"author":{"gitId":"baihuangfei"},"content":"    /**","lastModifiedDate":"2021-11-04"},{"lineNumber":16,"author":{"gitId":"baihuangfei"},"content":"     * Creates a dialog box for interaction.","lastModifiedDate":"2021-11-04"},{"lineNumber":17,"author":{"gitId":"baihuangfei"},"content":"     * @param l label that contains the text.","lastModifiedDate":"2021-11-04"},{"lineNumber":18,"author":{"gitId":"baihuangfei"},"content":"     * @param iv image of the particular user.","lastModifiedDate":"2021-11-04"},{"lineNumber":19,"author":{"gitId":"baihuangfei"},"content":"     */","lastModifiedDate":"2021-11-04"},{"lineNumber":20,"author":{"gitId":"baihuangfei"},"content":"    public DialogBox(Label l, ImageView iv) {","lastModifiedDate":"2021-11-04"},{"lineNumber":21,"author":{"gitId":"baihuangfei"},"content":"        text \u003d l;","lastModifiedDate":"2021-11-04"},{"lineNumber":22,"author":{"gitId":"baihuangfei"},"content":"        displayPicture \u003d iv;","lastModifiedDate":"2021-11-04"},{"lineNumber":23,"author":{"gitId":"baihuangfei"},"content":"","lastModifiedDate":"2021-11-04"},{"lineNumber":24,"author":{"gitId":"baihuangfei"},"content":"        text.setWrapText(true);","lastModifiedDate":"2021-11-04"},{"lineNumber":25,"author":{"gitId":"baihuangfei"},"content":"        displayPicture.setFitWidth(100.0);","lastModifiedDate":"2021-11-04"},{"lineNumber":26,"author":{"gitId":"baihuangfei"},"content":"        displayPicture.setFitHeight(100.0);","lastModifiedDate":"2021-11-04"},{"lineNumber":27,"author":{"gitId":"baihuangfei"},"content":"","lastModifiedDate":"2021-11-04"},{"lineNumber":28,"author":{"gitId":"baihuangfei"},"content":"        this.setAlignment(Pos.TOP_RIGHT);","lastModifiedDate":"2021-11-04"},{"lineNumber":29,"author":{"gitId":"baihuangfei"},"content":"        this.getChildren().addAll(text, displayPicture);","lastModifiedDate":"2021-11-04"},{"lineNumber":30,"author":{"gitId":"baihuangfei"},"content":"    }","lastModifiedDate":"2021-11-04"},{"lineNumber":31,"author":{"gitId":"baihuangfei"},"content":"","lastModifiedDate":"2021-11-04"},{"lineNumber":32,"author":{"gitId":"baihuangfei"},"content":"    /**","lastModifiedDate":"2021-11-04"},{"lineNumber":33,"author":{"gitId":"baihuangfei"},"content":"     * Flips the dialog box such that the ImageView is on the left and text on the right.","lastModifiedDate":"2021-11-04"},{"lineNumber":34,"author":{"gitId":"baihuangfei"},"content":"     */","lastModifiedDate":"2021-11-04"},{"lineNumber":35,"author":{"gitId":"baihuangfei"},"content":"    private void flip() {","lastModifiedDate":"2021-11-04"},{"lineNumber":36,"author":{"gitId":"baihuangfei"},"content":"        this.setAlignment(Pos.TOP_LEFT);","lastModifiedDate":"2021-11-04"},{"lineNumber":37,"author":{"gitId":"baihuangfei"},"content":"        ObservableList\u003cNode\u003e tmp \u003d FXCollections.observableArrayList(this.getChildren());","lastModifiedDate":"2021-11-04"},{"lineNumber":38,"author":{"gitId":"baihuangfei"},"content":"        FXCollections.reverse(tmp);","lastModifiedDate":"2021-11-04"},{"lineNumber":39,"author":{"gitId":"baihuangfei"},"content":"        this.getChildren().setAll(tmp);","lastModifiedDate":"2021-11-04"},{"lineNumber":40,"author":{"gitId":"baihuangfei"},"content":"    }","lastModifiedDate":"2021-11-04"},{"lineNumber":41,"author":{"gitId":"baihuangfei"},"content":"","lastModifiedDate":"2021-11-04"},{"lineNumber":42,"author":{"gitId":"baihuangfei"},"content":"    /**","lastModifiedDate":"2021-11-04"},{"lineNumber":43,"author":{"gitId":"baihuangfei"},"content":"     * Return a new user dialog.","lastModifiedDate":"2021-11-04"},{"lineNumber":44,"author":{"gitId":"baihuangfei"},"content":"     * @param l Label l created for the user.","lastModifiedDate":"2021-11-04"},{"lineNumber":45,"author":{"gitId":"baihuangfei"},"content":"     * @param iv image of the user.","lastModifiedDate":"2021-11-04"},{"lineNumber":46,"author":{"gitId":"baihuangfei"},"content":"     * @return a new user dialog.","lastModifiedDate":"2021-11-04"},{"lineNumber":47,"author":{"gitId":"baihuangfei"},"content":"     */","lastModifiedDate":"2021-11-04"},{"lineNumber":48,"author":{"gitId":"baihuangfei"},"content":"    public static DialogBox getUserDialog(Label l, ImageView iv) {","lastModifiedDate":"2021-11-04"},{"lineNumber":49,"author":{"gitId":"baihuangfei"},"content":"        return new DialogBox(l, iv);","lastModifiedDate":"2021-11-04"},{"lineNumber":50,"author":{"gitId":"baihuangfei"},"content":"    }","lastModifiedDate":"2021-11-04"},{"lineNumber":51,"author":{"gitId":"baihuangfei"},"content":"","lastModifiedDate":"2021-11-04"},{"lineNumber":52,"author":{"gitId":"baihuangfei"},"content":"    /**","lastModifiedDate":"2021-11-04"},{"lineNumber":53,"author":{"gitId":"baihuangfei"},"content":"     * Return a new dialog for Duke.","lastModifiedDate":"2021-11-04"},{"lineNumber":54,"author":{"gitId":"baihuangfei"},"content":"     * @param l Label created for Duke.","lastModifiedDate":"2021-11-04"},{"lineNumber":55,"author":{"gitId":"baihuangfei"},"content":"     * @param iv image of duke.","lastModifiedDate":"2021-11-04"},{"lineNumber":56,"author":{"gitId":"baihuangfei"},"content":"     * @return a new duke dialog","lastModifiedDate":"2021-11-04"},{"lineNumber":57,"author":{"gitId":"baihuangfei"},"content":"     */","lastModifiedDate":"2021-11-04"},{"lineNumber":58,"author":{"gitId":"baihuangfei"},"content":"    public static DialogBox getDukeDialog(Label l, ImageView iv) {","lastModifiedDate":"2021-11-04"},{"lineNumber":59,"author":{"gitId":"baihuangfei"},"content":"        var db \u003d new DialogBox(l, iv);","lastModifiedDate":"2021-11-04"},{"lineNumber":60,"author":{"gitId":"baihuangfei"},"content":"        db.flip();","lastModifiedDate":"2021-11-04"},{"lineNumber":61,"author":{"gitId":"baihuangfei"},"content":"        return db;","lastModifiedDate":"2021-11-04"},{"lineNumber":62,"author":{"gitId":"baihuangfei"},"content":"    }","lastModifiedDate":"2021-11-04"},{"lineNumber":63,"author":{"gitId":"baihuangfei"},"content":"}","lastModifiedDate":"2021-11-04"}],"authorContributionMap":{"baihuangfei":63}},{"path":"src/main/java/Duke.java","fileType":"java","lines":[{"lineNumber":1,"author":{"gitId":"baihuangfei"},"content":"import java.util.Objects;","lastModifiedDate":"2021-11-04"},{"lineNumber":2,"author":{"gitId":"baihuangfei"},"content":"import java.util.Scanner;","lastModifiedDate":"2021-09-15"},{"lineNumber":3,"author":{"gitId":"baihuangfei"},"content":"import java.util.ArrayList;","lastModifiedDate":"2021-10-24"},{"lineNumber":4,"author":{"gitId":"baihuangfei"},"content":"import java.util.List;","lastModifiedDate":"2021-10-24"},{"lineNumber":5,"author":{"gitId":"baihuangfei"},"content":"import java.io.FileWriter;","lastModifiedDate":"2021-10-25"},{"lineNumber":6,"author":{"gitId":"baihuangfei"},"content":"import java.io.IOException;","lastModifiedDate":"2021-10-25"},{"lineNumber":7,"author":{"gitId":"baihuangfei"},"content":"import java.io.File;","lastModifiedDate":"2021-10-25"},{"lineNumber":8,"author":{"gitId":"baihuangfei"},"content":"import java.io.BufferedWriter;","lastModifiedDate":"2021-10-30"},{"lineNumber":9,"author":{"gitId":"baihuangfei"},"content":"import java.time.LocalDate;","lastModifiedDate":"2021-10-30"},{"lineNumber":10,"author":{"gitId":"baihuangfei"},"content":"import javafx.application.Application;","lastModifiedDate":"2021-11-04"},{"lineNumber":11,"author":{"gitId":"baihuangfei"},"content":"import javafx.scene.Scene;","lastModifiedDate":"2021-11-04"},{"lineNumber":12,"author":{"gitId":"baihuangfei"},"content":"import javafx.scene.control.Label;","lastModifiedDate":"2021-11-04"},{"lineNumber":13,"author":{"gitId":"baihuangfei"},"content":"import javafx.stage.Stage;","lastModifiedDate":"2021-11-04"},{"lineNumber":14,"author":{"gitId":"baihuangfei"},"content":"import javafx.scene.control.Button;","lastModifiedDate":"2021-11-04"},{"lineNumber":15,"author":{"gitId":"baihuangfei"},"content":"import javafx.scene.control.ScrollPane;","lastModifiedDate":"2021-11-04"},{"lineNumber":16,"author":{"gitId":"baihuangfei"},"content":"import javafx.scene.control.TextField;","lastModifiedDate":"2021-11-04"},{"lineNumber":17,"author":{"gitId":"baihuangfei"},"content":"import javafx.scene.layout.AnchorPane;","lastModifiedDate":"2021-11-04"},{"lineNumber":18,"author":{"gitId":"baihuangfei"},"content":"import javafx.scene.layout.VBox;","lastModifiedDate":"2021-11-04"},{"lineNumber":19,"author":{"gitId":"baihuangfei"},"content":"import javafx.scene.layout.Region;","lastModifiedDate":"2021-11-04"},{"lineNumber":20,"author":{"gitId":"baihuangfei"},"content":"import javafx.scene.image.Image;","lastModifiedDate":"2021-11-04"},{"lineNumber":21,"author":{"gitId":"baihuangfei"},"content":"import javafx.scene.image.ImageView;","lastModifiedDate":"2021-11-04"},{"lineNumber":22,"author":{"gitId":"baihuangfei"},"content":"","lastModifiedDate":"2021-10-30"},{"lineNumber":23,"author":{"gitId":"baihuangfei"},"content":"/**","lastModifiedDate":"2021-10-30"},{"lineNumber":24,"author":{"gitId":"baihuangfei"},"content":" * The project aims to build a product named Duke, a Personal Assistant Chatbot that helps a person to keep track of various things.","lastModifiedDate":"2021-10-30"},{"lineNumber":25,"author":{"gitId":"baihuangfei"},"content":" * The name Duke was chosen as a placeholder name, in honor of Duke, the Java Mascot.","lastModifiedDate":"2021-10-30"},{"lineNumber":26,"author":{"gitId":"baihuangfei"},"content":" */","lastModifiedDate":"2021-10-30"},{"lineNumber":27,"author":{"gitId":"baihuangfei"},"content":"","lastModifiedDate":"2021-09-30"},{"lineNumber":28,"author":{"gitId":"baihuangfei"},"content":"public class Duke extends Application{","lastModifiedDate":"2021-11-04"},{"lineNumber":29,"author":{"gitId":"baihuangfei"},"content":"","lastModifiedDate":"2021-11-04"},{"lineNumber":30,"author":{"gitId":"baihuangfei"},"content":"    private ScrollPane scrollPane;","lastModifiedDate":"2021-11-04"},{"lineNumber":31,"author":{"gitId":"baihuangfei"},"content":"    private VBox dialogContainer;","lastModifiedDate":"2021-11-04"},{"lineNumber":32,"author":{"gitId":"baihuangfei"},"content":"    private TextField userInput;","lastModifiedDate":"2021-11-04"},{"lineNumber":33,"author":{"gitId":"baihuangfei"},"content":"","lastModifiedDate":"2021-11-04"},{"lineNumber":34,"author":{"gitId":"baihuangfei"},"content":"    private final Image user \u003d new Image(Objects.requireNonNull(this.getClass().getResourceAsStream(\"/images/DaUser.png\")));","lastModifiedDate":"2021-11-04"},{"lineNumber":35,"author":{"gitId":"baihuangfei"},"content":"    private final Image duke \u003d new Image(Objects.requireNonNull(this.getClass().getResourceAsStream(\"/images/DaDuke.png\")));","lastModifiedDate":"2021-11-04"},{"lineNumber":36,"author":{"gitId":"baihuangfei"},"content":"","lastModifiedDate":"2021-11-04"},{"lineNumber":37,"author":{"gitId":"baihuangfei"},"content":"","lastModifiedDate":"2021-11-04"},{"lineNumber":38,"author":{"gitId":"baihuangfei"},"content":"    @Override","lastModifiedDate":"2021-11-04"},{"lineNumber":39,"author":{"gitId":"baihuangfei"},"content":"    public void start(Stage stage) {","lastModifiedDate":"2021-11-04"},{"lineNumber":40,"author":{"gitId":"baihuangfei"},"content":"","lastModifiedDate":"2021-11-04"},{"lineNumber":41,"author":{"gitId":"baihuangfei"},"content":"        scrollPane \u003d new ScrollPane();","lastModifiedDate":"2021-11-04"},{"lineNumber":42,"author":{"gitId":"baihuangfei"},"content":"        dialogContainer \u003d new VBox();","lastModifiedDate":"2021-11-04"},{"lineNumber":43,"author":{"gitId":"baihuangfei"},"content":"        scrollPane.setContent(dialogContainer);","lastModifiedDate":"2021-11-04"},{"lineNumber":44,"author":{"gitId":"baihuangfei"},"content":"","lastModifiedDate":"2021-11-04"},{"lineNumber":45,"author":{"gitId":"baihuangfei"},"content":"        userInput \u003d new TextField();","lastModifiedDate":"2021-11-04"},{"lineNumber":46,"author":{"gitId":"baihuangfei"},"content":"        Button sendButton \u003d new Button(\"Send\");","lastModifiedDate":"2021-11-04"},{"lineNumber":47,"author":{"gitId":"baihuangfei"},"content":"","lastModifiedDate":"2021-11-04"},{"lineNumber":48,"author":{"gitId":"baihuangfei"},"content":"        AnchorPane mainLayout \u003d new AnchorPane();","lastModifiedDate":"2021-11-04"},{"lineNumber":49,"author":{"gitId":"baihuangfei"},"content":"        mainLayout.getChildren().addAll(scrollPane, userInput, sendButton);","lastModifiedDate":"2021-11-04"},{"lineNumber":50,"author":{"gitId":"baihuangfei"},"content":"","lastModifiedDate":"2021-11-04"},{"lineNumber":51,"author":{"gitId":"baihuangfei"},"content":"        Scene scene \u003d new Scene(mainLayout);","lastModifiedDate":"2021-11-04"},{"lineNumber":52,"author":{"gitId":"baihuangfei"},"content":"","lastModifiedDate":"2021-11-04"},{"lineNumber":53,"author":{"gitId":"baihuangfei"},"content":"        stage.setScene(scene);","lastModifiedDate":"2021-11-04"},{"lineNumber":54,"author":{"gitId":"baihuangfei"},"content":"        stage.show();","lastModifiedDate":"2021-11-04"},{"lineNumber":55,"author":{"gitId":"baihuangfei"},"content":"","lastModifiedDate":"2021-11-04"},{"lineNumber":56,"author":{"gitId":"baihuangfei"},"content":"        stage.setTitle(\"Duke\");","lastModifiedDate":"2021-11-04"},{"lineNumber":57,"author":{"gitId":"baihuangfei"},"content":"        stage.setResizable(false);","lastModifiedDate":"2021-11-04"},{"lineNumber":58,"author":{"gitId":"baihuangfei"},"content":"        stage.setMinHeight(600.0);","lastModifiedDate":"2021-11-04"},{"lineNumber":59,"author":{"gitId":"baihuangfei"},"content":"        stage.setMinWidth(400.0);","lastModifiedDate":"2021-11-04"},{"lineNumber":60,"author":{"gitId":"baihuangfei"},"content":"","lastModifiedDate":"2021-11-04"},{"lineNumber":61,"author":{"gitId":"baihuangfei"},"content":"","lastModifiedDate":"2021-11-04"},{"lineNumber":62,"author":{"gitId":"baihuangfei"},"content":"        mainLayout.setPrefSize(400.0, 600.0);","lastModifiedDate":"2021-11-04"},{"lineNumber":63,"author":{"gitId":"baihuangfei"},"content":"","lastModifiedDate":"2021-11-04"},{"lineNumber":64,"author":{"gitId":"baihuangfei"},"content":"        scrollPane.setPrefSize(385, 535);","lastModifiedDate":"2021-11-04"},{"lineNumber":65,"author":{"gitId":"baihuangfei"},"content":"        scrollPane.setHbarPolicy(ScrollPane.ScrollBarPolicy.NEVER);","lastModifiedDate":"2021-11-04"},{"lineNumber":66,"author":{"gitId":"baihuangfei"},"content":"        scrollPane.setVbarPolicy(ScrollPane.ScrollBarPolicy.ALWAYS);","lastModifiedDate":"2021-11-04"},{"lineNumber":67,"author":{"gitId":"baihuangfei"},"content":"","lastModifiedDate":"2021-11-04"},{"lineNumber":68,"author":{"gitId":"baihuangfei"},"content":"        scrollPane.setVvalue(1.0);","lastModifiedDate":"2021-11-04"},{"lineNumber":69,"author":{"gitId":"baihuangfei"},"content":"        scrollPane.setFitToWidth(true);","lastModifiedDate":"2021-11-04"},{"lineNumber":70,"author":{"gitId":"baihuangfei"},"content":"","lastModifiedDate":"2021-11-04"},{"lineNumber":71,"author":{"gitId":"baihuangfei"},"content":"        dialogContainer.setPrefHeight(Region.USE_COMPUTED_SIZE);","lastModifiedDate":"2021-11-04"},{"lineNumber":72,"author":{"gitId":"baihuangfei"},"content":"","lastModifiedDate":"2021-11-04"},{"lineNumber":73,"author":{"gitId":"baihuangfei"},"content":"        userInput.setPrefWidth(325.0);","lastModifiedDate":"2021-11-04"},{"lineNumber":74,"author":{"gitId":"baihuangfei"},"content":"","lastModifiedDate":"2021-11-04"},{"lineNumber":75,"author":{"gitId":"baihuangfei"},"content":"        sendButton.setPrefWidth(55.0);","lastModifiedDate":"2021-11-04"},{"lineNumber":76,"author":{"gitId":"baihuangfei"},"content":"","lastModifiedDate":"2021-11-04"},{"lineNumber":77,"author":{"gitId":"baihuangfei"},"content":"        AnchorPane.setTopAnchor(scrollPane, 1.0);","lastModifiedDate":"2021-11-04"},{"lineNumber":78,"author":{"gitId":"baihuangfei"},"content":"","lastModifiedDate":"2021-11-04"},{"lineNumber":79,"author":{"gitId":"baihuangfei"},"content":"        AnchorPane.setBottomAnchor(sendButton, 1.0);","lastModifiedDate":"2021-11-04"},{"lineNumber":80,"author":{"gitId":"baihuangfei"},"content":"        AnchorPane.setRightAnchor(sendButton, 1.0);","lastModifiedDate":"2021-11-04"},{"lineNumber":81,"author":{"gitId":"baihuangfei"},"content":"","lastModifiedDate":"2021-11-04"},{"lineNumber":82,"author":{"gitId":"baihuangfei"},"content":"        AnchorPane.setLeftAnchor(userInput , 1.0);","lastModifiedDate":"2021-11-04"},{"lineNumber":83,"author":{"gitId":"baihuangfei"},"content":"        AnchorPane.setBottomAnchor(userInput, 1.0);","lastModifiedDate":"2021-11-04"},{"lineNumber":84,"author":{"gitId":"baihuangfei"},"content":"","lastModifiedDate":"2021-11-04"},{"lineNumber":85,"author":{"gitId":"baihuangfei"},"content":"        sendButton.setOnMouseClicked((event) -\u003e handleUserInput());","lastModifiedDate":"2021-11-04"},{"lineNumber":86,"author":{"gitId":"baihuangfei"},"content":"","lastModifiedDate":"2021-11-04"},{"lineNumber":87,"author":{"gitId":"baihuangfei"},"content":"        userInput.setOnAction((event) -\u003e handleUserInput());","lastModifiedDate":"2021-11-04"},{"lineNumber":88,"author":{"gitId":"baihuangfei"},"content":"","lastModifiedDate":"2021-11-04"},{"lineNumber":89,"author":{"gitId":"baihuangfei"},"content":"","lastModifiedDate":"2021-11-04"},{"lineNumber":90,"author":{"gitId":"baihuangfei"},"content":"        dialogContainer.heightProperty().addListener((observable) -\u003e scrollPane.setVvalue(1.0));","lastModifiedDate":"2021-11-04"},{"lineNumber":91,"author":{"gitId":"baihuangfei"},"content":"","lastModifiedDate":"2021-11-04"},{"lineNumber":92,"author":{"gitId":"baihuangfei"},"content":"    }","lastModifiedDate":"2021-11-04"},{"lineNumber":93,"author":{"gitId":"baihuangfei"},"content":"    /**","lastModifiedDate":"2021-11-04"},{"lineNumber":94,"author":{"gitId":"baihuangfei"},"content":"     * Iteration 1:","lastModifiedDate":"2021-11-04"},{"lineNumber":95,"author":{"gitId":"baihuangfei"},"content":"     * Creates a label with the specified text and adds it to the dialog container.","lastModifiedDate":"2021-11-04"},{"lineNumber":96,"author":{"gitId":"baihuangfei"},"content":"     * @param text String containing text to add","lastModifiedDate":"2021-11-04"},{"lineNumber":97,"author":{"gitId":"baihuangfei"},"content":"     * @return a label with the specified text that has word wrap enabled.","lastModifiedDate":"2021-11-04"},{"lineNumber":98,"author":{"gitId":"baihuangfei"},"content":"     */","lastModifiedDate":"2021-11-04"},{"lineNumber":99,"author":{"gitId":"baihuangfei"},"content":"","lastModifiedDate":"2021-11-04"},{"lineNumber":100,"author":{"gitId":"baihuangfei"},"content":"    private Label getDialogLabel(String text) {","lastModifiedDate":"2021-11-04"},{"lineNumber":101,"author":{"gitId":"baihuangfei"},"content":"        Label textToAdd \u003d new Label(text);","lastModifiedDate":"2021-11-04"},{"lineNumber":102,"author":{"gitId":"baihuangfei"},"content":"        textToAdd.setWrapText(true);","lastModifiedDate":"2021-11-04"},{"lineNumber":103,"author":{"gitId":"baihuangfei"},"content":"","lastModifiedDate":"2021-11-04"},{"lineNumber":104,"author":{"gitId":"baihuangfei"},"content":"        return textToAdd;","lastModifiedDate":"2021-11-04"},{"lineNumber":105,"author":{"gitId":"baihuangfei"},"content":"    }","lastModifiedDate":"2021-11-04"},{"lineNumber":106,"author":{"gitId":"baihuangfei"},"content":"    private void handleUserInput() {","lastModifiedDate":"2021-11-04"},{"lineNumber":107,"author":{"gitId":"baihuangfei"},"content":"        Label userText \u003d new Label(userInput.getText());","lastModifiedDate":"2021-11-04"},{"lineNumber":108,"author":{"gitId":"baihuangfei"},"content":"        Label dukeText \u003d new Label(getResponse(userInput.getText()));","lastModifiedDate":"2021-11-04"},{"lineNumber":109,"author":{"gitId":"baihuangfei"},"content":"        dialogContainer.getChildren().addAll(","lastModifiedDate":"2021-11-04"},{"lineNumber":110,"author":{"gitId":"baihuangfei"},"content":"                DialogBox.getUserDialog(userText, new ImageView(user)),","lastModifiedDate":"2021-11-04"},{"lineNumber":111,"author":{"gitId":"baihuangfei"},"content":"                DialogBox.getDukeDialog(dukeText, new ImageView(duke))","lastModifiedDate":"2021-11-04"},{"lineNumber":112,"author":{"gitId":"baihuangfei"},"content":"        );","lastModifiedDate":"2021-11-04"},{"lineNumber":113,"author":{"gitId":"baihuangfei"},"content":"        userInput.clear();","lastModifiedDate":"2021-11-04"},{"lineNumber":114,"author":{"gitId":"baihuangfei"},"content":"    }","lastModifiedDate":"2021-11-04"},{"lineNumber":115,"author":{"gitId":"baihuangfei"},"content":"","lastModifiedDate":"2021-11-04"},{"lineNumber":116,"author":{"gitId":"baihuangfei"},"content":"    /**","lastModifiedDate":"2021-11-04"},{"lineNumber":117,"author":{"gitId":"baihuangfei"},"content":"     * You should have your own function to generate a response to user input.","lastModifiedDate":"2021-11-04"},{"lineNumber":118,"author":{"gitId":"baihuangfei"},"content":"     * Replace this stub with your completed method.","lastModifiedDate":"2021-11-04"},{"lineNumber":119,"author":{"gitId":"baihuangfei"},"content":"     */","lastModifiedDate":"2021-11-04"},{"lineNumber":120,"author":{"gitId":"baihuangfei"},"content":"    private String getResponse(String input) {","lastModifiedDate":"2021-11-04"},{"lineNumber":121,"author":{"gitId":"baihuangfei"},"content":"        return \"Duke heard: \" + input;","lastModifiedDate":"2021-11-04"},{"lineNumber":122,"author":{"gitId":"baihuangfei"},"content":"    }","lastModifiedDate":"2021-11-04"},{"lineNumber":123,"author":{"gitId":"baihuangfei"},"content":"","lastModifiedDate":"2021-11-04"},{"lineNumber":124,"author":{"gitId":"baihuangfei"},"content":"","lastModifiedDate":"2021-11-04"},{"lineNumber":125,"author":{"gitId":"baihuangfei"},"content":"    public static void main(String[] args) throws IOException {","lastModifiedDate":"2021-10-25"},{"lineNumber":126,"author":{"gitId":"baihuangfei"},"content":"        String logo \u003d \" ____        _\\n\"","lastModifiedDate":"2021-09-30"},{"lineNumber":127,"author":{"gitId":"baihuangfei"},"content":"                + \"|  _ \\\\ _   _| | _____\\n\"","lastModifiedDate":"2021-09-30"},{"lineNumber":128,"author":{"gitId":"-"},"content":"                + \"| | | | | | | |/ / _ \\\\\\n\"","lastModifiedDate":"2021-09-30"},{"lineNumber":129,"author":{"gitId":"-"},"content":"                + \"| |_| | |_| |   \u003c  __/\\n\"","lastModifiedDate":"2021-09-30"},{"lineNumber":130,"author":{"gitId":"-"},"content":"                + \"|____/ \\\\__,_|_|\\\\_\\\\___|\\n\";","lastModifiedDate":"2021-09-30"},{"lineNumber":131,"author":{"gitId":"baihuangfei"},"content":"        System.out.println(\"Hello! I\u0027m Duke\" + \"\\n\" + logo + \"\\n\" + \"How can I help you today?\");","lastModifiedDate":"2021-09-30"},{"lineNumber":132,"author":{"gitId":"baihuangfei"},"content":"","lastModifiedDate":"2021-10-30"},{"lineNumber":133,"author":{"gitId":"baihuangfei"},"content":"        List\u003cTask\u003e list \u003d new ArrayList\u003c\u003e();","lastModifiedDate":"2021-10-24"},{"lineNumber":134,"author":{"gitId":"baihuangfei"},"content":"        boolean isTrue \u003d true;","lastModifiedDate":"2021-10-24"},{"lineNumber":135,"author":{"gitId":"baihuangfei"},"content":"","lastModifiedDate":"2021-09-30"},{"lineNumber":136,"author":{"gitId":"baihuangfei"},"content":"        while (isTrue) {","lastModifiedDate":"2021-10-24"},{"lineNumber":137,"author":{"gitId":"baihuangfei"},"content":"            Scanner sc \u003d new Scanner(System.in);","lastModifiedDate":"2021-09-30"},{"lineNumber":138,"author":{"gitId":"baihuangfei"},"content":"            String[] input \u003d sc.nextLine().split(\" \", 2);","lastModifiedDate":"2021-10-24"},{"lineNumber":139,"author":{"gitId":"baihuangfei"},"content":"            String [] s \u003d new String[2];","lastModifiedDate":"2021-10-25"},{"lineNumber":140,"author":{"gitId":"baihuangfei"},"content":"            try {","lastModifiedDate":"2021-10-24"},{"lineNumber":141,"author":{"gitId":"baihuangfei"},"content":"                switch (input[0]) {","lastModifiedDate":"2021-10-24"},{"lineNumber":142,"author":{"gitId":"baihuangfei"},"content":"","lastModifiedDate":"2021-10-24"},{"lineNumber":143,"author":{"gitId":"baihuangfei"},"content":"                    case \"bye\":","lastModifiedDate":"2021-10-24"},{"lineNumber":144,"author":{"gitId":"baihuangfei"},"content":"                        System.out.println(\"\\tBye. Hope to see you again soon!\");","lastModifiedDate":"2021-10-24"},{"lineNumber":145,"author":{"gitId":"baihuangfei"},"content":"                        isTrue \u003d false;","lastModifiedDate":"2021-10-24"},{"lineNumber":146,"author":{"gitId":"baihuangfei"},"content":"                        break;","lastModifiedDate":"2021-09-15"},{"lineNumber":147,"author":{"gitId":"baihuangfei"},"content":"                    case \"list\":","lastModifiedDate":"2021-10-24"},{"lineNumber":148,"author":{"gitId":"baihuangfei"},"content":"                        if (list.isEmpty()) {","lastModifiedDate":"2021-10-24"},{"lineNumber":149,"author":{"gitId":"baihuangfei"},"content":"                            System.out.println(\"\\tList is empty.\");","lastModifiedDate":"2021-10-24"},{"lineNumber":150,"author":{"gitId":"baihuangfei"},"content":"                            break;","lastModifiedDate":"2021-10-24"},{"lineNumber":151,"author":{"gitId":"baihuangfei"},"content":"                        }","lastModifiedDate":"2021-10-24"},{"lineNumber":152,"author":{"gitId":"baihuangfei"},"content":"                        System.out.println(\"\\tHere are the tasks in your list:\");","lastModifiedDate":"2021-09-30"},{"lineNumber":153,"author":{"gitId":"baihuangfei"},"content":"                        int taskNumber \u003d 1;","lastModifiedDate":"2021-10-24"},{"lineNumber":154,"author":{"gitId":"baihuangfei"},"content":"                        for (Task task : list) {","lastModifiedDate":"2021-10-24"},{"lineNumber":155,"author":{"gitId":"baihuangfei"},"content":"                            System.out.println(\"\\t\" + taskNumber + \". \" + task);","lastModifiedDate":"2021-10-24"},{"lineNumber":156,"author":{"gitId":"baihuangfei"},"content":"                            taskNumber++;","lastModifiedDate":"2021-10-24"},{"lineNumber":157,"author":{"gitId":"baihuangfei"},"content":"                        }","lastModifiedDate":"2021-10-24"},{"lineNumber":158,"author":{"gitId":"baihuangfei"},"content":"                        createFile(\"event\",\"\");","lastModifiedDate":"2021-10-25"},{"lineNumber":159,"author":{"gitId":"baihuangfei"},"content":"                        break;","lastModifiedDate":"2021-10-24"},{"lineNumber":160,"author":{"gitId":"baihuangfei"},"content":"                    case \"done\":","lastModifiedDate":"2021-10-24"},{"lineNumber":161,"author":{"gitId":"baihuangfei"},"content":"                        int doneTaskNumber \u003d Integer.parseInt(input[1]);","lastModifiedDate":"2021-10-24"},{"lineNumber":162,"author":{"gitId":"baihuangfei"},"content":"                        if (doneTaskNumber \u003e list.size()) {","lastModifiedDate":"2021-10-24"},{"lineNumber":163,"author":{"gitId":"baihuangfei"},"content":"                            throw new DukeException(\"☹ OOPS!!! There is no such task.\");","lastModifiedDate":"2021-10-24"},{"lineNumber":164,"author":{"gitId":"baihuangfei"},"content":"                        }","lastModifiedDate":"2021-10-24"},{"lineNumber":165,"author":{"gitId":"baihuangfei"},"content":"                        Task doneTask \u003d list.get(doneTaskNumber - 1);","lastModifiedDate":"2021-10-24"},{"lineNumber":166,"author":{"gitId":"baihuangfei"},"content":"                        doneTask.setDone();","lastModifiedDate":"2021-10-24"},{"lineNumber":167,"author":{"gitId":"baihuangfei"},"content":"                        System.out.println(\"\\tNice! I\u0027ve marked this task as done: \");","lastModifiedDate":"2021-09-30"},{"lineNumber":168,"author":{"gitId":"baihuangfei"},"content":"                        System.out.println(\"\\t\\t\" + list.get(Integer.parseInt(input[1]) - 1));","lastModifiedDate":"2021-10-24"},{"lineNumber":169,"author":{"gitId":"baihuangfei"},"content":"                        break;","lastModifiedDate":"2021-10-24"},{"lineNumber":170,"author":{"gitId":"baihuangfei"},"content":"                    case \"delete\":","lastModifiedDate":"2021-10-24"},{"lineNumber":171,"author":{"gitId":"baihuangfei"},"content":"","lastModifiedDate":"2021-11-04"},{"lineNumber":172,"author":{"gitId":"baihuangfei"},"content":"                        int deletedTaskNumber \u003d Integer.parseInt(input[1]);","lastModifiedDate":"2021-10-24"},{"lineNumber":173,"author":{"gitId":"baihuangfei"},"content":"                        if (deletedTaskNumber \u003e list.size()) {","lastModifiedDate":"2021-10-24"},{"lineNumber":174,"author":{"gitId":"baihuangfei"},"content":"","lastModifiedDate":"2021-11-04"},{"lineNumber":175,"author":{"gitId":"baihuangfei"},"content":"                            throw new DukeException(\"☹ OOPS!!! There is no such task.\");","lastModifiedDate":"2021-10-24"},{"lineNumber":176,"author":{"gitId":"baihuangfei"},"content":"                        }","lastModifiedDate":"2021-10-24"},{"lineNumber":177,"author":{"gitId":"baihuangfei"},"content":"                        Task deletedTask \u003d list.get(deletedTaskNumber - 1);","lastModifiedDate":"2021-10-24"},{"lineNumber":178,"author":{"gitId":"baihuangfei"},"content":"                        list.remove(deletedTaskNumber - 1);","lastModifiedDate":"2021-10-24"},{"lineNumber":179,"author":{"gitId":"baihuangfei"},"content":"                        System.out.println(\"\\tNoted. I\u0027ve removed this task: \");","lastModifiedDate":"2021-10-24"},{"lineNumber":180,"author":{"gitId":"baihuangfei"},"content":"                        System.out.println(\"\\t\\t\" + deletedTask);","lastModifiedDate":"2021-10-24"},{"lineNumber":181,"author":{"gitId":"baihuangfei"},"content":"                        Task.taskDeleted();","lastModifiedDate":"2021-10-24"},{"lineNumber":182,"author":{"gitId":"baihuangfei"},"content":"                        Task.getTotalTasks();","lastModifiedDate":"2021-10-24"},{"lineNumber":183,"author":{"gitId":"baihuangfei"},"content":"                        break;","lastModifiedDate":"2021-10-24"},{"lineNumber":184,"author":{"gitId":"baihuangfei"},"content":"                    case \"todo\":","lastModifiedDate":"2021-10-24"},{"lineNumber":185,"author":{"gitId":"baihuangfei"},"content":"                        if (input.length \u003c 2) {","lastModifiedDate":"2021-10-24"},{"lineNumber":186,"author":{"gitId":"baihuangfei"},"content":"                            throw new DukeException(\"☹ OOPS!!! The description of a todo cannot be empty.\");","lastModifiedDate":"2021-10-24"},{"lineNumber":187,"author":{"gitId":"baihuangfei"},"content":"                        }","lastModifiedDate":"2021-10-24"},{"lineNumber":188,"author":{"gitId":"baihuangfei"},"content":"","lastModifiedDate":"2021-10-30"},{"lineNumber":189,"author":{"gitId":"baihuangfei"},"content":"                        list.add(new Todo(input[1]));","lastModifiedDate":"2021-10-24"},{"lineNumber":190,"author":{"gitId":"baihuangfei"},"content":"                        Task.getTotalTasks();","lastModifiedDate":"2021-10-24"},{"lineNumber":191,"author":{"gitId":"baihuangfei"},"content":"                        createFile(\"todo\", s[1]);","lastModifiedDate":"2021-10-25"},{"lineNumber":192,"author":{"gitId":"baihuangfei"},"content":"                        break;","lastModifiedDate":"2021-10-24"},{"lineNumber":193,"author":{"gitId":"baihuangfei"},"content":"                    case \"deadline\":","lastModifiedDate":"2021-10-24"},{"lineNumber":194,"author":{"gitId":"baihuangfei"},"content":"                        if (input.length \u003c 2) {","lastModifiedDate":"2021-10-24"},{"lineNumber":195,"author":{"gitId":"baihuangfei"},"content":"                            throw new DukeException(\"☹ OOPS!!! The description of a deadline cannot be empty.\");","lastModifiedDate":"2021-10-24"},{"lineNumber":196,"author":{"gitId":"baihuangfei"},"content":"                        }","lastModifiedDate":"2021-10-24"},{"lineNumber":197,"author":{"gitId":"baihuangfei"},"content":"                        String[] by \u003d input[1].split(\"/\");","lastModifiedDate":"2021-10-24"},{"lineNumber":198,"author":{"gitId":"baihuangfei"},"content":"                        if (by.length \u003c 2) {","lastModifiedDate":"2021-10-24"},{"lineNumber":199,"author":{"gitId":"baihuangfei"},"content":"                            throw new DukeException(\"☹ OOPS!!! The date of a deadline cannot be empty.\");","lastModifiedDate":"2021-10-24"},{"lineNumber":200,"author":{"gitId":"baihuangfei"},"content":"                        }","lastModifiedDate":"2021-10-24"},{"lineNumber":201,"author":{"gitId":"baihuangfei"},"content":"                        list.add(new Deadline(by[0], LocalDate.parse(by[1])));","lastModifiedDate":"2021-10-30"},{"lineNumber":202,"author":{"gitId":"baihuangfei"},"content":"                        Task.getTotalTasks();","lastModifiedDate":"2021-10-24"},{"lineNumber":203,"author":{"gitId":"baihuangfei"},"content":"                        createFile(\"deadline\", \"\");","lastModifiedDate":"2021-10-25"},{"lineNumber":204,"author":{"gitId":"baihuangfei"},"content":"","lastModifiedDate":"2021-10-24"},{"lineNumber":205,"author":{"gitId":"baihuangfei"},"content":"                        break;","lastModifiedDate":"2021-10-24"},{"lineNumber":206,"author":{"gitId":"baihuangfei"},"content":"                    case \"event\":","lastModifiedDate":"2021-10-24"},{"lineNumber":207,"author":{"gitId":"baihuangfei"},"content":"                        if (input.length \u003c 2) {","lastModifiedDate":"2021-10-24"},{"lineNumber":208,"author":{"gitId":"baihuangfei"},"content":"                            throw new DukeException(\"☹ OOPS!!! The description of a event cannot be empty.\");","lastModifiedDate":"2021-10-24"},{"lineNumber":209,"author":{"gitId":"baihuangfei"},"content":"                        }","lastModifiedDate":"2021-10-24"},{"lineNumber":210,"author":{"gitId":"baihuangfei"},"content":"                        String[] at \u003d input[1].split(\"/\");","lastModifiedDate":"2021-10-24"},{"lineNumber":211,"author":{"gitId":"baihuangfei"},"content":"                        if (at.length \u003c 2) {","lastModifiedDate":"2021-10-24"},{"lineNumber":212,"author":{"gitId":"baihuangfei"},"content":"                            throw new DukeException(\"☹ OOPS!!! The date of a event cannot be empty.\");","lastModifiedDate":"2021-10-24"},{"lineNumber":213,"author":{"gitId":"baihuangfei"},"content":"                        }","lastModifiedDate":"2021-10-24"},{"lineNumber":214,"author":{"gitId":"baihuangfei"},"content":"                        list.add(new Event(at[0], LocalDate.parse(at[1])));","lastModifiedDate":"2021-10-30"},{"lineNumber":215,"author":{"gitId":"baihuangfei"},"content":"                        Task.getTotalTasks();","lastModifiedDate":"2021-10-24"},{"lineNumber":216,"author":{"gitId":"baihuangfei"},"content":"","lastModifiedDate":"2021-10-24"},{"lineNumber":217,"author":{"gitId":"baihuangfei"},"content":"                        break;","lastModifiedDate":"2021-10-24"},{"lineNumber":218,"author":{"gitId":"baihuangfei"},"content":"                    default:","lastModifiedDate":"2021-10-24"},{"lineNumber":219,"author":{"gitId":"baihuangfei"},"content":"                        throw new DukeException(\"☹ OOPS!!! I\u0027m sorry, but I don\u0027t know what that means :-(\");","lastModifiedDate":"2021-10-24"},{"lineNumber":220,"author":{"gitId":"baihuangfei"},"content":"                }","lastModifiedDate":"2021-09-30"},{"lineNumber":221,"author":{"gitId":"baihuangfei"},"content":"            } catch (DukeException e) {","lastModifiedDate":"2021-10-24"},{"lineNumber":222,"author":{"gitId":"baihuangfei"},"content":"                System.err.println(\"\\t\" + e);","lastModifiedDate":"2021-10-24"},{"lineNumber":223,"author":{"gitId":"baihuangfei"},"content":"","lastModifiedDate":"2021-10-24"},{"lineNumber":224,"author":{"gitId":"baihuangfei"},"content":"            }","lastModifiedDate":"2021-09-30"},{"lineNumber":225,"author":{"gitId":"baihuangfei"},"content":"","lastModifiedDate":"2021-10-24"},{"lineNumber":226,"author":{"gitId":"baihuangfei"},"content":"        }","lastModifiedDate":"2021-10-24"},{"lineNumber":227,"author":{"gitId":"baihuangfei"},"content":"    }","lastModifiedDate":"2021-10-25"},{"lineNumber":228,"author":{"gitId":"baihuangfei"},"content":"        public static void createFile(String command,String task) throws IOException{","lastModifiedDate":"2021-10-25"},{"lineNumber":229,"author":{"gitId":"baihuangfei"},"content":"","lastModifiedDate":"2021-11-04"},{"lineNumber":230,"author":{"gitId":"baihuangfei"},"content":"            String filePath \u003d \"duke.txt\";","lastModifiedDate":"2021-10-25"},{"lineNumber":231,"author":{"gitId":"baihuangfei"},"content":"            File f \u003d new File(filePath);","lastModifiedDate":"2021-10-25"},{"lineNumber":232,"author":{"gitId":"baihuangfei"},"content":"            FileWriter fw \u003d new FileWriter(filePath,true);","lastModifiedDate":"2021-10-30"},{"lineNumber":233,"author":{"gitId":"baihuangfei"},"content":"            BufferedWriter br \u003d new BufferedWriter(fw);","lastModifiedDate":"2021-10-30"},{"lineNumber":234,"author":{"gitId":"baihuangfei"},"content":"            br.write(command+\" || \"+task);","lastModifiedDate":"2021-10-30"},{"lineNumber":235,"author":{"gitId":"baihuangfei"},"content":"            br.newLine();","lastModifiedDate":"2021-10-30"},{"lineNumber":236,"author":{"gitId":"baihuangfei"},"content":"            br.close();","lastModifiedDate":"2021-10-30"},{"lineNumber":237,"author":{"gitId":"baihuangfei"},"content":"","lastModifiedDate":"2021-10-30"},{"lineNumber":238,"author":{"gitId":"baihuangfei"},"content":"            fw.close();","lastModifiedDate":"2021-10-25"},{"lineNumber":239,"author":{"gitId":"baihuangfei"},"content":"            try {","lastModifiedDate":"2021-10-25"},{"lineNumber":240,"author":{"gitId":"baihuangfei"},"content":"                boolean result \u003d f.createNewFile();","lastModifiedDate":"2021-10-25"},{"lineNumber":241,"author":{"gitId":"baihuangfei"},"content":"                Scanner s \u003d new Scanner(f);","lastModifiedDate":"2021-10-25"},{"lineNumber":242,"author":{"gitId":"baihuangfei"},"content":"                System.out.println(\"Load data from file ++++ \");","lastModifiedDate":"2021-10-25"},{"lineNumber":243,"author":{"gitId":"baihuangfei"},"content":"                while(s.hasNext()){","lastModifiedDate":"2021-10-25"},{"lineNumber":244,"author":{"gitId":"baihuangfei"},"content":"                    System.out.println(s.nextLine());","lastModifiedDate":"2021-10-25"},{"lineNumber":245,"author":{"gitId":"baihuangfei"},"content":"                }","lastModifiedDate":"2021-10-25"},{"lineNumber":246,"author":{"gitId":"baihuangfei"},"content":"            } catch (IOException e) {","lastModifiedDate":"2021-10-25"},{"lineNumber":247,"author":{"gitId":"baihuangfei"},"content":"                e.printStackTrace();","lastModifiedDate":"2021-10-25"},{"lineNumber":248,"author":{"gitId":"baihuangfei"},"content":"            }","lastModifiedDate":"2021-10-25"},{"lineNumber":249,"author":{"gitId":"baihuangfei"},"content":"","lastModifiedDate":"2021-10-24"},{"lineNumber":250,"author":{"gitId":"-"},"content":"    }","lastModifiedDate":"2021-09-15"},{"lineNumber":251,"author":{"gitId":"baihuangfei"},"content":"}","lastModifiedDate":"2021-09-15"}],"authorContributionMap":{"-":4,"baihuangfei":247}},{"path":"src/main/java/DukeException.java","fileType":"java","lines":[{"lineNumber":1,"author":{"gitId":"baihuangfei"},"content":"public class DukeException extends IllegalArgumentException{","lastModifiedDate":"2021-10-24"},{"lineNumber":2,"author":{"gitId":"baihuangfei"},"content":"    DukeException(String s) {","lastModifiedDate":"2021-10-24"},{"lineNumber":3,"author":{"gitId":"baihuangfei"},"content":"        super(s);","lastModifiedDate":"2021-10-24"},{"lineNumber":4,"author":{"gitId":"baihuangfei"},"content":"    }","lastModifiedDate":"2021-10-24"},{"lineNumber":5,"author":{"gitId":"baihuangfei"},"content":"}","lastModifiedDate":"2021-10-24"}],"authorContributionMap":{"baihuangfei":5}},{"path":"src/main/java/Event.java","fileType":"java","lines":[{"lineNumber":1,"author":{"gitId":"baihuangfei"},"content":"import java.time.LocalDate;","lastModifiedDate":"2021-10-30"},{"lineNumber":2,"author":{"gitId":"baihuangfei"},"content":"import java.time.format.DateTimeFormatter;","lastModifiedDate":"2021-10-30"},{"lineNumber":3,"author":{"gitId":"baihuangfei"},"content":"","lastModifiedDate":"2021-10-30"},{"lineNumber":4,"author":{"gitId":"baihuangfei"},"content":"/**","lastModifiedDate":"2021-10-30"},{"lineNumber":5,"author":{"gitId":"baihuangfei"},"content":" * Events: tasks that start at a specific time and ends at a specific time e.g., team project meeting on 2/10/2019 2-4pm","lastModifiedDate":"2021-10-30"},{"lineNumber":6,"author":{"gitId":"baihuangfei"},"content":" */","lastModifiedDate":"2021-10-30"},{"lineNumber":7,"author":{"gitId":"baihuangfei"},"content":"public class Event extends Task{","lastModifiedDate":"2021-10-24"},{"lineNumber":8,"author":{"gitId":"baihuangfei"},"content":"","lastModifiedDate":"2021-10-24"},{"lineNumber":9,"author":{"gitId":"baihuangfei"},"content":"    protected LocalDate at;","lastModifiedDate":"2021-10-30"},{"lineNumber":10,"author":{"gitId":"baihuangfei"},"content":"","lastModifiedDate":"2021-10-24"},{"lineNumber":11,"author":{"gitId":"baihuangfei"},"content":"    public Event(String description, LocalDate at) {","lastModifiedDate":"2021-10-30"},{"lineNumber":12,"author":{"gitId":"baihuangfei"},"content":"        super(description);","lastModifiedDate":"2021-10-24"},{"lineNumber":13,"author":{"gitId":"baihuangfei"},"content":"        this.at \u003d at;","lastModifiedDate":"2021-10-24"},{"lineNumber":14,"author":{"gitId":"baihuangfei"},"content":"    }","lastModifiedDate":"2021-10-24"},{"lineNumber":15,"author":{"gitId":"baihuangfei"},"content":"","lastModifiedDate":"2021-10-24"},{"lineNumber":16,"author":{"gitId":"baihuangfei"},"content":"    @Override","lastModifiedDate":"2021-10-24"},{"lineNumber":17,"author":{"gitId":"baihuangfei"},"content":"    public String toString() {","lastModifiedDate":"2021-10-24"},{"lineNumber":18,"author":{"gitId":"baihuangfei"},"content":"","lastModifiedDate":"2021-10-30"},{"lineNumber":19,"author":{"gitId":"baihuangfei"},"content":"        return \"[E]\" + super.toString() + \" (at: \" + at.format(DateTimeFormatter.ofPattern(\"MMM d yyyy\")) + \")\";","lastModifiedDate":"2021-10-30"},{"lineNumber":20,"author":{"gitId":"baihuangfei"},"content":"    }","lastModifiedDate":"2021-10-24"},{"lineNumber":21,"author":{"gitId":"baihuangfei"},"content":"}","lastModifiedDate":"2021-10-24"}],"authorContributionMap":{"baihuangfei":21}},{"path":"src/main/java/Launcher.java","fileType":"java","lines":[{"lineNumber":1,"author":{"gitId":"baihuangfei"},"content":"import javafx.application.Application;","lastModifiedDate":"2021-11-04"},{"lineNumber":2,"author":{"gitId":"baihuangfei"},"content":"","lastModifiedDate":"2021-11-04"},{"lineNumber":3,"author":{"gitId":"baihuangfei"},"content":"/**","lastModifiedDate":"2021-11-04"},{"lineNumber":4,"author":{"gitId":"baihuangfei"},"content":" * A launcher class to workaround classpath issues.","lastModifiedDate":"2021-11-04"},{"lineNumber":5,"author":{"gitId":"baihuangfei"},"content":" */","lastModifiedDate":"2021-11-04"},{"lineNumber":6,"author":{"gitId":"baihuangfei"},"content":"public class Launcher {","lastModifiedDate":"2021-11-04"},{"lineNumber":7,"author":{"gitId":"baihuangfei"},"content":"    public static void main(String[] args) {","lastModifiedDate":"2021-11-04"},{"lineNumber":8,"author":{"gitId":"baihuangfei"},"content":"        Application.launch(Duke.class, args);","lastModifiedDate":"2021-11-04"},{"lineNumber":9,"author":{"gitId":"baihuangfei"},"content":"    }","lastModifiedDate":"2021-11-04"},{"lineNumber":10,"author":{"gitId":"baihuangfei"},"content":"}","lastModifiedDate":"2021-11-04"}],"authorContributionMap":{"baihuangfei":10}},{"path":"src/main/java/Task.java","fileType":"java","lines":[{"lineNumber":1,"author":{"gitId":"baihuangfei"},"content":"public class Task {","lastModifiedDate":"2021-09-30"},{"lineNumber":2,"author":{"gitId":"baihuangfei"},"content":"    protected String description;","lastModifiedDate":"2021-09-30"},{"lineNumber":3,"author":{"gitId":"baihuangfei"},"content":"    protected boolean isDone;","lastModifiedDate":"2021-09-30"},{"lineNumber":4,"author":{"gitId":"baihuangfei"},"content":"    protected static int totalTasks \u003d 0;","lastModifiedDate":"2021-10-24"},{"lineNumber":5,"author":{"gitId":"baihuangfei"},"content":"","lastModifiedDate":"2021-09-30"},{"lineNumber":6,"author":{"gitId":"baihuangfei"},"content":"    public Task(String description) {","lastModifiedDate":"2021-09-30"},{"lineNumber":7,"author":{"gitId":"baihuangfei"},"content":"        this.description \u003d description;","lastModifiedDate":"2021-09-30"},{"lineNumber":8,"author":{"gitId":"baihuangfei"},"content":"        this.isDone \u003d false;","lastModifiedDate":"2021-09-30"},{"lineNumber":9,"author":{"gitId":"baihuangfei"},"content":"        taskAdded();","lastModifiedDate":"2021-10-24"},{"lineNumber":10,"author":{"gitId":"baihuangfei"},"content":"    }","lastModifiedDate":"2021-09-30"},{"lineNumber":11,"author":{"gitId":"baihuangfei"},"content":"","lastModifiedDate":"2021-09-30"},{"lineNumber":12,"author":{"gitId":"baihuangfei"},"content":"    public String getStatusIcon() {","lastModifiedDate":"2021-09-30"},{"lineNumber":13,"author":{"gitId":"baihuangfei"},"content":"","lastModifiedDate":"2021-10-24"},{"lineNumber":14,"author":{"gitId":"baihuangfei"},"content":"        return (isDone ? \"\\u2713\" : \"\\u2718\");","lastModifiedDate":"2021-10-24"},{"lineNumber":15,"author":{"gitId":"baihuangfei"},"content":"","lastModifiedDate":"2021-10-24"},{"lineNumber":16,"author":{"gitId":"baihuangfei"},"content":"    }","lastModifiedDate":"2021-09-30"},{"lineNumber":17,"author":{"gitId":"baihuangfei"},"content":"","lastModifiedDate":"2021-10-24"},{"lineNumber":18,"author":{"gitId":"baihuangfei"},"content":"    public void setDone() {","lastModifiedDate":"2021-09-30"},{"lineNumber":19,"author":{"gitId":"baihuangfei"},"content":"        isDone \u003d true;","lastModifiedDate":"2021-09-30"},{"lineNumber":20,"author":{"gitId":"baihuangfei"},"content":"    }","lastModifiedDate":"2021-09-30"},{"lineNumber":21,"author":{"gitId":"baihuangfei"},"content":"    public static void taskAdded() {","lastModifiedDate":"2021-10-24"},{"lineNumber":22,"author":{"gitId":"baihuangfei"},"content":"        totalTasks++;","lastModifiedDate":"2021-10-24"},{"lineNumber":23,"author":{"gitId":"baihuangfei"},"content":"    }","lastModifiedDate":"2021-10-24"},{"lineNumber":24,"author":{"gitId":"baihuangfei"},"content":"","lastModifiedDate":"2021-10-24"},{"lineNumber":25,"author":{"gitId":"baihuangfei"},"content":"    public static void taskDeleted() {","lastModifiedDate":"2021-10-24"},{"lineNumber":26,"author":{"gitId":"baihuangfei"},"content":"        totalTasks--;","lastModifiedDate":"2021-10-24"},{"lineNumber":27,"author":{"gitId":"baihuangfei"},"content":"    }","lastModifiedDate":"2021-10-24"},{"lineNumber":28,"author":{"gitId":"baihuangfei"},"content":"","lastModifiedDate":"2021-09-30"},{"lineNumber":29,"author":{"gitId":"baihuangfei"},"content":"    public static void getTotalTasks() {","lastModifiedDate":"2021-10-24"},{"lineNumber":30,"author":{"gitId":"baihuangfei"},"content":"        if (totalTasks \u003d\u003d 0) {","lastModifiedDate":"2021-10-24"},{"lineNumber":31,"author":{"gitId":"baihuangfei"},"content":"            System.out.println(\"\\tNow you have no tasks in the list.\");","lastModifiedDate":"2021-10-24"},{"lineNumber":32,"author":{"gitId":"baihuangfei"},"content":"        } else if (totalTasks \u003d\u003d 1) {","lastModifiedDate":"2021-10-24"},{"lineNumber":33,"author":{"gitId":"baihuangfei"},"content":"            System.out.println(String.format(\"\\tNow you have %d task in the list.\", totalTasks));","lastModifiedDate":"2021-10-24"},{"lineNumber":34,"author":{"gitId":"baihuangfei"},"content":"        } else {","lastModifiedDate":"2021-10-24"},{"lineNumber":35,"author":{"gitId":"baihuangfei"},"content":"            System.out.println(String.format(\"\\tNow you have %d tasks in the list.\", totalTasks));","lastModifiedDate":"2021-10-24"},{"lineNumber":36,"author":{"gitId":"baihuangfei"},"content":"        }","lastModifiedDate":"2021-10-24"},{"lineNumber":37,"author":{"gitId":"baihuangfei"},"content":"    }","lastModifiedDate":"2021-10-24"},{"lineNumber":38,"author":{"gitId":"baihuangfei"},"content":"    @Override","lastModifiedDate":"2021-09-30"},{"lineNumber":39,"author":{"gitId":"baihuangfei"},"content":"    public String toString() {","lastModifiedDate":"2021-09-30"},{"lineNumber":40,"author":{"gitId":"baihuangfei"},"content":"","lastModifiedDate":"2021-10-30"},{"lineNumber":41,"author":{"gitId":"baihuangfei"},"content":"        return String.format(\"[%s] %s\", getStatusIcon(), description);","lastModifiedDate":"2021-09-30"},{"lineNumber":42,"author":{"gitId":"baihuangfei"},"content":"    }","lastModifiedDate":"2021-09-30"},{"lineNumber":43,"author":{"gitId":"baihuangfei"},"content":"}","lastModifiedDate":"2021-09-30"}],"authorContributionMap":{"baihuangfei":43}},{"path":"src/main/java/Todo.java","fileType":"java","lines":[{"lineNumber":1,"author":{"gitId":"baihuangfei"},"content":"public class Todo extends Task{","lastModifiedDate":"2021-10-24"},{"lineNumber":2,"author":{"gitId":"baihuangfei"},"content":"    /**","lastModifiedDate":"2021-10-30"},{"lineNumber":3,"author":{"gitId":"baihuangfei"},"content":"     * ToDos: tasks without any date/time attached to it e.g., visit new theme park","lastModifiedDate":"2021-10-30"},{"lineNumber":4,"author":{"gitId":"baihuangfei"},"content":"     * @param description","lastModifiedDate":"2021-10-30"},{"lineNumber":5,"author":{"gitId":"baihuangfei"},"content":"     */","lastModifiedDate":"2021-10-30"},{"lineNumber":6,"author":{"gitId":"baihuangfei"},"content":"    public Todo(String description) {","lastModifiedDate":"2021-10-24"},{"lineNumber":7,"author":{"gitId":"baihuangfei"},"content":"        super(description);","lastModifiedDate":"2021-10-24"},{"lineNumber":8,"author":{"gitId":"baihuangfei"},"content":"    }","lastModifiedDate":"2021-10-24"},{"lineNumber":9,"author":{"gitId":"baihuangfei"},"content":"","lastModifiedDate":"2021-10-24"},{"lineNumber":10,"author":{"gitId":"baihuangfei"},"content":"    @Override","lastModifiedDate":"2021-10-24"},{"lineNumber":11,"author":{"gitId":"baihuangfei"},"content":"    public String toString() {","lastModifiedDate":"2021-10-24"},{"lineNumber":12,"author":{"gitId":"baihuangfei"},"content":"        return \"[T]\" + super.toString();","lastModifiedDate":"2021-10-24"},{"lineNumber":13,"author":{"gitId":"baihuangfei"},"content":"    }","lastModifiedDate":"2021-10-24"},{"lineNumber":14,"author":{"gitId":"baihuangfei"},"content":"}","lastModifiedDate":"2021-10-24"}],"authorContributionMap":{"baihuangfei":14}}]
