{"authorDailyContributionsMap":{"baihuangfei":[{"date":"2021-09-15","commitResults":[{"hash":"bc9d77c0bf404d4525c8f1c49a8326fba425a7bd","messageTitle":"Level 1. Greet, Echo, Exit","messageBody":"","fileTypesAndContributionMap":{"java":{"insertions":17,"deletions":1}}}]},{"date":"2021-09-16","commitResults":[{"hash":"a86bc7405193678e21567641f7219462a3b3b169","messageTitle":"level1","messageBody":"","tags":["Level-1-"],"fileTypesAndContributionMap":{"java":{"insertions":0,"deletions":1}}}]},{"date":"2021-09-30","commitResults":[{"hash":"dfff106ee9b932b645cc911f6788108575996e28","messageTitle":"level 1 rev","messageBody":"","fileTypesAndContributionMap":{"java":{"insertions":53,"deletions":10}}},{"hash":"547570ba547d305a5b1e62f6c55fed77304489b1","messageTitle":"Revert \"level 1 rev\"","messageBody":"This reverts commit dfff106ee9b932b645cc911f6788108575996e28.\n","fileTypesAndContributionMap":{"java":{"insertions":10,"deletions":53}}}]}]},"authorFileTypeContributionMap":{"baihuangfei":{"java":15,"md":0,"fxml":0,"sh":0,"bat":0,"gradle":0,"txt":0}},"authorContributionVariance":{"baihuangfei":298.19437},"authorDisplayNameMap":{"baihuangfei":"BAI ..GFEI"}}
