{"authorDailyContributionsMap":{"baihuangfei":[{"date":"2021-09-15","commitResults":[{"hash":"bc9d77c0bf404d4525c8f1c49a8326fba425a7bd","messageTitle":"Level 1. Greet, Echo, Exit","messageBody":"","fileTypesAndContributionMap":{"java":{"insertions":17,"deletions":1}}}]},{"date":"2021-09-16","commitResults":[{"hash":"a86bc7405193678e21567641f7219462a3b3b169","messageTitle":"level1","messageBody":"","tags":["Level-1-"],"fileTypesAndContributionMap":{"java":{"insertions":0,"deletions":1}}}]},{"date":"2021-09-30","commitResults":[{"hash":"dfff106ee9b932b645cc911f6788108575996e28","messageTitle":"level 1 rev","messageBody":"","fileTypesAndContributionMap":{"java":{"insertions":53,"deletions":10}}},{"hash":"d0d054819429c7a207c2c994c28801b990eeb76c","messageTitle":"no message","messageBody":"","tags":["level-2"],"fileTypesAndContributionMap":{"java":{"insertions":2,"deletions":3}}},{"hash":"bcf5559483df562c25bffa10be761954c3278de5","messageTitle":"level 2","messageBody":"","tags":["level-2-rev"],"fileTypesAndContributionMap":{"java":{"insertions":1,"deletions":0}}},{"hash":"1dae3f8f85ef05841d241585d51aad01fc4741ef","messageTitle":"level 3","messageBody":"","tags":["level-3"],"fileTypesAndContributionMap":{"java":{"insertions":35,"deletions":38}}}]},{"date":"2021-10-24","commitResults":[{"hash":"e471bbbdf91d6487420fa6ed6120feb71b72d284","messageTitle":"no message","messageBody":"","fileTypesAndContributionMap":{"java":{"insertions":0,"deletions":1}}},{"hash":"f57720f063e4ae42a4ab2348e682ec2e28bd5f58","messageTitle":"level 4","messageBody":"","tags":["level-4"],"fileTypesAndContributionMap":{"java":{"insertions":76,"deletions":10}}},{"hash":"91edefba27a231f6edb437116f9721674dcc1e2c","messageTitle":"level 5 - handle errors","messageBody":"","tags":["level-5"],"fileTypesAndContributionMap":{"java":{"insertions":71,"deletions":35}}},{"hash":"8d3e039c4df9bd1ea16bc378d1464e00403fdd16","messageTitle":"level 6","messageBody":"","tags":["level-6"],"fileTypesAndContributionMap":{"java":{"insertions":46,"deletions":16}}}]},{"date":"2021-10-25","commitResults":[{"hash":"2de2e4d95cc4ac96008b8f696846dbc9f3d68290","messageTitle":"level 7","messageBody":"","tags":["level-7"],"fileTypesAndContributionMap":{"txt":{"insertions":1,"deletions":0},"java":{"insertions":28,"deletions":6}}}]},{"date":"2021-10-30","commitResults":[{"hash":"53a2d6cedaf728e92a837eaee2c32fdb78101078","messageTitle":"level 8","messageBody":"","tags":["level-8"],"fileTypesAndContributionMap":{"java":{"insertions":26,"deletions":14}}},{"hash":"d4425c0ba73909538079b8b674c6a68298ccbd52","messageTitle":"A-JavaDoc","messageBody":"","tags":["A-JavaDoc"],"fileTypesAndContributionMap":{"java":{"insertions":29,"deletions":3}}},{"hash":"d4b9a6016cf06062adb5fa747e662d75e0648e36","messageTitle":"no message","messageBody":"","fileTypesAndContributionMap":{"java":{"insertions":2,"deletions":3}}},{"hash":"699fbd8f7b2b7d4bf4fcd8e2beedea14b46d52cc","messageTitle":"A-Gradle","messageBody":"","tags":["A-Gradle"],"fileTypesAndContributionMap":{"gradle":{"insertions":20,"deletions":0},"bat":{"insertions":89,"deletions":0}}}]},{"date":"2021-11-04","commitResults":[{"hash":"a6ccd5fa25106b55d824e3a38eb6d782a070ebeb","messageTitle":"no message","messageBody":"","fileTypesAndContributionMap":{"java":{"insertions":3,"deletions":13}}},{"hash":"55d9085fb51d92668f80eb903f67f2c5a9506b25","messageTitle":"A-Gradle","messageBody":"","fileTypesAndContributionMap":{"java":{"insertions":1,"deletions":0}}},{"hash":"1b928dcb10edd3fb8f754e03753a16e301aff29d","messageTitle":"GUI","messageBody":"","tags":["Level-10"],"fileTypesAndContributionMap":{"gradle":{"insertions":21,"deletions":0},"java":{"insertions":182,"deletions":1}}}]}]},"authorFileTypeContributionMap":{"baihuangfei":{"java":423,"md":0,"fxml":0,"sh":0,"bat":89,"gradle":41,"txt":1}},"authorContributionVariance":{"baihuangfei":1838.7557},"authorDisplayNameMap":{"baihuangfei":"BAI ..GFEI"}}
