[{"path":"README.md","fileType":"md","lines":[{"lineNumber":1,"author":{"gitId":"StanleyLG"},"content":"# Duke.Duke project template","lastModifiedDate":"2021-10-16"},{"lineNumber":2,"author":{"gitId":"-"},"content":"","lastModifiedDate":"2020-05-25"},{"lineNumber":3,"author":{"gitId":"-"},"content":"This is a project template for a greenfield Java project. It\u0027s named after the Java mascot _Duke_. Given below are instructions on how to use it.","lastModifiedDate":"2020-05-25"},{"lineNumber":4,"author":{"gitId":"-"},"content":"","lastModifiedDate":"2020-05-25"},{"lineNumber":5,"author":{"gitId":"-"},"content":"## Setting up in Intellij","lastModifiedDate":"2020-05-25"},{"lineNumber":6,"author":{"gitId":"-"},"content":"","lastModifiedDate":"2020-05-25"},{"lineNumber":7,"author":{"gitId":"-"},"content":"Prerequisites: JDK 11, update Intellij to the most recent version.","lastModifiedDate":"2020-05-25"},{"lineNumber":8,"author":{"gitId":"-"},"content":"","lastModifiedDate":"2020-05-25"},{"lineNumber":9,"author":{"gitId":"-"},"content":"1. Open Intellij (if you are not in the welcome screen, click `File` \u003e `Close Project` to close the existing project first)","lastModifiedDate":"2021-01-17"},{"lineNumber":10,"author":{"gitId":"-"},"content":"1. Open the project into Intellij as follows:","lastModifiedDate":"2021-01-17"},{"lineNumber":11,"author":{"gitId":"-"},"content":"   1. Click `Open`.","lastModifiedDate":"2021-01-17"},{"lineNumber":12,"author":{"gitId":"-"},"content":"   1. Select the project directory, and click `OK`.","lastModifiedDate":"2021-01-17"},{"lineNumber":13,"author":{"gitId":"-"},"content":"   1. If there are any further prompts, accept the defaults.","lastModifiedDate":"2020-05-25"},{"lineNumber":14,"author":{"gitId":"-"},"content":"1. Configure the project to use **JDK 11** (not other versions) as explained in [here](https://www.jetbrains.com/help/idea/sdk.html#set-up-jdk).\u003cbr\u003e","lastModifiedDate":"2021-07-29"},{"lineNumber":15,"author":{"gitId":"-"},"content":"   In the same dialog, set the **Project language level** field to the `SDK default` option.","lastModifiedDate":"2021-07-29"},{"lineNumber":16,"author":{"gitId":"StanleyLG"},"content":"3. After that, locate the `src/main/java/Duke.Duke.java` file, right-click it, and choose `Run Duke.Duke.main()` (if the code editor is showing compile errors, try restarting the IDE). If the setup is correct, you should see something like the below as the output:","lastModifiedDate":"2021-10-16"},{"lineNumber":17,"author":{"gitId":"-"},"content":"   ```","lastModifiedDate":"2020-05-25"},{"lineNumber":18,"author":{"gitId":"-"},"content":"   Hello from","lastModifiedDate":"2020-05-25"},{"lineNumber":19,"author":{"gitId":"-"},"content":"    ____        _        ","lastModifiedDate":"2020-05-25"},{"lineNumber":20,"author":{"gitId":"-"},"content":"   |  _ \\ _   _| | _____ ","lastModifiedDate":"2020-05-25"},{"lineNumber":21,"author":{"gitId":"-"},"content":"   | | | | | | | |/ / _ \\","lastModifiedDate":"2020-05-25"},{"lineNumber":22,"author":{"gitId":"-"},"content":"   | |_| | |_| |   \u003c  __/","lastModifiedDate":"2020-05-25"},{"lineNumber":23,"author":{"gitId":"-"},"content":"   |____/ \\__,_|_|\\_\\___|","lastModifiedDate":"2020-05-25"},{"lineNumber":24,"author":{"gitId":"-"},"content":"   ```","lastModifiedDate":"2020-05-25"}],"authorContributionMap":{"StanleyLG":2,"-":22}},{"path":"src/main/java/Duke/Duke.java","fileType":"java","lines":[{"lineNumber":1,"author":{"gitId":"StanleyLG"},"content":"package Duke;","lastModifiedDate":"2021-10-16"},{"lineNumber":2,"author":{"gitId":"StanleyLG"},"content":"","lastModifiedDate":"2021-10-03"},{"lineNumber":3,"author":{"gitId":"StanleyLG"},"content":"import Exception_Handler.*;","lastModifiedDate":"2021-10-16"},{"lineNumber":4,"author":{"gitId":"StanleyLG"},"content":"import TaskList.*;","lastModifiedDate":"2021-10-16"},{"lineNumber":5,"author":{"gitId":"StanleyLG"},"content":"import UI.*;","lastModifiedDate":"2021-10-16"},{"lineNumber":6,"author":{"gitId":"StanleyLG"},"content":"import Storage.*;","lastModifiedDate":"2021-10-16"},{"lineNumber":7,"author":{"gitId":"StanleyLG"},"content":"import java.util.Scanner;","lastModifiedDate":"2021-08-28"},{"lineNumber":8,"author":{"gitId":"StanleyLG"},"content":"import java.io.*;","lastModifiedDate":"2021-10-16"},{"lineNumber":9,"author":{"gitId":"-"},"content":"public class Duke {","lastModifiedDate":"2019-07-29"},{"lineNumber":10,"author":{"gitId":"StanleyLG"},"content":"    private Storage storage;","lastModifiedDate":"2021-10-16"},{"lineNumber":11,"author":{"gitId":"StanleyLG"},"content":"    private TaskList tasks;","lastModifiedDate":"2021-10-16"},{"lineNumber":12,"author":{"gitId":"StanleyLG"},"content":"    private UI ui;","lastModifiedDate":"2021-10-16"},{"lineNumber":13,"author":{"gitId":"StanleyLG"},"content":"    private static TaskList taskList \u003d new TaskList();","lastModifiedDate":"2021-10-03"},{"lineNumber":14,"author":{"gitId":"StanleyLG"},"content":"    private static ReturnMessages returnMessage \u003d new ReturnMessages();","lastModifiedDate":"2021-10-16"},{"lineNumber":15,"author":{"gitId":"StanleyLG"},"content":"    public static void addCommand(String command) throws UnknownSyntaxException, EmptyDescriptionException, TimeManagementException {","lastModifiedDate":"2021-10-02"},{"lineNumber":16,"author":{"gitId":"StanleyLG"},"content":"        String keyword;","lastModifiedDate":"2021-10-02"},{"lineNumber":17,"author":{"gitId":"StanleyLG"},"content":"        String detail;","lastModifiedDate":"2021-10-02"},{"lineNumber":18,"author":{"gitId":"StanleyLG"},"content":"        Task temp_task;","lastModifiedDate":"2021-10-03"},{"lineNumber":19,"author":{"gitId":"StanleyLG"},"content":"        try {","lastModifiedDate":"2021-10-02"},{"lineNumber":20,"author":{"gitId":"StanleyLG"},"content":"            String[] toWords \u003d command.split(\" \", 2);","lastModifiedDate":"2021-09-11"},{"lineNumber":21,"author":{"gitId":"StanleyLG"},"content":"            keyword \u003d toWords[0];","lastModifiedDate":"2021-10-02"},{"lineNumber":22,"author":{"gitId":"StanleyLG"},"content":"            detail \u003d toWords[1];","lastModifiedDate":"2021-10-02"},{"lineNumber":23,"author":{"gitId":"StanleyLG"},"content":"        }","lastModifiedDate":"2021-10-02"},{"lineNumber":24,"author":{"gitId":"StanleyLG"},"content":"        catch(ArrayIndexOutOfBoundsException aio) {","lastModifiedDate":"2021-10-02"},{"lineNumber":25,"author":{"gitId":"StanleyLG"},"content":"            if(command.contains(\"todo\") || command.contains(\"deadline\") || command.contains(\"event\")){","lastModifiedDate":"2021-10-02"},{"lineNumber":26,"author":{"gitId":"StanleyLG"},"content":"                throw new EmptyDescriptionException();","lastModifiedDate":"2021-10-02"},{"lineNumber":27,"author":{"gitId":"StanleyLG"},"content":"            }","lastModifiedDate":"2021-10-02"},{"lineNumber":28,"author":{"gitId":"StanleyLG"},"content":"            else {","lastModifiedDate":"2021-10-02"},{"lineNumber":29,"author":{"gitId":"StanleyLG"},"content":"                throw new UnknownSyntaxException();","lastModifiedDate":"2021-10-02"},{"lineNumber":30,"author":{"gitId":"StanleyLG"},"content":"            }","lastModifiedDate":"2021-10-02"},{"lineNumber":31,"author":{"gitId":"StanleyLG"},"content":"        }","lastModifiedDate":"2021-10-02"},{"lineNumber":32,"author":{"gitId":"StanleyLG"},"content":"        try{","lastModifiedDate":"2021-10-02"},{"lineNumber":33,"author":{"gitId":"StanleyLG"},"content":"            switch (keyword) {","lastModifiedDate":"2021-09-11"},{"lineNumber":34,"author":{"gitId":"StanleyLG"},"content":"                case \"todo\":","lastModifiedDate":"2021-09-11"},{"lineNumber":35,"author":{"gitId":"StanleyLG"},"content":"                    temp_task \u003d new ToDos(detail, detail);","lastModifiedDate":"2021-10-03"},{"lineNumber":36,"author":{"gitId":"StanleyLG"},"content":"                    break;","lastModifiedDate":"2021-09-11"},{"lineNumber":37,"author":{"gitId":"StanleyLG"},"content":"                case \"deadline\":","lastModifiedDate":"2021-09-11"},{"lineNumber":38,"author":{"gitId":"StanleyLG"},"content":"                    String[] dl \u003d detail.split(\"/by\", 2);","lastModifiedDate":"2021-10-02"},{"lineNumber":39,"author":{"gitId":"StanleyLG"},"content":"                    temp_task \u003d new Deadline(dl[0], dl[1]);","lastModifiedDate":"2021-10-03"},{"lineNumber":40,"author":{"gitId":"StanleyLG"},"content":"                    break;","lastModifiedDate":"2021-09-11"},{"lineNumber":41,"author":{"gitId":"StanleyLG"},"content":"                case \"event\":","lastModifiedDate":"2021-10-02"},{"lineNumber":42,"author":{"gitId":"StanleyLG"},"content":"                    String[] dt \u003d detail.split(\"/at\", 2);","lastModifiedDate":"2021-10-02"},{"lineNumber":43,"author":{"gitId":"StanleyLG"},"content":"                    temp_task \u003d new Events(dt[0], dt[1]);","lastModifiedDate":"2021-10-03"},{"lineNumber":44,"author":{"gitId":"StanleyLG"},"content":"                    break;","lastModifiedDate":"2021-09-11"},{"lineNumber":45,"author":{"gitId":"StanleyLG"},"content":"                default:","lastModifiedDate":"2021-09-11"},{"lineNumber":46,"author":{"gitId":"StanleyLG"},"content":"                    throw new UnknownSyntaxException();","lastModifiedDate":"2021-10-02"},{"lineNumber":47,"author":{"gitId":"StanleyLG"},"content":"            }","lastModifiedDate":"2021-09-11"},{"lineNumber":48,"author":{"gitId":"StanleyLG"},"content":"        }","lastModifiedDate":"2021-09-11"},{"lineNumber":49,"author":{"gitId":"StanleyLG"},"content":"        catch(IndexOutOfBoundsException e){","lastModifiedDate":"2021-10-02"},{"lineNumber":50,"author":{"gitId":"StanleyLG"},"content":"            if(command.contains(\"deadline\") || command.contains(\"event\")){","lastModifiedDate":"2021-10-02"},{"lineNumber":51,"author":{"gitId":"StanleyLG"},"content":"                throw new TimeManagementException();","lastModifiedDate":"2021-10-02"},{"lineNumber":52,"author":{"gitId":"StanleyLG"},"content":"            }","lastModifiedDate":"2021-09-11"},{"lineNumber":53,"author":{"gitId":"StanleyLG"},"content":"            throw new UnknownSyntaxException();","lastModifiedDate":"2021-10-02"},{"lineNumber":54,"author":{"gitId":"StanleyLG"},"content":"        }","lastModifiedDate":"2021-09-11"},{"lineNumber":55,"author":{"gitId":"StanleyLG"},"content":"        taskList.addTask(temp_task);","lastModifiedDate":"2021-10-03"},{"lineNumber":56,"author":{"gitId":"StanleyLG"},"content":"    }","lastModifiedDate":"2021-08-28"},{"lineNumber":57,"author":{"gitId":"StanleyLG"},"content":"","lastModifiedDate":"2021-09-11"},{"lineNumber":58,"author":{"gitId":"StanleyLG"},"content":"    public static void reply(String command) throws EmptyTaskListException, UnknownSyntaxException, TaskNotFoundException {","lastModifiedDate":"2021-10-02"},{"lineNumber":59,"author":{"gitId":"StanleyLG"},"content":"        if(command.contains(\"done\")){","lastModifiedDate":"2021-09-02"},{"lineNumber":60,"author":{"gitId":"StanleyLG"},"content":"            try {","lastModifiedDate":"2021-10-02"},{"lineNumber":61,"author":{"gitId":"StanleyLG"},"content":"                String[] doneCmd \u003d command.split(\" \");","lastModifiedDate":"2021-09-02"},{"lineNumber":62,"author":{"gitId":"StanleyLG"},"content":"                taskList.getTask(Integer.parseInt(doneCmd[1]) - 1).setDone();","lastModifiedDate":"2021-10-03"},{"lineNumber":63,"author":{"gitId":"StanleyLG"},"content":"                //taskList[Integer.parseInt(doneCmd[1]) - 1].setDone();","lastModifiedDate":"2021-10-03"},{"lineNumber":64,"author":{"gitId":"StanleyLG"},"content":"                returnMessage.taskDoneFeedback();","lastModifiedDate":"2021-10-16"},{"lineNumber":65,"author":{"gitId":"StanleyLG"},"content":"                System.out.println(\"     \" + taskList.getTask(Integer.parseInt(doneCmd[1]) - 1).toString());","lastModifiedDate":"2021-10-03"},{"lineNumber":66,"author":{"gitId":"StanleyLG"},"content":"                returnMessage.separator();","lastModifiedDate":"2021-10-16"},{"lineNumber":67,"author":{"gitId":"StanleyLG"},"content":"                return;","lastModifiedDate":"2021-09-02"},{"lineNumber":68,"author":{"gitId":"StanleyLG"},"content":"            }","lastModifiedDate":"2021-09-02"},{"lineNumber":69,"author":{"gitId":"StanleyLG"},"content":"            catch(NumberFormatException nf){","lastModifiedDate":"2021-10-02"},{"lineNumber":70,"author":{"gitId":"StanleyLG"},"content":"                throw new TaskNotFoundException();","lastModifiedDate":"2021-10-02"},{"lineNumber":71,"author":{"gitId":"StanleyLG"},"content":"            }","lastModifiedDate":"2021-10-02"},{"lineNumber":72,"author":{"gitId":"StanleyLG"},"content":"        }","lastModifiedDate":"2021-10-02"},{"lineNumber":73,"author":{"gitId":"StanleyLG"},"content":"        returnMessage.taskAddFeedback();","lastModifiedDate":"2021-10-16"},{"lineNumber":74,"author":{"gitId":"StanleyLG"},"content":"        try {","lastModifiedDate":"2021-10-02"},{"lineNumber":75,"author":{"gitId":"StanleyLG"},"content":"            System.out.println(\"     \" + taskList.getLastTask().toString());","lastModifiedDate":"2021-10-03"},{"lineNumber":76,"author":{"gitId":"StanleyLG"},"content":"            System.out.println(\"     Now you have \" + taskList.getListSize() + \" tasks in the list.\");","lastModifiedDate":"2021-10-03"},{"lineNumber":77,"author":{"gitId":"StanleyLG"},"content":"            returnMessage.separator();","lastModifiedDate":"2021-10-16"},{"lineNumber":78,"author":{"gitId":"StanleyLG"},"content":"        }","lastModifiedDate":"2021-08-28"},{"lineNumber":79,"author":{"gitId":"StanleyLG"},"content":"        catch(ArrayIndexOutOfBoundsException a){","lastModifiedDate":"2021-10-02"},{"lineNumber":80,"author":{"gitId":"StanleyLG"},"content":"            throw new EmptyTaskListException();","lastModifiedDate":"2021-10-02"},{"lineNumber":81,"author":{"gitId":"StanleyLG"},"content":"        }","lastModifiedDate":"2021-10-02"},{"lineNumber":82,"author":{"gitId":"StanleyLG"},"content":"    }","lastModifiedDate":"2021-10-02"},{"lineNumber":83,"author":{"gitId":"StanleyLG"},"content":"","lastModifiedDate":"2021-08-28"},{"lineNumber":84,"author":{"gitId":"StanleyLG"},"content":"    public Duke(String fileName) throws DukeException, FileNotFoundException, IOException {","lastModifiedDate":"2021-10-16"},{"lineNumber":85,"author":{"gitId":"StanleyLG"},"content":"        ui \u003d new UI();","lastModifiedDate":"2021-10-16"},{"lineNumber":86,"author":{"gitId":"StanleyLG"},"content":"        storage \u003d new Storage(fileName);","lastModifiedDate":"2021-10-16"},{"lineNumber":87,"author":{"gitId":"StanleyLG"},"content":"        tasks \u003d new TaskList();","lastModifiedDate":"2021-10-16"},{"lineNumber":88,"author":{"gitId":"StanleyLG"},"content":"        storage.load(tasks);","lastModifiedDate":"2021-10-16"},{"lineNumber":89,"author":{"gitId":"StanleyLG"},"content":"    }","lastModifiedDate":"2021-10-16"},{"lineNumber":90,"author":{"gitId":"-"},"content":"    public static void main(String[] args) {","lastModifiedDate":"2019-07-29"},{"lineNumber":91,"author":{"gitId":"StanleyLG"},"content":"        /*String logo \u003d \" ____        _        \\n\"","lastModifiedDate":"2021-10-16"},{"lineNumber":92,"author":{"gitId":"-"},"content":"                + \"|  _ \\\\ _   _| | _____ \\n\"","lastModifiedDate":"2019-07-29"},{"lineNumber":93,"author":{"gitId":"-"},"content":"                + \"| | | | | | | |/ / _ \\\\\\n\"","lastModifiedDate":"2019-07-29"},{"lineNumber":94,"author":{"gitId":"-"},"content":"                + \"| |_| | |_| |   \u003c  __/\\n\"","lastModifiedDate":"2019-07-29"},{"lineNumber":95,"author":{"gitId":"-"},"content":"                + \"|____/ \\\\__,_|_|\\\\_\\\\___|\\n\";","lastModifiedDate":"2019-07-29"},{"lineNumber":96,"author":{"gitId":"StanleyLG"},"content":"        System.out.println(\"Hello from\\n\" + logo);*/","lastModifiedDate":"2021-10-16"},{"lineNumber":97,"author":{"gitId":"StanleyLG"},"content":"        boolean end \u003d false;","lastModifiedDate":"2021-08-28"},{"lineNumber":98,"author":{"gitId":"StanleyLG"},"content":"        String command;","lastModifiedDate":"2021-08-28"},{"lineNumber":99,"author":{"gitId":"StanleyLG"},"content":"        Scanner in \u003d new Scanner(System.in);","lastModifiedDate":"2021-08-28"},{"lineNumber":100,"author":{"gitId":"StanleyLG"},"content":"        returnMessage.welcomeFeedback();","lastModifiedDate":"2021-10-16"},{"lineNumber":101,"author":{"gitId":"StanleyLG"},"content":"        command \u003d in.nextLine();","lastModifiedDate":"2021-08-28"},{"lineNumber":102,"author":{"gitId":"StanleyLG"},"content":"","lastModifiedDate":"2021-09-11"},{"lineNumber":103,"author":{"gitId":"StanleyLG"},"content":"        while(!end){","lastModifiedDate":"2021-08-28"},{"lineNumber":104,"author":{"gitId":"StanleyLG"},"content":"            if(command.equals(\"bye\")){","lastModifiedDate":"2021-08-28"},{"lineNumber":105,"author":{"gitId":"StanleyLG"},"content":"                end \u003d true;","lastModifiedDate":"2021-08-28"},{"lineNumber":106,"author":{"gitId":"StanleyLG"},"content":"            }","lastModifiedDate":"2021-08-28"},{"lineNumber":107,"author":{"gitId":"StanleyLG"},"content":"            else if(command.equals(\"list\")){","lastModifiedDate":"2021-08-28"},{"lineNumber":108,"author":{"gitId":"StanleyLG"},"content":"                try {","lastModifiedDate":"2021-10-02"},{"lineNumber":109,"author":{"gitId":"StanleyLG"},"content":"                    taskList.printTaskList();","lastModifiedDate":"2021-10-03"},{"lineNumber":110,"author":{"gitId":"StanleyLG"},"content":"                }","lastModifiedDate":"2021-10-02"},{"lineNumber":111,"author":{"gitId":"StanleyLG"},"content":"                catch(EmptyTaskListException etl){","lastModifiedDate":"2021-10-02"},{"lineNumber":112,"author":{"gitId":"StanleyLG"},"content":"                    returnMessage.exception_feedback_emptyTaskList();","lastModifiedDate":"2021-10-16"},{"lineNumber":113,"author":{"gitId":"StanleyLG"},"content":"                }","lastModifiedDate":"2021-10-02"},{"lineNumber":114,"author":{"gitId":"StanleyLG"},"content":"                command \u003d in.nextLine();","lastModifiedDate":"2021-08-28"},{"lineNumber":115,"author":{"gitId":"StanleyLG"},"content":"            }","lastModifiedDate":"2021-08-28"},{"lineNumber":116,"author":{"gitId":"StanleyLG"},"content":"            else if(command.contains(\"done\")){","lastModifiedDate":"2021-09-11"},{"lineNumber":117,"author":{"gitId":"StanleyLG"},"content":"                try {","lastModifiedDate":"2021-10-02"},{"lineNumber":118,"author":{"gitId":"StanleyLG"},"content":"                    reply(command);","lastModifiedDate":"2021-08-28"},{"lineNumber":119,"author":{"gitId":"StanleyLG"},"content":"                }","lastModifiedDate":"2021-10-02"},{"lineNumber":120,"author":{"gitId":"StanleyLG"},"content":"                catch(EmptyTaskListException etl){","lastModifiedDate":"2021-10-02"},{"lineNumber":121,"author":{"gitId":"StanleyLG"},"content":"                    returnMessage.exception_feedback_emptyTaskList();","lastModifiedDate":"2021-10-16"},{"lineNumber":122,"author":{"gitId":"StanleyLG"},"content":"                }","lastModifiedDate":"2021-10-02"},{"lineNumber":123,"author":{"gitId":"StanleyLG"},"content":"                catch(UnknownSyntaxException us){","lastModifiedDate":"2021-10-02"},{"lineNumber":124,"author":{"gitId":"StanleyLG"},"content":"                    returnMessage.exception_feedback_unknownSyntax(command);","lastModifiedDate":"2021-10-16"},{"lineNumber":125,"author":{"gitId":"StanleyLG"},"content":"                }","lastModifiedDate":"2021-10-02"},{"lineNumber":126,"author":{"gitId":"StanleyLG"},"content":"                catch(TaskNotFoundException tnf){","lastModifiedDate":"2021-10-02"},{"lineNumber":127,"author":{"gitId":"StanleyLG"},"content":"                    returnMessage.exception_feedback_taskNotFound(command.split(\" \", 2)[1]);","lastModifiedDate":"2021-10-16"},{"lineNumber":128,"author":{"gitId":"StanleyLG"},"content":"                }","lastModifiedDate":"2021-10-02"},{"lineNumber":129,"author":{"gitId":"StanleyLG"},"content":"                command \u003d in.nextLine();","lastModifiedDate":"2021-09-11"},{"lineNumber":130,"author":{"gitId":"StanleyLG"},"content":"            }","lastModifiedDate":"2021-09-02"},{"lineNumber":131,"author":{"gitId":"StanleyLG"},"content":"            else if(command.contains(\"delete\")){","lastModifiedDate":"2021-10-03"},{"lineNumber":132,"author":{"gitId":"StanleyLG"},"content":"                try{","lastModifiedDate":"2021-10-03"},{"lineNumber":133,"author":{"gitId":"StanleyLG"},"content":"                    taskList.deleteTask(Integer.parseInt(command.split(\" \", 2)[1]));","lastModifiedDate":"2021-10-03"},{"lineNumber":134,"author":{"gitId":"StanleyLG"},"content":"                }","lastModifiedDate":"2021-10-03"},{"lineNumber":135,"author":{"gitId":"StanleyLG"},"content":"                catch(TaskNotFoundException tnf){","lastModifiedDate":"2021-10-03"},{"lineNumber":136,"author":{"gitId":"StanleyLG"},"content":"                    returnMessage.exception_feedback_taskNotFound(command.split(\" \", 2)[1]);","lastModifiedDate":"2021-10-16"},{"lineNumber":137,"author":{"gitId":"StanleyLG"},"content":"                }","lastModifiedDate":"2021-10-03"},{"lineNumber":138,"author":{"gitId":"StanleyLG"},"content":"                catch(NumberFormatException e){","lastModifiedDate":"2021-10-03"},{"lineNumber":139,"author":{"gitId":"StanleyLG"},"content":"                    returnMessage.exception_feedback_unknownSyntax(command);","lastModifiedDate":"2021-10-16"},{"lineNumber":140,"author":{"gitId":"StanleyLG"},"content":"                }","lastModifiedDate":"2021-10-03"},{"lineNumber":141,"author":{"gitId":"StanleyLG"},"content":"                catch(EmptyTaskListException etl){","lastModifiedDate":"2021-10-03"},{"lineNumber":142,"author":{"gitId":"StanleyLG"},"content":"                    returnMessage.exception_feedback_emptyTaskList();","lastModifiedDate":"2021-10-16"},{"lineNumber":143,"author":{"gitId":"StanleyLG"},"content":"                }","lastModifiedDate":"2021-10-03"},{"lineNumber":144,"author":{"gitId":"StanleyLG"},"content":"                command \u003d in.nextLine();","lastModifiedDate":"2021-10-03"},{"lineNumber":145,"author":{"gitId":"StanleyLG"},"content":"            }","lastModifiedDate":"2021-10-03"},{"lineNumber":146,"author":{"gitId":"StanleyLG"},"content":"            else{","lastModifiedDate":"2021-09-11"},{"lineNumber":147,"author":{"gitId":"StanleyLG"},"content":"                boolean success \u003d true;","lastModifiedDate":"2021-10-02"},{"lineNumber":148,"author":{"gitId":"StanleyLG"},"content":"                try {","lastModifiedDate":"2021-10-02"},{"lineNumber":149,"author":{"gitId":"StanleyLG"},"content":"                    addCommand(command);","lastModifiedDate":"2021-09-11"},{"lineNumber":150,"author":{"gitId":"StanleyLG"},"content":"                }","lastModifiedDate":"2021-10-02"},{"lineNumber":151,"author":{"gitId":"StanleyLG"},"content":"                catch(UnknownSyntaxException us){","lastModifiedDate":"2021-10-02"},{"lineNumber":152,"author":{"gitId":"StanleyLG"},"content":"                    success \u003d false;","lastModifiedDate":"2021-10-02"},{"lineNumber":153,"author":{"gitId":"StanleyLG"},"content":"                    returnMessage.exception_feedback_unknownSyntax(command);","lastModifiedDate":"2021-10-16"},{"lineNumber":154,"author":{"gitId":"StanleyLG"},"content":"                }","lastModifiedDate":"2021-10-02"},{"lineNumber":155,"author":{"gitId":"StanleyLG"},"content":"                catch(EmptyDescriptionException ed){","lastModifiedDate":"2021-10-02"},{"lineNumber":156,"author":{"gitId":"StanleyLG"},"content":"                    success \u003d false;","lastModifiedDate":"2021-10-02"},{"lineNumber":157,"author":{"gitId":"StanleyLG"},"content":"                    returnMessage.exception_feedback_emptyDescription(command);","lastModifiedDate":"2021-10-16"},{"lineNumber":158,"author":{"gitId":"StanleyLG"},"content":"                }","lastModifiedDate":"2021-10-02"},{"lineNumber":159,"author":{"gitId":"StanleyLG"},"content":"                catch(TimeManagementException tm){","lastModifiedDate":"2021-10-02"},{"lineNumber":160,"author":{"gitId":"StanleyLG"},"content":"                    success \u003d false;","lastModifiedDate":"2021-10-02"},{"lineNumber":161,"author":{"gitId":"StanleyLG"},"content":"                    returnMessage.exception_feedback_noTimeConcept();","lastModifiedDate":"2021-10-16"},{"lineNumber":162,"author":{"gitId":"StanleyLG"},"content":"                }","lastModifiedDate":"2021-10-02"},{"lineNumber":163,"author":{"gitId":"StanleyLG"},"content":"                if(success) {","lastModifiedDate":"2021-10-02"},{"lineNumber":164,"author":{"gitId":"StanleyLG"},"content":"                    try {","lastModifiedDate":"2021-10-02"},{"lineNumber":165,"author":{"gitId":"StanleyLG"},"content":"                        reply(command);","lastModifiedDate":"2021-09-11"},{"lineNumber":166,"author":{"gitId":"StanleyLG"},"content":"                    } catch (EmptyTaskListException etl) {","lastModifiedDate":"2021-10-02"},{"lineNumber":167,"author":{"gitId":"StanleyLG"},"content":"                        returnMessage.exception_feedback_emptyTaskList();","lastModifiedDate":"2021-10-16"},{"lineNumber":168,"author":{"gitId":"StanleyLG"},"content":"                    }","lastModifiedDate":"2021-10-02"},{"lineNumber":169,"author":{"gitId":"StanleyLG"},"content":"                    catch(UnknownSyntaxException | TaskNotFoundException exception){","lastModifiedDate":"2021-10-02"},{"lineNumber":170,"author":{"gitId":"StanleyLG"},"content":"                        returnMessage.exception_feedback_unknownSyntax(command);","lastModifiedDate":"2021-10-16"},{"lineNumber":171,"author":{"gitId":"StanleyLG"},"content":"                    }","lastModifiedDate":"2021-10-02"},{"lineNumber":172,"author":{"gitId":"StanleyLG"},"content":"                }","lastModifiedDate":"2021-10-02"},{"lineNumber":173,"author":{"gitId":"StanleyLG"},"content":"                command \u003d in.nextLine();","lastModifiedDate":"2021-08-28"},{"lineNumber":174,"author":{"gitId":"StanleyLG"},"content":"            }","lastModifiedDate":"2021-08-28"},{"lineNumber":175,"author":{"gitId":"StanleyLG"},"content":"        }","lastModifiedDate":"2021-08-28"},{"lineNumber":176,"author":{"gitId":"StanleyLG"},"content":"        returnMessage.exitFeedback();","lastModifiedDate":"2021-10-16"},{"lineNumber":177,"author":{"gitId":"-"},"content":"    }","lastModifiedDate":"2019-07-29"},{"lineNumber":178,"author":{"gitId":"-"},"content":"}","lastModifiedDate":"2019-07-29"}],"authorContributionMap":{"StanleyLG":170,"-":8}},{"path":"src/main/java/Exception_Handler/DukeException.java","fileType":"java","lines":[{"lineNumber":1,"author":{"gitId":"StanleyLG"},"content":"package Exception_Handler;","lastModifiedDate":"2021-10-16"},{"lineNumber":2,"author":{"gitId":"StanleyLG"},"content":"","lastModifiedDate":"2021-10-16"},{"lineNumber":3,"author":{"gitId":"StanleyLG"},"content":"public class DukeException extends Exception{","lastModifiedDate":"2021-10-16"},{"lineNumber":4,"author":{"gitId":"StanleyLG"},"content":"}","lastModifiedDate":"2021-10-16"}],"authorContributionMap":{"StanleyLG":4}},{"path":"src/main/java/Exception_Handler/EmptyDescriptionException.java","fileType":"java","lines":[{"lineNumber":1,"author":{"gitId":"StanleyLG"},"content":"package Exception_Handler;","lastModifiedDate":"2021-10-16"},{"lineNumber":2,"author":{"gitId":"StanleyLG"},"content":"","lastModifiedDate":"2021-10-03"},{"lineNumber":3,"author":{"gitId":"StanleyLG"},"content":"public class EmptyDescriptionException extends Exception{","lastModifiedDate":"2021-10-02"},{"lineNumber":4,"author":{"gitId":"StanleyLG"},"content":"    /*Prints the following","lastModifiedDate":"2021-10-02"},{"lineNumber":5,"author":{"gitId":"StanleyLG"},"content":"        printer.separator();","lastModifiedDate":"2021-10-02"},{"lineNumber":6,"author":{"gitId":"StanleyLG"},"content":"        System.out.printf(\"     ☹ OOPS!!! The description of a %s cannot be empty.\\n\", taskType);","lastModifiedDate":"2021-10-02"},{"lineNumber":7,"author":{"gitId":"StanleyLG"},"content":"        printer.separator();","lastModifiedDate":"2021-10-02"},{"lineNumber":8,"author":{"gitId":"StanleyLG"},"content":"    */","lastModifiedDate":"2021-10-02"},{"lineNumber":9,"author":{"gitId":"StanleyLG"},"content":"}","lastModifiedDate":"2021-10-02"}],"authorContributionMap":{"StanleyLG":9}},{"path":"src/main/java/Exception_Handler/EmptyTaskListException.java","fileType":"java","lines":[{"lineNumber":1,"author":{"gitId":"StanleyLG"},"content":"package Exception_Handler;","lastModifiedDate":"2021-10-16"},{"lineNumber":2,"author":{"gitId":"StanleyLG"},"content":"","lastModifiedDate":"2021-10-03"},{"lineNumber":3,"author":{"gitId":"StanleyLG"},"content":"public class EmptyTaskListException extends Exception{","lastModifiedDate":"2021-10-02"},{"lineNumber":4,"author":{"gitId":"StanleyLG"},"content":"    /*Prints the following","lastModifiedDate":"2021-10-02"},{"lineNumber":5,"author":{"gitId":"StanleyLG"},"content":"        printer.separator();","lastModifiedDate":"2021-10-02"},{"lineNumber":6,"author":{"gitId":"StanleyLG"},"content":"        System.out.println(\"     ☹ OOPS!!! I\u0027m sorry, the list is empty ^_^\");","lastModifiedDate":"2021-10-02"},{"lineNumber":7,"author":{"gitId":"StanleyLG"},"content":"        printer.separator();","lastModifiedDate":"2021-10-02"},{"lineNumber":8,"author":{"gitId":"StanleyLG"},"content":"    */","lastModifiedDate":"2021-10-02"},{"lineNumber":9,"author":{"gitId":"StanleyLG"},"content":"}","lastModifiedDate":"2021-10-02"}],"authorContributionMap":{"StanleyLG":9}},{"path":"src/main/java/Exception_Handler/SavingException.java","fileType":"java","lines":[{"lineNumber":1,"author":{"gitId":"StanleyLG"},"content":"package Exception_Handler;","lastModifiedDate":"2021-10-16"},{"lineNumber":2,"author":{"gitId":"StanleyLG"},"content":"","lastModifiedDate":"2021-10-16"},{"lineNumber":3,"author":{"gitId":"StanleyLG"},"content":"public class SavingException extends Exception{","lastModifiedDate":"2021-10-16"},{"lineNumber":4,"author":{"gitId":"StanleyLG"},"content":"    /*Prints the following","lastModifiedDate":"2021-10-16"},{"lineNumber":5,"author":{"gitId":"StanleyLG"},"content":"        separator();","lastModifiedDate":"2021-10-16"},{"lineNumber":6,"author":{"gitId":"StanleyLG"},"content":"        System.out.println(\"     ☹ OOPS!!! Exception caught while saving \u003e_\u003c|||\");","lastModifiedDate":"2021-10-16"},{"lineNumber":7,"author":{"gitId":"StanleyLG"},"content":"        separator();","lastModifiedDate":"2021-10-16"},{"lineNumber":8,"author":{"gitId":"StanleyLG"},"content":"     */","lastModifiedDate":"2021-10-16"},{"lineNumber":9,"author":{"gitId":"StanleyLG"},"content":"","lastModifiedDate":"2021-10-16"},{"lineNumber":10,"author":{"gitId":"StanleyLG"},"content":"}","lastModifiedDate":"2021-10-16"}],"authorContributionMap":{"StanleyLG":10}},{"path":"src/main/java/Exception_Handler/TaskNotFoundException.java","fileType":"java","lines":[{"lineNumber":1,"author":{"gitId":"StanleyLG"},"content":"package Exception_Handler;","lastModifiedDate":"2021-10-16"},{"lineNumber":2,"author":{"gitId":"StanleyLG"},"content":"","lastModifiedDate":"2021-10-03"},{"lineNumber":3,"author":{"gitId":"StanleyLG"},"content":"public class TaskNotFoundException extends Exception{","lastModifiedDate":"2021-10-02"},{"lineNumber":4,"author":{"gitId":"StanleyLG"},"content":"    /*Prints the following","lastModifiedDate":"2021-10-02"},{"lineNumber":5,"author":{"gitId":"StanleyLG"},"content":"        printer.separator();","lastModifiedDate":"2021-10-02"},{"lineNumber":6,"author":{"gitId":"StanleyLG"},"content":"        System.out.println(\"     ☹ OOPS!!! I\u0027m sorry, please key in by Tasks.Task ID instead of [%s]\", message);","lastModifiedDate":"2021-10-03"},{"lineNumber":7,"author":{"gitId":"StanleyLG"},"content":"        printer.separator();","lastModifiedDate":"2021-10-02"},{"lineNumber":8,"author":{"gitId":"StanleyLG"},"content":"    */","lastModifiedDate":"2021-10-02"},{"lineNumber":9,"author":{"gitId":"StanleyLG"},"content":"}","lastModifiedDate":"2021-10-02"}],"authorContributionMap":{"StanleyLG":9}},{"path":"src/main/java/Exception_Handler/TimeManagementException.java","fileType":"java","lines":[{"lineNumber":1,"author":{"gitId":"StanleyLG"},"content":"package Exception_Handler;","lastModifiedDate":"2021-10-16"},{"lineNumber":2,"author":{"gitId":"StanleyLG"},"content":"","lastModifiedDate":"2021-10-03"},{"lineNumber":3,"author":{"gitId":"StanleyLG"},"content":"public class TimeManagementException extends Exception{","lastModifiedDate":"2021-10-02"},{"lineNumber":4,"author":{"gitId":"StanleyLG"},"content":"    /*Prints the following","lastModifiedDate":"2021-10-02"},{"lineNumber":5,"author":{"gitId":"StanleyLG"},"content":"        printer.separator();","lastModifiedDate":"2021-10-02"},{"lineNumber":6,"author":{"gitId":"StanleyLG"},"content":"        System.out.println(\"     ☹ HEY!!! Please give a due date for deadlines and events. Let\u0027s have some sense of time\");","lastModifiedDate":"2021-10-02"},{"lineNumber":7,"author":{"gitId":"StanleyLG"},"content":"        printer.separator();","lastModifiedDate":"2021-10-02"},{"lineNumber":8,"author":{"gitId":"StanleyLG"},"content":"    */","lastModifiedDate":"2021-10-02"},{"lineNumber":9,"author":{"gitId":"StanleyLG"},"content":"}","lastModifiedDate":"2021-10-02"}],"authorContributionMap":{"StanleyLG":9}},{"path":"src/main/java/Exception_Handler/UnknownSyntaxException.java","fileType":"java","lines":[{"lineNumber":1,"author":{"gitId":"StanleyLG"},"content":"package Exception_Handler;","lastModifiedDate":"2021-10-16"},{"lineNumber":2,"author":{"gitId":"StanleyLG"},"content":"","lastModifiedDate":"2021-10-03"},{"lineNumber":3,"author":{"gitId":"StanleyLG"},"content":"public class UnknownSyntaxException extends Exception{","lastModifiedDate":"2021-10-02"},{"lineNumber":4,"author":{"gitId":"StanleyLG"},"content":"    /*Prints the following","lastModifiedDate":"2021-10-02"},{"lineNumber":5,"author":{"gitId":"StanleyLG"},"content":"        printer.separator();","lastModifiedDate":"2021-10-02"},{"lineNumber":6,"author":{"gitId":"StanleyLG"},"content":"        System.out.println(\"     ☹ OOPS!!! I\u0027m sorry, but I don\u0027t know what that means :-(\");","lastModifiedDate":"2021-10-02"},{"lineNumber":7,"author":{"gitId":"StanleyLG"},"content":"        printer.separator();","lastModifiedDate":"2021-10-02"},{"lineNumber":8,"author":{"gitId":"StanleyLG"},"content":"    */","lastModifiedDate":"2021-10-02"},{"lineNumber":9,"author":{"gitId":"StanleyLG"},"content":"}","lastModifiedDate":"2021-10-02"}],"authorContributionMap":{"StanleyLG":9}},{"path":"src/main/java/Parser/CMD.java","fileType":"java","lines":[{"lineNumber":1,"author":{"gitId":"StanleyLG"},"content":"package Parser;","lastModifiedDate":"2021-10-16"},{"lineNumber":2,"author":{"gitId":"StanleyLG"},"content":"","lastModifiedDate":"2021-10-16"},{"lineNumber":3,"author":{"gitId":"StanleyLG"},"content":"public class CMD {","lastModifiedDate":"2021-10-16"},{"lineNumber":4,"author":{"gitId":"StanleyLG"},"content":"    public CMD(String command){","lastModifiedDate":"2021-10-16"},{"lineNumber":5,"author":{"gitId":"StanleyLG"},"content":"","lastModifiedDate":"2021-10-16"},{"lineNumber":6,"author":{"gitId":"StanleyLG"},"content":"    }","lastModifiedDate":"2021-10-16"},{"lineNumber":7,"author":{"gitId":"StanleyLG"},"content":"","lastModifiedDate":"2021-10-16"},{"lineNumber":8,"author":{"gitId":"StanleyLG"},"content":"    public CMD() {","lastModifiedDate":"2021-10-16"},{"lineNumber":9,"author":{"gitId":"StanleyLG"},"content":"","lastModifiedDate":"2021-10-16"},{"lineNumber":10,"author":{"gitId":"StanleyLG"},"content":"    }","lastModifiedDate":"2021-10-16"},{"lineNumber":11,"author":{"gitId":"StanleyLG"},"content":"}","lastModifiedDate":"2021-10-16"}],"authorContributionMap":{"StanleyLG":11}},{"path":"src/main/java/Parser/CMD_Add.java","fileType":"java","lines":[{"lineNumber":1,"author":{"gitId":"StanleyLG"},"content":"package Parser;","lastModifiedDate":"2021-10-16"},{"lineNumber":2,"author":{"gitId":"StanleyLG"},"content":"","lastModifiedDate":"2021-10-16"},{"lineNumber":3,"author":{"gitId":"StanleyLG"},"content":"public class CMD_Add extends CMD{","lastModifiedDate":"2021-10-16"},{"lineNumber":4,"author":{"gitId":"StanleyLG"},"content":"    public CMD_Add(){","lastModifiedDate":"2021-10-16"},{"lineNumber":5,"author":{"gitId":"StanleyLG"},"content":"        super();","lastModifiedDate":"2021-10-16"},{"lineNumber":6,"author":{"gitId":"StanleyLG"},"content":"","lastModifiedDate":"2021-10-16"},{"lineNumber":7,"author":{"gitId":"StanleyLG"},"content":"    }","lastModifiedDate":"2021-10-16"},{"lineNumber":8,"author":{"gitId":"StanleyLG"},"content":"}","lastModifiedDate":"2021-10-16"}],"authorContributionMap":{"StanleyLG":8}},{"path":"src/main/java/Parser/CMD_Bye.java","fileType":"java","lines":[{"lineNumber":1,"author":{"gitId":"StanleyLG"},"content":"package Parser;","lastModifiedDate":"2021-10-16"},{"lineNumber":2,"author":{"gitId":"StanleyLG"},"content":"","lastModifiedDate":"2021-10-16"},{"lineNumber":3,"author":{"gitId":"StanleyLG"},"content":"public class CMD_Bye extends CMD{","lastModifiedDate":"2021-10-16"},{"lineNumber":4,"author":{"gitId":"StanleyLG"},"content":"}","lastModifiedDate":"2021-10-16"}],"authorContributionMap":{"StanleyLG":4}},{"path":"src/main/java/Parser/CMD_Delete.java","fileType":"java","lines":[{"lineNumber":1,"author":{"gitId":"StanleyLG"},"content":"package Parser;","lastModifiedDate":"2021-10-16"},{"lineNumber":2,"author":{"gitId":"StanleyLG"},"content":"","lastModifiedDate":"2021-10-16"},{"lineNumber":3,"author":{"gitId":"StanleyLG"},"content":"public class CMD_Delete extends CMD{","lastModifiedDate":"2021-10-16"},{"lineNumber":4,"author":{"gitId":"StanleyLG"},"content":"}","lastModifiedDate":"2021-10-16"}],"authorContributionMap":{"StanleyLG":4}},{"path":"src/main/java/Parser/CMD_Done.java","fileType":"java","lines":[{"lineNumber":1,"author":{"gitId":"StanleyLG"},"content":"package Parser;","lastModifiedDate":"2021-10-16"},{"lineNumber":2,"author":{"gitId":"StanleyLG"},"content":"","lastModifiedDate":"2021-10-16"},{"lineNumber":3,"author":{"gitId":"StanleyLG"},"content":"public class CMD_Done extends CMD{","lastModifiedDate":"2021-10-16"},{"lineNumber":4,"author":{"gitId":"StanleyLG"},"content":"}","lastModifiedDate":"2021-10-16"}],"authorContributionMap":{"StanleyLG":4}},{"path":"src/main/java/Parser/CMD_Enum.java","fileType":"java","lines":[{"lineNumber":1,"author":{"gitId":"StanleyLG"},"content":"package Parser;","lastModifiedDate":"2021-10-16"},{"lineNumber":2,"author":{"gitId":"StanleyLG"},"content":"","lastModifiedDate":"2021-10-16"},{"lineNumber":3,"author":{"gitId":"StanleyLG"},"content":"public enum CMD_Enum {","lastModifiedDate":"2021-10-16"},{"lineNumber":4,"author":{"gitId":"StanleyLG"},"content":"    LIST,       //0","lastModifiedDate":"2021-10-16"},{"lineNumber":5,"author":{"gitId":"StanleyLG"},"content":"    DONE,       //1","lastModifiedDate":"2021-10-16"},{"lineNumber":6,"author":{"gitId":"StanleyLG"},"content":"    DELETE,     //2","lastModifiedDate":"2021-10-16"},{"lineNumber":7,"author":{"gitId":"StanleyLG"},"content":"    BYE,        //3","lastModifiedDate":"2021-10-16"},{"lineNumber":8,"author":{"gitId":"StanleyLG"},"content":"    SAVE        //4","lastModifiedDate":"2021-10-16"},{"lineNumber":9,"author":{"gitId":"StanleyLG"},"content":"}","lastModifiedDate":"2021-10-16"}],"authorContributionMap":{"StanleyLG":9}},{"path":"src/main/java/Parser/CMD_List.java","fileType":"java","lines":[{"lineNumber":1,"author":{"gitId":"StanleyLG"},"content":"package Parser;","lastModifiedDate":"2021-10-16"},{"lineNumber":2,"author":{"gitId":"StanleyLG"},"content":"","lastModifiedDate":"2021-10-16"},{"lineNumber":3,"author":{"gitId":"StanleyLG"},"content":"public class CMD_List extends CMD{","lastModifiedDate":"2021-10-16"},{"lineNumber":4,"author":{"gitId":"StanleyLG"},"content":"}","lastModifiedDate":"2021-10-16"}],"authorContributionMap":{"StanleyLG":4}},{"path":"src/main/java/Parser/CMD_Save.java","fileType":"java","lines":[{"lineNumber":1,"author":{"gitId":"StanleyLG"},"content":"package Parser;","lastModifiedDate":"2021-10-16"},{"lineNumber":2,"author":{"gitId":"StanleyLG"},"content":"","lastModifiedDate":"2021-10-16"},{"lineNumber":3,"author":{"gitId":"StanleyLG"},"content":"public class CMD_Save extends CMD{","lastModifiedDate":"2021-10-16"},{"lineNumber":4,"author":{"gitId":"StanleyLG"},"content":"}","lastModifiedDate":"2021-10-16"}],"authorContributionMap":{"StanleyLG":4}},{"path":"src/main/java/Storage/Storage.java","fileType":"java","lines":[{"lineNumber":1,"author":{"gitId":"StanleyLG"},"content":"package Storage;","lastModifiedDate":"2021-10-16"},{"lineNumber":2,"author":{"gitId":"StanleyLG"},"content":"","lastModifiedDate":"2021-10-16"},{"lineNumber":3,"author":{"gitId":"StanleyLG"},"content":"import Exception_Handler.*;","lastModifiedDate":"2021-10-16"},{"lineNumber":4,"author":{"gitId":"StanleyLG"},"content":"import TaskList.TaskList;","lastModifiedDate":"2021-10-16"},{"lineNumber":5,"author":{"gitId":"StanleyLG"},"content":"import TaskList.Task;","lastModifiedDate":"2021-10-16"},{"lineNumber":6,"author":{"gitId":"StanleyLG"},"content":"","lastModifiedDate":"2021-10-16"},{"lineNumber":7,"author":{"gitId":"StanleyLG"},"content":"import java.io.*;","lastModifiedDate":"2021-10-16"},{"lineNumber":8,"author":{"gitId":"StanleyLG"},"content":"import java.util.ArrayList;","lastModifiedDate":"2021-10-16"},{"lineNumber":9,"author":{"gitId":"StanleyLG"},"content":"import java.util.Scanner;","lastModifiedDate":"2021-10-16"},{"lineNumber":10,"author":{"gitId":"StanleyLG"},"content":"","lastModifiedDate":"2021-10-16"},{"lineNumber":11,"author":{"gitId":"StanleyLG"},"content":"public class Storage {","lastModifiedDate":"2021-10-16"},{"lineNumber":12,"author":{"gitId":"StanleyLG"},"content":"    protected boolean isExist;","lastModifiedDate":"2021-10-16"},{"lineNumber":13,"author":{"gitId":"StanleyLG"},"content":"    protected String fileName;","lastModifiedDate":"2021-10-16"},{"lineNumber":14,"author":{"gitId":"StanleyLG"},"content":"    protected File file \u003d new File(System.getProperty(\"user.dir\") + \"/src/main/java/Storage/\"+fileName); // create a File for the given file path","lastModifiedDate":"2021-10-16"},{"lineNumber":15,"author":{"gitId":"StanleyLG"},"content":"    Scanner scanner;","lastModifiedDate":"2021-10-16"},{"lineNumber":16,"author":{"gitId":"StanleyLG"},"content":"    public Storage(String fileName){","lastModifiedDate":"2021-10-16"},{"lineNumber":17,"author":{"gitId":"StanleyLG"},"content":"        this.fileName \u003d fileName;","lastModifiedDate":"2021-10-16"},{"lineNumber":18,"author":{"gitId":"StanleyLG"},"content":"    }","lastModifiedDate":"2021-10-16"},{"lineNumber":19,"author":{"gitId":"StanleyLG"},"content":"","lastModifiedDate":"2021-10-16"},{"lineNumber":20,"author":{"gitId":"StanleyLG"},"content":"    public void load(TaskList task_from_file) throws IOException{","lastModifiedDate":"2021-10-16"},{"lineNumber":21,"author":{"gitId":"StanleyLG"},"content":"        try (BufferedReader br \u003d new BufferedReader(new FileReader(file))) {","lastModifiedDate":"2021-10-16"},{"lineNumber":22,"author":{"gitId":"StanleyLG"},"content":"            String line;","lastModifiedDate":"2021-10-16"},{"lineNumber":23,"author":{"gitId":"StanleyLG"},"content":"            while ((line \u003d br.readLine()) !\u003d null) {","lastModifiedDate":"2021-10-16"},{"lineNumber":24,"author":{"gitId":"StanleyLG"},"content":"                // process the line","lastModifiedDate":"2021-10-16"},{"lineNumber":25,"author":{"gitId":"StanleyLG"},"content":"                System.out.println(\"Loading\");","lastModifiedDate":"2021-10-16"},{"lineNumber":26,"author":{"gitId":"StanleyLG"},"content":"            }","lastModifiedDate":"2021-10-16"},{"lineNumber":27,"author":{"gitId":"StanleyLG"},"content":"        }","lastModifiedDate":"2021-10-16"},{"lineNumber":28,"author":{"gitId":"StanleyLG"},"content":"        catch(IOException e){","lastModifiedDate":"2021-10-16"},{"lineNumber":29,"author":{"gitId":"StanleyLG"},"content":"","lastModifiedDate":"2021-10-16"},{"lineNumber":30,"author":{"gitId":"StanleyLG"},"content":"        }","lastModifiedDate":"2021-10-16"},{"lineNumber":31,"author":{"gitId":"StanleyLG"},"content":"    }","lastModifiedDate":"2021-10-16"},{"lineNumber":32,"author":{"gitId":"StanleyLG"},"content":"    public void createFile() throws IOException{","lastModifiedDate":"2021-10-16"},{"lineNumber":33,"author":{"gitId":"StanleyLG"},"content":"        try {","lastModifiedDate":"2021-10-16"},{"lineNumber":34,"author":{"gitId":"StanleyLG"},"content":"            file.createNewFile();","lastModifiedDate":"2021-10-16"},{"lineNumber":35,"author":{"gitId":"StanleyLG"},"content":"        }","lastModifiedDate":"2021-10-16"},{"lineNumber":36,"author":{"gitId":"StanleyLG"},"content":"        catch(IOException ioe) {","lastModifiedDate":"2021-10-16"},{"lineNumber":37,"author":{"gitId":"StanleyLG"},"content":"            this.isExist \u003d true;","lastModifiedDate":"2021-10-16"},{"lineNumber":38,"author":{"gitId":"StanleyLG"},"content":"            System.out.println(\"FIle exists\");","lastModifiedDate":"2021-10-16"},{"lineNumber":39,"author":{"gitId":"StanleyLG"},"content":"        }","lastModifiedDate":"2021-10-16"},{"lineNumber":40,"author":{"gitId":"StanleyLG"},"content":"        System.out.println(\"File created: \" + file.getName());","lastModifiedDate":"2021-10-16"},{"lineNumber":41,"author":{"gitId":"StanleyLG"},"content":"    }","lastModifiedDate":"2021-10-16"},{"lineNumber":42,"author":{"gitId":"StanleyLG"},"content":"","lastModifiedDate":"2021-10-16"},{"lineNumber":43,"author":{"gitId":"StanleyLG"},"content":"    public void save(ArrayList\u003cTask\u003e list) throws IOException{","lastModifiedDate":"2021-10-16"},{"lineNumber":44,"author":{"gitId":"StanleyLG"},"content":"","lastModifiedDate":"2021-10-16"},{"lineNumber":45,"author":{"gitId":"StanleyLG"},"content":"        FileWriter myWriter \u003d new FileWriter(file.getAbsoluteFile());","lastModifiedDate":"2021-10-16"},{"lineNumber":46,"author":{"gitId":"StanleyLG"},"content":"        list.forEach((task) -\u003e {","lastModifiedDate":"2021-10-16"},{"lineNumber":47,"author":{"gitId":"StanleyLG"},"content":"            try {","lastModifiedDate":"2021-10-16"},{"lineNumber":48,"author":{"gitId":"StanleyLG"},"content":"                myWriter.write(task.toString());","lastModifiedDate":"2021-10-16"},{"lineNumber":49,"author":{"gitId":"StanleyLG"},"content":"            } catch (IOException e) {","lastModifiedDate":"2021-10-16"},{"lineNumber":50,"author":{"gitId":"StanleyLG"},"content":"                //","lastModifiedDate":"2021-10-16"},{"lineNumber":51,"author":{"gitId":"StanleyLG"},"content":"            }","lastModifiedDate":"2021-10-16"},{"lineNumber":52,"author":{"gitId":"StanleyLG"},"content":"        });","lastModifiedDate":"2021-10-16"},{"lineNumber":53,"author":{"gitId":"StanleyLG"},"content":"        myWriter.close();","lastModifiedDate":"2021-10-16"},{"lineNumber":54,"author":{"gitId":"StanleyLG"},"content":"        System.out.println(\"Successfully wrote to the file.\");","lastModifiedDate":"2021-10-16"},{"lineNumber":55,"author":{"gitId":"StanleyLG"},"content":"    }","lastModifiedDate":"2021-10-16"},{"lineNumber":56,"author":{"gitId":"StanleyLG"},"content":"}","lastModifiedDate":"2021-10-16"}],"authorContributionMap":{"StanleyLG":56}},{"path":"src/main/java/TaskList/Deadline.java","fileType":"java","lines":[{"lineNumber":1,"author":{"gitId":"StanleyLG"},"content":"package TaskList;","lastModifiedDate":"2021-10-16"},{"lineNumber":2,"author":{"gitId":"StanleyLG"},"content":"","lastModifiedDate":"2021-10-03"},{"lineNumber":3,"author":{"gitId":"StanleyLG"},"content":"public class Deadline extends Task {","lastModifiedDate":"2021-09-11"},{"lineNumber":4,"author":{"gitId":"StanleyLG"},"content":"","lastModifiedDate":"2021-09-11"},{"lineNumber":5,"author":{"gitId":"StanleyLG"},"content":"    protected String by;","lastModifiedDate":"2021-09-11"},{"lineNumber":6,"author":{"gitId":"StanleyLG"},"content":"","lastModifiedDate":"2021-09-11"},{"lineNumber":7,"author":{"gitId":"StanleyLG"},"content":"    public Deadline(String description, String by) {","lastModifiedDate":"2021-09-11"},{"lineNumber":8,"author":{"gitId":"StanleyLG"},"content":"        super(description);","lastModifiedDate":"2021-09-11"},{"lineNumber":9,"author":{"gitId":"StanleyLG"},"content":"        this.by \u003d by;","lastModifiedDate":"2021-09-11"},{"lineNumber":10,"author":{"gitId":"StanleyLG"},"content":"    }","lastModifiedDate":"2021-09-11"},{"lineNumber":11,"author":{"gitId":"StanleyLG"},"content":"","lastModifiedDate":"2021-09-11"},{"lineNumber":12,"author":{"gitId":"StanleyLG"},"content":"    @Override","lastModifiedDate":"2021-09-11"},{"lineNumber":13,"author":{"gitId":"StanleyLG"},"content":"    public String toString() {","lastModifiedDate":"2021-09-11"},{"lineNumber":14,"author":{"gitId":"StanleyLG"},"content":"        return \"[D]\" + super.toString() + \" (by: \" + by + \")\";","lastModifiedDate":"2021-09-11"},{"lineNumber":15,"author":{"gitId":"StanleyLG"},"content":"    }","lastModifiedDate":"2021-09-11"},{"lineNumber":16,"author":{"gitId":"StanleyLG"},"content":"}","lastModifiedDate":"2021-09-11"}],"authorContributionMap":{"StanleyLG":16}},{"path":"src/main/java/TaskList/Events.java","fileType":"java","lines":[{"lineNumber":1,"author":{"gitId":"StanleyLG"},"content":"package TaskList;","lastModifiedDate":"2021-10-16"},{"lineNumber":2,"author":{"gitId":"StanleyLG"},"content":"","lastModifiedDate":"2021-10-03"},{"lineNumber":3,"author":{"gitId":"StanleyLG"},"content":"public class Events extends Task {","lastModifiedDate":"2021-09-11"},{"lineNumber":4,"author":{"gitId":"StanleyLG"},"content":"    protected String at;","lastModifiedDate":"2021-09-11"},{"lineNumber":5,"author":{"gitId":"StanleyLG"},"content":"","lastModifiedDate":"2021-09-11"},{"lineNumber":6,"author":{"gitId":"StanleyLG"},"content":"    public Events(String description, String at) {","lastModifiedDate":"2021-09-11"},{"lineNumber":7,"author":{"gitId":"StanleyLG"},"content":"        super(description);","lastModifiedDate":"2021-09-11"},{"lineNumber":8,"author":{"gitId":"StanleyLG"},"content":"        this.at \u003d at;","lastModifiedDate":"2021-09-11"},{"lineNumber":9,"author":{"gitId":"StanleyLG"},"content":"    }","lastModifiedDate":"2021-09-11"},{"lineNumber":10,"author":{"gitId":"StanleyLG"},"content":"","lastModifiedDate":"2021-09-11"},{"lineNumber":11,"author":{"gitId":"StanleyLG"},"content":"    @Override","lastModifiedDate":"2021-09-11"},{"lineNumber":12,"author":{"gitId":"StanleyLG"},"content":"    public String toString() {","lastModifiedDate":"2021-09-11"},{"lineNumber":13,"author":{"gitId":"StanleyLG"},"content":"        return \"[E]\" + super.toString() + \" (at: \" + at + \")\";","lastModifiedDate":"2021-09-11"},{"lineNumber":14,"author":{"gitId":"StanleyLG"},"content":"    }","lastModifiedDate":"2021-09-11"},{"lineNumber":15,"author":{"gitId":"StanleyLG"},"content":"}","lastModifiedDate":"2021-09-11"}],"authorContributionMap":{"StanleyLG":15}},{"path":"src/main/java/TaskList/Task.java","fileType":"java","lines":[{"lineNumber":1,"author":{"gitId":"StanleyLG"},"content":"package TaskList;","lastModifiedDate":"2021-10-16"},{"lineNumber":2,"author":{"gitId":"StanleyLG"},"content":"","lastModifiedDate":"2021-10-03"},{"lineNumber":3,"author":{"gitId":"StanleyLG"},"content":"public class Task {","lastModifiedDate":"2021-09-02"},{"lineNumber":4,"author":{"gitId":"StanleyLG"},"content":"    protected String description;","lastModifiedDate":"2021-09-02"},{"lineNumber":5,"author":{"gitId":"StanleyLG"},"content":"    protected boolean isDone;","lastModifiedDate":"2021-09-02"},{"lineNumber":6,"author":{"gitId":"StanleyLG"},"content":"","lastModifiedDate":"2021-09-02"},{"lineNumber":7,"author":{"gitId":"StanleyLG"},"content":"","lastModifiedDate":"2021-09-02"},{"lineNumber":8,"author":{"gitId":"StanleyLG"},"content":"    public Task(String description) {","lastModifiedDate":"2021-09-02"},{"lineNumber":9,"author":{"gitId":"StanleyLG"},"content":"        this.description \u003d description;","lastModifiedDate":"2021-09-02"},{"lineNumber":10,"author":{"gitId":"StanleyLG"},"content":"        this.isDone \u003d false;","lastModifiedDate":"2021-09-02"},{"lineNumber":11,"author":{"gitId":"StanleyLG"},"content":"    }","lastModifiedDate":"2021-09-02"},{"lineNumber":12,"author":{"gitId":"StanleyLG"},"content":"","lastModifiedDate":"2021-09-02"},{"lineNumber":13,"author":{"gitId":"StanleyLG"},"content":"    public String getStatusIcon() {","lastModifiedDate":"2021-09-02"},{"lineNumber":14,"author":{"gitId":"StanleyLG"},"content":"        return (isDone ? \"X\" : \" \"); // mark done task with X","lastModifiedDate":"2021-09-02"},{"lineNumber":15,"author":{"gitId":"StanleyLG"},"content":"    }","lastModifiedDate":"2021-09-02"},{"lineNumber":16,"author":{"gitId":"StanleyLG"},"content":"","lastModifiedDate":"2021-09-02"},{"lineNumber":17,"author":{"gitId":"StanleyLG"},"content":"    public String getTaskInfo(){","lastModifiedDate":"2021-09-02"},{"lineNumber":18,"author":{"gitId":"StanleyLG"},"content":"        return description;","lastModifiedDate":"2021-09-02"},{"lineNumber":19,"author":{"gitId":"StanleyLG"},"content":"    }","lastModifiedDate":"2021-09-02"},{"lineNumber":20,"author":{"gitId":"StanleyLG"},"content":"","lastModifiedDate":"2021-09-02"},{"lineNumber":21,"author":{"gitId":"StanleyLG"},"content":"    public void setDone(){","lastModifiedDate":"2021-09-02"},{"lineNumber":22,"author":{"gitId":"StanleyLG"},"content":"        isDone \u003d true;","lastModifiedDate":"2021-09-02"},{"lineNumber":23,"author":{"gitId":"StanleyLG"},"content":"    }","lastModifiedDate":"2021-09-02"},{"lineNumber":24,"author":{"gitId":"StanleyLG"},"content":"","lastModifiedDate":"2021-09-11"},{"lineNumber":25,"author":{"gitId":"StanleyLG"},"content":"    public String toString() {","lastModifiedDate":"2021-09-11"},{"lineNumber":26,"author":{"gitId":"StanleyLG"},"content":"        return \"[\"+getStatusIcon()+\"] \" + description;","lastModifiedDate":"2021-09-11"},{"lineNumber":27,"author":{"gitId":"StanleyLG"},"content":"    }","lastModifiedDate":"2021-09-11"},{"lineNumber":28,"author":{"gitId":"StanleyLG"},"content":"","lastModifiedDate":"2021-09-11"},{"lineNumber":29,"author":{"gitId":"StanleyLG"},"content":"}","lastModifiedDate":"2021-09-02"}],"authorContributionMap":{"StanleyLG":29}},{"path":"src/main/java/TaskList/TaskList.java","fileType":"java","lines":[{"lineNumber":1,"author":{"gitId":"StanleyLG"},"content":"package TaskList;","lastModifiedDate":"2021-10-16"},{"lineNumber":2,"author":{"gitId":"StanleyLG"},"content":"import Exception_Handler.*;","lastModifiedDate":"2021-10-16"},{"lineNumber":3,"author":{"gitId":"StanleyLG"},"content":"import UI.ReturnMessages;","lastModifiedDate":"2021-10-16"},{"lineNumber":4,"author":{"gitId":"StanleyLG"},"content":"","lastModifiedDate":"2021-10-16"},{"lineNumber":5,"author":{"gitId":"StanleyLG"},"content":"import java.util.ArrayList;","lastModifiedDate":"2021-10-03"},{"lineNumber":6,"author":{"gitId":"StanleyLG"},"content":"","lastModifiedDate":"2021-10-03"},{"lineNumber":7,"author":{"gitId":"StanleyLG"},"content":"public class TaskList {","lastModifiedDate":"2021-10-03"},{"lineNumber":8,"author":{"gitId":"StanleyLG"},"content":"    protected int listSize;","lastModifiedDate":"2021-10-03"},{"lineNumber":9,"author":{"gitId":"StanleyLG"},"content":"    private ArrayList\u003cTask\u003e taskList;","lastModifiedDate":"2021-10-03"},{"lineNumber":10,"author":{"gitId":"StanleyLG"},"content":"    private static ReturnMessages printer \u003d new ReturnMessages();","lastModifiedDate":"2021-10-16"},{"lineNumber":11,"author":{"gitId":"StanleyLG"},"content":"","lastModifiedDate":"2021-10-03"},{"lineNumber":12,"author":{"gitId":"StanleyLG"},"content":"    public TaskList() {","lastModifiedDate":"2021-10-03"},{"lineNumber":13,"author":{"gitId":"StanleyLG"},"content":"        taskList \u003d new ArrayList\u003c\u003e();","lastModifiedDate":"2021-10-03"},{"lineNumber":14,"author":{"gitId":"StanleyLG"},"content":"    }","lastModifiedDate":"2021-10-03"},{"lineNumber":15,"author":{"gitId":"StanleyLG"},"content":"","lastModifiedDate":"2021-10-03"},{"lineNumber":16,"author":{"gitId":"StanleyLG"},"content":"    public void deleteTask(int taskID) throws TaskNotFoundException, EmptyTaskListException{","lastModifiedDate":"2021-10-03"},{"lineNumber":17,"author":{"gitId":"StanleyLG"},"content":"        int taskPosition \u003d taskID -1;","lastModifiedDate":"2021-10-03"},{"lineNumber":18,"author":{"gitId":"StanleyLG"},"content":"        if(taskPosition \u003e this.listSize || taskPosition \u003c 0){","lastModifiedDate":"2021-10-03"},{"lineNumber":19,"author":{"gitId":"StanleyLG"},"content":"            throw new TaskNotFoundException();","lastModifiedDate":"2021-10-03"},{"lineNumber":20,"author":{"gitId":"StanleyLG"},"content":"        }","lastModifiedDate":"2021-10-03"},{"lineNumber":21,"author":{"gitId":"StanleyLG"},"content":"        System.out.println(\"     Noted. I\u0027ve removed this task: \" );","lastModifiedDate":"2021-10-03"},{"lineNumber":22,"author":{"gitId":"StanleyLG"},"content":"        System.out.println(\"     \" + taskList.get(taskPosition).toString());","lastModifiedDate":"2021-10-03"},{"lineNumber":23,"author":{"gitId":"StanleyLG"},"content":"        this.taskList.remove(taskPosition);","lastModifiedDate":"2021-10-03"},{"lineNumber":24,"author":{"gitId":"StanleyLG"},"content":"        this.listSize--;","lastModifiedDate":"2021-10-03"},{"lineNumber":25,"author":{"gitId":"StanleyLG"},"content":"        if(this.listSize \u003d\u003d 0){","lastModifiedDate":"2021-10-03"},{"lineNumber":26,"author":{"gitId":"StanleyLG"},"content":"            throw new EmptyTaskListException();","lastModifiedDate":"2021-10-03"},{"lineNumber":27,"author":{"gitId":"StanleyLG"},"content":"        }","lastModifiedDate":"2021-10-03"},{"lineNumber":28,"author":{"gitId":"StanleyLG"},"content":"        System.out.println(\"     Now you have \" + this.listSize + \" tasks in the list.\");","lastModifiedDate":"2021-10-03"},{"lineNumber":29,"author":{"gitId":"StanleyLG"},"content":"        printer.separator();","lastModifiedDate":"2021-10-03"},{"lineNumber":30,"author":{"gitId":"StanleyLG"},"content":"    }","lastModifiedDate":"2021-10-03"},{"lineNumber":31,"author":{"gitId":"StanleyLG"},"content":"","lastModifiedDate":"2021-10-03"},{"lineNumber":32,"author":{"gitId":"StanleyLG"},"content":"    public void addTask(Task task){","lastModifiedDate":"2021-10-03"},{"lineNumber":33,"author":{"gitId":"StanleyLG"},"content":"        this.taskList.add(task);","lastModifiedDate":"2021-10-03"},{"lineNumber":34,"author":{"gitId":"StanleyLG"},"content":"        this.listSize++;","lastModifiedDate":"2021-10-03"},{"lineNumber":35,"author":{"gitId":"StanleyLG"},"content":"    }","lastModifiedDate":"2021-10-03"},{"lineNumber":36,"author":{"gitId":"StanleyLG"},"content":"","lastModifiedDate":"2021-10-03"},{"lineNumber":37,"author":{"gitId":"StanleyLG"},"content":"    public Task getTask(int ID){","lastModifiedDate":"2021-10-03"},{"lineNumber":38,"author":{"gitId":"StanleyLG"},"content":"        return taskList.get(ID);","lastModifiedDate":"2021-10-03"},{"lineNumber":39,"author":{"gitId":"StanleyLG"},"content":"    }","lastModifiedDate":"2021-10-03"},{"lineNumber":40,"author":{"gitId":"StanleyLG"},"content":"","lastModifiedDate":"2021-10-03"},{"lineNumber":41,"author":{"gitId":"StanleyLG"},"content":"    public Task getLastTask(){","lastModifiedDate":"2021-10-03"},{"lineNumber":42,"author":{"gitId":"StanleyLG"},"content":"        return taskList.get(listSize-1);","lastModifiedDate":"2021-10-03"},{"lineNumber":43,"author":{"gitId":"StanleyLG"},"content":"    }","lastModifiedDate":"2021-10-03"},{"lineNumber":44,"author":{"gitId":"StanleyLG"},"content":"","lastModifiedDate":"2021-10-03"},{"lineNumber":45,"author":{"gitId":"StanleyLG"},"content":"    public int getListSize(){","lastModifiedDate":"2021-10-03"},{"lineNumber":46,"author":{"gitId":"StanleyLG"},"content":"        return this.listSize;","lastModifiedDate":"2021-10-03"},{"lineNumber":47,"author":{"gitId":"StanleyLG"},"content":"    }","lastModifiedDate":"2021-10-03"},{"lineNumber":48,"author":{"gitId":"StanleyLG"},"content":"","lastModifiedDate":"2021-10-16"},{"lineNumber":49,"author":{"gitId":"StanleyLG"},"content":"    public void save(){}","lastModifiedDate":"2021-10-16"},{"lineNumber":50,"author":{"gitId":"StanleyLG"},"content":"    public void printTaskList() throws EmptyTaskListException {","lastModifiedDate":"2021-10-03"},{"lineNumber":51,"author":{"gitId":"StanleyLG"},"content":"        printer.separator();","lastModifiedDate":"2021-10-03"},{"lineNumber":52,"author":{"gitId":"StanleyLG"},"content":"        if(this.listSize \u003d\u003d 0){","lastModifiedDate":"2021-10-03"},{"lineNumber":53,"author":{"gitId":"StanleyLG"},"content":"            throw new EmptyTaskListException();","lastModifiedDate":"2021-10-03"},{"lineNumber":54,"author":{"gitId":"StanleyLG"},"content":"        }","lastModifiedDate":"2021-10-03"},{"lineNumber":55,"author":{"gitId":"StanleyLG"},"content":"        int numbering \u003d 1;","lastModifiedDate":"2021-10-03"},{"lineNumber":56,"author":{"gitId":"StanleyLG"},"content":"        System.out.println(\"     Here are the tasks in your list:\");","lastModifiedDate":"2021-10-03"},{"lineNumber":57,"author":{"gitId":"StanleyLG"},"content":"        for(Task t : taskList){","lastModifiedDate":"2021-10-03"},{"lineNumber":58,"author":{"gitId":"StanleyLG"},"content":"            System.out.println(\"    \"+numbering+\".\"+t.toString());","lastModifiedDate":"2021-10-03"},{"lineNumber":59,"author":{"gitId":"StanleyLG"},"content":"            numbering++;","lastModifiedDate":"2021-10-03"},{"lineNumber":60,"author":{"gitId":"StanleyLG"},"content":"        }","lastModifiedDate":"2021-10-03"},{"lineNumber":61,"author":{"gitId":"StanleyLG"},"content":"        printer.separator();","lastModifiedDate":"2021-10-03"},{"lineNumber":62,"author":{"gitId":"StanleyLG"},"content":"    }","lastModifiedDate":"2021-10-03"},{"lineNumber":63,"author":{"gitId":"StanleyLG"},"content":"}","lastModifiedDate":"2021-10-03"}],"authorContributionMap":{"StanleyLG":63}},{"path":"src/main/java/TaskList/Task_Enum.java","fileType":"java","lines":[{"lineNumber":1,"author":{"gitId":"StanleyLG"},"content":"package TaskList;","lastModifiedDate":"2021-10-16"},{"lineNumber":2,"author":{"gitId":"StanleyLG"},"content":"","lastModifiedDate":"2021-10-16"},{"lineNumber":3,"author":{"gitId":"StanleyLG"},"content":"public enum Task_Enum {","lastModifiedDate":"2021-10-16"},{"lineNumber":4,"author":{"gitId":"StanleyLG"},"content":"    TODO,       //0","lastModifiedDate":"2021-10-16"},{"lineNumber":5,"author":{"gitId":"StanleyLG"},"content":"    DEADLINE,   //1","lastModifiedDate":"2021-10-16"},{"lineNumber":6,"author":{"gitId":"StanleyLG"},"content":"    EVENT,      //2","lastModifiedDate":"2021-10-16"},{"lineNumber":7,"author":{"gitId":"StanleyLG"},"content":"}","lastModifiedDate":"2021-10-16"}],"authorContributionMap":{"StanleyLG":7}},{"path":"src/main/java/TaskList/ToDos.java","fileType":"java","lines":[{"lineNumber":1,"author":{"gitId":"StanleyLG"},"content":"package TaskList;","lastModifiedDate":"2021-10-16"},{"lineNumber":2,"author":{"gitId":"StanleyLG"},"content":"","lastModifiedDate":"2021-10-03"},{"lineNumber":3,"author":{"gitId":"StanleyLG"},"content":"public class ToDos extends Task {","lastModifiedDate":"2021-09-11"},{"lineNumber":4,"author":{"gitId":"StanleyLG"},"content":"    protected String action;","lastModifiedDate":"2021-09-11"},{"lineNumber":5,"author":{"gitId":"StanleyLG"},"content":"","lastModifiedDate":"2021-09-11"},{"lineNumber":6,"author":{"gitId":"StanleyLG"},"content":"    public ToDos(String description, String action) {","lastModifiedDate":"2021-09-11"},{"lineNumber":7,"author":{"gitId":"StanleyLG"},"content":"        super(description);","lastModifiedDate":"2021-09-11"},{"lineNumber":8,"author":{"gitId":"StanleyLG"},"content":"        this.action \u003d action;","lastModifiedDate":"2021-09-11"},{"lineNumber":9,"author":{"gitId":"StanleyLG"},"content":"    }","lastModifiedDate":"2021-09-11"},{"lineNumber":10,"author":{"gitId":"StanleyLG"},"content":"","lastModifiedDate":"2021-09-11"},{"lineNumber":11,"author":{"gitId":"StanleyLG"},"content":"    @Override","lastModifiedDate":"2021-09-11"},{"lineNumber":12,"author":{"gitId":"StanleyLG"},"content":"    public String toString() {","lastModifiedDate":"2021-09-11"},{"lineNumber":13,"author":{"gitId":"StanleyLG"},"content":"        return \"[T]\" + super.toString();","lastModifiedDate":"2021-09-11"},{"lineNumber":14,"author":{"gitId":"StanleyLG"},"content":"    }","lastModifiedDate":"2021-09-11"},{"lineNumber":15,"author":{"gitId":"StanleyLG"},"content":"}","lastModifiedDate":"2021-09-11"}],"authorContributionMap":{"StanleyLG":15}},{"path":"src/main/java/UI/ReturnMessages.java","fileType":"java","lines":[{"lineNumber":1,"author":{"gitId":"StanleyLG"},"content":"package UI;","lastModifiedDate":"2021-10-16"},{"lineNumber":2,"author":{"gitId":"StanleyLG"},"content":"","lastModifiedDate":"2021-10-03"},{"lineNumber":3,"author":{"gitId":"StanleyLG"},"content":"public class ReturnMessages {","lastModifiedDate":"2021-10-16"},{"lineNumber":4,"author":{"gitId":"StanleyLG"},"content":"    public void separator(){","lastModifiedDate":"2021-09-11"},{"lineNumber":5,"author":{"gitId":"StanleyLG"},"content":"        System.out.println(\"    ____________________________________________________________\");","lastModifiedDate":"2021-09-11"},{"lineNumber":6,"author":{"gitId":"StanleyLG"},"content":"    }","lastModifiedDate":"2021-09-11"},{"lineNumber":7,"author":{"gitId":"StanleyLG"},"content":"","lastModifiedDate":"2021-09-11"},{"lineNumber":8,"author":{"gitId":"StanleyLG"},"content":"    public void taskDoneFeedback(){","lastModifiedDate":"2021-09-11"},{"lineNumber":9,"author":{"gitId":"StanleyLG"},"content":"        separator();","lastModifiedDate":"2021-09-11"},{"lineNumber":10,"author":{"gitId":"StanleyLG"},"content":"        System.out.println(\"     Nice! I\u0027ve marked this task as done:\");","lastModifiedDate":"2021-09-11"},{"lineNumber":11,"author":{"gitId":"StanleyLG"},"content":"    }","lastModifiedDate":"2021-09-11"},{"lineNumber":12,"author":{"gitId":"StanleyLG"},"content":"    public void taskAddFeedback(){","lastModifiedDate":"2021-09-11"},{"lineNumber":13,"author":{"gitId":"StanleyLG"},"content":"        separator();","lastModifiedDate":"2021-09-11"},{"lineNumber":14,"author":{"gitId":"StanleyLG"},"content":"        System.out.println(\"     Got it. I\u0027ve added this task:\");","lastModifiedDate":"2021-09-11"},{"lineNumber":15,"author":{"gitId":"StanleyLG"},"content":"    }","lastModifiedDate":"2021-09-11"},{"lineNumber":16,"author":{"gitId":"StanleyLG"},"content":"    public void welcomeFeedback(){","lastModifiedDate":"2021-09-11"},{"lineNumber":17,"author":{"gitId":"StanleyLG"},"content":"        separator();","lastModifiedDate":"2021-09-11"},{"lineNumber":18,"author":{"gitId":"StanleyLG"},"content":"        System.out.println(\"    Hello! I\u0027m Duke.Duke\");","lastModifiedDate":"2021-10-16"},{"lineNumber":19,"author":{"gitId":"StanleyLG"},"content":"        System.out.println(\"    What can I do for you?\");","lastModifiedDate":"2021-09-11"},{"lineNumber":20,"author":{"gitId":"StanleyLG"},"content":"        separator();","lastModifiedDate":"2021-09-11"},{"lineNumber":21,"author":{"gitId":"StanleyLG"},"content":"    }","lastModifiedDate":"2021-09-11"},{"lineNumber":22,"author":{"gitId":"StanleyLG"},"content":"    public void exitFeedback(){","lastModifiedDate":"2021-09-11"},{"lineNumber":23,"author":{"gitId":"StanleyLG"},"content":"        separator();","lastModifiedDate":"2021-09-11"},{"lineNumber":24,"author":{"gitId":"StanleyLG"},"content":"        System.out.println(\"    Bye. Hope to see you again soon!\");","lastModifiedDate":"2021-09-11"},{"lineNumber":25,"author":{"gitId":"StanleyLG"},"content":"        separator();","lastModifiedDate":"2021-09-11"},{"lineNumber":26,"author":{"gitId":"StanleyLG"},"content":"    }","lastModifiedDate":"2021-09-11"},{"lineNumber":27,"author":{"gitId":"StanleyLG"},"content":"    public void exception_feedback_emptyDescription(String taskType){","lastModifiedDate":"2021-10-03"},{"lineNumber":28,"author":{"gitId":"StanleyLG"},"content":"        separator();","lastModifiedDate":"2021-10-02"},{"lineNumber":29,"author":{"gitId":"StanleyLG"},"content":"        System.out.printf(\"     ☹ OOPS!!! The description of a %s cannot be empty.\\n\", taskType);","lastModifiedDate":"2021-10-02"},{"lineNumber":30,"author":{"gitId":"StanleyLG"},"content":"        separator();","lastModifiedDate":"2021-10-02"},{"lineNumber":31,"author":{"gitId":"StanleyLG"},"content":"    }","lastModifiedDate":"2021-10-02"},{"lineNumber":32,"author":{"gitId":"StanleyLG"},"content":"    public void exception_feedback_emptyTaskList(){","lastModifiedDate":"2021-10-03"},{"lineNumber":33,"author":{"gitId":"StanleyLG"},"content":"        separator();","lastModifiedDate":"2021-10-02"},{"lineNumber":34,"author":{"gitId":"StanleyLG"},"content":"        System.out.println(\"     ☹ OOPS!!! The list is empty ^_^\");","lastModifiedDate":"2021-10-02"},{"lineNumber":35,"author":{"gitId":"StanleyLG"},"content":"        separator();","lastModifiedDate":"2021-10-02"},{"lineNumber":36,"author":{"gitId":"StanleyLG"},"content":"    }","lastModifiedDate":"2021-10-02"},{"lineNumber":37,"author":{"gitId":"StanleyLG"},"content":"    public void exception_feedback_unknownSyntax(String message){","lastModifiedDate":"2021-10-03"},{"lineNumber":38,"author":{"gitId":"StanleyLG"},"content":"        separator();","lastModifiedDate":"2021-10-02"},{"lineNumber":39,"author":{"gitId":"StanleyLG"},"content":"        System.out.printf(\"     ☹ OOPS!!! I\u0027m sorry, but I don\u0027t know what [%s] means :-(\\n\", message);","lastModifiedDate":"2021-10-02"},{"lineNumber":40,"author":{"gitId":"StanleyLG"},"content":"        separator();","lastModifiedDate":"2021-10-02"},{"lineNumber":41,"author":{"gitId":"StanleyLG"},"content":"    }","lastModifiedDate":"2021-10-02"},{"lineNumber":42,"author":{"gitId":"StanleyLG"},"content":"    public void exception_feedback_taskNotFound(String message){","lastModifiedDate":"2021-10-03"},{"lineNumber":43,"author":{"gitId":"StanleyLG"},"content":"        separator();","lastModifiedDate":"2021-10-02"},{"lineNumber":44,"author":{"gitId":"StanleyLG"},"content":"        System.out.printf(\"     ☹ OOPS!!! Please key in by Tasks.Task ID instead of [%s]\\n\", message);","lastModifiedDate":"2021-10-03"},{"lineNumber":45,"author":{"gitId":"StanleyLG"},"content":"        separator();","lastModifiedDate":"2021-10-02"},{"lineNumber":46,"author":{"gitId":"StanleyLG"},"content":"    }","lastModifiedDate":"2021-10-02"},{"lineNumber":47,"author":{"gitId":"StanleyLG"},"content":"    public void exception_feedback_noTimeConcept(){","lastModifiedDate":"2021-10-03"},{"lineNumber":48,"author":{"gitId":"StanleyLG"},"content":"        separator();","lastModifiedDate":"2021-10-02"},{"lineNumber":49,"author":{"gitId":"StanleyLG"},"content":"        System.out.println(\"     ☹ HEY!!! Please give a due date for deadlines and events. Let\u0027s have some sense of time \u003e_\u003c|||\");","lastModifiedDate":"2021-10-02"},{"lineNumber":50,"author":{"gitId":"StanleyLG"},"content":"        separator();","lastModifiedDate":"2021-10-02"},{"lineNumber":51,"author":{"gitId":"StanleyLG"},"content":"    }","lastModifiedDate":"2021-10-02"},{"lineNumber":52,"author":{"gitId":"StanleyLG"},"content":"    public void exception_feedback_cantSave(){","lastModifiedDate":"2021-10-16"},{"lineNumber":53,"author":{"gitId":"StanleyLG"},"content":"        separator();","lastModifiedDate":"2021-10-16"},{"lineNumber":54,"author":{"gitId":"StanleyLG"},"content":"        System.out.println(\"     ☹ OOPS!!! Exception caught while saving \u003e_\u003c|||\");","lastModifiedDate":"2021-10-16"},{"lineNumber":55,"author":{"gitId":"StanleyLG"},"content":"        separator();","lastModifiedDate":"2021-10-16"},{"lineNumber":56,"author":{"gitId":"StanleyLG"},"content":"    }","lastModifiedDate":"2021-10-16"},{"lineNumber":57,"author":{"gitId":"StanleyLG"},"content":"    public void exception_feedback_loadingError(){","lastModifiedDate":"2021-10-16"},{"lineNumber":58,"author":{"gitId":"StanleyLG"},"content":"        separator();","lastModifiedDate":"2021-10-16"},{"lineNumber":59,"author":{"gitId":"StanleyLG"},"content":"        String logo \u003d \" ____        _        \\n\"","lastModifiedDate":"2021-10-16"},{"lineNumber":60,"author":{"gitId":"StanleyLG"},"content":"                + \"|  _ \\\\ _   _| | _____ \\n\"","lastModifiedDate":"2021-10-16"},{"lineNumber":61,"author":{"gitId":"StanleyLG"},"content":"                + \"| | | | | | | |/ / _ \\\\\\n\"","lastModifiedDate":"2021-10-16"},{"lineNumber":62,"author":{"gitId":"StanleyLG"},"content":"                + \"| |_| | |_| |   \u003c  __/\\n\"","lastModifiedDate":"2021-10-16"},{"lineNumber":63,"author":{"gitId":"StanleyLG"},"content":"                + \"|____/ \\\\__,_|_|\\\\_\\\\___|\\n\";","lastModifiedDate":"2021-10-16"},{"lineNumber":64,"author":{"gitId":"StanleyLG"},"content":"        System.out.println(\"     ☹ OOPS!!! Something went wrong while loading\");","lastModifiedDate":"2021-10-16"},{"lineNumber":65,"author":{"gitId":"StanleyLG"},"content":"        separator();","lastModifiedDate":"2021-10-16"},{"lineNumber":66,"author":{"gitId":"StanleyLG"},"content":"    }","lastModifiedDate":"2021-10-16"},{"lineNumber":67,"author":{"gitId":"StanleyLG"},"content":"}","lastModifiedDate":"2021-09-11"}],"authorContributionMap":{"StanleyLG":67}},{"path":"src/main/java/UI/UI.java","fileType":"java","lines":[{"lineNumber":1,"author":{"gitId":"StanleyLG"},"content":"package UI;","lastModifiedDate":"2021-10-16"},{"lineNumber":2,"author":{"gitId":"StanleyLG"},"content":"public class UI{","lastModifiedDate":"2021-10-16"},{"lineNumber":3,"author":{"gitId":"StanleyLG"},"content":"","lastModifiedDate":"2021-10-16"},{"lineNumber":4,"author":{"gitId":"StanleyLG"},"content":"    private static ReturnMessages returnMessage \u003d new ReturnMessages();","lastModifiedDate":"2021-10-16"},{"lineNumber":5,"author":{"gitId":"StanleyLG"},"content":"","lastModifiedDate":"2021-10-16"},{"lineNumber":6,"author":{"gitId":"StanleyLG"},"content":"    public void show(){","lastModifiedDate":"2021-10-16"},{"lineNumber":7,"author":{"gitId":"-"},"content":"        String logo \u003d \" ____        _        \\n\"","lastModifiedDate":"2021-10-16"},{"lineNumber":8,"author":{"gitId":"-"},"content":"                + \"|  _ \\\\ _   _| | _____ \\n\"","lastModifiedDate":"2021-10-16"},{"lineNumber":9,"author":{"gitId":"-"},"content":"                + \"| | | | | | | |/ / _ \\\\\\n\"","lastModifiedDate":"2021-10-16"},{"lineNumber":10,"author":{"gitId":"-"},"content":"                + \"| |_| | |_| |   \u003c  __/\\n\"","lastModifiedDate":"2021-10-16"},{"lineNumber":11,"author":{"gitId":"-"},"content":"                + \"|____/ \\\\__,_|_|\\\\_\\\\___|\\n\";","lastModifiedDate":"2021-10-16"},{"lineNumber":12,"author":{"gitId":"-"},"content":"        System.out.println(\"Hello from\\n\" + logo);","lastModifiedDate":"2021-10-16"},{"lineNumber":13,"author":{"gitId":"-"},"content":"    }","lastModifiedDate":"2021-10-16"},{"lineNumber":14,"author":{"gitId":"StanleyLG"},"content":"","lastModifiedDate":"2021-10-16"},{"lineNumber":15,"author":{"gitId":"StanleyLG"},"content":"    public void showLoadingError(){","lastModifiedDate":"2021-10-16"},{"lineNumber":16,"author":{"gitId":"StanleyLG"},"content":"        returnMessage.exception_feedback_loadingError();","lastModifiedDate":"2021-10-16"},{"lineNumber":17,"author":{"gitId":"StanleyLG"},"content":"    }","lastModifiedDate":"2021-10-16"},{"lineNumber":18,"author":{"gitId":"-"},"content":"}","lastModifiedDate":"2021-10-16"}],"authorContributionMap":{"StanleyLG":10,"-":8}},{"path":"text-ui-test/input.txt","fileType":"txt","lines":[{"lineNumber":1,"author":{"gitId":"StanleyLG"},"content":"blah","lastModifiedDate":"2021-10-02"},{"lineNumber":2,"author":{"gitId":"StanleyLG"},"content":"to do","lastModifiedDate":"2021-10-02"},{"lineNumber":3,"author":{"gitId":"StanleyLG"},"content":"to do","lastModifiedDate":"2021-10-03"},{"lineNumber":4,"author":{"gitId":"StanleyLG"},"content":"list","lastModifiedDate":"2021-10-02"},{"lineNumber":5,"author":{"gitId":"StanleyLG"},"content":"read book","lastModifiedDate":"2021-09-02"},{"lineNumber":6,"author":{"gitId":"StanleyLG"},"content":"to do read book","lastModifiedDate":"2021-10-02"},{"lineNumber":7,"author":{"gitId":"StanleyLG"},"content":"deadline return book","lastModifiedDate":"2021-10-02"},{"lineNumber":8,"author":{"gitId":"StanleyLG"},"content":"deadline return book /by June 6th","lastModifiedDate":"2021-09-11"},{"lineNumber":9,"author":{"gitId":"StanleyLG"},"content":"event project meeting","lastModifiedDate":"2021-10-03"},{"lineNumber":10,"author":{"gitId":"StanleyLG"},"content":"event project meeting /at Aug 6th 2-4PM","lastModifiedDate":"2021-10-02"},{"lineNumber":11,"author":{"gitId":"StanleyLG"},"content":"to do join sports club","lastModifiedDate":"2021-09-11"},{"lineNumber":12,"author":{"gitId":"StanleyLG"},"content":"to do borrow book","lastModifiedDate":"2021-09-11"},{"lineNumber":13,"author":{"gitId":"StanleyLG"},"content":"list","lastModifiedDate":"2021-09-11"},{"lineNumber":14,"author":{"gitId":"StanleyLG"},"content":"deadline return book /by Sunday","lastModifiedDate":"2021-09-11"},{"lineNumber":15,"author":{"gitId":"StanleyLG"},"content":"event project meeting /at Mon 2-4pm","lastModifiedDate":"2021-09-11"},{"lineNumber":16,"author":{"gitId":"StanleyLG"},"content":"deadline do homework /by no idea :-p","lastModifiedDate":"2021-09-11"},{"lineNumber":17,"author":{"gitId":"StanleyLG"},"content":"list","lastModifiedDate":"2021-10-02"},{"lineNumber":18,"author":{"gitId":"StanleyLG"},"content":"done 1","lastModifiedDate":"2021-10-02"},{"lineNumber":19,"author":{"gitId":"StanleyLG"},"content":"done 2","lastModifiedDate":"2021-10-02"},{"lineNumber":20,"author":{"gitId":"StanleyLG"},"content":"list","lastModifiedDate":"2021-10-02"},{"lineNumber":21,"author":{"gitId":"StanleyLG"},"content":"done project meeting","lastModifiedDate":"2021-10-02"},{"lineNumber":22,"author":{"gitId":"StanleyLG"},"content":"done 3","lastModifiedDate":"2021-10-02"},{"lineNumber":23,"author":{"gitId":"StanleyLG"},"content":"done 5","lastModifiedDate":"2021-10-02"},{"lineNumber":24,"author":{"gitId":"StanleyLG"},"content":"done 6","lastModifiedDate":"2021-10-02"}],"authorContributionMap":{"StanleyLG":24}},{"path":"text-ui-test/runtest.bat","fileType":"bat","lines":[{"lineNumber":1,"author":{"gitId":"-"},"content":"@ECHO OFF","lastModifiedDate":"2020-05-25"},{"lineNumber":2,"author":{"gitId":"-"},"content":"","lastModifiedDate":"2020-05-25"},{"lineNumber":3,"author":{"gitId":"-"},"content":"REM create bin directory if it doesn\u0027t exist","lastModifiedDate":"2020-05-25"},{"lineNumber":4,"author":{"gitId":"-"},"content":"if not exist ..\\bin mkdir ..\\bin","lastModifiedDate":"2020-05-25"},{"lineNumber":5,"author":{"gitId":"-"},"content":"","lastModifiedDate":"2020-05-25"},{"lineNumber":6,"author":{"gitId":"-"},"content":"REM delete output from previous run","lastModifiedDate":"2020-05-25"},{"lineNumber":7,"author":{"gitId":"-"},"content":"if exist ACTUAL.TXT del ACTUAL.TXT","lastModifiedDate":"2020-08-25"},{"lineNumber":8,"author":{"gitId":"-"},"content":"","lastModifiedDate":"2020-05-25"},{"lineNumber":9,"author":{"gitId":"-"},"content":"REM compile the code into the bin folder","lastModifiedDate":"2020-05-25"},{"lineNumber":10,"author":{"gitId":"StanleyLG"},"content":"javac  -cp ..\\src\\main\\java -Xlint:none -d ..\\bin ..\\src\\main\\java\\Duke.Duke.java","lastModifiedDate":"2021-10-16"},{"lineNumber":11,"author":{"gitId":"-"},"content":"IF ERRORLEVEL 1 (","lastModifiedDate":"2020-05-25"},{"lineNumber":12,"author":{"gitId":"-"},"content":"    echo ********** BUILD FAILURE **********","lastModifiedDate":"2020-05-25"},{"lineNumber":13,"author":{"gitId":"-"},"content":"    exit /b 1","lastModifiedDate":"2020-05-25"},{"lineNumber":14,"author":{"gitId":"-"},"content":")","lastModifiedDate":"2020-05-25"},{"lineNumber":15,"author":{"gitId":"-"},"content":"REM no error here, errorlevel \u003d\u003d 0","lastModifiedDate":"2020-05-25"},{"lineNumber":16,"author":{"gitId":"-"},"content":"","lastModifiedDate":"2020-05-25"},{"lineNumber":17,"author":{"gitId":"-"},"content":"REM run the program, feed commands from input.txt file and redirect the output to the ACTUAL.TXT","lastModifiedDate":"2020-05-25"},{"lineNumber":18,"author":{"gitId":"StanleyLG"},"content":"java -classpath ..\\bin Duke.Duke \u003c input.txt \u003e ACTUAL.TXT","lastModifiedDate":"2021-10-16"},{"lineNumber":19,"author":{"gitId":"-"},"content":"","lastModifiedDate":"2020-05-25"},{"lineNumber":20,"author":{"gitId":"-"},"content":"REM compare the output to the expected output","lastModifiedDate":"2020-05-25"},{"lineNumber":21,"author":{"gitId":"-"},"content":"FC ACTUAL.TXT EXPECTED.TXT","lastModifiedDate":"2020-05-25"}],"authorContributionMap":{"StanleyLG":2,"-":19}},{"path":"text-ui-test/runtest.sh","fileType":"sh","lines":[{"lineNumber":1,"author":{"gitId":"-"},"content":"#!/usr/bin/env bash","lastModifiedDate":"2020-05-25"},{"lineNumber":2,"author":{"gitId":"-"},"content":"","lastModifiedDate":"2020-05-25"},{"lineNumber":3,"author":{"gitId":"-"},"content":"# create bin directory if it doesn\u0027t exist","lastModifiedDate":"2020-05-25"},{"lineNumber":4,"author":{"gitId":"-"},"content":"if [ ! -d \"../bin\" ]","lastModifiedDate":"2020-05-25"},{"lineNumber":5,"author":{"gitId":"-"},"content":"then","lastModifiedDate":"2020-05-25"},{"lineNumber":6,"author":{"gitId":"-"},"content":"    mkdir ../bin","lastModifiedDate":"2020-05-25"},{"lineNumber":7,"author":{"gitId":"-"},"content":"fi","lastModifiedDate":"2020-05-25"},{"lineNumber":8,"author":{"gitId":"-"},"content":"","lastModifiedDate":"2020-05-25"},{"lineNumber":9,"author":{"gitId":"-"},"content":"# delete output from previous run","lastModifiedDate":"2020-05-25"},{"lineNumber":10,"author":{"gitId":"-"},"content":"if [ -e \"./ACTUAL.TXT\" ]","lastModifiedDate":"2020-05-25"},{"lineNumber":11,"author":{"gitId":"-"},"content":"then","lastModifiedDate":"2020-05-25"},{"lineNumber":12,"author":{"gitId":"-"},"content":"    rm ACTUAL.TXT","lastModifiedDate":"2020-05-25"},{"lineNumber":13,"author":{"gitId":"-"},"content":"fi","lastModifiedDate":"2020-05-25"},{"lineNumber":14,"author":{"gitId":"-"},"content":"","lastModifiedDate":"2020-05-25"},{"lineNumber":15,"author":{"gitId":"-"},"content":"# compile the code into the bin folder, terminates if error occurred","lastModifiedDate":"2020-05-25"},{"lineNumber":16,"author":{"gitId":"StanleyLG"},"content":"if ! javac -cp ../src/main/java -Xlint:none -d ../bin ../src/main/java/Duke.java","lastModifiedDate":"2021-09-02"},{"lineNumber":17,"author":{"gitId":"-"},"content":"then","lastModifiedDate":"2020-05-25"},{"lineNumber":18,"author":{"gitId":"-"},"content":"    echo \"********** BUILD FAILURE **********\"","lastModifiedDate":"2020-05-25"},{"lineNumber":19,"author":{"gitId":"-"},"content":"    exit 1","lastModifiedDate":"2020-05-25"},{"lineNumber":20,"author":{"gitId":"-"},"content":"fi","lastModifiedDate":"2020-05-25"},{"lineNumber":21,"author":{"gitId":"-"},"content":"","lastModifiedDate":"2020-05-25"},{"lineNumber":22,"author":{"gitId":"-"},"content":"# run the program, feed commands from input.txt file and redirect the output to the ACTUAL.TXT","lastModifiedDate":"2020-05-25"},{"lineNumber":23,"author":{"gitId":"-"},"content":"java -classpath ../bin Duke \u003c input.txt \u003e ACTUAL.TXT","lastModifiedDate":"2020-05-25"},{"lineNumber":24,"author":{"gitId":"-"},"content":"","lastModifiedDate":"2020-05-25"},{"lineNumber":25,"author":{"gitId":"-"},"content":"# convert to UNIX format","lastModifiedDate":"2020-05-25"},{"lineNumber":26,"author":{"gitId":"-"},"content":"cp EXPECTED.TXT EXPECTED-UNIX.TXT","lastModifiedDate":"2020-05-25"},{"lineNumber":27,"author":{"gitId":"-"},"content":"dos2unix ACTUAL.TXT EXPECTED-UNIX.TXT","lastModifiedDate":"2020-05-25"},{"lineNumber":28,"author":{"gitId":"-"},"content":"","lastModifiedDate":"2020-05-25"},{"lineNumber":29,"author":{"gitId":"-"},"content":"# compare the output to the expected output","lastModifiedDate":"2020-05-25"},{"lineNumber":30,"author":{"gitId":"-"},"content":"diff ACTUAL.TXT EXPECTED-UNIX.TXT","lastModifiedDate":"2020-05-25"},{"lineNumber":31,"author":{"gitId":"-"},"content":"if [ $? -eq 0 ]","lastModifiedDate":"2020-05-25"},{"lineNumber":32,"author":{"gitId":"-"},"content":"then","lastModifiedDate":"2020-05-25"},{"lineNumber":33,"author":{"gitId":"-"},"content":"    echo \"Test result: PASSED\"","lastModifiedDate":"2020-05-25"},{"lineNumber":34,"author":{"gitId":"-"},"content":"    exit 0","lastModifiedDate":"2020-05-25"},{"lineNumber":35,"author":{"gitId":"-"},"content":"else","lastModifiedDate":"2020-05-25"},{"lineNumber":36,"author":{"gitId":"-"},"content":"    echo \"Test result: FAILED\"","lastModifiedDate":"2020-05-25"},{"lineNumber":37,"author":{"gitId":"-"},"content":"    exit 1","lastModifiedDate":"2020-05-25"},{"lineNumber":38,"author":{"gitId":"-"},"content":"fi","lastModifiedDate":"2020-05-25"}],"authorContributionMap":{"StanleyLG":1,"-":37}}]
