[{"path":"src/main/java/Duke.java","fileType":"java","lines":[{"lineNumber":1,"author":{"gitId":"StanleyLG"},"content":"import Exception_Handling.*;","lastModifiedDate":"2021-10-03"},{"lineNumber":2,"author":{"gitId":"StanleyLG"},"content":"import Tasks.*;","lastModifiedDate":"2021-10-03"},{"lineNumber":3,"author":{"gitId":"StanleyLG"},"content":"","lastModifiedDate":"2021-10-03"},{"lineNumber":4,"author":{"gitId":"StanleyLG"},"content":"import java.util.Scanner;","lastModifiedDate":"2021-08-28"},{"lineNumber":5,"author":{"gitId":"StanleyLG"},"content":"","lastModifiedDate":"2021-08-28"},{"lineNumber":6,"author":{"gitId":"-"},"content":"public class Duke {","lastModifiedDate":"2019-07-29"},{"lineNumber":7,"author":{"gitId":"StanleyLG"},"content":"    private static TaskList taskList \u003d new TaskList();","lastModifiedDate":"2021-10-03"},{"lineNumber":8,"author":{"gitId":"StanleyLG"},"content":"    private static PrintHelper printer \u003d new PrintHelper();","lastModifiedDate":"2021-09-11"},{"lineNumber":9,"author":{"gitId":"StanleyLG"},"content":"","lastModifiedDate":"2021-10-03"},{"lineNumber":10,"author":{"gitId":"StanleyLG"},"content":"    public static void addCommand(String command) throws UnknownSyntaxException, EmptyDescriptionException, TimeManagementException {","lastModifiedDate":"2021-10-02"},{"lineNumber":11,"author":{"gitId":"StanleyLG"},"content":"        String keyword;","lastModifiedDate":"2021-10-02"},{"lineNumber":12,"author":{"gitId":"StanleyLG"},"content":"        String detail;","lastModifiedDate":"2021-10-02"},{"lineNumber":13,"author":{"gitId":"StanleyLG"},"content":"        Task temp_task;","lastModifiedDate":"2021-10-03"},{"lineNumber":14,"author":{"gitId":"StanleyLG"},"content":"        try {","lastModifiedDate":"2021-10-02"},{"lineNumber":15,"author":{"gitId":"StanleyLG"},"content":"            String[] toWords \u003d command.split(\" \", 2);","lastModifiedDate":"2021-09-11"},{"lineNumber":16,"author":{"gitId":"StanleyLG"},"content":"            keyword \u003d toWords[0];","lastModifiedDate":"2021-10-02"},{"lineNumber":17,"author":{"gitId":"StanleyLG"},"content":"            detail \u003d toWords[1];","lastModifiedDate":"2021-10-02"},{"lineNumber":18,"author":{"gitId":"StanleyLG"},"content":"        }","lastModifiedDate":"2021-10-02"},{"lineNumber":19,"author":{"gitId":"StanleyLG"},"content":"        catch(ArrayIndexOutOfBoundsException aio) {","lastModifiedDate":"2021-10-02"},{"lineNumber":20,"author":{"gitId":"StanleyLG"},"content":"            if(command.contains(\"todo\") || command.contains(\"deadline\") || command.contains(\"event\")){","lastModifiedDate":"2021-10-02"},{"lineNumber":21,"author":{"gitId":"StanleyLG"},"content":"                throw new EmptyDescriptionException();","lastModifiedDate":"2021-10-02"},{"lineNumber":22,"author":{"gitId":"StanleyLG"},"content":"            }","lastModifiedDate":"2021-10-02"},{"lineNumber":23,"author":{"gitId":"StanleyLG"},"content":"            else {","lastModifiedDate":"2021-10-02"},{"lineNumber":24,"author":{"gitId":"StanleyLG"},"content":"                throw new UnknownSyntaxException();","lastModifiedDate":"2021-10-02"},{"lineNumber":25,"author":{"gitId":"StanleyLG"},"content":"            }","lastModifiedDate":"2021-10-02"},{"lineNumber":26,"author":{"gitId":"StanleyLG"},"content":"        }","lastModifiedDate":"2021-10-02"},{"lineNumber":27,"author":{"gitId":"StanleyLG"},"content":"        try{","lastModifiedDate":"2021-10-02"},{"lineNumber":28,"author":{"gitId":"StanleyLG"},"content":"            switch (keyword) {","lastModifiedDate":"2021-09-11"},{"lineNumber":29,"author":{"gitId":"StanleyLG"},"content":"                case \"todo\":","lastModifiedDate":"2021-09-11"},{"lineNumber":30,"author":{"gitId":"StanleyLG"},"content":"                    temp_task \u003d new ToDos(detail, detail);","lastModifiedDate":"2021-10-03"},{"lineNumber":31,"author":{"gitId":"StanleyLG"},"content":"                    break;","lastModifiedDate":"2021-09-11"},{"lineNumber":32,"author":{"gitId":"StanleyLG"},"content":"                case \"deadline\":","lastModifiedDate":"2021-09-11"},{"lineNumber":33,"author":{"gitId":"StanleyLG"},"content":"                    String[] dl \u003d detail.split(\"/by\", 2);","lastModifiedDate":"2021-10-02"},{"lineNumber":34,"author":{"gitId":"StanleyLG"},"content":"                    temp_task \u003d new Deadline(dl[0], dl[1]);","lastModifiedDate":"2021-10-03"},{"lineNumber":35,"author":{"gitId":"StanleyLG"},"content":"                    break;","lastModifiedDate":"2021-09-11"},{"lineNumber":36,"author":{"gitId":"StanleyLG"},"content":"                case \"event\":","lastModifiedDate":"2021-10-02"},{"lineNumber":37,"author":{"gitId":"StanleyLG"},"content":"                    String[] dt \u003d detail.split(\"/at\", 2);","lastModifiedDate":"2021-10-02"},{"lineNumber":38,"author":{"gitId":"StanleyLG"},"content":"                    temp_task \u003d new Events(dt[0], dt[1]);","lastModifiedDate":"2021-10-03"},{"lineNumber":39,"author":{"gitId":"StanleyLG"},"content":"                    break;","lastModifiedDate":"2021-09-11"},{"lineNumber":40,"author":{"gitId":"StanleyLG"},"content":"                default:","lastModifiedDate":"2021-09-11"},{"lineNumber":41,"author":{"gitId":"StanleyLG"},"content":"                    throw new UnknownSyntaxException();","lastModifiedDate":"2021-10-02"},{"lineNumber":42,"author":{"gitId":"StanleyLG"},"content":"            }","lastModifiedDate":"2021-09-11"},{"lineNumber":43,"author":{"gitId":"StanleyLG"},"content":"        }","lastModifiedDate":"2021-09-11"},{"lineNumber":44,"author":{"gitId":"StanleyLG"},"content":"        catch(IndexOutOfBoundsException e){","lastModifiedDate":"2021-10-02"},{"lineNumber":45,"author":{"gitId":"StanleyLG"},"content":"            if(command.contains(\"deadline\") || command.contains(\"event\")){","lastModifiedDate":"2021-10-02"},{"lineNumber":46,"author":{"gitId":"StanleyLG"},"content":"                throw new TimeManagementException();","lastModifiedDate":"2021-10-02"},{"lineNumber":47,"author":{"gitId":"StanleyLG"},"content":"            }","lastModifiedDate":"2021-09-11"},{"lineNumber":48,"author":{"gitId":"StanleyLG"},"content":"            throw new UnknownSyntaxException();","lastModifiedDate":"2021-10-02"},{"lineNumber":49,"author":{"gitId":"StanleyLG"},"content":"        }","lastModifiedDate":"2021-09-11"},{"lineNumber":50,"author":{"gitId":"StanleyLG"},"content":"        taskList.addTask(temp_task);","lastModifiedDate":"2021-10-03"},{"lineNumber":51,"author":{"gitId":"StanleyLG"},"content":"    }","lastModifiedDate":"2021-08-28"},{"lineNumber":52,"author":{"gitId":"StanleyLG"},"content":"","lastModifiedDate":"2021-09-11"},{"lineNumber":53,"author":{"gitId":"StanleyLG"},"content":"    public static void reply(String command) throws EmptyTaskListException, UnknownSyntaxException, TaskNotFoundException {","lastModifiedDate":"2021-10-02"},{"lineNumber":54,"author":{"gitId":"StanleyLG"},"content":"        if(command.contains(\"done\")){","lastModifiedDate":"2021-09-02"},{"lineNumber":55,"author":{"gitId":"StanleyLG"},"content":"            try {","lastModifiedDate":"2021-10-02"},{"lineNumber":56,"author":{"gitId":"StanleyLG"},"content":"                String[] doneCmd \u003d command.split(\" \");","lastModifiedDate":"2021-09-02"},{"lineNumber":57,"author":{"gitId":"StanleyLG"},"content":"                taskList.getTask(Integer.parseInt(doneCmd[1]) - 1).setDone();","lastModifiedDate":"2021-10-03"},{"lineNumber":58,"author":{"gitId":"StanleyLG"},"content":"                //taskList[Integer.parseInt(doneCmd[1]) - 1].setDone();","lastModifiedDate":"2021-10-03"},{"lineNumber":59,"author":{"gitId":"StanleyLG"},"content":"                printer.taskDoneFeedback();","lastModifiedDate":"2021-09-11"},{"lineNumber":60,"author":{"gitId":"StanleyLG"},"content":"                System.out.println(\"     \" + taskList.getTask(Integer.parseInt(doneCmd[1]) - 1).toString());","lastModifiedDate":"2021-10-03"},{"lineNumber":61,"author":{"gitId":"StanleyLG"},"content":"                printer.separator();","lastModifiedDate":"2021-09-11"},{"lineNumber":62,"author":{"gitId":"StanleyLG"},"content":"                return;","lastModifiedDate":"2021-09-02"},{"lineNumber":63,"author":{"gitId":"StanleyLG"},"content":"            }","lastModifiedDate":"2021-09-02"},{"lineNumber":64,"author":{"gitId":"StanleyLG"},"content":"            catch(NumberFormatException nf){","lastModifiedDate":"2021-10-02"},{"lineNumber":65,"author":{"gitId":"StanleyLG"},"content":"                throw new TaskNotFoundException();","lastModifiedDate":"2021-10-02"},{"lineNumber":66,"author":{"gitId":"StanleyLG"},"content":"            }","lastModifiedDate":"2021-10-02"},{"lineNumber":67,"author":{"gitId":"StanleyLG"},"content":"        }","lastModifiedDate":"2021-10-02"},{"lineNumber":68,"author":{"gitId":"StanleyLG"},"content":"        printer.taskAddFeedback();","lastModifiedDate":"2021-09-11"},{"lineNumber":69,"author":{"gitId":"StanleyLG"},"content":"        try {","lastModifiedDate":"2021-10-02"},{"lineNumber":70,"author":{"gitId":"StanleyLG"},"content":"            System.out.println(\"     \" + taskList.getLastTask().toString());","lastModifiedDate":"2021-10-03"},{"lineNumber":71,"author":{"gitId":"StanleyLG"},"content":"            System.out.println(\"     Now you have \" + taskList.getListSize() + \" tasks in the list.\");","lastModifiedDate":"2021-10-03"},{"lineNumber":72,"author":{"gitId":"StanleyLG"},"content":"            printer.separator();","lastModifiedDate":"2021-09-11"},{"lineNumber":73,"author":{"gitId":"StanleyLG"},"content":"        }","lastModifiedDate":"2021-08-28"},{"lineNumber":74,"author":{"gitId":"StanleyLG"},"content":"        catch(ArrayIndexOutOfBoundsException a){","lastModifiedDate":"2021-10-02"},{"lineNumber":75,"author":{"gitId":"StanleyLG"},"content":"            throw new EmptyTaskListException();","lastModifiedDate":"2021-10-02"},{"lineNumber":76,"author":{"gitId":"StanleyLG"},"content":"        }","lastModifiedDate":"2021-10-02"},{"lineNumber":77,"author":{"gitId":"StanleyLG"},"content":"    }","lastModifiedDate":"2021-10-02"},{"lineNumber":78,"author":{"gitId":"StanleyLG"},"content":"","lastModifiedDate":"2021-08-28"},{"lineNumber":79,"author":{"gitId":"-"},"content":"    public static void main(String[] args) {","lastModifiedDate":"2019-07-29"},{"lineNumber":80,"author":{"gitId":"-"},"content":"        String logo \u003d \" ____        _        \\n\"","lastModifiedDate":"2019-07-29"},{"lineNumber":81,"author":{"gitId":"-"},"content":"                + \"|  _ \\\\ _   _| | _____ \\n\"","lastModifiedDate":"2019-07-29"},{"lineNumber":82,"author":{"gitId":"-"},"content":"                + \"| | | | | | | |/ / _ \\\\\\n\"","lastModifiedDate":"2019-07-29"},{"lineNumber":83,"author":{"gitId":"-"},"content":"                + \"| |_| | |_| |   \u003c  __/\\n\"","lastModifiedDate":"2019-07-29"},{"lineNumber":84,"author":{"gitId":"-"},"content":"                + \"|____/ \\\\__,_|_|\\\\_\\\\___|\\n\";","lastModifiedDate":"2019-07-29"},{"lineNumber":85,"author":{"gitId":"-"},"content":"        System.out.println(\"Hello from\\n\" + logo);","lastModifiedDate":"2019-07-29"},{"lineNumber":86,"author":{"gitId":"StanleyLG"},"content":"        boolean end \u003d false;","lastModifiedDate":"2021-08-28"},{"lineNumber":87,"author":{"gitId":"StanleyLG"},"content":"        String command;","lastModifiedDate":"2021-08-28"},{"lineNumber":88,"author":{"gitId":"StanleyLG"},"content":"        Scanner in \u003d new Scanner(System.in);","lastModifiedDate":"2021-08-28"},{"lineNumber":89,"author":{"gitId":"StanleyLG"},"content":"        printer.welcomeFeedback();","lastModifiedDate":"2021-09-11"},{"lineNumber":90,"author":{"gitId":"StanleyLG"},"content":"        command \u003d in.nextLine();","lastModifiedDate":"2021-08-28"},{"lineNumber":91,"author":{"gitId":"StanleyLG"},"content":"","lastModifiedDate":"2021-09-11"},{"lineNumber":92,"author":{"gitId":"StanleyLG"},"content":"        while(!end){","lastModifiedDate":"2021-08-28"},{"lineNumber":93,"author":{"gitId":"StanleyLG"},"content":"            if(command.equals(\"bye\")){","lastModifiedDate":"2021-08-28"},{"lineNumber":94,"author":{"gitId":"StanleyLG"},"content":"                end \u003d true;","lastModifiedDate":"2021-08-28"},{"lineNumber":95,"author":{"gitId":"StanleyLG"},"content":"            }","lastModifiedDate":"2021-08-28"},{"lineNumber":96,"author":{"gitId":"StanleyLG"},"content":"            else if(command.equals(\"list\")){","lastModifiedDate":"2021-08-28"},{"lineNumber":97,"author":{"gitId":"StanleyLG"},"content":"                try {","lastModifiedDate":"2021-10-02"},{"lineNumber":98,"author":{"gitId":"StanleyLG"},"content":"                    taskList.printTaskList();","lastModifiedDate":"2021-10-03"},{"lineNumber":99,"author":{"gitId":"StanleyLG"},"content":"                }","lastModifiedDate":"2021-10-02"},{"lineNumber":100,"author":{"gitId":"StanleyLG"},"content":"                catch(EmptyTaskListException etl){","lastModifiedDate":"2021-10-02"},{"lineNumber":101,"author":{"gitId":"StanleyLG"},"content":"                    printer.exception_feedback_emptyTaskList();","lastModifiedDate":"2021-10-03"},{"lineNumber":102,"author":{"gitId":"StanleyLG"},"content":"                }","lastModifiedDate":"2021-10-02"},{"lineNumber":103,"author":{"gitId":"StanleyLG"},"content":"                command \u003d in.nextLine();","lastModifiedDate":"2021-08-28"},{"lineNumber":104,"author":{"gitId":"StanleyLG"},"content":"            }","lastModifiedDate":"2021-08-28"},{"lineNumber":105,"author":{"gitId":"StanleyLG"},"content":"            else if(command.contains(\"done\")){","lastModifiedDate":"2021-09-11"},{"lineNumber":106,"author":{"gitId":"StanleyLG"},"content":"                try {","lastModifiedDate":"2021-10-02"},{"lineNumber":107,"author":{"gitId":"StanleyLG"},"content":"                    reply(command);","lastModifiedDate":"2021-08-28"},{"lineNumber":108,"author":{"gitId":"StanleyLG"},"content":"                }","lastModifiedDate":"2021-10-02"},{"lineNumber":109,"author":{"gitId":"StanleyLG"},"content":"                catch(EmptyTaskListException etl){","lastModifiedDate":"2021-10-02"},{"lineNumber":110,"author":{"gitId":"StanleyLG"},"content":"                    printer.exception_feedback_emptyTaskList();","lastModifiedDate":"2021-10-03"},{"lineNumber":111,"author":{"gitId":"StanleyLG"},"content":"                }","lastModifiedDate":"2021-10-02"},{"lineNumber":112,"author":{"gitId":"StanleyLG"},"content":"                catch(UnknownSyntaxException us){","lastModifiedDate":"2021-10-02"},{"lineNumber":113,"author":{"gitId":"StanleyLG"},"content":"                    printer.exception_feedback_unknownSyntax(command);","lastModifiedDate":"2021-10-03"},{"lineNumber":114,"author":{"gitId":"StanleyLG"},"content":"                }","lastModifiedDate":"2021-10-02"},{"lineNumber":115,"author":{"gitId":"StanleyLG"},"content":"                catch(TaskNotFoundException tnf){","lastModifiedDate":"2021-10-02"},{"lineNumber":116,"author":{"gitId":"StanleyLG"},"content":"                    printer.exception_feedback_taskNotFound(command.split(\" \", 2)[1]);","lastModifiedDate":"2021-10-03"},{"lineNumber":117,"author":{"gitId":"StanleyLG"},"content":"                }","lastModifiedDate":"2021-10-02"},{"lineNumber":118,"author":{"gitId":"StanleyLG"},"content":"                command \u003d in.nextLine();","lastModifiedDate":"2021-09-11"},{"lineNumber":119,"author":{"gitId":"StanleyLG"},"content":"            }","lastModifiedDate":"2021-09-02"},{"lineNumber":120,"author":{"gitId":"StanleyLG"},"content":"            else if(command.contains(\"delete\")){","lastModifiedDate":"2021-10-03"},{"lineNumber":121,"author":{"gitId":"StanleyLG"},"content":"                try{","lastModifiedDate":"2021-10-03"},{"lineNumber":122,"author":{"gitId":"StanleyLG"},"content":"                    taskList.deleteTask(Integer.parseInt(command.split(\" \", 2)[1]));","lastModifiedDate":"2021-10-03"},{"lineNumber":123,"author":{"gitId":"StanleyLG"},"content":"                }","lastModifiedDate":"2021-10-03"},{"lineNumber":124,"author":{"gitId":"StanleyLG"},"content":"                catch(TaskNotFoundException tnf){","lastModifiedDate":"2021-10-03"},{"lineNumber":125,"author":{"gitId":"StanleyLG"},"content":"                    printer.exception_feedback_taskNotFound(command.split(\" \", 2)[1]);","lastModifiedDate":"2021-10-03"},{"lineNumber":126,"author":{"gitId":"StanleyLG"},"content":"                }","lastModifiedDate":"2021-10-03"},{"lineNumber":127,"author":{"gitId":"StanleyLG"},"content":"                catch(NumberFormatException e){","lastModifiedDate":"2021-10-03"},{"lineNumber":128,"author":{"gitId":"StanleyLG"},"content":"                    printer.exception_feedback_unknownSyntax(command);","lastModifiedDate":"2021-10-03"},{"lineNumber":129,"author":{"gitId":"StanleyLG"},"content":"                }","lastModifiedDate":"2021-10-03"},{"lineNumber":130,"author":{"gitId":"StanleyLG"},"content":"                catch(EmptyTaskListException etl){","lastModifiedDate":"2021-10-03"},{"lineNumber":131,"author":{"gitId":"StanleyLG"},"content":"                    printer.exception_feedback_emptyTaskList();","lastModifiedDate":"2021-10-03"},{"lineNumber":132,"author":{"gitId":"StanleyLG"},"content":"                }","lastModifiedDate":"2021-10-03"},{"lineNumber":133,"author":{"gitId":"StanleyLG"},"content":"                command \u003d in.nextLine();","lastModifiedDate":"2021-10-03"},{"lineNumber":134,"author":{"gitId":"StanleyLG"},"content":"            }","lastModifiedDate":"2021-10-03"},{"lineNumber":135,"author":{"gitId":"StanleyLG"},"content":"            else{","lastModifiedDate":"2021-09-11"},{"lineNumber":136,"author":{"gitId":"StanleyLG"},"content":"                boolean success \u003d true;","lastModifiedDate":"2021-10-02"},{"lineNumber":137,"author":{"gitId":"StanleyLG"},"content":"                try {","lastModifiedDate":"2021-10-02"},{"lineNumber":138,"author":{"gitId":"StanleyLG"},"content":"                    addCommand(command);","lastModifiedDate":"2021-09-11"},{"lineNumber":139,"author":{"gitId":"StanleyLG"},"content":"                }","lastModifiedDate":"2021-10-02"},{"lineNumber":140,"author":{"gitId":"StanleyLG"},"content":"                catch(UnknownSyntaxException us){","lastModifiedDate":"2021-10-02"},{"lineNumber":141,"author":{"gitId":"StanleyLG"},"content":"                    success \u003d false;","lastModifiedDate":"2021-10-02"},{"lineNumber":142,"author":{"gitId":"StanleyLG"},"content":"                    printer.exception_feedback_unknownSyntax(command);","lastModifiedDate":"2021-10-03"},{"lineNumber":143,"author":{"gitId":"StanleyLG"},"content":"                }","lastModifiedDate":"2021-10-02"},{"lineNumber":144,"author":{"gitId":"StanleyLG"},"content":"                catch(EmptyDescriptionException ed){","lastModifiedDate":"2021-10-02"},{"lineNumber":145,"author":{"gitId":"StanleyLG"},"content":"                    success \u003d false;","lastModifiedDate":"2021-10-02"},{"lineNumber":146,"author":{"gitId":"StanleyLG"},"content":"                    printer.exception_feedback_emptyDescription(command);","lastModifiedDate":"2021-10-03"},{"lineNumber":147,"author":{"gitId":"StanleyLG"},"content":"                }","lastModifiedDate":"2021-10-02"},{"lineNumber":148,"author":{"gitId":"StanleyLG"},"content":"                catch(TimeManagementException tm){","lastModifiedDate":"2021-10-02"},{"lineNumber":149,"author":{"gitId":"StanleyLG"},"content":"                    success \u003d false;","lastModifiedDate":"2021-10-02"},{"lineNumber":150,"author":{"gitId":"StanleyLG"},"content":"                    printer.exception_feedback_noTimeConcept();","lastModifiedDate":"2021-10-03"},{"lineNumber":151,"author":{"gitId":"StanleyLG"},"content":"                }","lastModifiedDate":"2021-10-02"},{"lineNumber":152,"author":{"gitId":"StanleyLG"},"content":"                if(success) {","lastModifiedDate":"2021-10-02"},{"lineNumber":153,"author":{"gitId":"StanleyLG"},"content":"                    try {","lastModifiedDate":"2021-10-02"},{"lineNumber":154,"author":{"gitId":"StanleyLG"},"content":"                        reply(command);","lastModifiedDate":"2021-09-11"},{"lineNumber":155,"author":{"gitId":"StanleyLG"},"content":"                    } catch (EmptyTaskListException etl) {","lastModifiedDate":"2021-10-02"},{"lineNumber":156,"author":{"gitId":"StanleyLG"},"content":"                        printer.exception_feedback_emptyTaskList();","lastModifiedDate":"2021-10-03"},{"lineNumber":157,"author":{"gitId":"StanleyLG"},"content":"                    }","lastModifiedDate":"2021-10-02"},{"lineNumber":158,"author":{"gitId":"StanleyLG"},"content":"                    catch(UnknownSyntaxException | TaskNotFoundException exception){","lastModifiedDate":"2021-10-02"},{"lineNumber":159,"author":{"gitId":"StanleyLG"},"content":"                        printer.exception_feedback_unknownSyntax(command);","lastModifiedDate":"2021-10-03"},{"lineNumber":160,"author":{"gitId":"StanleyLG"},"content":"                    }","lastModifiedDate":"2021-10-02"},{"lineNumber":161,"author":{"gitId":"StanleyLG"},"content":"                }","lastModifiedDate":"2021-10-02"},{"lineNumber":162,"author":{"gitId":"StanleyLG"},"content":"                command \u003d in.nextLine();","lastModifiedDate":"2021-08-28"},{"lineNumber":163,"author":{"gitId":"StanleyLG"},"content":"            }","lastModifiedDate":"2021-08-28"},{"lineNumber":164,"author":{"gitId":"StanleyLG"},"content":"        }","lastModifiedDate":"2021-08-28"},{"lineNumber":165,"author":{"gitId":"StanleyLG"},"content":"","lastModifiedDate":"2021-10-02"},{"lineNumber":166,"author":{"gitId":"StanleyLG"},"content":"","lastModifiedDate":"2021-10-02"},{"lineNumber":167,"author":{"gitId":"StanleyLG"},"content":"        printer.exitFeedback();","lastModifiedDate":"2021-09-11"},{"lineNumber":168,"author":{"gitId":"-"},"content":"    }","lastModifiedDate":"2019-07-29"},{"lineNumber":169,"author":{"gitId":"-"},"content":"}","lastModifiedDate":"2019-07-29"}],"authorContributionMap":{"StanleyLG":159,"-":10}},{"path":"src/main/java/Exception_Handling/EmptyDescriptionException.java","fileType":"java","lines":[{"lineNumber":1,"author":{"gitId":"StanleyLG"},"content":"package Exception_Handling;","lastModifiedDate":"2021-10-03"},{"lineNumber":2,"author":{"gitId":"StanleyLG"},"content":"","lastModifiedDate":"2021-10-03"},{"lineNumber":3,"author":{"gitId":"StanleyLG"},"content":"public class EmptyDescriptionException extends Exception{","lastModifiedDate":"2021-10-02"},{"lineNumber":4,"author":{"gitId":"StanleyLG"},"content":"    /*Prints the following","lastModifiedDate":"2021-10-02"},{"lineNumber":5,"author":{"gitId":"StanleyLG"},"content":"        printer.separator();","lastModifiedDate":"2021-10-02"},{"lineNumber":6,"author":{"gitId":"StanleyLG"},"content":"        System.out.printf(\"     ☹ OOPS!!! The description of a %s cannot be empty.\\n\", taskType);","lastModifiedDate":"2021-10-02"},{"lineNumber":7,"author":{"gitId":"StanleyLG"},"content":"        printer.separator();","lastModifiedDate":"2021-10-02"},{"lineNumber":8,"author":{"gitId":"StanleyLG"},"content":"    */","lastModifiedDate":"2021-10-02"},{"lineNumber":9,"author":{"gitId":"StanleyLG"},"content":"}","lastModifiedDate":"2021-10-02"}],"authorContributionMap":{"StanleyLG":9}},{"path":"src/main/java/Exception_Handling/EmptyTaskListException.java","fileType":"java","lines":[{"lineNumber":1,"author":{"gitId":"StanleyLG"},"content":"package Exception_Handling;","lastModifiedDate":"2021-10-03"},{"lineNumber":2,"author":{"gitId":"StanleyLG"},"content":"","lastModifiedDate":"2021-10-03"},{"lineNumber":3,"author":{"gitId":"StanleyLG"},"content":"public class EmptyTaskListException extends Exception{","lastModifiedDate":"2021-10-02"},{"lineNumber":4,"author":{"gitId":"StanleyLG"},"content":"    /*Prints the following","lastModifiedDate":"2021-10-02"},{"lineNumber":5,"author":{"gitId":"StanleyLG"},"content":"        printer.separator();","lastModifiedDate":"2021-10-02"},{"lineNumber":6,"author":{"gitId":"StanleyLG"},"content":"        System.out.println(\"     ☹ OOPS!!! I\u0027m sorry, the list is empty ^_^\");","lastModifiedDate":"2021-10-02"},{"lineNumber":7,"author":{"gitId":"StanleyLG"},"content":"        printer.separator();","lastModifiedDate":"2021-10-02"},{"lineNumber":8,"author":{"gitId":"StanleyLG"},"content":"    */","lastModifiedDate":"2021-10-02"},{"lineNumber":9,"author":{"gitId":"StanleyLG"},"content":"}","lastModifiedDate":"2021-10-02"}],"authorContributionMap":{"StanleyLG":9}},{"path":"src/main/java/Exception_Handling/TaskNotFoundException.java","fileType":"java","lines":[{"lineNumber":1,"author":{"gitId":"StanleyLG"},"content":"package Exception_Handling;","lastModifiedDate":"2021-10-03"},{"lineNumber":2,"author":{"gitId":"StanleyLG"},"content":"","lastModifiedDate":"2021-10-03"},{"lineNumber":3,"author":{"gitId":"StanleyLG"},"content":"public class TaskNotFoundException extends Exception{","lastModifiedDate":"2021-10-02"},{"lineNumber":4,"author":{"gitId":"StanleyLG"},"content":"    /*Prints the following","lastModifiedDate":"2021-10-02"},{"lineNumber":5,"author":{"gitId":"StanleyLG"},"content":"        printer.separator();","lastModifiedDate":"2021-10-02"},{"lineNumber":6,"author":{"gitId":"StanleyLG"},"content":"        System.out.println(\"     ☹ OOPS!!! I\u0027m sorry, please key in by Tasks.Task ID instead of [%s]\", message);","lastModifiedDate":"2021-10-03"},{"lineNumber":7,"author":{"gitId":"StanleyLG"},"content":"        printer.separator();","lastModifiedDate":"2021-10-02"},{"lineNumber":8,"author":{"gitId":"StanleyLG"},"content":"    */","lastModifiedDate":"2021-10-02"},{"lineNumber":9,"author":{"gitId":"StanleyLG"},"content":"}","lastModifiedDate":"2021-10-02"}],"authorContributionMap":{"StanleyLG":9}},{"path":"src/main/java/Exception_Handling/TimeManagementException.java","fileType":"java","lines":[{"lineNumber":1,"author":{"gitId":"StanleyLG"},"content":"package Exception_Handling;","lastModifiedDate":"2021-10-03"},{"lineNumber":2,"author":{"gitId":"StanleyLG"},"content":"","lastModifiedDate":"2021-10-03"},{"lineNumber":3,"author":{"gitId":"StanleyLG"},"content":"public class TimeManagementException extends Exception{","lastModifiedDate":"2021-10-02"},{"lineNumber":4,"author":{"gitId":"StanleyLG"},"content":"    /*Prints the following","lastModifiedDate":"2021-10-02"},{"lineNumber":5,"author":{"gitId":"StanleyLG"},"content":"        printer.separator();","lastModifiedDate":"2021-10-02"},{"lineNumber":6,"author":{"gitId":"StanleyLG"},"content":"        System.out.println(\"     ☹ HEY!!! Please give a due date for deadlines and events. Let\u0027s have some sense of time\");","lastModifiedDate":"2021-10-02"},{"lineNumber":7,"author":{"gitId":"StanleyLG"},"content":"        printer.separator();","lastModifiedDate":"2021-10-02"},{"lineNumber":8,"author":{"gitId":"StanleyLG"},"content":"    */","lastModifiedDate":"2021-10-02"},{"lineNumber":9,"author":{"gitId":"StanleyLG"},"content":"}","lastModifiedDate":"2021-10-02"}],"authorContributionMap":{"StanleyLG":9}},{"path":"src/main/java/Exception_Handling/UnknownSyntaxException.java","fileType":"java","lines":[{"lineNumber":1,"author":{"gitId":"StanleyLG"},"content":"package Exception_Handling;","lastModifiedDate":"2021-10-03"},{"lineNumber":2,"author":{"gitId":"StanleyLG"},"content":"","lastModifiedDate":"2021-10-03"},{"lineNumber":3,"author":{"gitId":"StanleyLG"},"content":"public class UnknownSyntaxException extends Exception{","lastModifiedDate":"2021-10-02"},{"lineNumber":4,"author":{"gitId":"StanleyLG"},"content":"    /*Prints the following","lastModifiedDate":"2021-10-02"},{"lineNumber":5,"author":{"gitId":"StanleyLG"},"content":"        printer.separator();","lastModifiedDate":"2021-10-02"},{"lineNumber":6,"author":{"gitId":"StanleyLG"},"content":"        System.out.println(\"     ☹ OOPS!!! I\u0027m sorry, but I don\u0027t know what that means :-(\");","lastModifiedDate":"2021-10-02"},{"lineNumber":7,"author":{"gitId":"StanleyLG"},"content":"        printer.separator();","lastModifiedDate":"2021-10-02"},{"lineNumber":8,"author":{"gitId":"StanleyLG"},"content":"    */","lastModifiedDate":"2021-10-02"},{"lineNumber":9,"author":{"gitId":"StanleyLG"},"content":"}","lastModifiedDate":"2021-10-02"}],"authorContributionMap":{"StanleyLG":9}},{"path":"src/main/java/Tasks/Deadline.java","fileType":"java","lines":[{"lineNumber":1,"author":{"gitId":"StanleyLG"},"content":"package Tasks;","lastModifiedDate":"2021-10-03"},{"lineNumber":2,"author":{"gitId":"StanleyLG"},"content":"","lastModifiedDate":"2021-10-03"},{"lineNumber":3,"author":{"gitId":"StanleyLG"},"content":"public class Deadline extends Task {","lastModifiedDate":"2021-09-11"},{"lineNumber":4,"author":{"gitId":"StanleyLG"},"content":"","lastModifiedDate":"2021-09-11"},{"lineNumber":5,"author":{"gitId":"StanleyLG"},"content":"    protected String by;","lastModifiedDate":"2021-09-11"},{"lineNumber":6,"author":{"gitId":"StanleyLG"},"content":"","lastModifiedDate":"2021-09-11"},{"lineNumber":7,"author":{"gitId":"StanleyLG"},"content":"    public Deadline(String description, String by) {","lastModifiedDate":"2021-09-11"},{"lineNumber":8,"author":{"gitId":"StanleyLG"},"content":"        super(description);","lastModifiedDate":"2021-09-11"},{"lineNumber":9,"author":{"gitId":"StanleyLG"},"content":"        this.by \u003d by;","lastModifiedDate":"2021-09-11"},{"lineNumber":10,"author":{"gitId":"StanleyLG"},"content":"    }","lastModifiedDate":"2021-09-11"},{"lineNumber":11,"author":{"gitId":"StanleyLG"},"content":"","lastModifiedDate":"2021-09-11"},{"lineNumber":12,"author":{"gitId":"StanleyLG"},"content":"    @Override","lastModifiedDate":"2021-09-11"},{"lineNumber":13,"author":{"gitId":"StanleyLG"},"content":"    public String toString() {","lastModifiedDate":"2021-09-11"},{"lineNumber":14,"author":{"gitId":"StanleyLG"},"content":"        return \"[D]\" + super.toString() + \" (by: \" + by + \")\";","lastModifiedDate":"2021-09-11"},{"lineNumber":15,"author":{"gitId":"StanleyLG"},"content":"    }","lastModifiedDate":"2021-09-11"},{"lineNumber":16,"author":{"gitId":"StanleyLG"},"content":"}","lastModifiedDate":"2021-09-11"}],"authorContributionMap":{"StanleyLG":16}},{"path":"src/main/java/Tasks/Events.java","fileType":"java","lines":[{"lineNumber":1,"author":{"gitId":"StanleyLG"},"content":"package Tasks;","lastModifiedDate":"2021-10-03"},{"lineNumber":2,"author":{"gitId":"StanleyLG"},"content":"","lastModifiedDate":"2021-10-03"},{"lineNumber":3,"author":{"gitId":"StanleyLG"},"content":"public class Events extends Task {","lastModifiedDate":"2021-09-11"},{"lineNumber":4,"author":{"gitId":"StanleyLG"},"content":"    protected String at;","lastModifiedDate":"2021-09-11"},{"lineNumber":5,"author":{"gitId":"StanleyLG"},"content":"","lastModifiedDate":"2021-09-11"},{"lineNumber":6,"author":{"gitId":"StanleyLG"},"content":"    public Events(String description, String at) {","lastModifiedDate":"2021-09-11"},{"lineNumber":7,"author":{"gitId":"StanleyLG"},"content":"        super(description);","lastModifiedDate":"2021-09-11"},{"lineNumber":8,"author":{"gitId":"StanleyLG"},"content":"        this.at \u003d at;","lastModifiedDate":"2021-09-11"},{"lineNumber":9,"author":{"gitId":"StanleyLG"},"content":"    }","lastModifiedDate":"2021-09-11"},{"lineNumber":10,"author":{"gitId":"StanleyLG"},"content":"","lastModifiedDate":"2021-09-11"},{"lineNumber":11,"author":{"gitId":"StanleyLG"},"content":"    @Override","lastModifiedDate":"2021-09-11"},{"lineNumber":12,"author":{"gitId":"StanleyLG"},"content":"    public String toString() {","lastModifiedDate":"2021-09-11"},{"lineNumber":13,"author":{"gitId":"StanleyLG"},"content":"        return \"[E]\" + super.toString() + \" (at: \" + at + \")\";","lastModifiedDate":"2021-09-11"},{"lineNumber":14,"author":{"gitId":"StanleyLG"},"content":"    }","lastModifiedDate":"2021-09-11"},{"lineNumber":15,"author":{"gitId":"StanleyLG"},"content":"}","lastModifiedDate":"2021-09-11"}],"authorContributionMap":{"StanleyLG":15}},{"path":"src/main/java/Tasks/PrintHelper.java","fileType":"java","lines":[{"lineNumber":1,"author":{"gitId":"StanleyLG"},"content":"package Tasks;","lastModifiedDate":"2021-10-03"},{"lineNumber":2,"author":{"gitId":"StanleyLG"},"content":"","lastModifiedDate":"2021-10-03"},{"lineNumber":3,"author":{"gitId":"StanleyLG"},"content":"public class PrintHelper {","lastModifiedDate":"2021-09-11"},{"lineNumber":4,"author":{"gitId":"StanleyLG"},"content":"    public void separator(){","lastModifiedDate":"2021-09-11"},{"lineNumber":5,"author":{"gitId":"StanleyLG"},"content":"        System.out.println(\"    ____________________________________________________________\");","lastModifiedDate":"2021-09-11"},{"lineNumber":6,"author":{"gitId":"StanleyLG"},"content":"    }","lastModifiedDate":"2021-09-11"},{"lineNumber":7,"author":{"gitId":"StanleyLG"},"content":"","lastModifiedDate":"2021-09-11"},{"lineNumber":8,"author":{"gitId":"StanleyLG"},"content":"    public void taskDoneFeedback(){","lastModifiedDate":"2021-09-11"},{"lineNumber":9,"author":{"gitId":"StanleyLG"},"content":"        separator();","lastModifiedDate":"2021-09-11"},{"lineNumber":10,"author":{"gitId":"StanleyLG"},"content":"        System.out.println(\"     Nice! I\u0027ve marked this task as done:\");","lastModifiedDate":"2021-09-11"},{"lineNumber":11,"author":{"gitId":"StanleyLG"},"content":"    }","lastModifiedDate":"2021-09-11"},{"lineNumber":12,"author":{"gitId":"StanleyLG"},"content":"    public void taskAddFeedback(){","lastModifiedDate":"2021-09-11"},{"lineNumber":13,"author":{"gitId":"StanleyLG"},"content":"        separator();","lastModifiedDate":"2021-09-11"},{"lineNumber":14,"author":{"gitId":"StanleyLG"},"content":"        System.out.println(\"     Got it. I\u0027ve added this task:\");","lastModifiedDate":"2021-09-11"},{"lineNumber":15,"author":{"gitId":"StanleyLG"},"content":"    }","lastModifiedDate":"2021-09-11"},{"lineNumber":16,"author":{"gitId":"StanleyLG"},"content":"    public void welcomeFeedback(){","lastModifiedDate":"2021-09-11"},{"lineNumber":17,"author":{"gitId":"StanleyLG"},"content":"        separator();","lastModifiedDate":"2021-09-11"},{"lineNumber":18,"author":{"gitId":"StanleyLG"},"content":"        System.out.println(\"    Hello! I\u0027m Duke\");","lastModifiedDate":"2021-09-11"},{"lineNumber":19,"author":{"gitId":"StanleyLG"},"content":"        System.out.println(\"    What can I do for you?\");","lastModifiedDate":"2021-09-11"},{"lineNumber":20,"author":{"gitId":"StanleyLG"},"content":"        separator();","lastModifiedDate":"2021-09-11"},{"lineNumber":21,"author":{"gitId":"StanleyLG"},"content":"    }","lastModifiedDate":"2021-09-11"},{"lineNumber":22,"author":{"gitId":"StanleyLG"},"content":"    public void exitFeedback(){","lastModifiedDate":"2021-09-11"},{"lineNumber":23,"author":{"gitId":"StanleyLG"},"content":"        separator();","lastModifiedDate":"2021-09-11"},{"lineNumber":24,"author":{"gitId":"StanleyLG"},"content":"        System.out.println(\"    Bye. Hope to see you again soon!\");","lastModifiedDate":"2021-09-11"},{"lineNumber":25,"author":{"gitId":"StanleyLG"},"content":"        separator();","lastModifiedDate":"2021-09-11"},{"lineNumber":26,"author":{"gitId":"StanleyLG"},"content":"    }","lastModifiedDate":"2021-09-11"},{"lineNumber":27,"author":{"gitId":"StanleyLG"},"content":"    public void exception_feedback_emptyDescription(String taskType){","lastModifiedDate":"2021-10-03"},{"lineNumber":28,"author":{"gitId":"StanleyLG"},"content":"        separator();","lastModifiedDate":"2021-10-02"},{"lineNumber":29,"author":{"gitId":"StanleyLG"},"content":"        System.out.printf(\"     ☹ OOPS!!! The description of a %s cannot be empty.\\n\", taskType);","lastModifiedDate":"2021-10-02"},{"lineNumber":30,"author":{"gitId":"StanleyLG"},"content":"        separator();","lastModifiedDate":"2021-10-02"},{"lineNumber":31,"author":{"gitId":"StanleyLG"},"content":"    }","lastModifiedDate":"2021-10-02"},{"lineNumber":32,"author":{"gitId":"StanleyLG"},"content":"    public void exception_feedback_emptyTaskList(){","lastModifiedDate":"2021-10-03"},{"lineNumber":33,"author":{"gitId":"StanleyLG"},"content":"        separator();","lastModifiedDate":"2021-10-02"},{"lineNumber":34,"author":{"gitId":"StanleyLG"},"content":"        System.out.println(\"     ☹ OOPS!!! The list is empty ^_^\");","lastModifiedDate":"2021-10-02"},{"lineNumber":35,"author":{"gitId":"StanleyLG"},"content":"        separator();","lastModifiedDate":"2021-10-02"},{"lineNumber":36,"author":{"gitId":"StanleyLG"},"content":"    }","lastModifiedDate":"2021-10-02"},{"lineNumber":37,"author":{"gitId":"StanleyLG"},"content":"    public void exception_feedback_unknownSyntax(String message){","lastModifiedDate":"2021-10-03"},{"lineNumber":38,"author":{"gitId":"StanleyLG"},"content":"        separator();","lastModifiedDate":"2021-10-02"},{"lineNumber":39,"author":{"gitId":"StanleyLG"},"content":"        System.out.printf(\"     ☹ OOPS!!! I\u0027m sorry, but I don\u0027t know what [%s] means :-(\\n\", message);","lastModifiedDate":"2021-10-02"},{"lineNumber":40,"author":{"gitId":"StanleyLG"},"content":"        separator();","lastModifiedDate":"2021-10-02"},{"lineNumber":41,"author":{"gitId":"StanleyLG"},"content":"    }","lastModifiedDate":"2021-10-02"},{"lineNumber":42,"author":{"gitId":"StanleyLG"},"content":"    public void exception_feedback_taskNotFound(String message){","lastModifiedDate":"2021-10-03"},{"lineNumber":43,"author":{"gitId":"StanleyLG"},"content":"        separator();","lastModifiedDate":"2021-10-02"},{"lineNumber":44,"author":{"gitId":"StanleyLG"},"content":"        System.out.printf(\"     ☹ OOPS!!! Please key in by Tasks.Task ID instead of [%s]\\n\", message);","lastModifiedDate":"2021-10-03"},{"lineNumber":45,"author":{"gitId":"StanleyLG"},"content":"        separator();","lastModifiedDate":"2021-10-02"},{"lineNumber":46,"author":{"gitId":"StanleyLG"},"content":"    }","lastModifiedDate":"2021-10-02"},{"lineNumber":47,"author":{"gitId":"StanleyLG"},"content":"    public void exception_feedback_noTimeConcept(){","lastModifiedDate":"2021-10-03"},{"lineNumber":48,"author":{"gitId":"StanleyLG"},"content":"        separator();","lastModifiedDate":"2021-10-02"},{"lineNumber":49,"author":{"gitId":"StanleyLG"},"content":"        System.out.println(\"     ☹ HEY!!! Please give a due date for deadlines and events. Let\u0027s have some sense of time \u003e_\u003c|||\");","lastModifiedDate":"2021-10-02"},{"lineNumber":50,"author":{"gitId":"StanleyLG"},"content":"        separator();","lastModifiedDate":"2021-10-02"},{"lineNumber":51,"author":{"gitId":"StanleyLG"},"content":"    }","lastModifiedDate":"2021-10-02"},{"lineNumber":52,"author":{"gitId":"StanleyLG"},"content":"}","lastModifiedDate":"2021-09-11"}],"authorContributionMap":{"StanleyLG":52}},{"path":"src/main/java/Tasks/Task.java","fileType":"java","lines":[{"lineNumber":1,"author":{"gitId":"StanleyLG"},"content":"package Tasks;","lastModifiedDate":"2021-10-03"},{"lineNumber":2,"author":{"gitId":"StanleyLG"},"content":"","lastModifiedDate":"2021-10-03"},{"lineNumber":3,"author":{"gitId":"StanleyLG"},"content":"public class Task {","lastModifiedDate":"2021-09-02"},{"lineNumber":4,"author":{"gitId":"StanleyLG"},"content":"    protected String description;","lastModifiedDate":"2021-09-02"},{"lineNumber":5,"author":{"gitId":"StanleyLG"},"content":"    protected boolean isDone;","lastModifiedDate":"2021-09-02"},{"lineNumber":6,"author":{"gitId":"StanleyLG"},"content":"","lastModifiedDate":"2021-09-02"},{"lineNumber":7,"author":{"gitId":"StanleyLG"},"content":"","lastModifiedDate":"2021-09-02"},{"lineNumber":8,"author":{"gitId":"StanleyLG"},"content":"    public Task(String description) {","lastModifiedDate":"2021-09-02"},{"lineNumber":9,"author":{"gitId":"StanleyLG"},"content":"        this.description \u003d description;","lastModifiedDate":"2021-09-02"},{"lineNumber":10,"author":{"gitId":"StanleyLG"},"content":"        this.isDone \u003d false;","lastModifiedDate":"2021-09-02"},{"lineNumber":11,"author":{"gitId":"StanleyLG"},"content":"    }","lastModifiedDate":"2021-09-02"},{"lineNumber":12,"author":{"gitId":"StanleyLG"},"content":"","lastModifiedDate":"2021-09-02"},{"lineNumber":13,"author":{"gitId":"StanleyLG"},"content":"    public String getStatusIcon() {","lastModifiedDate":"2021-09-02"},{"lineNumber":14,"author":{"gitId":"StanleyLG"},"content":"        return (isDone ? \"X\" : \" \"); // mark done task with X","lastModifiedDate":"2021-09-02"},{"lineNumber":15,"author":{"gitId":"StanleyLG"},"content":"    }","lastModifiedDate":"2021-09-02"},{"lineNumber":16,"author":{"gitId":"StanleyLG"},"content":"","lastModifiedDate":"2021-09-02"},{"lineNumber":17,"author":{"gitId":"StanleyLG"},"content":"    public String getTaskInfo(){","lastModifiedDate":"2021-09-02"},{"lineNumber":18,"author":{"gitId":"StanleyLG"},"content":"        return description;","lastModifiedDate":"2021-09-02"},{"lineNumber":19,"author":{"gitId":"StanleyLG"},"content":"    }","lastModifiedDate":"2021-09-02"},{"lineNumber":20,"author":{"gitId":"StanleyLG"},"content":"","lastModifiedDate":"2021-09-02"},{"lineNumber":21,"author":{"gitId":"StanleyLG"},"content":"    public void setDone(){","lastModifiedDate":"2021-09-02"},{"lineNumber":22,"author":{"gitId":"StanleyLG"},"content":"        isDone \u003d true;","lastModifiedDate":"2021-09-02"},{"lineNumber":23,"author":{"gitId":"StanleyLG"},"content":"    }","lastModifiedDate":"2021-09-02"},{"lineNumber":24,"author":{"gitId":"StanleyLG"},"content":"","lastModifiedDate":"2021-09-11"},{"lineNumber":25,"author":{"gitId":"StanleyLG"},"content":"    public String toString() {","lastModifiedDate":"2021-09-11"},{"lineNumber":26,"author":{"gitId":"StanleyLG"},"content":"        return \"[\"+getStatusIcon()+\"] \" + description;","lastModifiedDate":"2021-09-11"},{"lineNumber":27,"author":{"gitId":"StanleyLG"},"content":"    }","lastModifiedDate":"2021-09-11"},{"lineNumber":28,"author":{"gitId":"StanleyLG"},"content":"","lastModifiedDate":"2021-09-11"},{"lineNumber":29,"author":{"gitId":"StanleyLG"},"content":"}","lastModifiedDate":"2021-09-02"}],"authorContributionMap":{"StanleyLG":29}},{"path":"src/main/java/Tasks/TaskList.java","fileType":"java","lines":[{"lineNumber":1,"author":{"gitId":"StanleyLG"},"content":"package Tasks;","lastModifiedDate":"2021-10-03"},{"lineNumber":2,"author":{"gitId":"StanleyLG"},"content":"import Exception_Handling.*;","lastModifiedDate":"2021-10-03"},{"lineNumber":3,"author":{"gitId":"StanleyLG"},"content":"import java.util.ArrayList;","lastModifiedDate":"2021-10-03"},{"lineNumber":4,"author":{"gitId":"StanleyLG"},"content":"","lastModifiedDate":"2021-10-03"},{"lineNumber":5,"author":{"gitId":"StanleyLG"},"content":"public class TaskList {","lastModifiedDate":"2021-10-03"},{"lineNumber":6,"author":{"gitId":"StanleyLG"},"content":"    protected int listSize;","lastModifiedDate":"2021-10-03"},{"lineNumber":7,"author":{"gitId":"StanleyLG"},"content":"    private ArrayList\u003cTask\u003e taskList;","lastModifiedDate":"2021-10-03"},{"lineNumber":8,"author":{"gitId":"StanleyLG"},"content":"    private static PrintHelper printer \u003d new PrintHelper();","lastModifiedDate":"2021-10-03"},{"lineNumber":9,"author":{"gitId":"StanleyLG"},"content":"","lastModifiedDate":"2021-10-03"},{"lineNumber":10,"author":{"gitId":"StanleyLG"},"content":"    public TaskList() {","lastModifiedDate":"2021-10-03"},{"lineNumber":11,"author":{"gitId":"StanleyLG"},"content":"        taskList \u003d new ArrayList\u003c\u003e();","lastModifiedDate":"2021-10-03"},{"lineNumber":12,"author":{"gitId":"StanleyLG"},"content":"    }","lastModifiedDate":"2021-10-03"},{"lineNumber":13,"author":{"gitId":"StanleyLG"},"content":"","lastModifiedDate":"2021-10-03"},{"lineNumber":14,"author":{"gitId":"StanleyLG"},"content":"    public void deleteTask(int taskID) throws TaskNotFoundException, EmptyTaskListException{","lastModifiedDate":"2021-10-03"},{"lineNumber":15,"author":{"gitId":"StanleyLG"},"content":"        int taskPosition \u003d taskID -1;","lastModifiedDate":"2021-10-03"},{"lineNumber":16,"author":{"gitId":"StanleyLG"},"content":"        if(taskPosition \u003e this.listSize || taskPosition \u003c 0){","lastModifiedDate":"2021-10-03"},{"lineNumber":17,"author":{"gitId":"StanleyLG"},"content":"            throw new TaskNotFoundException();","lastModifiedDate":"2021-10-03"},{"lineNumber":18,"author":{"gitId":"StanleyLG"},"content":"        }","lastModifiedDate":"2021-10-03"},{"lineNumber":19,"author":{"gitId":"StanleyLG"},"content":"        System.out.println(\"     Noted. I\u0027ve removed this task: \" );","lastModifiedDate":"2021-10-03"},{"lineNumber":20,"author":{"gitId":"StanleyLG"},"content":"        System.out.println(\"     \" + taskList.get(taskPosition).toString());","lastModifiedDate":"2021-10-03"},{"lineNumber":21,"author":{"gitId":"StanleyLG"},"content":"        this.taskList.remove(taskPosition);","lastModifiedDate":"2021-10-03"},{"lineNumber":22,"author":{"gitId":"StanleyLG"},"content":"        this.listSize--;","lastModifiedDate":"2021-10-03"},{"lineNumber":23,"author":{"gitId":"StanleyLG"},"content":"        if(this.listSize \u003d\u003d 0){","lastModifiedDate":"2021-10-03"},{"lineNumber":24,"author":{"gitId":"StanleyLG"},"content":"            throw new EmptyTaskListException();","lastModifiedDate":"2021-10-03"},{"lineNumber":25,"author":{"gitId":"StanleyLG"},"content":"        }","lastModifiedDate":"2021-10-03"},{"lineNumber":26,"author":{"gitId":"StanleyLG"},"content":"        System.out.println(\"     Now you have \" + this.listSize + \" tasks in the list.\");","lastModifiedDate":"2021-10-03"},{"lineNumber":27,"author":{"gitId":"StanleyLG"},"content":"        printer.separator();","lastModifiedDate":"2021-10-03"},{"lineNumber":28,"author":{"gitId":"StanleyLG"},"content":"    }","lastModifiedDate":"2021-10-03"},{"lineNumber":29,"author":{"gitId":"StanleyLG"},"content":"","lastModifiedDate":"2021-10-03"},{"lineNumber":30,"author":{"gitId":"StanleyLG"},"content":"    public void addTask(Task task){","lastModifiedDate":"2021-10-03"},{"lineNumber":31,"author":{"gitId":"StanleyLG"},"content":"        this.taskList.add(task);","lastModifiedDate":"2021-10-03"},{"lineNumber":32,"author":{"gitId":"StanleyLG"},"content":"        this.listSize++;","lastModifiedDate":"2021-10-03"},{"lineNumber":33,"author":{"gitId":"StanleyLG"},"content":"    }","lastModifiedDate":"2021-10-03"},{"lineNumber":34,"author":{"gitId":"StanleyLG"},"content":"","lastModifiedDate":"2021-10-03"},{"lineNumber":35,"author":{"gitId":"StanleyLG"},"content":"    public Task getTask(int ID){","lastModifiedDate":"2021-10-03"},{"lineNumber":36,"author":{"gitId":"StanleyLG"},"content":"        return taskList.get(ID);","lastModifiedDate":"2021-10-03"},{"lineNumber":37,"author":{"gitId":"StanleyLG"},"content":"    }","lastModifiedDate":"2021-10-03"},{"lineNumber":38,"author":{"gitId":"StanleyLG"},"content":"","lastModifiedDate":"2021-10-03"},{"lineNumber":39,"author":{"gitId":"StanleyLG"},"content":"    public Task getLastTask(){","lastModifiedDate":"2021-10-03"},{"lineNumber":40,"author":{"gitId":"StanleyLG"},"content":"        return taskList.get(listSize-1);","lastModifiedDate":"2021-10-03"},{"lineNumber":41,"author":{"gitId":"StanleyLG"},"content":"    }","lastModifiedDate":"2021-10-03"},{"lineNumber":42,"author":{"gitId":"StanleyLG"},"content":"","lastModifiedDate":"2021-10-03"},{"lineNumber":43,"author":{"gitId":"StanleyLG"},"content":"    public int getListSize(){","lastModifiedDate":"2021-10-03"},{"lineNumber":44,"author":{"gitId":"StanleyLG"},"content":"        return this.listSize;","lastModifiedDate":"2021-10-03"},{"lineNumber":45,"author":{"gitId":"StanleyLG"},"content":"    }","lastModifiedDate":"2021-10-03"},{"lineNumber":46,"author":{"gitId":"StanleyLG"},"content":"    public void printTaskList() throws EmptyTaskListException {","lastModifiedDate":"2021-10-03"},{"lineNumber":47,"author":{"gitId":"StanleyLG"},"content":"        printer.separator();","lastModifiedDate":"2021-10-03"},{"lineNumber":48,"author":{"gitId":"StanleyLG"},"content":"        if(this.listSize \u003d\u003d 0){","lastModifiedDate":"2021-10-03"},{"lineNumber":49,"author":{"gitId":"StanleyLG"},"content":"            throw new EmptyTaskListException();","lastModifiedDate":"2021-10-03"},{"lineNumber":50,"author":{"gitId":"StanleyLG"},"content":"        }","lastModifiedDate":"2021-10-03"},{"lineNumber":51,"author":{"gitId":"StanleyLG"},"content":"        int numbering \u003d 1;","lastModifiedDate":"2021-10-03"},{"lineNumber":52,"author":{"gitId":"StanleyLG"},"content":"        System.out.println(\"     Here are the tasks in your list:\");","lastModifiedDate":"2021-10-03"},{"lineNumber":53,"author":{"gitId":"StanleyLG"},"content":"        for(Task t : taskList){","lastModifiedDate":"2021-10-03"},{"lineNumber":54,"author":{"gitId":"StanleyLG"},"content":"            System.out.println(\"    \"+numbering+\".\"+t.toString());","lastModifiedDate":"2021-10-03"},{"lineNumber":55,"author":{"gitId":"StanleyLG"},"content":"            numbering++;","lastModifiedDate":"2021-10-03"},{"lineNumber":56,"author":{"gitId":"StanleyLG"},"content":"        }","lastModifiedDate":"2021-10-03"},{"lineNumber":57,"author":{"gitId":"StanleyLG"},"content":"        printer.separator();","lastModifiedDate":"2021-10-03"},{"lineNumber":58,"author":{"gitId":"StanleyLG"},"content":"    }","lastModifiedDate":"2021-10-03"},{"lineNumber":59,"author":{"gitId":"StanleyLG"},"content":"}","lastModifiedDate":"2021-10-03"}],"authorContributionMap":{"StanleyLG":59}},{"path":"src/main/java/Tasks/Task_Enum.java","fileType":"java","lines":[{"lineNumber":1,"author":{"gitId":"StanleyLG"},"content":"package Tasks;","lastModifiedDate":"2021-10-03"},{"lineNumber":2,"author":{"gitId":"StanleyLG"},"content":"","lastModifiedDate":"2021-10-03"},{"lineNumber":3,"author":{"gitId":"StanleyLG"},"content":"public enum Task_Enum {","lastModifiedDate":"2021-10-03"},{"lineNumber":4,"author":{"gitId":"StanleyLG"},"content":"    TODO,       //0","lastModifiedDate":"2021-10-03"},{"lineNumber":5,"author":{"gitId":"StanleyLG"},"content":"    DEADLINE,   //1","lastModifiedDate":"2021-10-03"},{"lineNumber":6,"author":{"gitId":"StanleyLG"},"content":"    EVENT,      //2","lastModifiedDate":"2021-10-03"},{"lineNumber":7,"author":{"gitId":"StanleyLG"},"content":"    LIST,       //3","lastModifiedDate":"2021-10-03"},{"lineNumber":8,"author":{"gitId":"StanleyLG"},"content":"    DONE,       //4","lastModifiedDate":"2021-10-03"},{"lineNumber":9,"author":{"gitId":"StanleyLG"},"content":"    DELETE,     //5","lastModifiedDate":"2021-10-03"},{"lineNumber":10,"author":{"gitId":"StanleyLG"},"content":"    BYE         //6","lastModifiedDate":"2021-10-03"},{"lineNumber":11,"author":{"gitId":"StanleyLG"},"content":"}","lastModifiedDate":"2021-10-03"}],"authorContributionMap":{"StanleyLG":11}},{"path":"src/main/java/Tasks/ToDos.java","fileType":"java","lines":[{"lineNumber":1,"author":{"gitId":"StanleyLG"},"content":"package Tasks;","lastModifiedDate":"2021-10-03"},{"lineNumber":2,"author":{"gitId":"StanleyLG"},"content":"","lastModifiedDate":"2021-10-03"},{"lineNumber":3,"author":{"gitId":"StanleyLG"},"content":"public class ToDos extends Task {","lastModifiedDate":"2021-09-11"},{"lineNumber":4,"author":{"gitId":"StanleyLG"},"content":"    protected String action;","lastModifiedDate":"2021-09-11"},{"lineNumber":5,"author":{"gitId":"StanleyLG"},"content":"","lastModifiedDate":"2021-09-11"},{"lineNumber":6,"author":{"gitId":"StanleyLG"},"content":"    public ToDos(String description, String action) {","lastModifiedDate":"2021-09-11"},{"lineNumber":7,"author":{"gitId":"StanleyLG"},"content":"        super(description);","lastModifiedDate":"2021-09-11"},{"lineNumber":8,"author":{"gitId":"StanleyLG"},"content":"        this.action \u003d action;","lastModifiedDate":"2021-09-11"},{"lineNumber":9,"author":{"gitId":"StanleyLG"},"content":"    }","lastModifiedDate":"2021-09-11"},{"lineNumber":10,"author":{"gitId":"StanleyLG"},"content":"","lastModifiedDate":"2021-09-11"},{"lineNumber":11,"author":{"gitId":"StanleyLG"},"content":"    @Override","lastModifiedDate":"2021-09-11"},{"lineNumber":12,"author":{"gitId":"StanleyLG"},"content":"    public String toString() {","lastModifiedDate":"2021-09-11"},{"lineNumber":13,"author":{"gitId":"StanleyLG"},"content":"        return \"[T]\" + super.toString();","lastModifiedDate":"2021-09-11"},{"lineNumber":14,"author":{"gitId":"StanleyLG"},"content":"    }","lastModifiedDate":"2021-09-11"},{"lineNumber":15,"author":{"gitId":"StanleyLG"},"content":"}","lastModifiedDate":"2021-09-11"}],"authorContributionMap":{"StanleyLG":15}},{"path":"text-ui-test/input.txt","fileType":"txt","lines":[{"lineNumber":1,"author":{"gitId":"StanleyLG"},"content":"blah","lastModifiedDate":"2021-10-02"},{"lineNumber":2,"author":{"gitId":"StanleyLG"},"content":"to do","lastModifiedDate":"2021-10-02"},{"lineNumber":3,"author":{"gitId":"StanleyLG"},"content":"to do","lastModifiedDate":"2021-10-03"},{"lineNumber":4,"author":{"gitId":"StanleyLG"},"content":"list","lastModifiedDate":"2021-10-02"},{"lineNumber":5,"author":{"gitId":"StanleyLG"},"content":"read book","lastModifiedDate":"2021-09-02"},{"lineNumber":6,"author":{"gitId":"StanleyLG"},"content":"to do read book","lastModifiedDate":"2021-10-02"},{"lineNumber":7,"author":{"gitId":"StanleyLG"},"content":"deadline return book","lastModifiedDate":"2021-10-02"},{"lineNumber":8,"author":{"gitId":"StanleyLG"},"content":"deadline return book /by June 6th","lastModifiedDate":"2021-09-11"},{"lineNumber":9,"author":{"gitId":"StanleyLG"},"content":"event project meeting","lastModifiedDate":"2021-10-03"},{"lineNumber":10,"author":{"gitId":"StanleyLG"},"content":"event project meeting /at Aug 6th 2-4PM","lastModifiedDate":"2021-10-02"},{"lineNumber":11,"author":{"gitId":"StanleyLG"},"content":"to do join sports club","lastModifiedDate":"2021-09-11"},{"lineNumber":12,"author":{"gitId":"StanleyLG"},"content":"to do borrow book","lastModifiedDate":"2021-09-11"},{"lineNumber":13,"author":{"gitId":"StanleyLG"},"content":"list","lastModifiedDate":"2021-09-11"},{"lineNumber":14,"author":{"gitId":"StanleyLG"},"content":"deadline return book /by Sunday","lastModifiedDate":"2021-09-11"},{"lineNumber":15,"author":{"gitId":"StanleyLG"},"content":"event project meeting /at Mon 2-4pm","lastModifiedDate":"2021-09-11"},{"lineNumber":16,"author":{"gitId":"StanleyLG"},"content":"deadline do homework /by no idea :-p","lastModifiedDate":"2021-09-11"},{"lineNumber":17,"author":{"gitId":"StanleyLG"},"content":"list","lastModifiedDate":"2021-10-02"},{"lineNumber":18,"author":{"gitId":"StanleyLG"},"content":"done 1","lastModifiedDate":"2021-10-02"},{"lineNumber":19,"author":{"gitId":"StanleyLG"},"content":"done 2","lastModifiedDate":"2021-10-02"},{"lineNumber":20,"author":{"gitId":"StanleyLG"},"content":"list","lastModifiedDate":"2021-10-02"},{"lineNumber":21,"author":{"gitId":"StanleyLG"},"content":"done project meeting","lastModifiedDate":"2021-10-02"},{"lineNumber":22,"author":{"gitId":"StanleyLG"},"content":"done 3","lastModifiedDate":"2021-10-02"},{"lineNumber":23,"author":{"gitId":"StanleyLG"},"content":"done 5","lastModifiedDate":"2021-10-02"},{"lineNumber":24,"author":{"gitId":"StanleyLG"},"content":"done 6","lastModifiedDate":"2021-10-02"}],"authorContributionMap":{"StanleyLG":24}},{"path":"text-ui-test/runtest.bat","fileType":"bat","lines":[{"lineNumber":1,"author":{"gitId":"-"},"content":"@ECHO OFF","lastModifiedDate":"2020-05-25"},{"lineNumber":2,"author":{"gitId":"-"},"content":"","lastModifiedDate":"2020-05-25"},{"lineNumber":3,"author":{"gitId":"-"},"content":"REM create bin directory if it doesn\u0027t exist","lastModifiedDate":"2020-05-25"},{"lineNumber":4,"author":{"gitId":"-"},"content":"if not exist ..\\bin mkdir ..\\bin","lastModifiedDate":"2020-05-25"},{"lineNumber":5,"author":{"gitId":"-"},"content":"","lastModifiedDate":"2020-05-25"},{"lineNumber":6,"author":{"gitId":"-"},"content":"REM delete output from previous run","lastModifiedDate":"2020-05-25"},{"lineNumber":7,"author":{"gitId":"-"},"content":"if exist ACTUAL.TXT del ACTUAL.TXT","lastModifiedDate":"2020-08-25"},{"lineNumber":8,"author":{"gitId":"-"},"content":"","lastModifiedDate":"2020-05-25"},{"lineNumber":9,"author":{"gitId":"-"},"content":"REM compile the code into the bin folder","lastModifiedDate":"2020-05-25"},{"lineNumber":10,"author":{"gitId":"StanleyLG"},"content":"javac  -cp ..\\src\\main\\java -Xlint:none -d ..\\bin ..\\src\\main\\java\\Duke.java","lastModifiedDate":"2021-09-02"},{"lineNumber":11,"author":{"gitId":"-"},"content":"IF ERRORLEVEL 1 (","lastModifiedDate":"2020-05-25"},{"lineNumber":12,"author":{"gitId":"-"},"content":"    echo ********** BUILD FAILURE **********","lastModifiedDate":"2020-05-25"},{"lineNumber":13,"author":{"gitId":"-"},"content":"    exit /b 1","lastModifiedDate":"2020-05-25"},{"lineNumber":14,"author":{"gitId":"-"},"content":")","lastModifiedDate":"2020-05-25"},{"lineNumber":15,"author":{"gitId":"-"},"content":"REM no error here, errorlevel \u003d\u003d 0","lastModifiedDate":"2020-05-25"},{"lineNumber":16,"author":{"gitId":"-"},"content":"","lastModifiedDate":"2020-05-25"},{"lineNumber":17,"author":{"gitId":"-"},"content":"REM run the program, feed commands from input.txt file and redirect the output to the ACTUAL.TXT","lastModifiedDate":"2020-05-25"},{"lineNumber":18,"author":{"gitId":"-"},"content":"java -classpath ..\\bin Duke \u003c input.txt \u003e ACTUAL.TXT","lastModifiedDate":"2020-05-25"},{"lineNumber":19,"author":{"gitId":"-"},"content":"","lastModifiedDate":"2020-05-25"},{"lineNumber":20,"author":{"gitId":"-"},"content":"REM compare the output to the expected output","lastModifiedDate":"2020-05-25"},{"lineNumber":21,"author":{"gitId":"-"},"content":"FC ACTUAL.TXT EXPECTED.TXT","lastModifiedDate":"2020-05-25"}],"authorContributionMap":{"StanleyLG":1,"-":20}},{"path":"text-ui-test/runtest.sh","fileType":"sh","lines":[{"lineNumber":1,"author":{"gitId":"-"},"content":"#!/usr/bin/env bash","lastModifiedDate":"2020-05-25"},{"lineNumber":2,"author":{"gitId":"-"},"content":"","lastModifiedDate":"2020-05-25"},{"lineNumber":3,"author":{"gitId":"-"},"content":"# create bin directory if it doesn\u0027t exist","lastModifiedDate":"2020-05-25"},{"lineNumber":4,"author":{"gitId":"-"},"content":"if [ ! -d \"../bin\" ]","lastModifiedDate":"2020-05-25"},{"lineNumber":5,"author":{"gitId":"-"},"content":"then","lastModifiedDate":"2020-05-25"},{"lineNumber":6,"author":{"gitId":"-"},"content":"    mkdir ../bin","lastModifiedDate":"2020-05-25"},{"lineNumber":7,"author":{"gitId":"-"},"content":"fi","lastModifiedDate":"2020-05-25"},{"lineNumber":8,"author":{"gitId":"-"},"content":"","lastModifiedDate":"2020-05-25"},{"lineNumber":9,"author":{"gitId":"-"},"content":"# delete output from previous run","lastModifiedDate":"2020-05-25"},{"lineNumber":10,"author":{"gitId":"-"},"content":"if [ -e \"./ACTUAL.TXT\" ]","lastModifiedDate":"2020-05-25"},{"lineNumber":11,"author":{"gitId":"-"},"content":"then","lastModifiedDate":"2020-05-25"},{"lineNumber":12,"author":{"gitId":"-"},"content":"    rm ACTUAL.TXT","lastModifiedDate":"2020-05-25"},{"lineNumber":13,"author":{"gitId":"-"},"content":"fi","lastModifiedDate":"2020-05-25"},{"lineNumber":14,"author":{"gitId":"-"},"content":"","lastModifiedDate":"2020-05-25"},{"lineNumber":15,"author":{"gitId":"-"},"content":"# compile the code into the bin folder, terminates if error occurred","lastModifiedDate":"2020-05-25"},{"lineNumber":16,"author":{"gitId":"StanleyLG"},"content":"if ! javac -cp ../src/main/java -Xlint:none -d ../bin ../src/main/java/Duke.java","lastModifiedDate":"2021-09-02"},{"lineNumber":17,"author":{"gitId":"-"},"content":"then","lastModifiedDate":"2020-05-25"},{"lineNumber":18,"author":{"gitId":"-"},"content":"    echo \"********** BUILD FAILURE **********\"","lastModifiedDate":"2020-05-25"},{"lineNumber":19,"author":{"gitId":"-"},"content":"    exit 1","lastModifiedDate":"2020-05-25"},{"lineNumber":20,"author":{"gitId":"-"},"content":"fi","lastModifiedDate":"2020-05-25"},{"lineNumber":21,"author":{"gitId":"-"},"content":"","lastModifiedDate":"2020-05-25"},{"lineNumber":22,"author":{"gitId":"-"},"content":"# run the program, feed commands from input.txt file and redirect the output to the ACTUAL.TXT","lastModifiedDate":"2020-05-25"},{"lineNumber":23,"author":{"gitId":"-"},"content":"java -classpath ../bin Duke \u003c input.txt \u003e ACTUAL.TXT","lastModifiedDate":"2020-05-25"},{"lineNumber":24,"author":{"gitId":"-"},"content":"","lastModifiedDate":"2020-05-25"},{"lineNumber":25,"author":{"gitId":"-"},"content":"# convert to UNIX format","lastModifiedDate":"2020-05-25"},{"lineNumber":26,"author":{"gitId":"-"},"content":"cp EXPECTED.TXT EXPECTED-UNIX.TXT","lastModifiedDate":"2020-05-25"},{"lineNumber":27,"author":{"gitId":"-"},"content":"dos2unix ACTUAL.TXT EXPECTED-UNIX.TXT","lastModifiedDate":"2020-05-25"},{"lineNumber":28,"author":{"gitId":"-"},"content":"","lastModifiedDate":"2020-05-25"},{"lineNumber":29,"author":{"gitId":"-"},"content":"# compare the output to the expected output","lastModifiedDate":"2020-05-25"},{"lineNumber":30,"author":{"gitId":"-"},"content":"diff ACTUAL.TXT EXPECTED-UNIX.TXT","lastModifiedDate":"2020-05-25"},{"lineNumber":31,"author":{"gitId":"-"},"content":"if [ $? -eq 0 ]","lastModifiedDate":"2020-05-25"},{"lineNumber":32,"author":{"gitId":"-"},"content":"then","lastModifiedDate":"2020-05-25"},{"lineNumber":33,"author":{"gitId":"-"},"content":"    echo \"Test result: PASSED\"","lastModifiedDate":"2020-05-25"},{"lineNumber":34,"author":{"gitId":"-"},"content":"    exit 0","lastModifiedDate":"2020-05-25"},{"lineNumber":35,"author":{"gitId":"-"},"content":"else","lastModifiedDate":"2020-05-25"},{"lineNumber":36,"author":{"gitId":"-"},"content":"    echo \"Test result: FAILED\"","lastModifiedDate":"2020-05-25"},{"lineNumber":37,"author":{"gitId":"-"},"content":"    exit 1","lastModifiedDate":"2020-05-25"},{"lineNumber":38,"author":{"gitId":"-"},"content":"fi","lastModifiedDate":"2020-05-25"}],"authorContributionMap":{"StanleyLG":1,"-":37}}]
