{"authorDailyContributionsMap":{"StanleyLG":[{"date":"0056-08-28","commitResults":[{"hash":"9d7a480f7dcf27cca682cad630b99fc3eb8baa4f","messageTitle":"Implemented Level-1","messageBody":"","fileTypesAndContributionMap":{"java":{"insertions":25,"deletions":0}}}]},{"date":"2021-08-28","commitResults":[{"hash":"940bbca5ebd7eb1a325b0041707b3995bab75586","messageTitle":"Implemented Level-2","messageBody":"","tags":["Level-2"],"fileTypesAndContributionMap":{"java":{"insertions":36,"deletions":3}}}]},{"date":"2021-09-02","commitResults":[{"hash":"b133a998b80a245f8f187caf6f53ee84191b806c","messageTitle":"Implemented Level-3","messageBody":"","fileTypesAndContributionMap":{"java":{"insertions":37,"deletions":4}}},{"hash":"f88955efe491164c706da71947160bdb9e9ed4d9","messageTitle":"Implemented Level-3","messageBody":"","tags":["Level-3"],"fileTypesAndContributionMap":{"java":{"insertions":5,"deletions":5}}},{"hash":"929d2ee15363eee24cedff7fb3836d5c70523916","messageTitle":"Implemented A-TextUiTesting","messageBody":"","tags":["A-TextUiTesting"],"fileTypesAndContributionMap":{"txt":{"insertions":3,"deletions":0},"bat":{"insertions":1,"deletions":1},"sh":{"insertions":1,"deletions":1}}}]},{"date":"2021-09-11","commitResults":[{"hash":"3112af4041c5fa22c96d10c98c963f7f8545c6e4","messageTitle":"Implemented Level-4","messageBody":"","tags":["Level-4"],"fileTypesAndContributionMap":{"txt":{"insertions":8,"deletions":2},"java":{"insertions":147,"deletions":29}}}]},{"date":"2021-10-02","commitResults":[{"hash":"f707f3a15fc2975176b39b1870305c0ec367e324","messageTitle":"Implemented Level-5","messageBody":"","tags":["Level-5"],"fileTypesAndContributionMap":{"txt":{"insertions":16,"deletions":2},"java":{"insertions":163,"deletions":63}}}]},{"date":"2021-10-03","commitResults":[{"hash":"069d47e2f0f3503f90cd5998b8b1323fa4b538c4","messageTitle":"- Some code cleanup - made task list into class - use arraylist instead of array for tasklist","messageBody":"","fileTypesAndContributionMap":{"txt":{"insertions":1,"deletions":1},"java":{"insertions":73,"deletions":42}}},{"hash":"cdf479b020f11abfba08afcca37afb2e44ad248e","messageTitle":"Implemented Level 6","messageBody":"","tags":["Level-6"],"fileTypesAndContributionMap":{"txt":{"insertions":1,"deletions":0},"java":{"insertions":101,"deletions":51}}},{"hash":"f3812376368283ddf8f77a775648337b23577f50","messageTitle":"1. Source code tidying up 2. Java classes into folders. 3. Enum in progress","messageBody":"","tags":["Enum-in-progress"],"fileTypesAndContributionMap":{"java":{"insertions":11,"deletions":0}}}]}]},"authorFileTypeContributionMap":{"StanleyLG":{"java":401,"md":0,"fxml":0,"sh":1,"bat":1,"gradle":0,"txt":24}},"authorContributionVariance":{"StanleyLG":221.26562},"authorDisplayNameMap":{"StanleyLG":"LIN ..GANG"}}
