{"authorDailyContributionsMap":{"StanleyLG":[{"date":"2021-08-28","commitResults":[{"hash":"9d7a480f7dcf27cca682cad630b99fc3eb8baa4f","messageTitle":"Implemented Level-1","messageBody":"","fileTypesAndContributionMap":{"java":{"insertions":25,"deletions":0}}},{"hash":"940bbca5ebd7eb1a325b0041707b3995bab75586","messageTitle":"Implemented Level-2","messageBody":"","tags":["Level-2"],"fileTypesAndContributionMap":{"java":{"insertions":36,"deletions":3}}}]},{"date":"2021-09-02","commitResults":[{"hash":"b133a998b80a245f8f187caf6f53ee84191b806c","messageTitle":"Implemented Level-3","messageBody":"","fileTypesAndContributionMap":{"java":{"insertions":37,"deletions":4}}},{"hash":"f88955efe491164c706da71947160bdb9e9ed4d9","messageTitle":"Implemented Level-3","messageBody":"","tags":["Level-3"],"fileTypesAndContributionMap":{"java":{"insertions":5,"deletions":5}}},{"hash":"929d2ee15363eee24cedff7fb3836d5c70523916","messageTitle":"Implemented A-TextUiTesting","messageBody":"","tags":["A-TextUiTesting"],"fileTypesAndContributionMap":{"txt":{"insertions":3,"deletions":0},"bat":{"insertions":1,"deletions":1},"sh":{"insertions":1,"deletions":1}}}]},{"date":"2021-09-11","commitResults":[{"hash":"3112af4041c5fa22c96d10c98c963f7f8545c6e4","messageTitle":"Implemented Level-4","messageBody":"","tags":["Level-4"],"fileTypesAndContributionMap":{"txt":{"insertions":8,"deletions":2},"java":{"insertions":147,"deletions":29}}}]},{"date":"2021-10-02","commitResults":[{"hash":"f707f3a15fc2975176b39b1870305c0ec367e324","messageTitle":"Implemented Level-5","messageBody":"","tags":["Level-5"],"fileTypesAndContributionMap":{"txt":{"insertions":16,"deletions":2},"java":{"insertions":163,"deletions":63}}}]},{"date":"2021-10-03","commitResults":[{"hash":"069d47e2f0f3503f90cd5998b8b1323fa4b538c4","messageTitle":"- Some code cleanup - made task list into class - use arraylist instead of array for tasklist","messageBody":"","fileTypesAndContributionMap":{"txt":{"insertions":1,"deletions":1},"java":{"insertions":73,"deletions":42}}},{"hash":"cdf479b020f11abfba08afcca37afb2e44ad248e","messageTitle":"Implemented Level 6","messageBody":"","tags":["Level-6"],"fileTypesAndContributionMap":{"txt":{"insertions":1,"deletions":0},"java":{"insertions":101,"deletions":51}}},{"hash":"f3812376368283ddf8f77a775648337b23577f50","messageTitle":"1. Source code tidying up 2. Java classes into folders. 3. Enum in progress","messageBody":"","tags":["Enum-in-progress"],"fileTypesAndContributionMap":{"java":{"insertions":11,"deletions":0}}}]},{"date":"2021-10-16","commitResults":[{"hash":"1872bfda0259645bbd690a68b83219d80ac87c33","messageTitle":"Save function, More OOP, Packages in Progress.","messageBody":"","fileTypesAndContributionMap":{"java":{"insertions":213,"deletions":53},"bat":{"insertions":2,"deletions":2},"md":{"insertions":2,"deletions":2}}}]},{"date":"2021-10-18","commitResults":[{"hash":"f256f68f7124534346c84c4b55f87b0d99fcaa9e","messageTitle":"1. Made ENUM into use 2. Level-7 Save function implementation 3.More-OOP Achieved 4. Packages Segregation","messageBody":"","tags":["Packages","More-OOP","Level-7"],"fileTypesAndContributionMap":{"txt":{"insertions":2,"deletions":0},"java":{"insertions":671,"deletions":316}}}]},{"date":"2021-10-19","commitResults":[{"hash":"5ad63631170f4ba3301155584a5a2123f4a66ba9","messageTitle":"1. code cleanup 2. added some JavaDoc","messageBody":"","fileTypesAndContributionMap":{"java":{"insertions":218,"deletions":47}}}]},{"date":"2021-10-21","commitResults":[{"hash":"9f1c4df453a6a3f90e644c75102c7026fe1b4693","messageTitle":"1. code cleanup 2. more javadoc","messageBody":"","fileTypesAndContributionMap":{"java":{"insertions":167,"deletions":7}}}]},{"date":"2021-10-23","commitResults":[{"hash":"9461d779946f5ad97c56084c899830b7b4c68255","messageTitle":"Implemented Level 8 Date and Time","messageBody":"","tags":["Level-8"],"fileTypesAndContributionMap":{"txt":{"insertions":6,"deletions":5},"java":{"insertions":356,"deletions":56}}},{"hash":"6a2ede3f7dc86198edc5674f681b6d349b64124c","messageTitle":"Implemented JavaDoc for all functions","messageBody":"","tags":["JavaDoc"],"fileTypesAndContributionMap":{"txt":{"insertions":15,"deletions":13},"java":{"insertions":55,"deletions":5}}},{"hash":"033a203432182f95f005dc475950bd949138fd40","messageTitle":"Added Gradle Support[minimal]","messageBody":"","tags":["Gradle-Support"],"fileTypesAndContributionMap":{"java":{"insertions":4,"deletions":5}}},{"hash":"7ce30b62587da31230d462e6805cdea6f1a9e594","messageTitle":"Added Gradle Support[Recommended]   - run tests with gradlew test Added JUnit Testing","messageBody":"","tags":["JUnitTesting"],"fileTypesAndContributionMap":{"gradle":{"insertions":1,"deletions":1},"txt":{"insertions":4,"deletions":0},"java":{"insertions":132,"deletions":1}}},{"hash":"2a5ae14b0790f9dac9d98ecb017bea3967bab132","messageTitle":"Added tags for Gradle Support[Recommended] Added tags for JUnit Testing","messageBody":"","tags":["merge-gradle-support","J-unit-testing"],"fileTypesAndContributionMap":{"java":{"insertions":2,"deletions":0}}}]},{"date":"2021-10-27","commitResults":[{"hash":"10b717c71e85f8e6b210d0f21a1b54028bf016e2","messageTitle":"Added fixed duration tasks feature","messageBody":"","tags":["Additional-FixedDurationTask"],"fileTypesAndContributionMap":{"txt":{"insertions":9,"deletions":2},"java":{"insertions":229,"deletions":92}}},{"hash":"4eed24c1441a4f3675bcd204c4499922d4f51df6","messageTitle":"Added Level-9 Find","messageBody":"","tags":["Level-9"],"fileTypesAndContributionMap":{"txt":{"insertions":1,"deletions":1},"java":{"insertions":71,"deletions":5}}}]},{"date":"2021-10-29","commitResults":[{"hash":"b1817aaa3120d56e2776dbd36bdbf12c156ee018","messageTitle":"Coding Standard Improvement","messageBody":"","tags":["CodingStandard"],"fileTypesAndContributionMap":{"txt":{"insertions":2,"deletions":2},"java":{"insertions":1146,"deletions":1141},"bat":{"insertions":2,"deletions":2},"md":{"insertions":2,"deletions":2}}},{"hash":"2916d0dcce57af644825839bbd17c2dfdadb1a96","messageTitle":"Coding Quality Improvement","messageBody":"","tags":["CodeQualityCheck"],"fileTypesAndContributionMap":{"java":{"insertions":13,"deletions":8}}}]},{"date":"2021-10-30","commitResults":[{"hash":"d7e8ec6dea42815a9f6a60e5f7d929efb6b3dc51","messageTitle":"Additional-ViewSchedule","messageBody":"","tags":["Additional-ViewSchedule"],"fileTypesAndContributionMap":{"gradle":{"insertions":1,"deletions":1},"java":{"insertions":188,"deletions":20}}},{"hash":"26c470bd7ff3dc6b840db2bdb82244b4ba1309e1","messageTitle":"Asserts at important check points. Cleared code style that is causing warning.","messageBody":"","tags":["AssertionUsage"],"fileTypesAndContributionMap":{"java":{"insertions":25,"deletions":10}}}]},{"date":"2021-11-06","commitResults":[{"hash":"2b50cf0c38410b0e0677f20b48331b27c86f4db2","messageTitle":"Touch up","messageBody":"","fileTypesAndContributionMap":{"txt":{"insertions":3,"deletions":2},"java":{"insertions":96,"deletions":50}}},{"hash":"e7f4bf256a5e2c01c52f8196b1fbcce34aa1f913","messageTitle":"Fixed certain bugs after creating JAR file","messageBody":"","fileTypesAndContributionMap":{"txt":{"insertions":4,"deletions":1},"java":{"insertions":12,"deletions":13}}}]},{"date":"2021-11-08","commitResults":[{"hash":"6bad20e42fd9a6a749542334452f45aadbc65b44","messageTitle":"Extracted date/time parse function into a new package","messageBody":"","fileTypesAndContributionMap":{"txt":{"insertions":14,"deletions":0},"java":{"insertions":138,"deletions":136}}}]}]},"authorFileTypeContributionMap":{"StanleyLG":{"java":2179,"md":2,"fxml":0,"sh":1,"bat":2,"gradle":1,"txt":58}},"authorContributionVariance":{"StanleyLG":76284.43},"authorDisplayNameMap":{"StanleyLG":"LIN ..GANG"}}
