{"authorDailyContributionsMap":{"StanleyLG":[{"date":"2021-08-28","commitResults":[{"hash":"9d7a480f7dcf27cca682cad630b99fc3eb8baa4f","messageTitle":"Implemented Level-1","messageBody":"","fileTypesAndContributionMap":{"java":{"insertions":25,"deletions":0}}},{"hash":"940bbca5ebd7eb1a325b0041707b3995bab75586","messageTitle":"Implemented Level-2","messageBody":"","tags":["Level-2"],"fileTypesAndContributionMap":{"java":{"insertions":36,"deletions":3}}}]},{"date":"2021-09-02","commitResults":[{"hash":"b133a998b80a245f8f187caf6f53ee84191b806c","messageTitle":"Implemented Level-3","messageBody":"","fileTypesAndContributionMap":{"java":{"insertions":37,"deletions":4}}},{"hash":"f88955efe491164c706da71947160bdb9e9ed4d9","messageTitle":"Implemented Level-3","messageBody":"","tags":["Level-3"],"fileTypesAndContributionMap":{"java":{"insertions":5,"deletions":5}}},{"hash":"929d2ee15363eee24cedff7fb3836d5c70523916","messageTitle":"Implemented A-TextUiTesting","messageBody":"","tags":["A-TextUiTesting"],"fileTypesAndContributionMap":{"txt":{"insertions":3,"deletions":0},"bat":{"insertions":1,"deletions":1},"sh":{"insertions":1,"deletions":1}}}]},{"date":"2021-09-11","commitResults":[{"hash":"3112af4041c5fa22c96d10c98c963f7f8545c6e4","messageTitle":"Implemented Level-4","messageBody":"","tags":["Level-4"],"fileTypesAndContributionMap":{"txt":{"insertions":8,"deletions":2},"java":{"insertions":147,"deletions":29}}}]}]},"authorFileTypeContributionMap":{"StanleyLG":{"java":209,"md":0,"fxml":0,"sh":1,"bat":1,"gradle":0,"txt":9}},"authorContributionVariance":{"StanleyLG":1154.879},"authorDisplayNameMap":{"StanleyLG":"LIN ..GANG"}}
