[{"path":"src/main/java/Deadline.java","fileType":"java","lines":[{"lineNumber":1,"author":{"gitId":"Qmin46"},"content":"package main.java;","lastModifiedDate":"2021-10-03"},{"lineNumber":2,"author":{"gitId":"Qmin46"},"content":"","lastModifiedDate":"2021-10-03"},{"lineNumber":3,"author":{"gitId":"Qmin46"},"content":"public class Deadline extends Task{","lastModifiedDate":"2021-10-03"},{"lineNumber":4,"author":{"gitId":"Qmin46"},"content":"    protected String by;","lastModifiedDate":"2021-10-03"},{"lineNumber":5,"author":{"gitId":"Qmin46"},"content":"","lastModifiedDate":"2021-10-03"},{"lineNumber":6,"author":{"gitId":"Qmin46"},"content":"    public Deadline(String description, String by) {","lastModifiedDate":"2021-10-03"},{"lineNumber":7,"author":{"gitId":"Qmin46"},"content":"        super(description);","lastModifiedDate":"2021-10-03"},{"lineNumber":8,"author":{"gitId":"Qmin46"},"content":"        this.by \u003d by;","lastModifiedDate":"2021-10-03"},{"lineNumber":9,"author":{"gitId":"Qmin46"},"content":"    }","lastModifiedDate":"2021-10-03"},{"lineNumber":10,"author":{"gitId":"Qmin46"},"content":"    @Override","lastModifiedDate":"2021-10-03"},{"lineNumber":11,"author":{"gitId":"Qmin46"},"content":"    public String toString() {","lastModifiedDate":"2021-10-03"},{"lineNumber":12,"author":{"gitId":"Qmin46"},"content":"        return \"[D]\" + super.toString() + \" (by: \" + by + \")\";","lastModifiedDate":"2021-10-03"},{"lineNumber":13,"author":{"gitId":"Qmin46"},"content":"    }","lastModifiedDate":"2021-10-03"},{"lineNumber":14,"author":{"gitId":"Qmin46"},"content":"}","lastModifiedDate":"2021-10-03"}],"authorContributionMap":{"Qmin46":14}},{"path":"src/main/java/Duke.java","fileType":"java","lines":[{"lineNumber":1,"author":{"gitId":"Qmin46"},"content":"","lastModifiedDate":"2021-10-03"},{"lineNumber":2,"author":{"gitId":"Qmin46"},"content":"package main.java;","lastModifiedDate":"2021-10-03"},{"lineNumber":3,"author":{"gitId":"Qmin46"},"content":"","lastModifiedDate":"2021-10-03"},{"lineNumber":4,"author":{"gitId":"Qmin46"},"content":"import java.util.Scanner;","lastModifiedDate":"2021-10-03"},{"lineNumber":5,"author":{"gitId":"Qmin46"},"content":"","lastModifiedDate":"2021-10-03"},{"lineNumber":6,"author":{"gitId":"-"},"content":"public class Duke {","lastModifiedDate":"2019-07-29"},{"lineNumber":7,"author":{"gitId":"Qmin46"},"content":"    static Scanner Scan \u003d new Scanner(System.in);","lastModifiedDate":"2021-10-04"},{"lineNumber":8,"author":{"gitId":"Qmin46"},"content":"    static String separator \u003d \"____________________________________________________________\\n\";","lastModifiedDate":"2021-10-03"},{"lineNumber":9,"author":{"gitId":"Qmin46"},"content":"","lastModifiedDate":"2021-10-03"},{"lineNumber":10,"author":{"gitId":"Qmin46"},"content":"    public static void WelcomeDuke() {","lastModifiedDate":"2021-10-03"},{"lineNumber":11,"author":{"gitId":"-"},"content":"        String logo \u003d \" ____        _        \\n\"","lastModifiedDate":"2019-07-29"},{"lineNumber":12,"author":{"gitId":"-"},"content":"                + \"|  _ \\\\ _   _| | _____ \\n\"","lastModifiedDate":"2019-07-29"},{"lineNumber":13,"author":{"gitId":"-"},"content":"                + \"| | | | | | | |/ / _ \\\\\\n\"","lastModifiedDate":"2019-07-29"},{"lineNumber":14,"author":{"gitId":"-"},"content":"                + \"| |_| | |_| |   \u003c  __/\\n\"","lastModifiedDate":"2019-07-29"},{"lineNumber":15,"author":{"gitId":"-"},"content":"                + \"|____/ \\\\__,_|_|\\\\_\\\\___|\\n\";","lastModifiedDate":"2019-07-29"},{"lineNumber":16,"author":{"gitId":"Qmin46"},"content":"        System.out.println(\"Welcome to\\n\" + logo);","lastModifiedDate":"2021-10-03"},{"lineNumber":17,"author":{"gitId":"Qmin46"},"content":"    }","lastModifiedDate":"2021-10-03"},{"lineNumber":18,"author":{"gitId":"Qmin46"},"content":"","lastModifiedDate":"2021-10-03"},{"lineNumber":19,"author":{"gitId":"Qmin46"},"content":"    public static void Hello() {","lastModifiedDate":"2021-10-03"},{"lineNumber":20,"author":{"gitId":"Qmin46"},"content":"        String start \u003d \"Hello! I\u0027m Duke\\n\";","lastModifiedDate":"2021-10-03"},{"lineNumber":21,"author":{"gitId":"Qmin46"},"content":"        String question \u003d \"What can I do for you?\\n\";","lastModifiedDate":"2021-10-03"},{"lineNumber":22,"author":{"gitId":"Qmin46"},"content":"        System.out.println(separator + start + question + separator);","lastModifiedDate":"2021-10-03"},{"lineNumber":23,"author":{"gitId":"Qmin46"},"content":"    }","lastModifiedDate":"2021-10-03"},{"lineNumber":24,"author":{"gitId":"Qmin46"},"content":"","lastModifiedDate":"2021-10-03"},{"lineNumber":25,"author":{"gitId":"Qmin46"},"content":"    public static void Bye() {","lastModifiedDate":"2021-10-03"},{"lineNumber":26,"author":{"gitId":"Qmin46"},"content":"            String word \u003d Scan.nextLine();","lastModifiedDate":"2021-10-04"},{"lineNumber":27,"author":{"gitId":"Qmin46"},"content":"            if (word.equals(\"bye\")) {","lastModifiedDate":"2021-10-03"},{"lineNumber":28,"author":{"gitId":"Qmin46"},"content":"                System.out.println(separator + \"Bye. Hope to see you again!\\n\" + separator);","lastModifiedDate":"2021-10-03"},{"lineNumber":29,"author":{"gitId":"Qmin46"},"content":"            } else {","lastModifiedDate":"2021-10-03"},{"lineNumber":30,"author":{"gitId":"Qmin46"},"content":"                System.out.println(separator + word + \"\\n\" + separator);","lastModifiedDate":"2021-10-03"},{"lineNumber":31,"author":{"gitId":"Qmin46"},"content":"            }","lastModifiedDate":"2021-10-03"},{"lineNumber":32,"author":{"gitId":"Qmin46"},"content":"    }","lastModifiedDate":"2021-10-03"},{"lineNumber":33,"author":{"gitId":"Qmin46"},"content":"    public static void Level1() {","lastModifiedDate":"2021-10-03"},{"lineNumber":34,"author":{"gitId":"Qmin46"},"content":"        Hello();","lastModifiedDate":"2021-10-03"},{"lineNumber":35,"author":{"gitId":"Qmin46"},"content":"        Bye();","lastModifiedDate":"2021-10-03"},{"lineNumber":36,"author":{"gitId":"Qmin46"},"content":"    }","lastModifiedDate":"2021-10-03"},{"lineNumber":37,"author":{"gitId":"Qmin46"},"content":"    public static void main(String[] args) {","lastModifiedDate":"2021-10-03"},{"lineNumber":38,"author":{"gitId":"Qmin46"},"content":"        WelcomeDuke();","lastModifiedDate":"2021-10-03"},{"lineNumber":39,"author":{"gitId":"Qmin46"},"content":"        Level1();","lastModifiedDate":"2021-10-03"},{"lineNumber":40,"author":{"gitId":"-"},"content":"    }","lastModifiedDate":"2019-07-29"},{"lineNumber":41,"author":{"gitId":"-"},"content":"}","lastModifiedDate":"2019-07-29"},{"lineNumber":42,"author":{"gitId":"Qmin46"},"content":"","lastModifiedDate":"2021-10-03"},{"lineNumber":43,"author":{"gitId":"Qmin46"},"content":"","lastModifiedDate":"2021-10-03"}],"authorContributionMap":{"Qmin46":35,"-":8}},{"path":"src/main/java/Event.java","fileType":"java","lines":[{"lineNumber":1,"author":{"gitId":"Qmin46"},"content":"package main.java;","lastModifiedDate":"2021-10-03"},{"lineNumber":2,"author":{"gitId":"Qmin46"},"content":"","lastModifiedDate":"2021-10-03"},{"lineNumber":3,"author":{"gitId":"Qmin46"},"content":"public class Event extends Task{","lastModifiedDate":"2021-10-03"},{"lineNumber":4,"author":{"gitId":"Qmin46"},"content":"    protected String at;","lastModifiedDate":"2021-10-03"},{"lineNumber":5,"author":{"gitId":"Qmin46"},"content":"","lastModifiedDate":"2021-10-03"},{"lineNumber":6,"author":{"gitId":"Qmin46"},"content":"    public Event(String description, String at) {","lastModifiedDate":"2021-10-03"},{"lineNumber":7,"author":{"gitId":"Qmin46"},"content":"        super(description);","lastModifiedDate":"2021-10-03"},{"lineNumber":8,"author":{"gitId":"Qmin46"},"content":"        this.at \u003d at;","lastModifiedDate":"2021-10-03"},{"lineNumber":9,"author":{"gitId":"Qmin46"},"content":"    }","lastModifiedDate":"2021-10-03"},{"lineNumber":10,"author":{"gitId":"Qmin46"},"content":"","lastModifiedDate":"2021-10-03"},{"lineNumber":11,"author":{"gitId":"Qmin46"},"content":"    @Override","lastModifiedDate":"2021-10-03"},{"lineNumber":12,"author":{"gitId":"Qmin46"},"content":"    public String toString() {","lastModifiedDate":"2021-10-03"},{"lineNumber":13,"author":{"gitId":"Qmin46"},"content":"        return \"[E]\" + super.toString() + \" (at: \" + at + \")\";","lastModifiedDate":"2021-10-03"},{"lineNumber":14,"author":{"gitId":"Qmin46"},"content":"    }","lastModifiedDate":"2021-10-03"},{"lineNumber":15,"author":{"gitId":"Qmin46"},"content":"","lastModifiedDate":"2021-10-03"},{"lineNumber":16,"author":{"gitId":"Qmin46"},"content":"}","lastModifiedDate":"2021-10-03"}],"authorContributionMap":{"Qmin46":16}},{"path":"src/main/java/List.java","fileType":"java","lines":[{"lineNumber":1,"author":{"gitId":"Qmin46"},"content":"//package main.java;","lastModifiedDate":"2021-10-03"},{"lineNumber":2,"author":{"gitId":"Qmin46"},"content":"","lastModifiedDate":"2021-10-03"},{"lineNumber":3,"author":{"gitId":"Qmin46"},"content":"public class List{","lastModifiedDate":"2021-10-03"},{"lineNumber":4,"author":{"gitId":"Qmin46"},"content":"    protected String description;","lastModifiedDate":"2021-10-03"},{"lineNumber":5,"author":{"gitId":"Qmin46"},"content":"    protected boolean isDone;","lastModifiedDate":"2021-10-03"},{"lineNumber":6,"author":{"gitId":"Qmin46"},"content":"","lastModifiedDate":"2021-10-03"},{"lineNumber":7,"author":{"gitId":"Qmin46"},"content":"    public List(String description) {","lastModifiedDate":"2021-10-03"},{"lineNumber":8,"author":{"gitId":"Qmin46"},"content":"        this.description \u003d description;","lastModifiedDate":"2021-10-03"},{"lineNumber":9,"author":{"gitId":"Qmin46"},"content":"        this.isDone \u003d false;","lastModifiedDate":"2021-10-03"},{"lineNumber":10,"author":{"gitId":"Qmin46"},"content":"    }","lastModifiedDate":"2021-10-03"},{"lineNumber":11,"author":{"gitId":"Qmin46"},"content":"","lastModifiedDate":"2021-10-03"},{"lineNumber":12,"author":{"gitId":"Qmin46"},"content":"    public String getStatusIcon() {","lastModifiedDate":"2021-10-03"},{"lineNumber":13,"author":{"gitId":"Qmin46"},"content":"        return (isDone ? \"X\" : \" \"); // mark done task with X","lastModifiedDate":"2021-10-03"},{"lineNumber":14,"author":{"gitId":"Qmin46"},"content":"    }","lastModifiedDate":"2021-10-03"},{"lineNumber":15,"author":{"gitId":"Qmin46"},"content":"    public void setDone(boolean done){","lastModifiedDate":"2021-10-03"},{"lineNumber":16,"author":{"gitId":"Qmin46"},"content":"        this.isDone \u003d done;","lastModifiedDate":"2021-10-03"},{"lineNumber":17,"author":{"gitId":"Qmin46"},"content":"    }","lastModifiedDate":"2021-10-03"},{"lineNumber":18,"author":{"gitId":"Qmin46"},"content":"","lastModifiedDate":"2021-10-03"},{"lineNumber":19,"author":{"gitId":"Qmin46"},"content":"    public String getDescription(){","lastModifiedDate":"2021-10-03"},{"lineNumber":20,"author":{"gitId":"Qmin46"},"content":"        return description;","lastModifiedDate":"2021-10-03"},{"lineNumber":21,"author":{"gitId":"Qmin46"},"content":"    }","lastModifiedDate":"2021-10-03"},{"lineNumber":22,"author":{"gitId":"Qmin46"},"content":"","lastModifiedDate":"2021-10-03"},{"lineNumber":23,"author":{"gitId":"Qmin46"},"content":"    public void setDescription(String description) {","lastModifiedDate":"2021-10-03"},{"lineNumber":24,"author":{"gitId":"Qmin46"},"content":"        this.description \u003d description;","lastModifiedDate":"2021-10-03"},{"lineNumber":25,"author":{"gitId":"Qmin46"},"content":"    }","lastModifiedDate":"2021-10-03"},{"lineNumber":26,"author":{"gitId":"Qmin46"},"content":"","lastModifiedDate":"2021-10-03"},{"lineNumber":27,"author":{"gitId":"Qmin46"},"content":"    public String toString(){","lastModifiedDate":"2021-10-03"},{"lineNumber":28,"author":{"gitId":"Qmin46"},"content":"        String print \u003d \"[\" + getStatusIcon()+\"] \"+getDescription();","lastModifiedDate":"2021-10-03"},{"lineNumber":29,"author":{"gitId":"Qmin46"},"content":"        return print;","lastModifiedDate":"2021-10-03"},{"lineNumber":30,"author":{"gitId":"Qmin46"},"content":"    }","lastModifiedDate":"2021-10-03"},{"lineNumber":31,"author":{"gitId":"Qmin46"},"content":"}","lastModifiedDate":"2021-10-03"}],"authorContributionMap":{"Qmin46":31}},{"path":"src/main/java/Task.java","fileType":"java","lines":[{"lineNumber":1,"author":{"gitId":"Qmin46"},"content":"package main.java;","lastModifiedDate":"2021-10-03"},{"lineNumber":2,"author":{"gitId":"Qmin46"},"content":"","lastModifiedDate":"2021-10-03"},{"lineNumber":3,"author":{"gitId":"Qmin46"},"content":"public class Task {","lastModifiedDate":"2021-10-03"},{"lineNumber":4,"author":{"gitId":"Qmin46"},"content":"","lastModifiedDate":"2021-10-03"},{"lineNumber":5,"author":{"gitId":"Qmin46"},"content":"    protected String Description;","lastModifiedDate":"2021-10-03"},{"lineNumber":6,"author":{"gitId":"Qmin46"},"content":"    protected boolean Completed;","lastModifiedDate":"2021-10-03"},{"lineNumber":7,"author":{"gitId":"Qmin46"},"content":"","lastModifiedDate":"2021-10-03"},{"lineNumber":8,"author":{"gitId":"Qmin46"},"content":"    public Task(String newTask) {","lastModifiedDate":"2021-10-03"},{"lineNumber":9,"author":{"gitId":"Qmin46"},"content":"        this.Description \u003d newTask;","lastModifiedDate":"2021-10-03"},{"lineNumber":10,"author":{"gitId":"Qmin46"},"content":"        this.Completed \u003d false;","lastModifiedDate":"2021-10-03"},{"lineNumber":11,"author":{"gitId":"Qmin46"},"content":"    }","lastModifiedDate":"2021-10-03"},{"lineNumber":12,"author":{"gitId":"Qmin46"},"content":"","lastModifiedDate":"2021-10-03"},{"lineNumber":13,"author":{"gitId":"Qmin46"},"content":"    public String getDescription() {","lastModifiedDate":"2021-10-03"},{"lineNumber":14,"author":{"gitId":"Qmin46"},"content":"        return Description;","lastModifiedDate":"2021-10-03"},{"lineNumber":15,"author":{"gitId":"Qmin46"},"content":"    }","lastModifiedDate":"2021-10-03"},{"lineNumber":16,"author":{"gitId":"Qmin46"},"content":"","lastModifiedDate":"2021-10-03"},{"lineNumber":17,"author":{"gitId":"Qmin46"},"content":"    public String getCompletedSymbol() {","lastModifiedDate":"2021-10-03"},{"lineNumber":18,"author":{"gitId":"Qmin46"},"content":"        if (Completed) {","lastModifiedDate":"2021-10-03"},{"lineNumber":19,"author":{"gitId":"Qmin46"},"content":"            return \"[X]\";","lastModifiedDate":"2021-10-03"},{"lineNumber":20,"author":{"gitId":"Qmin46"},"content":"        } else {","lastModifiedDate":"2021-10-03"},{"lineNumber":21,"author":{"gitId":"Qmin46"},"content":"            return \"[]\";","lastModifiedDate":"2021-10-03"},{"lineNumber":22,"author":{"gitId":"Qmin46"},"content":"        }","lastModifiedDate":"2021-10-03"},{"lineNumber":23,"author":{"gitId":"Qmin46"},"content":"    }","lastModifiedDate":"2021-10-03"},{"lineNumber":24,"author":{"gitId":"Qmin46"},"content":"","lastModifiedDate":"2021-10-03"},{"lineNumber":25,"author":{"gitId":"Qmin46"},"content":"    public String getTaskInfo() {","lastModifiedDate":"2021-10-03"},{"lineNumber":26,"author":{"gitId":"Qmin46"},"content":"        String TaskInfo \u003d this.getCompletedSymbol() + \" \" + Description;","lastModifiedDate":"2021-10-03"},{"lineNumber":27,"author":{"gitId":"Qmin46"},"content":"        return TaskInfo;","lastModifiedDate":"2021-10-03"},{"lineNumber":28,"author":{"gitId":"Qmin46"},"content":"    }","lastModifiedDate":"2021-10-03"},{"lineNumber":29,"author":{"gitId":"Qmin46"},"content":"","lastModifiedDate":"2021-10-03"},{"lineNumber":30,"author":{"gitId":"Qmin46"},"content":"    public void markCompleted() {","lastModifiedDate":"2021-10-03"},{"lineNumber":31,"author":{"gitId":"Qmin46"},"content":"        Completed \u003d true;","lastModifiedDate":"2021-10-03"},{"lineNumber":32,"author":{"gitId":"Qmin46"},"content":"    }","lastModifiedDate":"2021-10-03"},{"lineNumber":33,"author":{"gitId":"Qmin46"},"content":"}","lastModifiedDate":"2021-10-03"}],"authorContributionMap":{"Qmin46":33}},{"path":"src/main/java/ToDo.java","fileType":"java","lines":[{"lineNumber":1,"author":{"gitId":"Qmin46"},"content":"package main.java;","lastModifiedDate":"2021-10-03"},{"lineNumber":2,"author":{"gitId":"Qmin46"},"content":"","lastModifiedDate":"2021-10-03"},{"lineNumber":3,"author":{"gitId":"Qmin46"},"content":"public class ToDo extends Task{","lastModifiedDate":"2021-10-03"},{"lineNumber":4,"author":{"gitId":"Qmin46"},"content":"","lastModifiedDate":"2021-10-03"},{"lineNumber":5,"author":{"gitId":"Qmin46"},"content":"    public ToDo(String description) {","lastModifiedDate":"2021-10-03"},{"lineNumber":6,"author":{"gitId":"Qmin46"},"content":"        super(description);","lastModifiedDate":"2021-10-03"},{"lineNumber":7,"author":{"gitId":"Qmin46"},"content":"    }","lastModifiedDate":"2021-10-03"},{"lineNumber":8,"author":{"gitId":"Qmin46"},"content":"","lastModifiedDate":"2021-10-03"},{"lineNumber":9,"author":{"gitId":"Qmin46"},"content":"    @Override","lastModifiedDate":"2021-10-03"},{"lineNumber":10,"author":{"gitId":"Qmin46"},"content":"    public String toString() {","lastModifiedDate":"2021-10-03"},{"lineNumber":11,"author":{"gitId":"Qmin46"},"content":"            return \"[T]\" + super.toString();","lastModifiedDate":"2021-10-03"},{"lineNumber":12,"author":{"gitId":"Qmin46"},"content":"    }","lastModifiedDate":"2021-10-03"},{"lineNumber":13,"author":{"gitId":"Qmin46"},"content":"","lastModifiedDate":"2021-10-03"},{"lineNumber":14,"author":{"gitId":"Qmin46"},"content":"}","lastModifiedDate":"2021-10-03"}],"authorContributionMap":{"Qmin46":14}}]
