{"authorDailyContributionsMap":{"Qmin46":[{"date":"2021-10-03","commitResults":[{"hash":"b605d23673e0d3c64165ccad3fe556af49cac938","messageTitle":"Add files via upload","messageBody":"","fileTypesAndContributionMap":{"java":{"insertions":51,"deletions":0}}},{"hash":"0f262d03ab54487e2787eeb4765e5cff0b7e96e1","messageTitle":"Add files via upload","messageBody":"","fileTypesAndContributionMap":{"java":{"insertions":51,"deletions":10}}},{"hash":"1417a117790bf5d1ffcce7d3a16ff8d43098f6b0","messageTitle":"Duke","messageBody":"","fileTypesAndContributionMap":{"java":{"insertions":151,"deletions":2}}}]}]},"authorFileTypeContributionMap":{"Qmin46":{"java":152,"md":0,"fxml":0,"sh":0,"bat":0,"gradle":0,"txt":0}},"authorContributionVariance":{"Qmin46":1231.6246},"authorDisplayNameMap":{"Qmin46":"LEE .. MIN"}}
