{"authorDailyContributionsMap":{"Qmin46":[{"date":"2021-10-03","commitResults":[{"hash":"b605d23673e0d3c64165ccad3fe556af49cac938","messageTitle":"Add files via upload","messageBody":"","fileTypesAndContributionMap":{"java":{"insertions":51,"deletions":0}}},{"hash":"0f262d03ab54487e2787eeb4765e5cff0b7e96e1","messageTitle":"Add files via upload","messageBody":"","fileTypesAndContributionMap":{"java":{"insertions":51,"deletions":10}}},{"hash":"1417a117790bf5d1ffcce7d3a16ff8d43098f6b0","messageTitle":"Duke","messageBody":"","fileTypesAndContributionMap":{"java":{"insertions":151,"deletions":2}}}]},{"date":"2021-10-04","commitResults":[{"hash":"2e63f55643876df176bef40b0b28c50b4f3ce2e9","messageTitle":"Update Duke.java","messageBody":"","fileTypesAndContributionMap":{"java":{"insertions":0,"deletions":4}}},{"hash":"2001d8632b35da96428db320d74115e674a170e5","messageTitle":"Update Duke.java","messageBody":"","fileTypesAndContributionMap":{"java":{"insertions":2,"deletions":7}}}]},{"date":"2021-11-08","commitResults":[{"hash":"447664c74187070b9847e9fd069cc5459f057eac","messageTitle":"Update","messageBody":"","fileTypesAndContributionMap":{"txt":{"insertions":16,"deletions":0},"java":{"insertions":645,"deletions":151},"bat":{"insertions":2,"deletions":2},"md":{"insertions":72,"deletions":14}}}]},{"date":"2021-11-13","commitResults":[{"hash":"bdee632655c4de406acb19479a43307b5b0b388c","messageTitle":"Final Update","messageBody":"","fileTypesAndContributionMap":{"txt":{"insertions":8,"deletions":0},"fxml":{"insertions":35,"deletions":0},"java":{"insertions":361,"deletions":66}}},{"hash":"0b9782628cd85b4b7d3c821f29f1dee84b8fbf93","messageTitle":"Documentation","messageBody":"","fileTypesAndContributionMap":{"txt":{"insertions":9,"deletions":4},"md":{"insertions":0,"deletions":6}}},{"hash":"d29f18c8a52426da8ed739e44cd3da7c3132b379","messageTitle":"Update README.md","messageBody":"","fileTypesAndContributionMap":{"md":{"insertions":2,"deletions":2}}}]}]},"authorFileTypeContributionMap":{"Qmin46":{"java":940,"md":66,"fxml":35,"sh":0,"bat":2,"gradle":0,"txt":29}},"authorContributionVariance":{"Qmin46":11321.569},"authorDisplayNameMap":{"Qmin46":"LEE .. MIN"}}
