{"repoSenseVersion":"v1.14","reportGeneratedTime":"Mon Oct 18 11:35:48 2021 UTC+08:00","reportGenerationTime":" 14.22 second(s)","zoneId":"UTC+08:00","reportTitle":"RepoSense Report","repos":[{"location":{"location":"https://github.com/DINGMAN17/duke.git","repoName":"duke","organization":"DINGMAN17"},"branch":"master","displayName":"DINGMAN17/duke[master]","outputFolderName":"DINGMAN17_duke_master"},{"location":{"location":"https://github.com/metildachee/duke.git","repoName":"duke","organization":"metildachee"},"branch":"master","displayName":"metildachee/duke[master]","outputFolderName":"metildachee_duke_master"},{"location":{"location":"https://github.com/boolittlegiant/duke.git","repoName":"duke","organization":"boolittlegiant"},"branch":"master","displayName":"boolittlegiant/duke[master]","outputFolderName":"boolittlegiant_duke_master"},{"location":{"location":"https://github.com/Strider1990/duke.git","repoName":"duke","organization":"Strider1990"},"branch":"master","displayName":"Strider1990/duke[master]","outputFolderName":"Strider1990_duke_master"},{"location":{"location":"https://github.com/yangyi6666/duke.git","repoName":"duke","organization":"yangyi6666"},"branch":"master","displayName":"yangyi6666/duke[master]","outputFolderName":"yangyi6666_duke_master"},{"location":{"location":"https://github.com/Fishercui/duke.git","repoName":"duke","organization":"Fishercui"},"branch":"master","displayName":"Fishercui/duke[master]","outputFolderName":"Fishercui_duke_master"},{"location":{"location":"https://github.com/baihuangfei/duke.git","repoName":"duke","organization":"baihuangfei"},"branch":"master","displayName":"baihuangfei/duke[master]","outputFolderName":"baihuangfei_duke_master"},{"location":{"location":"https://github.com/maynardwhy/duke.git","repoName":"duke","organization":"maynardwhy"},"branch":"master","displayName":"maynardwhy/duke[master]","outputFolderName":"maynardwhy_duke_master"},{"location":{"location":"https://github.com/Troy-xu/duke.git","repoName":"duke","organization":"Troy-xu"},"branch":"master","displayName":"Troy-xu/duke[master]","outputFolderName":"Troy-xu_duke_master"},{"location":{"location":"https://github.com/bc2ajia/duke.git","repoName":"duke","organization":"bc2ajia"},"branch":"master","displayName":"bc2ajia/duke[master]","outputFolderName":"bc2ajia_duke_master"},{"location":{"location":"https://github.com/bossleanne/duke.git","repoName":"duke","organization":"bossleanne"},"branch":"master","displayName":"bossleanne/duke[master]","outputFolderName":"bossleanne_duke_master"},{"location":{"location":"https://github.com/ngkeiyeung/duke.git","repoName":"duke","organization":"ngkeiyeung"},"branch":"master","displayName":"ngkeiyeung/duke[master]","outputFolderName":"ngkeiyeung_duke_master"},{"location":{"location":"https://github.com/milecneret/duke.git","repoName":"duke","organization":"milecneret"},"branch":"master","displayName":"milecneret/duke[master]","outputFolderName":"milecneret_duke_master"},{"location":{"location":"https://github.com/Brandoncmy/duke.git","repoName":"duke","organization":"Brandoncmy"},"branch":"master","displayName":"Brandoncmy/duke[master]","outputFolderName":"Brandoncmy_duke_master"},{"location":{"location":"https://github.com/gopal-nus/duke.git","repoName":"duke","organization":"gopal-nus"},"branch":"master","displayName":"gopal-nus/duke[master]","outputFolderName":"gopal-nus_duke_master"},{"location":{"location":"https://github.com/noellimx/duke.git","repoName":"duke","organization":"noellimx"},"branch":"master","displayName":"noellimx/duke[master]","outputFolderName":"noellimx_duke_master"},{"location":{"location":"https://github.com/lockarhythm/duke.git","repoName":"duke","organization":"lockarhythm"},"branch":"master","displayName":"lockarhythm/duke[master]","outputFolderName":"lockarhythm_duke_master"},{"location":{"location":"https://github.com/Kwokcheong/duke.git","repoName":"duke","organization":"Kwokcheong"},"branch":"master","displayName":"Kwokcheong/duke[master]","outputFolderName":"Kwokcheong_duke_master"},{"location":{"location":"https://github.com/justincwm/duke.git","repoName":"duke","organization":"justincwm"},"branch":"master","displayName":"justincwm/duke[master]","outputFolderName":"justincwm_duke_master"},{"location":{"location":"https://github.com/StanleyLG/duke.git","repoName":"duke","organization":"StanleyLG"},"branch":"master","displayName":"StanleyLG/duke[master]","outputFolderName":"StanleyLG_duke_master"},{"location":{"location":"https://github.com/wxchoong/duke.git","repoName":"duke","organization":"wxchoong"},"branch":"master","displayName":"wxchoong/duke[master]","outputFolderName":"wxchoong_duke_master"},{"location":{"location":"https://github.com/kevinzou369/duke.git","repoName":"duke","organization":"kevinzou369"},"branch":"master","displayName":"kevinzou369/duke[master]","outputFolderName":"kevinzou369_duke_master"},{"location":{"location":"https://github.com/WhasabiQ/duke.git","repoName":"duke","organization":"WhasabiQ"},"branch":"master","displayName":"WhasabiQ/duke[master]","outputFolderName":"WhasabiQ_duke_master"},{"location":{"location":"https://github.com/samsspl/duke.git","repoName":"duke","organization":"samsspl"},"branch":"master","displayName":"samsspl/duke[master]","outputFolderName":"samsspl_duke_master"},{"location":{"location":"https://github.com/tswei123/duke.git","repoName":"duke","organization":"tswei123"},"branch":"master","displayName":"tswei123/duke[master]","outputFolderName":"tswei123_duke_master"},{"location":{"location":"https://github.com/tanyanru/duke.git","repoName":"duke","organization":"tanyanru"},"branch":"master","displayName":"tanyanru/duke[master]","outputFolderName":"tanyanru_duke_master"},{"location":{"location":"https://github.com/YizhunSim/duke.git","repoName":"duke","organization":"YizhunSim"},"branch":"master","displayName":"YizhunSim/duke[master]","outputFolderName":"YizhunSim_duke_master"},{"location":{"location":"https://github.com/Qmin46/duke.git","repoName":"duke","organization":"Qmin46"},"branch":"master","displayName":"Qmin46/duke[master]","outputFolderName":"Qmin46_duke_master"},{"location":{"location":"https://github.com/Light1987/duke.git","repoName":"duke","organization":"Light1987"},"branch":"master","displayName":"Light1987/duke[master]","outputFolderName":"Light1987_duke_master"},{"location":{"location":"https://github.com/WeiWei0721/duke.git","repoName":"duke","organization":"WeiWei0721"},"branch":"master","displayName":"WeiWei0721/duke[master]","outputFolderName":"WeiWei0721_duke_master"},{"location":{"location":"https://github.com/vrhuvarkelvin/duke.git","repoName":"duke","organization":"vrhuvarkelvin"},"branch":"master","displayName":"vrhuvarkelvin/duke[master]","outputFolderName":"vrhuvarkelvin_duke_master"},{"location":{"location":"https://github.com/jochuing/duke.git","repoName":"duke","organization":"jochuing"},"branch":"master","displayName":"jochuing/duke[master]","outputFolderName":"jochuing_duke_master"},{"location":{"location":"https://github.com/ksw95/duke.git","repoName":"duke","organization":"ksw95"},"branch":"master","displayName":"ksw95/duke[master]","outputFolderName":"ksw95_duke_master"},{"location":{"location":"https://github.com/Kcube33/duke.git","repoName":"duke","organization":"Kcube33"},"branch":"master","displayName":"Kcube33/duke[master]","outputFolderName":"Kcube33_duke_master"},{"location":{"location":"https://github.com/sianloh/duke.git","repoName":"duke","organization":"sianloh"},"branch":"master","displayName":"sianloh/duke[master]","outputFolderName":"sianloh_duke_master"},{"location":{"location":"https://github.com/EndireKT/duke.git","repoName":"duke","organization":"EndireKT"},"branch":"master","displayName":"EndireKT/duke[master]","outputFolderName":"EndireKT_duke_master"}],"errorList":[{"repoName":"https://github.com/tutucake/duke","errorMessage":"https://github.com/tutucake/duke is an invalid location."},{"repoName":"https://github.com/GC/duke","errorMessage":"https://github.com/GC/duke is an invalid location."},{"repoName":"https://github.com/tutucake/duke","errorMessage":"https://github.com/tutucake/duke is an invalid location."},{"repoName":"https://github.com/GC/duke","errorMessage":"https://github.com/GC/duke is an invalid location."}],"sinceDate":"2021-08-09","untilDate":"2021-10-18","isSinceDateProvided":true,"isUntilDateProvided":false}
