[{"path":"src/main/java/Deadline.java","fileType":"java","lines":[{"lineNumber":1,"author":{"gitId":"yangyi6666"},"content":"public class Deadline extends Task {","lastModifiedDate":"2021-11-01"},{"lineNumber":2,"author":{"gitId":"yangyi6666"},"content":"","lastModifiedDate":"2021-11-01"},{"lineNumber":3,"author":{"gitId":"yangyi6666"},"content":"    protected String date;","lastModifiedDate":"2021-11-01"},{"lineNumber":4,"author":{"gitId":"yangyi6666"},"content":"","lastModifiedDate":"2021-11-01"},{"lineNumber":5,"author":{"gitId":"yangyi6666"},"content":"    public Deadline(String description, String date) {","lastModifiedDate":"2021-11-01"},{"lineNumber":6,"author":{"gitId":"yangyi6666"},"content":"        super(description);","lastModifiedDate":"2021-11-01"},{"lineNumber":7,"author":{"gitId":"yangyi6666"},"content":"        this.date \u003d date;","lastModifiedDate":"2021-11-01"},{"lineNumber":8,"author":{"gitId":"yangyi6666"},"content":"    }","lastModifiedDate":"2021-11-01"},{"lineNumber":9,"author":{"gitId":"yangyi6666"},"content":"","lastModifiedDate":"2021-11-01"},{"lineNumber":10,"author":{"gitId":"yangyi6666"},"content":"    @Override","lastModifiedDate":"2021-11-01"},{"lineNumber":11,"author":{"gitId":"yangyi6666"},"content":"    public String toString() {","lastModifiedDate":"2021-11-01"},{"lineNumber":12,"author":{"gitId":"yangyi6666"},"content":"        return \"[D]\" + super.toString() + \" (by: \" + date + \")\";","lastModifiedDate":"2021-11-01"},{"lineNumber":13,"author":{"gitId":"yangyi6666"},"content":"    }","lastModifiedDate":"2021-11-01"},{"lineNumber":14,"author":{"gitId":"yangyi6666"},"content":"}","lastModifiedDate":"2021-11-01"}],"authorContributionMap":{"yangyi6666":14}},{"path":"src/main/java/Event.java","fileType":"java","lines":[{"lineNumber":1,"author":{"gitId":"yangyi6666"},"content":"public class Event extends Task{","lastModifiedDate":"2021-11-01"},{"lineNumber":2,"author":{"gitId":"yangyi6666"},"content":"","lastModifiedDate":"2021-11-01"},{"lineNumber":3,"author":{"gitId":"yangyi6666"},"content":"    protected String date_time;","lastModifiedDate":"2021-11-01"},{"lineNumber":4,"author":{"gitId":"yangyi6666"},"content":"","lastModifiedDate":"2021-11-01"},{"lineNumber":5,"author":{"gitId":"yangyi6666"},"content":"    public Event(String description, String date_time) {","lastModifiedDate":"2021-11-01"},{"lineNumber":6,"author":{"gitId":"yangyi6666"},"content":"        super(description);","lastModifiedDate":"2021-11-01"},{"lineNumber":7,"author":{"gitId":"yangyi6666"},"content":"        this.date_time \u003d date_time;","lastModifiedDate":"2021-11-01"},{"lineNumber":8,"author":{"gitId":"yangyi6666"},"content":"    }","lastModifiedDate":"2021-11-01"},{"lineNumber":9,"author":{"gitId":"yangyi6666"},"content":"    @Override","lastModifiedDate":"2021-11-01"},{"lineNumber":10,"author":{"gitId":"yangyi6666"},"content":"    public String toString() {","lastModifiedDate":"2021-11-01"},{"lineNumber":11,"author":{"gitId":"yangyi6666"},"content":"        return \"[E]\" + super.toString() + \" (at: \" + date_time + \")\";","lastModifiedDate":"2021-11-01"},{"lineNumber":12,"author":{"gitId":"yangyi6666"},"content":"    }","lastModifiedDate":"2021-11-01"},{"lineNumber":13,"author":{"gitId":"yangyi6666"},"content":"","lastModifiedDate":"2021-11-01"},{"lineNumber":14,"author":{"gitId":"yangyi6666"},"content":"}","lastModifiedDate":"2021-11-01"}],"authorContributionMap":{"yangyi6666":14}},{"path":"src/main/java/Exception.java","fileType":"java","lines":[{"lineNumber":1,"author":{"gitId":"yangyi6666"},"content":"class DukeException extends Exception{","lastModifiedDate":"2021-11-02"},{"lineNumber":2,"author":{"gitId":"yangyi6666"},"content":"    public DukeException(String e) {","lastModifiedDate":"2021-11-02"},{"lineNumber":3,"author":{"gitId":"yangyi6666"},"content":"        super(e);","lastModifiedDate":"2021-11-02"},{"lineNumber":4,"author":{"gitId":"yangyi6666"},"content":"    }","lastModifiedDate":"2021-11-02"},{"lineNumber":5,"author":{"gitId":"yangyi6666"},"content":"}","lastModifiedDate":"2021-11-02"}],"authorContributionMap":{"yangyi6666":5}},{"path":"src/main/java/Greet.java","fileType":"java","lines":[{"lineNumber":1,"author":{"gitId":"yangyi6666"},"content":"import java.io.IOException;","lastModifiedDate":"2021-11-02"},{"lineNumber":2,"author":{"gitId":"yangyi6666"},"content":"import java.util.Scanner;","lastModifiedDate":"2021-09-12"},{"lineNumber":3,"author":{"gitId":"yangyi6666"},"content":"","lastModifiedDate":"2021-09-12"},{"lineNumber":4,"author":{"gitId":"yangyi6666"},"content":"public class Greet {","lastModifiedDate":"2021-09-12"},{"lineNumber":5,"author":{"gitId":"yangyi6666"},"content":"    static String[] list \u003d new String[100];","lastModifiedDate":"2021-09-12"},{"lineNumber":6,"author":{"gitId":"yangyi6666"},"content":"    static int countList \u003d 0;","lastModifiedDate":"2021-09-12"},{"lineNumber":7,"author":{"gitId":"yangyi6666"},"content":"","lastModifiedDate":"2021-10-10"},{"lineNumber":8,"author":{"gitId":"yangyi6666"},"content":"    public static void main(String[] args) throws DukeException {","lastModifiedDate":"2021-11-02"},{"lineNumber":9,"author":{"gitId":"yangyi6666"},"content":"        String text;","lastModifiedDate":"2021-09-12"},{"lineNumber":10,"author":{"gitId":"yangyi6666"},"content":"        Scanner in \u003d new Scanner(System.in);","lastModifiedDate":"2021-09-12"},{"lineNumber":11,"author":{"gitId":"yangyi6666"},"content":"","lastModifiedDate":"2021-09-12"},{"lineNumber":12,"author":{"gitId":"yangyi6666"},"content":"        System.out.println(\"____________________________________________________________\");","lastModifiedDate":"2021-09-12"},{"lineNumber":13,"author":{"gitId":"yangyi6666"},"content":"        System.out.println(\"Hello! I\u0027m Duke\");","lastModifiedDate":"2021-09-12"},{"lineNumber":14,"author":{"gitId":"yangyi6666"},"content":"        System.out.println(\"What can I do for you?\");","lastModifiedDate":"2021-09-12"},{"lineNumber":15,"author":{"gitId":"yangyi6666"},"content":"        System.out.println(\"____________________________________________________________\");","lastModifiedDate":"2021-09-12"},{"lineNumber":16,"author":{"gitId":"yangyi6666"},"content":"","lastModifiedDate":"2021-09-12"},{"lineNumber":17,"author":{"gitId":"yangyi6666"},"content":"        text \u003d in.nextLine();","lastModifiedDate":"2021-09-12"},{"lineNumber":18,"author":{"gitId":"yangyi6666"},"content":"","lastModifiedDate":"2021-10-10"},{"lineNumber":19,"author":{"gitId":"yangyi6666"},"content":"        Tasklist tasklist \u003d new Tasklist();","lastModifiedDate":"2021-10-10"},{"lineNumber":20,"author":{"gitId":"yangyi6666"},"content":"        Task task \u003d new Task(text);","lastModifiedDate":"2021-10-10"},{"lineNumber":21,"author":{"gitId":"yangyi6666"},"content":"","lastModifiedDate":"2021-10-10"},{"lineNumber":22,"author":{"gitId":"yangyi6666"},"content":"        while (text !\u003d null) {","lastModifiedDate":"2021-09-12"},{"lineNumber":23,"author":{"gitId":"yangyi6666"},"content":"            String input \u003d text.split(\" \")[0];","lastModifiedDate":"2021-10-10"},{"lineNumber":24,"author":{"gitId":"yangyi6666"},"content":"        try {","lastModifiedDate":"2021-11-02"},{"lineNumber":25,"author":{"gitId":"yangyi6666"},"content":"            if (text.equalsIgnoreCase(\"list\")) {","lastModifiedDate":"2021-09-12"},{"lineNumber":26,"author":{"gitId":"yangyi6666"},"content":"                System.out.println(tasklist.print_list());","lastModifiedDate":"2021-10-10"},{"lineNumber":27,"author":{"gitId":"yangyi6666"},"content":"","lastModifiedDate":"2021-11-02"},{"lineNumber":28,"author":{"gitId":"yangyi6666"},"content":"            } else if (text.equalsIgnoreCase(\"bye\")) {","lastModifiedDate":"2021-09-12"},{"lineNumber":29,"author":{"gitId":"yangyi6666"},"content":"                System.out.println(\"____________________________________________________________\");","lastModifiedDate":"2021-09-12"},{"lineNumber":30,"author":{"gitId":"yangyi6666"},"content":"                System.out.println(\"Bye. Hope to see you again soon!\");","lastModifiedDate":"2021-09-12"},{"lineNumber":31,"author":{"gitId":"yangyi6666"},"content":"                System.out.println(\"____________________________________________________________\");","lastModifiedDate":"2021-09-12"},{"lineNumber":32,"author":{"gitId":"yangyi6666"},"content":"                System.exit(0);","lastModifiedDate":"2021-09-12"},{"lineNumber":33,"author":{"gitId":"yangyi6666"},"content":"","lastModifiedDate":"2021-11-02"},{"lineNumber":34,"author":{"gitId":"yangyi6666"},"content":"            } else if (input.equalsIgnoreCase(\"done\")) {","lastModifiedDate":"2021-10-10"},{"lineNumber":35,"author":{"gitId":"yangyi6666"},"content":"                try {","lastModifiedDate":"2021-11-02"},{"lineNumber":36,"author":{"gitId":"yangyi6666"},"content":"                    int doneIndex \u003d Integer.valueOf(text.split(\" \")[1]);","lastModifiedDate":"2021-10-10"},{"lineNumber":37,"author":{"gitId":"yangyi6666"},"content":"                    task.mark_done();","lastModifiedDate":"2021-10-10"},{"lineNumber":38,"author":{"gitId":"yangyi6666"},"content":"                    tasklist.done(doneIndex);","lastModifiedDate":"2021-10-10"},{"lineNumber":39,"author":{"gitId":"yangyi6666"},"content":"                    System.out.print(\"Nice! I\u0027ve marked this task as done:\\n\");","lastModifiedDate":"2021-10-10"},{"lineNumber":40,"author":{"gitId":"yangyi6666"},"content":"                    System.out.println(task.getDoneIcon() + tasklist.taskname(doneIndex));","lastModifiedDate":"2021-10-10"},{"lineNumber":41,"author":{"gitId":"yangyi6666"},"content":"                    System.out.print(\"__________________________________________________________\\n\");","lastModifiedDate":"2021-10-10"},{"lineNumber":42,"author":{"gitId":"yangyi6666"},"content":"                } catch (Exception e){","lastModifiedDate":"2021-11-02"},{"lineNumber":43,"author":{"gitId":"yangyi6666"},"content":"                    throw new DukeException(\"☹ OOPS!!! The is no such task in the list, please try another one.\");","lastModifiedDate":"2021-11-02"},{"lineNumber":44,"author":{"gitId":"yangyi6666"},"content":"                }","lastModifiedDate":"2021-10-10"},{"lineNumber":45,"author":{"gitId":"yangyi6666"},"content":"","lastModifiedDate":"2021-11-02"},{"lineNumber":46,"author":{"gitId":"yangyi6666"},"content":"            } else if (input.equalsIgnoreCase(\"todo\")) {","lastModifiedDate":"2021-11-01"},{"lineNumber":47,"author":{"gitId":"yangyi6666"},"content":"                try {","lastModifiedDate":"2021-11-02"},{"lineNumber":48,"author":{"gitId":"yangyi6666"},"content":"                    String newtext \u003d text.split(\" \", 2)[1];","lastModifiedDate":"2021-11-01"},{"lineNumber":49,"author":{"gitId":"yangyi6666"},"content":"                    Todo newtask \u003d new Todo(newtext);","lastModifiedDate":"2021-11-01"},{"lineNumber":50,"author":{"gitId":"yangyi6666"},"content":"                    System.out.println(newtask.toString());","lastModifiedDate":"2021-11-01"},{"lineNumber":51,"author":{"gitId":"yangyi6666"},"content":"                    tasklist.addtolist(newtask);","lastModifiedDate":"2021-11-01"},{"lineNumber":52,"author":{"gitId":"yangyi6666"},"content":"                    System.out.println(\"Got it. I\u0027ve added this task: \");","lastModifiedDate":"2021-11-02"},{"lineNumber":53,"author":{"gitId":"yangyi6666"},"content":"                    System.out.println(\"Now you have \" + tasklist.getlistsize() + \" tasks in the list\");","lastModifiedDate":"2021-11-01"},{"lineNumber":54,"author":{"gitId":"yangyi6666"},"content":"                    System.out.print(\"____________________________________________________________\\n\");","lastModifiedDate":"2021-11-01"},{"lineNumber":55,"author":{"gitId":"yangyi6666"},"content":"                } catch (Exception e) {","lastModifiedDate":"2021-11-02"},{"lineNumber":56,"author":{"gitId":"yangyi6666"},"content":"                    throw new DukeException(\"☹ OOPS!!! The description of a todo cannot be empty.\");","lastModifiedDate":"2021-11-02"},{"lineNumber":57,"author":{"gitId":"yangyi6666"},"content":"                }","lastModifiedDate":"2021-11-02"},{"lineNumber":58,"author":{"gitId":"yangyi6666"},"content":"","lastModifiedDate":"2021-11-02"},{"lineNumber":59,"author":{"gitId":"yangyi6666"},"content":"            } else if (input.equalsIgnoreCase(\"deadline\")) {","lastModifiedDate":"2021-11-01"},{"lineNumber":60,"author":{"gitId":"yangyi6666"},"content":"                try {","lastModifiedDate":"2021-11-02"},{"lineNumber":61,"author":{"gitId":"yangyi6666"},"content":"                    String newtext \u003d text.split(\" \", 2)[1];","lastModifiedDate":"2021-11-01"},{"lineNumber":62,"author":{"gitId":"yangyi6666"},"content":"                    String middleword \u003d newtext.split(\"/by\")[0];","lastModifiedDate":"2021-11-01"},{"lineNumber":63,"author":{"gitId":"yangyi6666"},"content":"                    String deadlinedate \u003d newtext.split(\"/by\")[1];","lastModifiedDate":"2021-11-01"},{"lineNumber":64,"author":{"gitId":"yangyi6666"},"content":"                    Deadline newtask \u003d new Deadline(middleword, deadlinedate);","lastModifiedDate":"2021-11-01"},{"lineNumber":65,"author":{"gitId":"yangyi6666"},"content":"                    System.out.println(newtask.toString());","lastModifiedDate":"2021-11-01"},{"lineNumber":66,"author":{"gitId":"yangyi6666"},"content":"                    tasklist.addtolist(newtask);","lastModifiedDate":"2021-11-01"},{"lineNumber":67,"author":{"gitId":"yangyi6666"},"content":"                    System.out.println(\"Got it. I\u0027ve added this task: \");","lastModifiedDate":"2021-11-02"},{"lineNumber":68,"author":{"gitId":"yangyi6666"},"content":"                    System.out.println(\"Now you have \" + tasklist.getlistsize() + \" tasks in the list\");","lastModifiedDate":"2021-11-01"},{"lineNumber":69,"author":{"gitId":"yangyi6666"},"content":"                    System.out.print(\"____________________________________________________________\\n\");","lastModifiedDate":"2021-11-01"},{"lineNumber":70,"author":{"gitId":"yangyi6666"},"content":"                } catch (Exception e){","lastModifiedDate":"2021-11-02"},{"lineNumber":71,"author":{"gitId":"yangyi6666"},"content":"                    throw new DukeException(\"☹ OOPS!!! The description of a deadline cannot be empty.\");","lastModifiedDate":"2021-11-02"},{"lineNumber":72,"author":{"gitId":"yangyi6666"},"content":"                }","lastModifiedDate":"2021-11-02"},{"lineNumber":73,"author":{"gitId":"yangyi6666"},"content":"","lastModifiedDate":"2021-11-02"},{"lineNumber":74,"author":{"gitId":"yangyi6666"},"content":"            } else if (input.equalsIgnoreCase(\"event\")) {","lastModifiedDate":"2021-11-01"},{"lineNumber":75,"author":{"gitId":"yangyi6666"},"content":"                try {","lastModifiedDate":"2021-11-02"},{"lineNumber":76,"author":{"gitId":"yangyi6666"},"content":"                    String newtext \u003d text.split(\" \", 2)[1];","lastModifiedDate":"2021-11-01"},{"lineNumber":77,"author":{"gitId":"yangyi6666"},"content":"                    String middleword \u003d newtext.split(\"/at\")[0];","lastModifiedDate":"2021-11-01"},{"lineNumber":78,"author":{"gitId":"yangyi6666"},"content":"                    String eventdate \u003d newtext.split(\"/at\")[1];","lastModifiedDate":"2021-11-01"},{"lineNumber":79,"author":{"gitId":"yangyi6666"},"content":"                    Event newtask \u003d new Event(middleword, eventdate);","lastModifiedDate":"2021-11-01"},{"lineNumber":80,"author":{"gitId":"yangyi6666"},"content":"                    System.out.println(newtask.toString());","lastModifiedDate":"2021-11-01"},{"lineNumber":81,"author":{"gitId":"yangyi6666"},"content":"                    tasklist.addtolist(newtask);","lastModifiedDate":"2021-11-01"},{"lineNumber":82,"author":{"gitId":"yangyi6666"},"content":"                    System.out.println(\"Got it. I\u0027ve added this task: \");","lastModifiedDate":"2021-11-02"},{"lineNumber":83,"author":{"gitId":"yangyi6666"},"content":"                    System.out.println(\"Now you have \" + tasklist.getlistsize() + \" tasks in the list\");","lastModifiedDate":"2021-11-01"},{"lineNumber":84,"author":{"gitId":"yangyi6666"},"content":"                    System.out.print(\"____________________________________________________________\\n\");","lastModifiedDate":"2021-11-01"},{"lineNumber":85,"author":{"gitId":"yangyi6666"},"content":"                } catch (Exception e){","lastModifiedDate":"2021-11-02"},{"lineNumber":86,"author":{"gitId":"yangyi6666"},"content":"                    throw new DukeException(\"☹ OOPS!!! The description of a event cannot be empty.\");","lastModifiedDate":"2021-11-02"},{"lineNumber":87,"author":{"gitId":"yangyi6666"},"content":"                }","lastModifiedDate":"2021-11-02"},{"lineNumber":88,"author":{"gitId":"yangyi6666"},"content":"","lastModifiedDate":"2021-11-02"},{"lineNumber":89,"author":{"gitId":"yangyi6666"},"content":"            } else {","lastModifiedDate":"2021-09-12"},{"lineNumber":90,"author":{"gitId":"yangyi6666"},"content":"                throw new DukeException(\"☹ OOPS!!! I\u0027m sorry, but I don\u0027t know what that means :-(\");","lastModifiedDate":"2021-11-02"},{"lineNumber":91,"author":{"gitId":"yangyi6666"},"content":"            }","lastModifiedDate":"2021-11-02"},{"lineNumber":92,"author":{"gitId":"yangyi6666"},"content":"","lastModifiedDate":"2021-11-02"},{"lineNumber":93,"author":{"gitId":"yangyi6666"},"content":"        } catch (DukeException e){","lastModifiedDate":"2021-11-02"},{"lineNumber":94,"author":{"gitId":"yangyi6666"},"content":"            System.err.println(\"\\t\" + e);","lastModifiedDate":"2021-11-02"},{"lineNumber":95,"author":{"gitId":"yangyi6666"},"content":"        }","lastModifiedDate":"2021-09-12"},{"lineNumber":96,"author":{"gitId":"yangyi6666"},"content":"            text \u003d in.nextLine();","lastModifiedDate":"2021-09-12"},{"lineNumber":97,"author":{"gitId":"yangyi6666"},"content":"        }","lastModifiedDate":"2021-09-12"},{"lineNumber":98,"author":{"gitId":"yangyi6666"},"content":"    }","lastModifiedDate":"2021-09-12"},{"lineNumber":99,"author":{"gitId":"yangyi6666"},"content":"}","lastModifiedDate":"2021-09-12"}],"authorContributionMap":{"yangyi6666":99}},{"path":"src/main/java/Task.java","fileType":"java","lines":[{"lineNumber":1,"author":{"gitId":"yangyi6666"},"content":"public class Task {","lastModifiedDate":"2021-10-10"},{"lineNumber":2,"author":{"gitId":"yangyi6666"},"content":"    protected String description;","lastModifiedDate":"2021-10-10"},{"lineNumber":3,"author":{"gitId":"yangyi6666"},"content":"    protected boolean isDone;","lastModifiedDate":"2021-10-10"},{"lineNumber":4,"author":{"gitId":"yangyi6666"},"content":"    protected String type;","lastModifiedDate":"2021-11-01"},{"lineNumber":5,"author":{"gitId":"yangyi6666"},"content":"","lastModifiedDate":"2021-10-10"},{"lineNumber":6,"author":{"gitId":"yangyi6666"},"content":"    public Task(String description) {","lastModifiedDate":"2021-10-10"},{"lineNumber":7,"author":{"gitId":"yangyi6666"},"content":"        this.description \u003d description;","lastModifiedDate":"2021-10-10"},{"lineNumber":8,"author":{"gitId":"yangyi6666"},"content":"        this.isDone \u003d false;","lastModifiedDate":"2021-10-10"},{"lineNumber":9,"author":{"gitId":"yangyi6666"},"content":"    }","lastModifiedDate":"2021-10-10"},{"lineNumber":10,"author":{"gitId":"yangyi6666"},"content":"","lastModifiedDate":"2021-10-10"},{"lineNumber":11,"author":{"gitId":"yangyi6666"},"content":"    public String getName(){","lastModifiedDate":"2021-10-10"},{"lineNumber":12,"author":{"gitId":"yangyi6666"},"content":"        return  description;","lastModifiedDate":"2021-10-10"},{"lineNumber":13,"author":{"gitId":"yangyi6666"},"content":"    }","lastModifiedDate":"2021-10-10"},{"lineNumber":14,"author":{"gitId":"yangyi6666"},"content":"","lastModifiedDate":"2021-10-10"},{"lineNumber":15,"author":{"gitId":"yangyi6666"},"content":"    public void mark_done(){","lastModifiedDate":"2021-10-10"},{"lineNumber":16,"author":{"gitId":"yangyi6666"},"content":"        isDone \u003d true;","lastModifiedDate":"2021-10-10"},{"lineNumber":17,"author":{"gitId":"yangyi6666"},"content":"    }","lastModifiedDate":"2021-10-10"},{"lineNumber":18,"author":{"gitId":"yangyi6666"},"content":"","lastModifiedDate":"2021-10-10"},{"lineNumber":19,"author":{"gitId":"yangyi6666"},"content":"    public String getDoneIcon() {","lastModifiedDate":"2021-10-10"},{"lineNumber":20,"author":{"gitId":"yangyi6666"},"content":"        return (isDone ? \"[X]\" : \"[ ]\"); // mark done task with X","lastModifiedDate":"2021-10-10"},{"lineNumber":21,"author":{"gitId":"yangyi6666"},"content":"    }","lastModifiedDate":"2021-10-10"},{"lineNumber":22,"author":{"gitId":"yangyi6666"},"content":"","lastModifiedDate":"2021-10-10"},{"lineNumber":23,"author":{"gitId":"yangyi6666"},"content":"    public boolean getStatus(){","lastModifiedDate":"2021-10-10"},{"lineNumber":24,"author":{"gitId":"yangyi6666"},"content":"        return isDone;","lastModifiedDate":"2021-10-10"},{"lineNumber":25,"author":{"gitId":"yangyi6666"},"content":"    }","lastModifiedDate":"2021-10-10"},{"lineNumber":26,"author":{"gitId":"yangyi6666"},"content":"","lastModifiedDate":"2021-10-10"},{"lineNumber":27,"author":{"gitId":"yangyi6666"},"content":"    public String toString(){","lastModifiedDate":"2021-10-10"},{"lineNumber":28,"author":{"gitId":"yangyi6666"},"content":"        String desc \u003d getDoneIcon() + \" \" + description;","lastModifiedDate":"2021-10-10"},{"lineNumber":29,"author":{"gitId":"yangyi6666"},"content":"        return desc;","lastModifiedDate":"2021-10-10"},{"lineNumber":30,"author":{"gitId":"yangyi6666"},"content":"    }","lastModifiedDate":"2021-10-10"},{"lineNumber":31,"author":{"gitId":"yangyi6666"},"content":"}","lastModifiedDate":"2021-10-10"}],"authorContributionMap":{"yangyi6666":31}},{"path":"src/main/java/Tasklist.java","fileType":"java","lines":[{"lineNumber":1,"author":{"gitId":"yangyi6666"},"content":"import java.util.ArrayList;","lastModifiedDate":"2021-10-10"},{"lineNumber":2,"author":{"gitId":"yangyi6666"},"content":"import java.util.List;","lastModifiedDate":"2021-10-10"},{"lineNumber":3,"author":{"gitId":"yangyi6666"},"content":"","lastModifiedDate":"2021-10-10"},{"lineNumber":4,"author":{"gitId":"yangyi6666"},"content":"","lastModifiedDate":"2021-10-10"},{"lineNumber":5,"author":{"gitId":"yangyi6666"},"content":"public class Tasklist {","lastModifiedDate":"2021-10-10"},{"lineNumber":6,"author":{"gitId":"yangyi6666"},"content":"    private List\u003cTask\u003e tasks;","lastModifiedDate":"2021-10-10"},{"lineNumber":7,"author":{"gitId":"yangyi6666"},"content":"","lastModifiedDate":"2021-10-10"},{"lineNumber":8,"author":{"gitId":"yangyi6666"},"content":"    Tasklist(){","lastModifiedDate":"2021-10-10"},{"lineNumber":9,"author":{"gitId":"yangyi6666"},"content":"        this.tasks \u003d new ArrayList\u003c\u003e();","lastModifiedDate":"2021-10-10"},{"lineNumber":10,"author":{"gitId":"yangyi6666"},"content":"    }","lastModifiedDate":"2021-10-10"},{"lineNumber":11,"author":{"gitId":"yangyi6666"},"content":"","lastModifiedDate":"2021-10-10"},{"lineNumber":12,"author":{"gitId":"yangyi6666"},"content":"    public void addtolist(Task task){","lastModifiedDate":"2021-10-10"},{"lineNumber":13,"author":{"gitId":"yangyi6666"},"content":"        tasks.add(task);","lastModifiedDate":"2021-10-10"},{"lineNumber":14,"author":{"gitId":"yangyi6666"},"content":"    }","lastModifiedDate":"2021-10-10"},{"lineNumber":15,"author":{"gitId":"yangyi6666"},"content":"","lastModifiedDate":"2021-10-10"},{"lineNumber":16,"author":{"gitId":"yangyi6666"},"content":"    public String print_list(){","lastModifiedDate":"2021-10-10"},{"lineNumber":17,"author":{"gitId":"yangyi6666"},"content":"        String result \u003d \"\";","lastModifiedDate":"2021-10-10"},{"lineNumber":18,"author":{"gitId":"yangyi6666"},"content":"        for(int i \u003d0; i \u003c tasks.size(); i++){","lastModifiedDate":"2021-10-10"},{"lineNumber":19,"author":{"gitId":"yangyi6666"},"content":"            result +\u003d String.valueOf(i+1) + \".\" + \" \" + tasks.get(i) + \"\\n\";","lastModifiedDate":"2021-10-10"},{"lineNumber":20,"author":{"gitId":"yangyi6666"},"content":"        }","lastModifiedDate":"2021-10-10"},{"lineNumber":21,"author":{"gitId":"yangyi6666"},"content":"        return result;","lastModifiedDate":"2021-10-10"},{"lineNumber":22,"author":{"gitId":"yangyi6666"},"content":"    }","lastModifiedDate":"2021-10-10"},{"lineNumber":23,"author":{"gitId":"yangyi6666"},"content":"","lastModifiedDate":"2021-10-10"},{"lineNumber":24,"author":{"gitId":"yangyi6666"},"content":"    public void done(int index){","lastModifiedDate":"2021-10-10"},{"lineNumber":25,"author":{"gitId":"yangyi6666"},"content":"        tasks.get(index-1).mark_done();","lastModifiedDate":"2021-10-10"},{"lineNumber":26,"author":{"gitId":"yangyi6666"},"content":"","lastModifiedDate":"2021-10-10"},{"lineNumber":27,"author":{"gitId":"yangyi6666"},"content":"    }","lastModifiedDate":"2021-10-10"},{"lineNumber":28,"author":{"gitId":"yangyi6666"},"content":"","lastModifiedDate":"2021-10-10"},{"lineNumber":29,"author":{"gitId":"yangyi6666"},"content":"    public String taskname(int index){","lastModifiedDate":"2021-10-10"},{"lineNumber":30,"author":{"gitId":"yangyi6666"},"content":"        return tasks.get(index-1).description;","lastModifiedDate":"2021-10-10"},{"lineNumber":31,"author":{"gitId":"yangyi6666"},"content":"    }","lastModifiedDate":"2021-10-10"},{"lineNumber":32,"author":{"gitId":"yangyi6666"},"content":"","lastModifiedDate":"2021-10-10"},{"lineNumber":33,"author":{"gitId":"yangyi6666"},"content":"    public int getlistsize(){","lastModifiedDate":"2021-10-10"},{"lineNumber":34,"author":{"gitId":"yangyi6666"},"content":"        return tasks.size();","lastModifiedDate":"2021-10-10"},{"lineNumber":35,"author":{"gitId":"yangyi6666"},"content":"    }","lastModifiedDate":"2021-10-10"},{"lineNumber":36,"author":{"gitId":"yangyi6666"},"content":"","lastModifiedDate":"2021-10-10"},{"lineNumber":37,"author":{"gitId":"yangyi6666"},"content":"}","lastModifiedDate":"2021-10-10"}],"authorContributionMap":{"yangyi6666":37}},{"path":"src/main/java/Todo.java","fileType":"java","lines":[{"lineNumber":1,"author":{"gitId":"yangyi6666"},"content":"public class Todo extends Task{","lastModifiedDate":"2021-11-01"},{"lineNumber":2,"author":{"gitId":"yangyi6666"},"content":"","lastModifiedDate":"2021-11-01"},{"lineNumber":3,"author":{"gitId":"yangyi6666"},"content":"    public Todo(String description){","lastModifiedDate":"2021-11-01"},{"lineNumber":4,"author":{"gitId":"yangyi6666"},"content":"        super(description);","lastModifiedDate":"2021-11-01"},{"lineNumber":5,"author":{"gitId":"yangyi6666"},"content":"    }","lastModifiedDate":"2021-11-01"},{"lineNumber":6,"author":{"gitId":"yangyi6666"},"content":"","lastModifiedDate":"2021-11-01"},{"lineNumber":7,"author":{"gitId":"yangyi6666"},"content":"    public String toString(){","lastModifiedDate":"2021-11-01"},{"lineNumber":8,"author":{"gitId":"yangyi6666"},"content":"        return \"[T]\" + super.toString();","lastModifiedDate":"2021-11-01"},{"lineNumber":9,"author":{"gitId":"yangyi6666"},"content":"    }","lastModifiedDate":"2021-11-01"},{"lineNumber":10,"author":{"gitId":"yangyi6666"},"content":"","lastModifiedDate":"2021-11-01"},{"lineNumber":11,"author":{"gitId":"yangyi6666"},"content":"}","lastModifiedDate":"2021-11-01"}],"authorContributionMap":{"yangyi6666":11}}]
