{"authorDailyContributionsMap":{"yangyi6666":[{"date":"2021-09-12","commitResults":[{"hash":"af66261963185974eb751bb83886015993882b60","messageTitle":"Level-2","messageBody":"","fileTypesAndContributionMap":{"java":{"insertions":46,"deletions":0}}}]},{"date":"2021-10-10","commitResults":[{"hash":"bf9051a07fa0953b43f9f426c671e802c50e3871","messageTitle":"Level 3. Mark as Done","messageBody":"","fileTypesAndContributionMap":{"java":{"insertions":96,"deletions":26}}}]},{"date":"2021-11-01","commitResults":[{"hash":"4cb1fa1067fe9aa9b4d6dd3d82439b28bed0590e","messageTitle":"Level-4: ToDo, Event, Deadline","messageBody":"","fileTypesAndContributionMap":{"java":{"insertions":70,"deletions":0}}}]},{"date":"2021-11-02","commitResults":[{"hash":"d32c2a086ee9df04ef4826be1a304cbf29945b48","messageTitle":"Level 5. Handle Errors","messageBody":"","fileTypesAndContributionMap":{"java":{"insertions":59,"deletions":34}}},{"hash":"38dcd04c3db5a92a372eca77f353a3bb127b3e45","messageTitle":"Level-6","messageBody":"","fileTypesAndContributionMap":{"java":{"insertions":27,"deletions":8}}}]},{"date":"2021-11-04","commitResults":[{"hash":"aa61c1d8168e07d2003d7d5df21f35b47d50904c","messageTitle":"level-6 fixed","messageBody":"","fileTypesAndContributionMap":{"java":{"insertions":6,"deletions":2}}}]},{"date":"2021-11-07","commitResults":[{"hash":"77d187050ea0c945cffd824fe9620713e18d3a35","messageTitle":"Level-7","messageBody":"","fileTypesAndContributionMap":{"txt":{"insertions":3,"deletions":0},"java":{"insertions":610,"deletions":165}}},{"hash":"3a3b8c5972df517ff10e1f6772421190c44815bb","messageTitle":"Fixed some bugs","messageBody":"","fileTypesAndContributionMap":{"txt":{"insertions":2,"deletions":3},"java":{"insertions":30,"deletions":21}}},{"hash":"219153ea475834ced340bf88dc01561bb749b5b7","messageTitle":"find","messageBody":"","fileTypesAndContributionMap":{"java":{"insertions":71,"deletions":16}}},{"hash":"fc708601b9306d1f586295d59db932f10190296e","messageTitle":"Gradle","messageBody":"","fileTypesAndContributionMap":{"gradle":{"insertions":1,"deletions":1},"java":{"insertions":2,"deletions":2}}}]},{"date":"2021-11-08","commitResults":[{"hash":"20b91b7eb7e855b4b26f6566638b5ff1588e73e1","messageTitle":"debug","messageBody":"","fileTypesAndContributionMap":{"txt":{"insertions":1,"deletions":2},"java":{"insertions":15,"deletions":10}}},{"hash":"512bf9ae4e992bbd37084acd44bc25c80336bc76","messageTitle":"fix bugs","messageBody":"","fileTypesAndContributionMap":{"txt":{"insertions":1,"deletions":1},"java":{"insertions":5,"deletions":5}}}]},{"date":"2021-11-09","commitResults":[{"hash":"bac2d04c6be3c09f0083700e2b585fc90589f8f1","messageTitle":"fixed bugs","messageBody":"","fileTypesAndContributionMap":{"java":{"insertions":4,"deletions":4}}}]}]},"authorFileTypeContributionMap":{"yangyi6666":{"java":753,"md":0,"fxml":0,"sh":0,"bat":0,"gradle":1,"txt":1}},"authorContributionVariance":{"yangyi6666":9459.928},"authorDisplayNameMap":{"yangyi6666":"YANG..G YI"}}
