{"authorDailyContributionsMap":{"yangyi6666":[{"date":"2021-09-12","commitResults":[{"hash":"af66261963185974eb751bb83886015993882b60","messageTitle":"Level-2","messageBody":"","fileTypesAndContributionMap":{"java":{"insertions":46,"deletions":0}}}]},{"date":"2021-10-10","commitResults":[{"hash":"bf9051a07fa0953b43f9f426c671e802c50e3871","messageTitle":"Level 3. Mark as Done","messageBody":"","fileTypesAndContributionMap":{"java":{"insertions":96,"deletions":26}}}]},{"date":"2021-11-01","commitResults":[{"hash":"4cb1fa1067fe9aa9b4d6dd3d82439b28bed0590e","messageTitle":"Level-4: ToDo, Event, Deadline","messageBody":"","fileTypesAndContributionMap":{"java":{"insertions":70,"deletions":0}}}]},{"date":"2021-11-02","commitResults":[{"hash":"d32c2a086ee9df04ef4826be1a304cbf29945b48","messageTitle":"Level 5. Handle Errors","messageBody":"","fileTypesAndContributionMap":{"java":{"insertions":59,"deletions":34}}},{"hash":"38dcd04c3db5a92a372eca77f353a3bb127b3e45","messageTitle":"Level-6","messageBody":"","fileTypesAndContributionMap":{"java":{"insertions":27,"deletions":8}}}]}]},"authorFileTypeContributionMap":{"yangyi6666":{"java":230,"md":0,"fxml":0,"sh":0,"bat":0,"gradle":0,"txt":0}},"authorContributionVariance":{"yangyi6666":427.05075},"authorDisplayNameMap":{"yangyi6666":"YANG..G YI"}}
