[{"path":"src/main/java/Deadline.java","fileType":"java","lines":[{"lineNumber":1,"author":{"gitId":"WhasabiQ"},"content":"public class Deadline extends Task {","lastModifiedDate":"2021-10-30"},{"lineNumber":2,"author":{"gitId":"WhasabiQ"},"content":"","lastModifiedDate":"2021-10-30"},{"lineNumber":3,"author":{"gitId":"WhasabiQ"},"content":"    protected String by;","lastModifiedDate":"2021-10-30"},{"lineNumber":4,"author":{"gitId":"WhasabiQ"},"content":"","lastModifiedDate":"2021-10-30"},{"lineNumber":5,"author":{"gitId":"WhasabiQ"},"content":"    public Deadline(String description, String by) {","lastModifiedDate":"2021-10-30"},{"lineNumber":6,"author":{"gitId":"WhasabiQ"},"content":"        super(description);","lastModifiedDate":"2021-10-30"},{"lineNumber":7,"author":{"gitId":"WhasabiQ"},"content":"        this.by \u003d by;","lastModifiedDate":"2021-10-30"},{"lineNumber":8,"author":{"gitId":"WhasabiQ"},"content":"    }","lastModifiedDate":"2021-10-30"},{"lineNumber":9,"author":{"gitId":"WhasabiQ"},"content":"","lastModifiedDate":"2021-10-30"},{"lineNumber":10,"author":{"gitId":"WhasabiQ"},"content":"    @Override","lastModifiedDate":"2021-10-30"},{"lineNumber":11,"author":{"gitId":"WhasabiQ"},"content":"    public String toString() {","lastModifiedDate":"2021-10-30"},{"lineNumber":12,"author":{"gitId":"WhasabiQ"},"content":"        return \"[D]\" + super.toString() + \" (by: \" + this.by + \")\";","lastModifiedDate":"2021-11-02"},{"lineNumber":13,"author":{"gitId":"WhasabiQ"},"content":"    }","lastModifiedDate":"2021-11-02"},{"lineNumber":14,"author":{"gitId":"WhasabiQ"},"content":"","lastModifiedDate":"2021-11-02"},{"lineNumber":15,"author":{"gitId":"WhasabiQ"},"content":"    @Override","lastModifiedDate":"2021-11-02"},{"lineNumber":16,"author":{"gitId":"WhasabiQ"},"content":"    public String toStringSaveTask(String separator ){","lastModifiedDate":"2021-11-02"},{"lineNumber":17,"author":{"gitId":"WhasabiQ"},"content":"        separator \u003d \" \" + separator + \" \";","lastModifiedDate":"2021-11-02"},{"lineNumber":18,"author":{"gitId":"WhasabiQ"},"content":"        return \"D\" + separator + super.toStringSaveTask(separator) + separator +this.by;","lastModifiedDate":"2021-11-02"},{"lineNumber":19,"author":{"gitId":"WhasabiQ"},"content":"    }","lastModifiedDate":"2021-10-30"},{"lineNumber":20,"author":{"gitId":"WhasabiQ"},"content":"}","lastModifiedDate":"2021-10-30"}],"authorContributionMap":{"WhasabiQ":20}},{"path":"src/main/java/DeadlineBodyException.java","fileType":"java","lines":[{"lineNumber":1,"author":{"gitId":"WhasabiQ"},"content":"public class DeadlineBodyException extends Exception {","lastModifiedDate":"2021-10-30"},{"lineNumber":2,"author":{"gitId":"WhasabiQ"},"content":"}","lastModifiedDate":"2021-10-30"}],"authorContributionMap":{"WhasabiQ":2}},{"path":"src/main/java/DeadlineByException.java","fileType":"java","lines":[{"lineNumber":1,"author":{"gitId":"WhasabiQ"},"content":"public class DeadlineByException extends Exception{","lastModifiedDate":"2021-10-30"},{"lineNumber":2,"author":{"gitId":"WhasabiQ"},"content":"}","lastModifiedDate":"2021-10-30"}],"authorContributionMap":{"WhasabiQ":2}},{"path":"src/main/java/DeleteBodyException.java","fileType":"java","lines":[{"lineNumber":1,"author":{"gitId":"WhasabiQ"},"content":"public class DeleteBodyException extends Exception{","lastModifiedDate":"2021-10-30"},{"lineNumber":2,"author":{"gitId":"WhasabiQ"},"content":"}","lastModifiedDate":"2021-10-30"}],"authorContributionMap":{"WhasabiQ":2}},{"path":"src/main/java/Duke.java","fileType":"java","lines":[{"lineNumber":1,"author":{"gitId":"WhasabiQ"},"content":"import java.io.FileWriter;","lastModifiedDate":"2021-11-02"},{"lineNumber":2,"author":{"gitId":"WhasabiQ"},"content":"import java.nio.file.Files;","lastModifiedDate":"2021-11-02"},{"lineNumber":3,"author":{"gitId":"WhasabiQ"},"content":"import java.util.ArrayList;","lastModifiedDate":"2021-10-19"},{"lineNumber":4,"author":{"gitId":"WhasabiQ"},"content":"import java.util.Scanner;","lastModifiedDate":"2021-10-08"},{"lineNumber":5,"author":{"gitId":"WhasabiQ"},"content":"import java.io.File;","lastModifiedDate":"2021-11-02"},{"lineNumber":6,"author":{"gitId":"WhasabiQ"},"content":"import java.io.IOException;","lastModifiedDate":"2021-11-02"},{"lineNumber":7,"author":{"gitId":"WhasabiQ"},"content":"import java.nio.file.Files;","lastModifiedDate":"2021-11-02"},{"lineNumber":8,"author":{"gitId":"WhasabiQ"},"content":"import java.nio.file.Paths;","lastModifiedDate":"2021-11-02"},{"lineNumber":9,"author":{"gitId":"WhasabiQ"},"content":"","lastModifiedDate":"2021-10-08"},{"lineNumber":10,"author":{"gitId":"-"},"content":"public class Duke {","lastModifiedDate":"2019-07-29"},{"lineNumber":11,"author":{"gitId":"WhasabiQ"},"content":"    private static ArrayList\u003cTask\u003e taskListing \u003d new ArrayList\u003c\u003e();","lastModifiedDate":"2021-11-02"},{"lineNumber":12,"author":{"gitId":"WhasabiQ"},"content":"    private static int count \u003d 0;","lastModifiedDate":"2021-10-08"},{"lineNumber":13,"author":{"gitId":"WhasabiQ"},"content":"    private final static String lineBreak \u003d \"---------------------------------------------------------\";","lastModifiedDate":"2021-11-02"},{"lineNumber":14,"author":{"gitId":"-"},"content":"    public static void main(String[] args) {","lastModifiedDate":"2019-07-29"},{"lineNumber":15,"author":{"gitId":"WhasabiQ"},"content":"        String logo \u003d \"  _       _ _      _ _______________________________________ \\n\"","lastModifiedDate":"2021-10-08"},{"lineNumber":16,"author":{"gitId":"WhasabiQ"},"content":"                    + \" | |  _  | | |    | |  __  |        |  __  |  __  |___   ___|\\n\"","lastModifiedDate":"2021-10-08"},{"lineNumber":17,"author":{"gitId":"WhasabiQ"},"content":"                    + \" | | | | | | |----| | |__| |  ------| |__| | |__|/    | |    \\n\"","lastModifiedDate":"2021-10-08"},{"lineNumber":18,"author":{"gitId":"WhasabiQ"},"content":"                    + \" | |_| |_| | |----| | |  | |------  | |  | | |__|\\\\ ___| |___\\n\"","lastModifiedDate":"2021-10-08"},{"lineNumber":19,"author":{"gitId":"WhasabiQ"},"content":"                    + \" |_________|_|    |_|_|  |_|________|_|  |_|______|_________|\\n\";","lastModifiedDate":"2021-10-08"},{"lineNumber":20,"author":{"gitId":"WhasabiQ"},"content":"        printThis(\"Hello from\\n\" + logo , 0);","lastModifiedDate":"2021-10-30"},{"lineNumber":21,"author":{"gitId":"WhasabiQ"},"content":"        printThis(\"What can do for you?\",0);","lastModifiedDate":"2021-10-30"},{"lineNumber":22,"author":{"gitId":"WhasabiQ"},"content":"        taskListing.add(new ToDos(\"buy detergent\"));","lastModifiedDate":"2021-10-30"},{"lineNumber":23,"author":{"gitId":"WhasabiQ"},"content":"        taskListing.add(new ToDos(\"buy Shampoo\"));","lastModifiedDate":"2021-10-30"},{"lineNumber":24,"author":{"gitId":"WhasabiQ"},"content":"        taskListing.add(new Event(\"Keith Birthday\",\"04.10.2021\"));","lastModifiedDate":"2021-10-30"},{"lineNumber":25,"author":{"gitId":"WhasabiQ"},"content":"        taskListing.add(new Deadline(\"pay bills\",\"23.11.2021\"));","lastModifiedDate":"2021-10-30"},{"lineNumber":26,"author":{"gitId":"WhasabiQ"},"content":"        Scanner in;","lastModifiedDate":"2021-10-08"},{"lineNumber":27,"author":{"gitId":"WhasabiQ"},"content":"        String line;","lastModifiedDate":"2021-10-08"},{"lineNumber":28,"author":{"gitId":"WhasabiQ"},"content":"        while(true){","lastModifiedDate":"2021-10-08"},{"lineNumber":29,"author":{"gitId":"WhasabiQ"},"content":"            in \u003d new Scanner(System.in);","lastModifiedDate":"2021-10-08"},{"lineNumber":30,"author":{"gitId":"WhasabiQ"},"content":"            line \u003d in.nextLine();","lastModifiedDate":"2021-10-08"},{"lineNumber":31,"author":{"gitId":"WhasabiQ"},"content":"            if(line.equalsIgnoreCase(\"bye\")) {","lastModifiedDate":"2021-10-08"},{"lineNumber":32,"author":{"gitId":"WhasabiQ"},"content":"                printThis(\"Bye. Hope to see you again soon!\",0);","lastModifiedDate":"2021-10-30"},{"lineNumber":33,"author":{"gitId":"WhasabiQ"},"content":"                break;","lastModifiedDate":"2021-10-08"},{"lineNumber":34,"author":{"gitId":"WhasabiQ"},"content":"            }else if(line.equalsIgnoreCase(\"list\")){","lastModifiedDate":"2021-10-08"},{"lineNumber":35,"author":{"gitId":"WhasabiQ"},"content":"                printList();","lastModifiedDate":"2021-10-19"},{"lineNumber":36,"author":{"gitId":"WhasabiQ"},"content":"            }else if(line.equalsIgnoreCase(\"save\")){","lastModifiedDate":"2021-11-02"},{"lineNumber":37,"author":{"gitId":"WhasabiQ"},"content":"                saveTask() ;","lastModifiedDate":"2021-11-02"},{"lineNumber":38,"author":{"gitId":"WhasabiQ"},"content":"            }","lastModifiedDate":"2021-11-02"},{"lineNumber":39,"author":{"gitId":"WhasabiQ"},"content":"            else{","lastModifiedDate":"2021-11-02"},{"lineNumber":40,"author":{"gitId":"WhasabiQ"},"content":"                try{","lastModifiedDate":"2021-10-30"},{"lineNumber":41,"author":{"gitId":"WhasabiQ"},"content":"                    addDeleteMarkTask(line);","lastModifiedDate":"2021-10-30"},{"lineNumber":42,"author":{"gitId":"WhasabiQ"},"content":"                }catch (ToDosBodyException e){","lastModifiedDate":"2021-10-30"},{"lineNumber":43,"author":{"gitId":"WhasabiQ"},"content":"                    printThis(\"OOPS!!! The description of a todo cannot be empty\",3);","lastModifiedDate":"2021-10-30"},{"lineNumber":44,"author":{"gitId":"WhasabiQ"},"content":"                }catch (DeadlineBodyException e){","lastModifiedDate":"2021-10-30"},{"lineNumber":45,"author":{"gitId":"WhasabiQ"},"content":"                    printThis(\"OOPS!!! The description of a Deadline cannot be empty\",3);","lastModifiedDate":"2021-10-30"},{"lineNumber":46,"author":{"gitId":"WhasabiQ"},"content":"                }catch (DeadlineByException e){","lastModifiedDate":"2021-10-30"},{"lineNumber":47,"author":{"gitId":"WhasabiQ"},"content":"                    printThis(\"OOPS!!! When is the Deadline ?\",3);","lastModifiedDate":"2021-10-30"},{"lineNumber":48,"author":{"gitId":"WhasabiQ"},"content":"                }catch (EventBodyException e){","lastModifiedDate":"2021-10-30"},{"lineNumber":49,"author":{"gitId":"WhasabiQ"},"content":"                    printThis(\"OOPS!!! The description of a Event cannot be empty\",3);","lastModifiedDate":"2021-10-30"},{"lineNumber":50,"author":{"gitId":"WhasabiQ"},"content":"                }catch (EventAtException e){","lastModifiedDate":"2021-10-30"},{"lineNumber":51,"author":{"gitId":"WhasabiQ"},"content":"                    printThis(\"OOPS!!! When is the Event ?\",3);","lastModifiedDate":"2021-10-30"},{"lineNumber":52,"author":{"gitId":"WhasabiQ"},"content":"                }catch (InvalidCommandException e){","lastModifiedDate":"2021-10-30"},{"lineNumber":53,"author":{"gitId":"WhasabiQ"},"content":"                    printThis(\"OOPS!!! Invalid command please enter. Please try again\",3);","lastModifiedDate":"2021-10-30"},{"lineNumber":54,"author":{"gitId":"WhasabiQ"},"content":"                }catch (DeleteBodyException e){","lastModifiedDate":"2021-10-30"},{"lineNumber":55,"author":{"gitId":"WhasabiQ"},"content":"                    printThis(\"OOPS!!! The description of a Delete cannot be empty\",3);","lastModifiedDate":"2021-10-30"},{"lineNumber":56,"author":{"gitId":"WhasabiQ"},"content":"                }catch (NumberFormatException e){","lastModifiedDate":"2021-10-30"},{"lineNumber":57,"author":{"gitId":"WhasabiQ"},"content":"                    printThis(\"OOPS!!! Please enter a valid number\",3);","lastModifiedDate":"2021-10-30"},{"lineNumber":58,"author":{"gitId":"WhasabiQ"},"content":"                }catch (IndexOutOfBoundsException e){","lastModifiedDate":"2021-10-30"},{"lineNumber":59,"author":{"gitId":"WhasabiQ"},"content":"                    printThis(\"OOPS!!! Please select between 1 to \" + taskListing.size(),3);","lastModifiedDate":"2021-10-30"},{"lineNumber":60,"author":{"gitId":"WhasabiQ"},"content":"                }","lastModifiedDate":"2021-10-30"},{"lineNumber":61,"author":{"gitId":"WhasabiQ"},"content":"            }","lastModifiedDate":"2021-10-08"},{"lineNumber":62,"author":{"gitId":"WhasabiQ"},"content":"        }","lastModifiedDate":"2021-10-08"},{"lineNumber":63,"author":{"gitId":"WhasabiQ"},"content":"    }","lastModifiedDate":"2021-10-08"},{"lineNumber":64,"author":{"gitId":"WhasabiQ"},"content":"","lastModifiedDate":"2021-10-30"},{"lineNumber":65,"author":{"gitId":"WhasabiQ"},"content":"","lastModifiedDate":"2021-10-19"},{"lineNumber":66,"author":{"gitId":"WhasabiQ"},"content":"    public static void printList() {","lastModifiedDate":"2021-10-19"},{"lineNumber":67,"author":{"gitId":"WhasabiQ"},"content":"        int c \u003d 1;","lastModifiedDate":"2021-10-19"},{"lineNumber":68,"author":{"gitId":"WhasabiQ"},"content":"        printThis(lineBreak,0);","lastModifiedDate":"2021-10-30"},{"lineNumber":69,"author":{"gitId":"WhasabiQ"},"content":"        for (Task tk : taskListing) {","lastModifiedDate":"2021-10-19"},{"lineNumber":70,"author":{"gitId":"WhasabiQ"},"content":"            printThis(c+\") \"+tk.toString(),0);","lastModifiedDate":"2021-10-30"},{"lineNumber":71,"author":{"gitId":"WhasabiQ"},"content":"            c ++;","lastModifiedDate":"2021-10-19"},{"lineNumber":72,"author":{"gitId":"WhasabiQ"},"content":"        }","lastModifiedDate":"2021-10-19"},{"lineNumber":73,"author":{"gitId":"WhasabiQ"},"content":"        printThis(lineBreak,0);","lastModifiedDate":"2021-10-30"},{"lineNumber":74,"author":{"gitId":"WhasabiQ"},"content":"    }","lastModifiedDate":"2021-10-19"},{"lineNumber":75,"author":{"gitId":"WhasabiQ"},"content":"","lastModifiedDate":"2021-10-19"},{"lineNumber":76,"author":{"gitId":"WhasabiQ"},"content":"    public static void markTask(String str){","lastModifiedDate":"2021-10-19"},{"lineNumber":77,"author":{"gitId":"WhasabiQ"},"content":"        String[] splited \u003d str.split(\"\\\\s+\");","lastModifiedDate":"2021-10-19"},{"lineNumber":78,"author":{"gitId":"WhasabiQ"},"content":"        if(splited.length \u003d\u003d 2){","lastModifiedDate":"2021-10-19"},{"lineNumber":79,"author":{"gitId":"WhasabiQ"},"content":"            if (splited[0].equalsIgnoreCase(\"done\")) {","lastModifiedDate":"2021-10-19"},{"lineNumber":80,"author":{"gitId":"WhasabiQ"},"content":"                int num;","lastModifiedDate":"2021-10-19"},{"lineNumber":81,"author":{"gitId":"WhasabiQ"},"content":"                try {","lastModifiedDate":"2021-10-19"},{"lineNumber":82,"author":{"gitId":"WhasabiQ"},"content":"                    num \u003d Integer.parseInt(splited[1]) - 1;","lastModifiedDate":"2021-10-19"},{"lineNumber":83,"author":{"gitId":"WhasabiQ"},"content":"                } catch (NumberFormatException nfe) {","lastModifiedDate":"2021-10-19"},{"lineNumber":84,"author":{"gitId":"WhasabiQ"},"content":"                    printThis(\"Invalid number, Kindly enter \u0027List\u0027 to re-access\",3);","lastModifiedDate":"2021-10-30"},{"lineNumber":85,"author":{"gitId":"WhasabiQ"},"content":"                    return;","lastModifiedDate":"2021-10-19"},{"lineNumber":86,"author":{"gitId":"WhasabiQ"},"content":"                }","lastModifiedDate":"2021-10-19"},{"lineNumber":87,"author":{"gitId":"WhasabiQ"},"content":"","lastModifiedDate":"2021-10-19"},{"lineNumber":88,"author":{"gitId":"WhasabiQ"},"content":"                if(num \u003e\u003d 0 \u0026\u0026 num \u003c taskListing.size() ){","lastModifiedDate":"2021-10-19"},{"lineNumber":89,"author":{"gitId":"WhasabiQ"},"content":"                    printThis(lineBreak,0);","lastModifiedDate":"2021-10-30"},{"lineNumber":90,"author":{"gitId":"WhasabiQ"},"content":"                    printThis(\"Nice! I\u0027ve marked this task as done:\",0);","lastModifiedDate":"2021-10-30"},{"lineNumber":91,"author":{"gitId":"WhasabiQ"},"content":"                    taskListing.get(num).setDone();","lastModifiedDate":"2021-10-19"},{"lineNumber":92,"author":{"gitId":"WhasabiQ"},"content":"                    printThis(taskListing.get(num).toString(),0);","lastModifiedDate":"2021-10-30"},{"lineNumber":93,"author":{"gitId":"WhasabiQ"},"content":"                    printThis(lineBreak,0);","lastModifiedDate":"2021-10-30"},{"lineNumber":94,"author":{"gitId":"WhasabiQ"},"content":"                }else{","lastModifiedDate":"2021-10-19"},{"lineNumber":95,"author":{"gitId":"WhasabiQ"},"content":"                    printThis(\"Invalid Number\",3);","lastModifiedDate":"2021-10-30"},{"lineNumber":96,"author":{"gitId":"WhasabiQ"},"content":"                }","lastModifiedDate":"2021-10-19"},{"lineNumber":97,"author":{"gitId":"WhasabiQ"},"content":"            }else{","lastModifiedDate":"2021-10-19"},{"lineNumber":98,"author":{"gitId":"WhasabiQ"},"content":"                printThis(\"Invalid command please enter \u0027List\u0027 again\",3);","lastModifiedDate":"2021-10-30"},{"lineNumber":99,"author":{"gitId":"WhasabiQ"},"content":"            }","lastModifiedDate":"2021-10-08"},{"lineNumber":100,"author":{"gitId":"WhasabiQ"},"content":"        }","lastModifiedDate":"2021-10-08"},{"lineNumber":101,"author":{"gitId":"-"},"content":"    }","lastModifiedDate":"2019-07-29"},{"lineNumber":102,"author":{"gitId":"WhasabiQ"},"content":"","lastModifiedDate":"2021-10-19"},{"lineNumber":103,"author":{"gitId":"WhasabiQ"},"content":"    public static void addDeleteMarkTask(String item)","lastModifiedDate":"2021-10-30"},{"lineNumber":104,"author":{"gitId":"WhasabiQ"},"content":"            throws ToDosBodyException, DeadlineBodyException,DeadlineByException,","lastModifiedDate":"2021-10-30"},{"lineNumber":105,"author":{"gitId":"WhasabiQ"},"content":"            EventAtException,EventBodyException,InvalidCommandException,DeleteBodyException {","lastModifiedDate":"2021-10-30"},{"lineNumber":106,"author":{"gitId":"WhasabiQ"},"content":"        String[] split_1 \u003d item.split(\"\\\\s+\");","lastModifiedDate":"2021-10-30"},{"lineNumber":107,"author":{"gitId":"WhasabiQ"},"content":"        String[] split_2;","lastModifiedDate":"2021-10-30"},{"lineNumber":108,"author":{"gitId":"WhasabiQ"},"content":"        boolean isAdded \u003d false;","lastModifiedDate":"2021-10-30"},{"lineNumber":109,"author":{"gitId":"WhasabiQ"},"content":"        boolean isRemoved \u003d false;","lastModifiedDate":"2021-10-30"},{"lineNumber":110,"author":{"gitId":"WhasabiQ"},"content":"        boolean isDone \u003d false;","lastModifiedDate":"2021-10-30"},{"lineNumber":111,"author":{"gitId":"WhasabiQ"},"content":"        if(split_1[0].equalsIgnoreCase(\"Todo\")){","lastModifiedDate":"2021-10-30"},{"lineNumber":112,"author":{"gitId":"WhasabiQ"},"content":"            if(split_1.length \u003d\u003d 1) throw new ToDosBodyException();","lastModifiedDate":"2021-10-30"},{"lineNumber":113,"author":{"gitId":"WhasabiQ"},"content":"            taskListing.add(new ToDos(split_1[1]));","lastModifiedDate":"2021-10-30"},{"lineNumber":114,"author":{"gitId":"WhasabiQ"},"content":"            isAdded \u003d true;","lastModifiedDate":"2021-10-30"},{"lineNumber":115,"author":{"gitId":"WhasabiQ"},"content":"        }else if(split_1[0].equalsIgnoreCase(\"Deadline\")){","lastModifiedDate":"2021-10-30"},{"lineNumber":116,"author":{"gitId":"WhasabiQ"},"content":"            if(split_1.length \u003d\u003d 1)throw new DeadlineBodyException();","lastModifiedDate":"2021-10-30"},{"lineNumber":117,"author":{"gitId":"WhasabiQ"},"content":"            split_2 \u003d item.split(\"/\");","lastModifiedDate":"2021-10-30"},{"lineNumber":118,"author":{"gitId":"WhasabiQ"},"content":"            if(split_2.length \u003d\u003d 1) throw new DeadlineByException();","lastModifiedDate":"2021-10-30"},{"lineNumber":119,"author":{"gitId":"WhasabiQ"},"content":"            taskListing.add(new Deadline(split_1[1],split_2[1]));","lastModifiedDate":"2021-10-30"},{"lineNumber":120,"author":{"gitId":"WhasabiQ"},"content":"","lastModifiedDate":"2021-10-30"},{"lineNumber":121,"author":{"gitId":"WhasabiQ"},"content":"        }else if(split_1[0].equalsIgnoreCase(\"Event\")){","lastModifiedDate":"2021-10-30"},{"lineNumber":122,"author":{"gitId":"WhasabiQ"},"content":"            if(split_1.length \u003d\u003d 1) throw new EventBodyException();","lastModifiedDate":"2021-10-30"},{"lineNumber":123,"author":{"gitId":"WhasabiQ"},"content":"            split_2 \u003d item.split(\"/\");","lastModifiedDate":"2021-10-30"},{"lineNumber":124,"author":{"gitId":"WhasabiQ"},"content":"            if(split_2.length \u003d\u003d 1) throw new EventAtException();","lastModifiedDate":"2021-10-30"},{"lineNumber":125,"author":{"gitId":"WhasabiQ"},"content":"            taskListing.add(new Event(split_1[1],split_2[1]));","lastModifiedDate":"2021-10-30"},{"lineNumber":126,"author":{"gitId":"WhasabiQ"},"content":"        }else if(split_1[0].equalsIgnoreCase(\"delete\")){","lastModifiedDate":"2021-10-30"},{"lineNumber":127,"author":{"gitId":"WhasabiQ"},"content":"            if(split_1.length \u003d\u003d 1) throw new DeleteBodyException();","lastModifiedDate":"2021-10-30"},{"lineNumber":128,"author":{"gitId":"WhasabiQ"},"content":"            removeTask(Integer.parseInt(split_1[1]));","lastModifiedDate":"2021-10-30"},{"lineNumber":129,"author":{"gitId":"WhasabiQ"},"content":"            isRemoved \u003d true;","lastModifiedDate":"2021-10-30"},{"lineNumber":130,"author":{"gitId":"WhasabiQ"},"content":"        }else if(split_1[0].equalsIgnoreCase(\"done\")){","lastModifiedDate":"2021-10-30"},{"lineNumber":131,"author":{"gitId":"WhasabiQ"},"content":"            markTask(item);","lastModifiedDate":"2021-10-30"},{"lineNumber":132,"author":{"gitId":"WhasabiQ"},"content":"            isDone \u003d true;","lastModifiedDate":"2021-10-30"},{"lineNumber":133,"author":{"gitId":"WhasabiQ"},"content":"        }","lastModifiedDate":"2021-10-30"},{"lineNumber":134,"author":{"gitId":"WhasabiQ"},"content":"        if (!isAdded \u0026\u0026 !isRemoved \u0026\u0026 !isDone) throw new InvalidCommandException();","lastModifiedDate":"2021-10-30"},{"lineNumber":135,"author":{"gitId":"WhasabiQ"},"content":"        if(isAdded){","lastModifiedDate":"2021-10-30"},{"lineNumber":136,"author":{"gitId":"WhasabiQ"},"content":"            printThis(\"Got it. I\u0027ve added this task: \" , 1);","lastModifiedDate":"2021-10-30"},{"lineNumber":137,"author":{"gitId":"WhasabiQ"},"content":"            printThis(taskListing.get(taskListing.size()-1).toString(), 0);","lastModifiedDate":"2021-10-30"},{"lineNumber":138,"author":{"gitId":"WhasabiQ"},"content":"            printThis(\"Now you have \"+ taskListing.size()+ \" tasks in the list.\" , 2);","lastModifiedDate":"2021-10-30"},{"lineNumber":139,"author":{"gitId":"WhasabiQ"},"content":"        }","lastModifiedDate":"2021-10-30"},{"lineNumber":140,"author":{"gitId":"WhasabiQ"},"content":"    }","lastModifiedDate":"2021-10-19"},{"lineNumber":141,"author":{"gitId":"WhasabiQ"},"content":"","lastModifiedDate":"2021-10-19"},{"lineNumber":142,"author":{"gitId":"WhasabiQ"},"content":"    public static void saveTask(){","lastModifiedDate":"2021-11-02"},{"lineNumber":143,"author":{"gitId":"WhasabiQ"},"content":"        String home \u003d System.getProperty(\"user.home\");","lastModifiedDate":"2021-11-02"},{"lineNumber":144,"author":{"gitId":"WhasabiQ"},"content":"        java.nio.file.Path path \u003d Paths.get(home, \"data\",\"duke.txt\");","lastModifiedDate":"2021-11-02"},{"lineNumber":145,"author":{"gitId":"WhasabiQ"},"content":"","lastModifiedDate":"2021-11-02"},{"lineNumber":146,"author":{"gitId":"WhasabiQ"},"content":"        // check the file here","lastModifiedDate":"2021-11-02"},{"lineNumber":147,"author":{"gitId":"WhasabiQ"},"content":"        boolean directoryExists \u003d java.nio.file.Files.exists(path);","lastModifiedDate":"2021-11-02"},{"lineNumber":148,"author":{"gitId":"WhasabiQ"},"content":"        if (!directoryExists){","lastModifiedDate":"2021-11-02"},{"lineNumber":149,"author":{"gitId":"WhasabiQ"},"content":"            try{","lastModifiedDate":"2021-11-02"},{"lineNumber":150,"author":{"gitId":"WhasabiQ"},"content":"                printThis(\"File path exist : \" + path,3);","lastModifiedDate":"2021-11-02"},{"lineNumber":151,"author":{"gitId":"WhasabiQ"},"content":"                Files.createDirectory(Paths.get(home,\"data\"));","lastModifiedDate":"2021-11-02"},{"lineNumber":152,"author":{"gitId":"WhasabiQ"},"content":"                Files.createFile(path);","lastModifiedDate":"2021-11-02"},{"lineNumber":153,"author":{"gitId":"WhasabiQ"},"content":"            }catch (IOException e)","lastModifiedDate":"2021-11-02"},{"lineNumber":154,"author":{"gitId":"WhasabiQ"},"content":"            {","lastModifiedDate":"2021-11-02"},{"lineNumber":155,"author":{"gitId":"WhasabiQ"},"content":"                // save task","lastModifiedDate":"2021-11-02"},{"lineNumber":156,"author":{"gitId":"WhasabiQ"},"content":"                printThis(\"Caught error\",3);","lastModifiedDate":"2021-11-02"},{"lineNumber":157,"author":{"gitId":"WhasabiQ"},"content":"                e.printStackTrace();    //prints exception if any","lastModifiedDate":"2021-11-02"},{"lineNumber":158,"author":{"gitId":"WhasabiQ"},"content":"            }","lastModifiedDate":"2021-11-02"},{"lineNumber":159,"author":{"gitId":"WhasabiQ"},"content":"        }","lastModifiedDate":"2021-11-02"},{"lineNumber":160,"author":{"gitId":"WhasabiQ"},"content":"","lastModifiedDate":"2021-11-02"},{"lineNumber":161,"author":{"gitId":"WhasabiQ"},"content":"        // start saving task","lastModifiedDate":"2021-11-02"},{"lineNumber":162,"author":{"gitId":"WhasabiQ"},"content":"        String content \u003d \"\";","lastModifiedDate":"2021-11-02"},{"lineNumber":163,"author":{"gitId":"WhasabiQ"},"content":"        for (Task tk : taskListing)","lastModifiedDate":"2021-11-02"},{"lineNumber":164,"author":{"gitId":"WhasabiQ"},"content":"            content +\u003d tk.toStringSaveTask(\"|\") + System.lineSeparator();","lastModifiedDate":"2021-11-02"},{"lineNumber":165,"author":{"gitId":"WhasabiQ"},"content":"","lastModifiedDate":"2021-11-02"},{"lineNumber":166,"author":{"gitId":"WhasabiQ"},"content":"        try{","lastModifiedDate":"2021-11-02"},{"lineNumber":167,"author":{"gitId":"WhasabiQ"},"content":"            writeToFile(path+\"\",content);","lastModifiedDate":"2021-11-02"},{"lineNumber":168,"author":{"gitId":"WhasabiQ"},"content":"        }catch(IOException e){","lastModifiedDate":"2021-11-02"},{"lineNumber":169,"author":{"gitId":"WhasabiQ"},"content":"","lastModifiedDate":"2021-11-02"},{"lineNumber":170,"author":{"gitId":"WhasabiQ"},"content":"        }","lastModifiedDate":"2021-11-02"},{"lineNumber":171,"author":{"gitId":"WhasabiQ"},"content":"    }","lastModifiedDate":"2021-11-02"},{"lineNumber":172,"author":{"gitId":"WhasabiQ"},"content":"","lastModifiedDate":"2021-11-02"},{"lineNumber":173,"author":{"gitId":"WhasabiQ"},"content":"    private static void writeToFile(String filePath, String textToAdd) throws IOException {","lastModifiedDate":"2021-11-02"},{"lineNumber":174,"author":{"gitId":"WhasabiQ"},"content":"        FileWriter fw \u003d new FileWriter(filePath);","lastModifiedDate":"2021-11-02"},{"lineNumber":175,"author":{"gitId":"WhasabiQ"},"content":"        fw.write(textToAdd);","lastModifiedDate":"2021-11-02"},{"lineNumber":176,"author":{"gitId":"WhasabiQ"},"content":"        fw.close();","lastModifiedDate":"2021-11-02"},{"lineNumber":177,"author":{"gitId":"WhasabiQ"},"content":"    }","lastModifiedDate":"2021-11-02"},{"lineNumber":178,"author":{"gitId":"WhasabiQ"},"content":"","lastModifiedDate":"2021-11-02"},{"lineNumber":179,"author":{"gitId":"WhasabiQ"},"content":"    public static void removeTask(int num) {","lastModifiedDate":"2021-10-19"},{"lineNumber":180,"author":{"gitId":"WhasabiQ"},"content":"        if(num \u003e taskListing.size()) throw new IndexOutOfBoundsException();","lastModifiedDate":"2021-10-30"},{"lineNumber":181,"author":{"gitId":"WhasabiQ"},"content":"        printThis(\"Noted. I\u0027ve removed this task:\" , 1);","lastModifiedDate":"2021-10-30"},{"lineNumber":182,"author":{"gitId":"WhasabiQ"},"content":"        printThis(taskListing.get(num-1).toString(), 0);","lastModifiedDate":"2021-10-30"},{"lineNumber":183,"author":{"gitId":"WhasabiQ"},"content":"        printThis(\"Now you have \"+ taskListing.size()+ \" tasks in the list.\" , 2);","lastModifiedDate":"2021-10-30"},{"lineNumber":184,"author":{"gitId":"WhasabiQ"},"content":"        taskListing.remove(num-1);","lastModifiedDate":"2021-10-19"},{"lineNumber":185,"author":{"gitId":"WhasabiQ"},"content":"    }","lastModifiedDate":"2021-10-19"},{"lineNumber":186,"author":{"gitId":"WhasabiQ"},"content":"","lastModifiedDate":"2021-10-19"},{"lineNumber":187,"author":{"gitId":"WhasabiQ"},"content":"    // 1 \u003d Linebreak above","lastModifiedDate":"2021-10-30"},{"lineNumber":188,"author":{"gitId":"WhasabiQ"},"content":"    // 2 \u003d Linebreak below","lastModifiedDate":"2021-10-30"},{"lineNumber":189,"author":{"gitId":"WhasabiQ"},"content":"    // 3 \u003d Linebreak above and below","lastModifiedDate":"2021-10-30"},{"lineNumber":190,"author":{"gitId":"WhasabiQ"},"content":"    // 0 \u003d no linebreak","lastModifiedDate":"2021-10-30"},{"lineNumber":191,"author":{"gitId":"WhasabiQ"},"content":"    public static void printThis(String st, int style){","lastModifiedDate":"2021-10-30"},{"lineNumber":192,"author":{"gitId":"WhasabiQ"},"content":"        if(style \u003d\u003d 1) System.out.println(lineBreak+\"\\n\"+st);","lastModifiedDate":"2021-10-30"},{"lineNumber":193,"author":{"gitId":"WhasabiQ"},"content":"        else if(style \u003d\u003d 2) System.out.println(st+\"\\n\"+lineBreak);","lastModifiedDate":"2021-10-30"},{"lineNumber":194,"author":{"gitId":"WhasabiQ"},"content":"        else if(style \u003d\u003d 3) System.out.println(lineBreak+\"\\n\"+st+\"\\n\"+lineBreak);","lastModifiedDate":"2021-10-30"},{"lineNumber":195,"author":{"gitId":"WhasabiQ"},"content":"        else System.out.println(st);","lastModifiedDate":"2021-10-30"},{"lineNumber":196,"author":{"gitId":"-"},"content":"    }","lastModifiedDate":"2021-10-30"},{"lineNumber":197,"author":{"gitId":"-"},"content":"}","lastModifiedDate":"2019-07-29"}],"authorContributionMap":{"WhasabiQ":192,"-":5}},{"path":"src/main/java/Event.java","fileType":"java","lines":[{"lineNumber":1,"author":{"gitId":"WhasabiQ"},"content":"public class Event extends Task {","lastModifiedDate":"2021-10-30"},{"lineNumber":2,"author":{"gitId":"WhasabiQ"},"content":"","lastModifiedDate":"2021-10-30"},{"lineNumber":3,"author":{"gitId":"WhasabiQ"},"content":"    protected String by;","lastModifiedDate":"2021-10-30"},{"lineNumber":4,"author":{"gitId":"WhasabiQ"},"content":"","lastModifiedDate":"2021-10-30"},{"lineNumber":5,"author":{"gitId":"WhasabiQ"},"content":"    public Event(String description, String by) {","lastModifiedDate":"2021-10-30"},{"lineNumber":6,"author":{"gitId":"WhasabiQ"},"content":"        super(description);","lastModifiedDate":"2021-10-30"},{"lineNumber":7,"author":{"gitId":"WhasabiQ"},"content":"        this.by \u003d by;","lastModifiedDate":"2021-10-30"},{"lineNumber":8,"author":{"gitId":"WhasabiQ"},"content":"    }","lastModifiedDate":"2021-10-30"},{"lineNumber":9,"author":{"gitId":"WhasabiQ"},"content":"","lastModifiedDate":"2021-10-30"},{"lineNumber":10,"author":{"gitId":"WhasabiQ"},"content":"    @Override","lastModifiedDate":"2021-10-30"},{"lineNumber":11,"author":{"gitId":"WhasabiQ"},"content":"    public String toString() {","lastModifiedDate":"2021-10-30"},{"lineNumber":12,"author":{"gitId":"WhasabiQ"},"content":"        return \"[E]\" + super.toString() + \" (at: \" + this.by + \")\";","lastModifiedDate":"2021-11-02"},{"lineNumber":13,"author":{"gitId":"WhasabiQ"},"content":"    }","lastModifiedDate":"2021-11-02"},{"lineNumber":14,"author":{"gitId":"WhasabiQ"},"content":"","lastModifiedDate":"2021-11-02"},{"lineNumber":15,"author":{"gitId":"WhasabiQ"},"content":"    @Override","lastModifiedDate":"2021-11-02"},{"lineNumber":16,"author":{"gitId":"WhasabiQ"},"content":"    public String toStringSaveTask(String separator ){","lastModifiedDate":"2021-11-02"},{"lineNumber":17,"author":{"gitId":"WhasabiQ"},"content":"        separator \u003d \" \" + separator + \" \";","lastModifiedDate":"2021-11-02"},{"lineNumber":18,"author":{"gitId":"WhasabiQ"},"content":"        return \"E\" + separator + super.toStringSaveTask(separator) + separator +this.by;","lastModifiedDate":"2021-11-02"},{"lineNumber":19,"author":{"gitId":"WhasabiQ"},"content":"    }","lastModifiedDate":"2021-10-30"},{"lineNumber":20,"author":{"gitId":"WhasabiQ"},"content":"}","lastModifiedDate":"2021-10-30"}],"authorContributionMap":{"WhasabiQ":20}},{"path":"src/main/java/EventAtException.java","fileType":"java","lines":[{"lineNumber":1,"author":{"gitId":"WhasabiQ"},"content":"public class EventAtException extends Exception{","lastModifiedDate":"2021-10-30"},{"lineNumber":2,"author":{"gitId":"WhasabiQ"},"content":"}","lastModifiedDate":"2021-10-30"}],"authorContributionMap":{"WhasabiQ":2}},{"path":"src/main/java/EventBodyException.java","fileType":"java","lines":[{"lineNumber":1,"author":{"gitId":"WhasabiQ"},"content":"public class EventBodyException extends Exception{","lastModifiedDate":"2021-10-30"},{"lineNumber":2,"author":{"gitId":"WhasabiQ"},"content":"}","lastModifiedDate":"2021-10-30"}],"authorContributionMap":{"WhasabiQ":2}},{"path":"src/main/java/InvalidCommandException.java","fileType":"java","lines":[{"lineNumber":1,"author":{"gitId":"WhasabiQ"},"content":"public class InvalidCommandException extends Exception{","lastModifiedDate":"2021-10-30"},{"lineNumber":2,"author":{"gitId":"WhasabiQ"},"content":"}","lastModifiedDate":"2021-10-30"}],"authorContributionMap":{"WhasabiQ":2}},{"path":"src/main/java/Task.java","fileType":"java","lines":[{"lineNumber":1,"author":{"gitId":"WhasabiQ"},"content":"public class Task {","lastModifiedDate":"2021-10-19"},{"lineNumber":2,"author":{"gitId":"WhasabiQ"},"content":"    private String item;","lastModifiedDate":"2021-10-19"},{"lineNumber":3,"author":{"gitId":"WhasabiQ"},"content":"    private boolean done;","lastModifiedDate":"2021-10-19"},{"lineNumber":4,"author":{"gitId":"WhasabiQ"},"content":"","lastModifiedDate":"2021-10-19"},{"lineNumber":5,"author":{"gitId":"WhasabiQ"},"content":"    public Task(String item) {","lastModifiedDate":"2021-10-19"},{"lineNumber":6,"author":{"gitId":"WhasabiQ"},"content":"        this.item \u003d item;","lastModifiedDate":"2021-10-19"},{"lineNumber":7,"author":{"gitId":"WhasabiQ"},"content":"        this.done \u003d false;","lastModifiedDate":"2021-10-19"},{"lineNumber":8,"author":{"gitId":"WhasabiQ"},"content":"    }","lastModifiedDate":"2021-10-19"},{"lineNumber":9,"author":{"gitId":"WhasabiQ"},"content":"","lastModifiedDate":"2021-10-19"},{"lineNumber":10,"author":{"gitId":"WhasabiQ"},"content":"    public void setDone() {","lastModifiedDate":"2021-10-19"},{"lineNumber":11,"author":{"gitId":"WhasabiQ"},"content":"        this.done \u003d true;","lastModifiedDate":"2021-10-19"},{"lineNumber":12,"author":{"gitId":"WhasabiQ"},"content":"    }","lastModifiedDate":"2021-10-19"},{"lineNumber":13,"author":{"gitId":"WhasabiQ"},"content":"","lastModifiedDate":"2021-10-19"},{"lineNumber":14,"author":{"gitId":"WhasabiQ"},"content":"    public boolean isDone() {","lastModifiedDate":"2021-10-19"},{"lineNumber":15,"author":{"gitId":"WhasabiQ"},"content":"        return this.done;","lastModifiedDate":"2021-10-19"},{"lineNumber":16,"author":{"gitId":"WhasabiQ"},"content":"    }","lastModifiedDate":"2021-10-19"},{"lineNumber":17,"author":{"gitId":"WhasabiQ"},"content":"","lastModifiedDate":"2021-10-19"},{"lineNumber":18,"author":{"gitId":"WhasabiQ"},"content":"    public String getStatusIcon() {","lastModifiedDate":"2021-10-19"},{"lineNumber":19,"author":{"gitId":"WhasabiQ"},"content":"        return (this.done ? \"X\" : \" \"); // mark done task with X","lastModifiedDate":"2021-10-19"},{"lineNumber":20,"author":{"gitId":"WhasabiQ"},"content":"    }","lastModifiedDate":"2021-10-19"},{"lineNumber":21,"author":{"gitId":"WhasabiQ"},"content":"","lastModifiedDate":"2021-10-19"},{"lineNumber":22,"author":{"gitId":"WhasabiQ"},"content":"    public String getStatusNum(){","lastModifiedDate":"2021-11-02"},{"lineNumber":23,"author":{"gitId":"WhasabiQ"},"content":"        return (this.done? \"1\" : \"0\");","lastModifiedDate":"2021-11-02"},{"lineNumber":24,"author":{"gitId":"WhasabiQ"},"content":"    }","lastModifiedDate":"2021-11-02"},{"lineNumber":25,"author":{"gitId":"WhasabiQ"},"content":"    public String getItem() {","lastModifiedDate":"2021-10-19"},{"lineNumber":26,"author":{"gitId":"WhasabiQ"},"content":"        return this.item;","lastModifiedDate":"2021-10-19"},{"lineNumber":27,"author":{"gitId":"WhasabiQ"},"content":"    }","lastModifiedDate":"2021-10-19"},{"lineNumber":28,"author":{"gitId":"WhasabiQ"},"content":"","lastModifiedDate":"2021-10-19"},{"lineNumber":29,"author":{"gitId":"WhasabiQ"},"content":"    public void setItem(String item) {","lastModifiedDate":"2021-10-19"},{"lineNumber":30,"author":{"gitId":"WhasabiQ"},"content":"        this.item \u003d item;","lastModifiedDate":"2021-10-19"},{"lineNumber":31,"author":{"gitId":"WhasabiQ"},"content":"    }","lastModifiedDate":"2021-10-19"},{"lineNumber":32,"author":{"gitId":"WhasabiQ"},"content":"","lastModifiedDate":"2021-10-19"},{"lineNumber":33,"author":{"gitId":"WhasabiQ"},"content":"    @Override","lastModifiedDate":"2021-10-30"},{"lineNumber":34,"author":{"gitId":"WhasabiQ"},"content":"    public String toString() {","lastModifiedDate":"2021-10-30"},{"lineNumber":35,"author":{"gitId":"WhasabiQ"},"content":"        return \u0027[\u0027+ getStatusIcon() + \"] \" +","lastModifiedDate":"2021-10-30"},{"lineNumber":36,"author":{"gitId":"WhasabiQ"},"content":"                 item ;","lastModifiedDate":"2021-10-30"},{"lineNumber":37,"author":{"gitId":"WhasabiQ"},"content":"    }","lastModifiedDate":"2021-10-30"},{"lineNumber":38,"author":{"gitId":"WhasabiQ"},"content":"","lastModifiedDate":"2021-11-02"},{"lineNumber":39,"author":{"gitId":"WhasabiQ"},"content":"    public String toStringSaveTask(String separator){","lastModifiedDate":"2021-11-02"},{"lineNumber":40,"author":{"gitId":"WhasabiQ"},"content":"        return getStatusNum() + separator + getItem();","lastModifiedDate":"2021-11-02"},{"lineNumber":41,"author":{"gitId":"WhasabiQ"},"content":"    }","lastModifiedDate":"2021-11-02"},{"lineNumber":42,"author":{"gitId":"WhasabiQ"},"content":"}","lastModifiedDate":"2021-10-19"}],"authorContributionMap":{"WhasabiQ":42}},{"path":"src/main/java/ToDos.java","fileType":"java","lines":[{"lineNumber":1,"author":{"gitId":"WhasabiQ"},"content":"public class ToDos extends Task {","lastModifiedDate":"2021-10-30"},{"lineNumber":2,"author":{"gitId":"WhasabiQ"},"content":"","lastModifiedDate":"2021-10-30"},{"lineNumber":3,"author":{"gitId":"WhasabiQ"},"content":"    public ToDos(String description) {","lastModifiedDate":"2021-10-30"},{"lineNumber":4,"author":{"gitId":"WhasabiQ"},"content":"        super(description);","lastModifiedDate":"2021-10-30"},{"lineNumber":5,"author":{"gitId":"WhasabiQ"},"content":"    }","lastModifiedDate":"2021-10-30"},{"lineNumber":6,"author":{"gitId":"WhasabiQ"},"content":"","lastModifiedDate":"2021-10-30"},{"lineNumber":7,"author":{"gitId":"WhasabiQ"},"content":"    @Override","lastModifiedDate":"2021-10-30"},{"lineNumber":8,"author":{"gitId":"WhasabiQ"},"content":"    public String toString() {","lastModifiedDate":"2021-10-30"},{"lineNumber":9,"author":{"gitId":"WhasabiQ"},"content":"        return \"[T]\" + super.toString();","lastModifiedDate":"2021-10-30"},{"lineNumber":10,"author":{"gitId":"WhasabiQ"},"content":"    }","lastModifiedDate":"2021-10-30"},{"lineNumber":11,"author":{"gitId":"WhasabiQ"},"content":"    @Override","lastModifiedDate":"2021-11-02"},{"lineNumber":12,"author":{"gitId":"WhasabiQ"},"content":"    public String toStringSaveTask(String separator ){","lastModifiedDate":"2021-11-02"},{"lineNumber":13,"author":{"gitId":"WhasabiQ"},"content":"        separator \u003d \" \" + separator + \" \";","lastModifiedDate":"2021-11-02"},{"lineNumber":14,"author":{"gitId":"WhasabiQ"},"content":"        return \"T\" +separator+ super.toStringSaveTask(separator);","lastModifiedDate":"2021-11-02"},{"lineNumber":15,"author":{"gitId":"WhasabiQ"},"content":"    }","lastModifiedDate":"2021-11-02"},{"lineNumber":16,"author":{"gitId":"WhasabiQ"},"content":"}","lastModifiedDate":"2021-10-30"}],"authorContributionMap":{"WhasabiQ":16}},{"path":"src/main/java/ToDosBodyException.java","fileType":"java","lines":[{"lineNumber":1,"author":{"gitId":"WhasabiQ"},"content":"public class ToDosBodyException extends Exception {","lastModifiedDate":"2021-10-30"},{"lineNumber":2,"author":{"gitId":"WhasabiQ"},"content":"    //no other code needed","lastModifiedDate":"2021-10-30"},{"lineNumber":3,"author":{"gitId":"WhasabiQ"},"content":"}","lastModifiedDate":"2021-10-30"}],"authorContributionMap":{"WhasabiQ":3}}]
