[{"path":"src/main/java/Duke.java","fileType":"java","lines":[{"lineNumber":1,"author":{"gitId":"WhasabiQ"},"content":"import java.util.ArrayList;","lastModifiedDate":"2021-10-19"},{"lineNumber":2,"author":{"gitId":"WhasabiQ"},"content":"import java.util.Scanner;","lastModifiedDate":"2021-10-08"},{"lineNumber":3,"author":{"gitId":"WhasabiQ"},"content":"","lastModifiedDate":"2021-10-08"},{"lineNumber":4,"author":{"gitId":"-"},"content":"public class Duke {","lastModifiedDate":"2019-07-29"},{"lineNumber":5,"author":{"gitId":"WhasabiQ"},"content":"    private static ArrayList\u003cTask\u003e taskListing \u003d new ArrayList\u003cTask\u003e();","lastModifiedDate":"2021-10-19"},{"lineNumber":6,"author":{"gitId":"WhasabiQ"},"content":"    private static int count \u003d 0;","lastModifiedDate":"2021-10-08"},{"lineNumber":7,"author":{"gitId":"WhasabiQ"},"content":"    private static String lineBreak \u003d \"-------------------\";","lastModifiedDate":"2021-10-08"},{"lineNumber":8,"author":{"gitId":"-"},"content":"    public static void main(String[] args) {","lastModifiedDate":"2019-07-29"},{"lineNumber":9,"author":{"gitId":"WhasabiQ"},"content":"        String logo \u003d \"  _       _ _      _ _______________________________________ \\n\"","lastModifiedDate":"2021-10-08"},{"lineNumber":10,"author":{"gitId":"WhasabiQ"},"content":"                    + \" | |  _  | | |    | |  __  |        |  __  |  __  |___   ___|\\n\"","lastModifiedDate":"2021-10-08"},{"lineNumber":11,"author":{"gitId":"WhasabiQ"},"content":"                    + \" | | | | | | |----| | |__| |  ------| |__| | |__|/    | |    \\n\"","lastModifiedDate":"2021-10-08"},{"lineNumber":12,"author":{"gitId":"WhasabiQ"},"content":"                    + \" | |_| |_| | |----| | |  | |------  | |  | | |__|\\\\ ___| |___\\n\"","lastModifiedDate":"2021-10-08"},{"lineNumber":13,"author":{"gitId":"WhasabiQ"},"content":"                    + \" |_________|_|    |_|_|  |_|________|_|  |_|______|_________|\\n\";","lastModifiedDate":"2021-10-08"},{"lineNumber":14,"author":{"gitId":"-"},"content":"        System.out.println(\"Hello from\\n\" + logo);","lastModifiedDate":"2019-07-29"},{"lineNumber":15,"author":{"gitId":"WhasabiQ"},"content":"        System.out.println(\"What can do for you?\");","lastModifiedDate":"2021-10-08"},{"lineNumber":16,"author":{"gitId":"WhasabiQ"},"content":"","lastModifiedDate":"2021-10-08"},{"lineNumber":17,"author":{"gitId":"WhasabiQ"},"content":"        Scanner in;","lastModifiedDate":"2021-10-08"},{"lineNumber":18,"author":{"gitId":"WhasabiQ"},"content":"        String line;","lastModifiedDate":"2021-10-08"},{"lineNumber":19,"author":{"gitId":"WhasabiQ"},"content":"        while(true){","lastModifiedDate":"2021-10-08"},{"lineNumber":20,"author":{"gitId":"WhasabiQ"},"content":"            in \u003d new Scanner(System.in);","lastModifiedDate":"2021-10-08"},{"lineNumber":21,"author":{"gitId":"WhasabiQ"},"content":"            line \u003d in.nextLine();","lastModifiedDate":"2021-10-08"},{"lineNumber":22,"author":{"gitId":"WhasabiQ"},"content":"            if(line.equalsIgnoreCase(\"bye\")) {","lastModifiedDate":"2021-10-08"},{"lineNumber":23,"author":{"gitId":"WhasabiQ"},"content":"                printThis(\"Bye. Hope to see you again soon!\",true);","lastModifiedDate":"2021-10-08"},{"lineNumber":24,"author":{"gitId":"WhasabiQ"},"content":"                break;","lastModifiedDate":"2021-10-08"},{"lineNumber":25,"author":{"gitId":"WhasabiQ"},"content":"            }else if(line.equalsIgnoreCase(\"list\")){","lastModifiedDate":"2021-10-08"},{"lineNumber":26,"author":{"gitId":"WhasabiQ"},"content":"                printList();","lastModifiedDate":"2021-10-19"},{"lineNumber":27,"author":{"gitId":"WhasabiQ"},"content":"                in \u003d new Scanner(System.in);","lastModifiedDate":"2021-10-19"},{"lineNumber":28,"author":{"gitId":"WhasabiQ"},"content":"                markTask(in.nextLine());","lastModifiedDate":"2021-10-19"},{"lineNumber":29,"author":{"gitId":"WhasabiQ"},"content":"            }","lastModifiedDate":"2021-10-08"},{"lineNumber":30,"author":{"gitId":"WhasabiQ"},"content":"            else{","lastModifiedDate":"2021-10-08"},{"lineNumber":31,"author":{"gitId":"WhasabiQ"},"content":"                addTask(line);","lastModifiedDate":"2021-10-19"},{"lineNumber":32,"author":{"gitId":"WhasabiQ"},"content":"            }","lastModifiedDate":"2021-10-08"},{"lineNumber":33,"author":{"gitId":"WhasabiQ"},"content":"        }","lastModifiedDate":"2021-10-08"},{"lineNumber":34,"author":{"gitId":"-"},"content":"    }","lastModifiedDate":"2021-10-08"},{"lineNumber":35,"author":{"gitId":"WhasabiQ"},"content":"    public static void printThis(String st, Boolean withLB){","lastModifiedDate":"2021-10-08"},{"lineNumber":36,"author":{"gitId":"WhasabiQ"},"content":"        if(withLB) System.out.println(lineBreak+\"\\n\" +st+\"\\n\"+lineBreak);","lastModifiedDate":"2021-10-08"},{"lineNumber":37,"author":{"gitId":"WhasabiQ"},"content":"        else System.out.println(st);","lastModifiedDate":"2021-10-08"},{"lineNumber":38,"author":{"gitId":"WhasabiQ"},"content":"    }","lastModifiedDate":"2021-10-08"},{"lineNumber":39,"author":{"gitId":"WhasabiQ"},"content":"","lastModifiedDate":"2021-10-19"},{"lineNumber":40,"author":{"gitId":"WhasabiQ"},"content":"    public static void printList() {","lastModifiedDate":"2021-10-19"},{"lineNumber":41,"author":{"gitId":"WhasabiQ"},"content":"        int c \u003d 1;","lastModifiedDate":"2021-10-19"},{"lineNumber":42,"author":{"gitId":"WhasabiQ"},"content":"        printThis(lineBreak,false);","lastModifiedDate":"2021-10-19"},{"lineNumber":43,"author":{"gitId":"WhasabiQ"},"content":"        for (Task tk : taskListing) {","lastModifiedDate":"2021-10-19"},{"lineNumber":44,"author":{"gitId":"WhasabiQ"},"content":"            System.out.println(c+\": [\"+tk.getStatusIcon()+\"] \" + tk.getItem());","lastModifiedDate":"2021-10-19"},{"lineNumber":45,"author":{"gitId":"WhasabiQ"},"content":"            c ++;","lastModifiedDate":"2021-10-19"},{"lineNumber":46,"author":{"gitId":"WhasabiQ"},"content":"        }","lastModifiedDate":"2021-10-19"},{"lineNumber":47,"author":{"gitId":"WhasabiQ"},"content":"        printThis(lineBreak,false);","lastModifiedDate":"2021-10-19"},{"lineNumber":48,"author":{"gitId":"WhasabiQ"},"content":"    }","lastModifiedDate":"2021-10-19"},{"lineNumber":49,"author":{"gitId":"WhasabiQ"},"content":"","lastModifiedDate":"2021-10-19"},{"lineNumber":50,"author":{"gitId":"WhasabiQ"},"content":"    public static void markTask(String str){","lastModifiedDate":"2021-10-19"},{"lineNumber":51,"author":{"gitId":"WhasabiQ"},"content":"        String[] splited \u003d str.split(\"\\\\s+\");","lastModifiedDate":"2021-10-19"},{"lineNumber":52,"author":{"gitId":"WhasabiQ"},"content":"        if(splited.length \u003d\u003d 2){","lastModifiedDate":"2021-10-19"},{"lineNumber":53,"author":{"gitId":"WhasabiQ"},"content":"            System.out.println(\"here \" + splited[0] + \" \" + splited[1]);","lastModifiedDate":"2021-10-19"},{"lineNumber":54,"author":{"gitId":"WhasabiQ"},"content":"","lastModifiedDate":"2021-10-19"},{"lineNumber":55,"author":{"gitId":"WhasabiQ"},"content":"            if (splited[0].equalsIgnoreCase(\"done\")) {","lastModifiedDate":"2021-10-19"},{"lineNumber":56,"author":{"gitId":"WhasabiQ"},"content":"                int num;","lastModifiedDate":"2021-10-19"},{"lineNumber":57,"author":{"gitId":"WhasabiQ"},"content":"                try {","lastModifiedDate":"2021-10-19"},{"lineNumber":58,"author":{"gitId":"WhasabiQ"},"content":"                    num \u003d Integer.parseInt(splited[1]) - 1;","lastModifiedDate":"2021-10-19"},{"lineNumber":59,"author":{"gitId":"WhasabiQ"},"content":"                } catch (NumberFormatException nfe) {","lastModifiedDate":"2021-10-19"},{"lineNumber":60,"author":{"gitId":"WhasabiQ"},"content":"                    printThis(\"Invalid number, Kindly enter \u0027List\u0027 to re-access\",true);","lastModifiedDate":"2021-10-19"},{"lineNumber":61,"author":{"gitId":"WhasabiQ"},"content":"                    return;","lastModifiedDate":"2021-10-19"},{"lineNumber":62,"author":{"gitId":"WhasabiQ"},"content":"                }","lastModifiedDate":"2021-10-19"},{"lineNumber":63,"author":{"gitId":"WhasabiQ"},"content":"","lastModifiedDate":"2021-10-19"},{"lineNumber":64,"author":{"gitId":"WhasabiQ"},"content":"                if(num \u003e\u003d 0 \u0026\u0026 num \u003c taskListing.size() ){","lastModifiedDate":"2021-10-19"},{"lineNumber":65,"author":{"gitId":"WhasabiQ"},"content":"                    printThis(lineBreak,false);","lastModifiedDate":"2021-10-19"},{"lineNumber":66,"author":{"gitId":"WhasabiQ"},"content":"                    printThis(\"Nice! I\u0027ve marked this task as done:\",false);","lastModifiedDate":"2021-10-19"},{"lineNumber":67,"author":{"gitId":"WhasabiQ"},"content":"                    taskListing.get(num).setDone();","lastModifiedDate":"2021-10-19"},{"lineNumber":68,"author":{"gitId":"WhasabiQ"},"content":"                    printThis(\"[X] \" + taskListing.get(num).getItem(),false);","lastModifiedDate":"2021-10-19"},{"lineNumber":69,"author":{"gitId":"WhasabiQ"},"content":"                    printThis(lineBreak,false);","lastModifiedDate":"2021-10-19"},{"lineNumber":70,"author":{"gitId":"WhasabiQ"},"content":"                }else{","lastModifiedDate":"2021-10-19"},{"lineNumber":71,"author":{"gitId":"WhasabiQ"},"content":"                    printThis(\"Invalid Number\",true);","lastModifiedDate":"2021-10-19"},{"lineNumber":72,"author":{"gitId":"WhasabiQ"},"content":"                }","lastModifiedDate":"2021-10-19"},{"lineNumber":73,"author":{"gitId":"WhasabiQ"},"content":"            }else{","lastModifiedDate":"2021-10-19"},{"lineNumber":74,"author":{"gitId":"WhasabiQ"},"content":"                printThis(\"Invalid command please enter \u0027List\u0027 again\",true);","lastModifiedDate":"2021-10-19"},{"lineNumber":75,"author":{"gitId":"WhasabiQ"},"content":"            }","lastModifiedDate":"2021-10-08"},{"lineNumber":76,"author":{"gitId":"WhasabiQ"},"content":"        }","lastModifiedDate":"2021-10-08"},{"lineNumber":77,"author":{"gitId":"-"},"content":"    }","lastModifiedDate":"2019-07-29"},{"lineNumber":78,"author":{"gitId":"WhasabiQ"},"content":"","lastModifiedDate":"2021-10-19"},{"lineNumber":79,"author":{"gitId":"WhasabiQ"},"content":"    public static void addTask(String item) {","lastModifiedDate":"2021-10-19"},{"lineNumber":80,"author":{"gitId":"WhasabiQ"},"content":"        taskListing.add(new Task(item));","lastModifiedDate":"2021-10-19"},{"lineNumber":81,"author":{"gitId":"WhasabiQ"},"content":"        printThis(\"added: \" + item , true);","lastModifiedDate":"2021-10-19"},{"lineNumber":82,"author":{"gitId":"WhasabiQ"},"content":"    }","lastModifiedDate":"2021-10-19"},{"lineNumber":83,"author":{"gitId":"WhasabiQ"},"content":"","lastModifiedDate":"2021-10-19"},{"lineNumber":84,"author":{"gitId":"WhasabiQ"},"content":"    public static void removeTask(int num){","lastModifiedDate":"2021-10-19"},{"lineNumber":85,"author":{"gitId":"WhasabiQ"},"content":"        taskListing.remove(num-1);","lastModifiedDate":"2021-10-19"},{"lineNumber":86,"author":{"gitId":"WhasabiQ"},"content":"    }","lastModifiedDate":"2021-10-19"},{"lineNumber":87,"author":{"gitId":"WhasabiQ"},"content":"","lastModifiedDate":"2021-10-19"},{"lineNumber":88,"author":{"gitId":"-"},"content":"}","lastModifiedDate":"2019-07-29"}],"authorContributionMap":{"WhasabiQ":82,"-":6}},{"path":"src/main/java/Task.java","fileType":"java","lines":[{"lineNumber":1,"author":{"gitId":"WhasabiQ"},"content":"public class Task {","lastModifiedDate":"2021-10-19"},{"lineNumber":2,"author":{"gitId":"WhasabiQ"},"content":"    private String item;","lastModifiedDate":"2021-10-19"},{"lineNumber":3,"author":{"gitId":"WhasabiQ"},"content":"    private boolean done;","lastModifiedDate":"2021-10-19"},{"lineNumber":4,"author":{"gitId":"WhasabiQ"},"content":"","lastModifiedDate":"2021-10-19"},{"lineNumber":5,"author":{"gitId":"WhasabiQ"},"content":"    public Task(String item) {","lastModifiedDate":"2021-10-19"},{"lineNumber":6,"author":{"gitId":"WhasabiQ"},"content":"        this.item \u003d item;","lastModifiedDate":"2021-10-19"},{"lineNumber":7,"author":{"gitId":"WhasabiQ"},"content":"        this.done \u003d false;","lastModifiedDate":"2021-10-19"},{"lineNumber":8,"author":{"gitId":"WhasabiQ"},"content":"    }","lastModifiedDate":"2021-10-19"},{"lineNumber":9,"author":{"gitId":"WhasabiQ"},"content":"","lastModifiedDate":"2021-10-19"},{"lineNumber":10,"author":{"gitId":"WhasabiQ"},"content":"    public void setDone() {","lastModifiedDate":"2021-10-19"},{"lineNumber":11,"author":{"gitId":"WhasabiQ"},"content":"        this.done \u003d true;","lastModifiedDate":"2021-10-19"},{"lineNumber":12,"author":{"gitId":"WhasabiQ"},"content":"    }","lastModifiedDate":"2021-10-19"},{"lineNumber":13,"author":{"gitId":"WhasabiQ"},"content":"","lastModifiedDate":"2021-10-19"},{"lineNumber":14,"author":{"gitId":"WhasabiQ"},"content":"    public boolean isDone() {","lastModifiedDate":"2021-10-19"},{"lineNumber":15,"author":{"gitId":"WhasabiQ"},"content":"        return this.done;","lastModifiedDate":"2021-10-19"},{"lineNumber":16,"author":{"gitId":"WhasabiQ"},"content":"    }","lastModifiedDate":"2021-10-19"},{"lineNumber":17,"author":{"gitId":"WhasabiQ"},"content":"","lastModifiedDate":"2021-10-19"},{"lineNumber":18,"author":{"gitId":"WhasabiQ"},"content":"    public String getStatusIcon() {","lastModifiedDate":"2021-10-19"},{"lineNumber":19,"author":{"gitId":"WhasabiQ"},"content":"        return (this.done ? \"X\" : \" \"); // mark done task with X","lastModifiedDate":"2021-10-19"},{"lineNumber":20,"author":{"gitId":"WhasabiQ"},"content":"    }","lastModifiedDate":"2021-10-19"},{"lineNumber":21,"author":{"gitId":"WhasabiQ"},"content":"","lastModifiedDate":"2021-10-19"},{"lineNumber":22,"author":{"gitId":"WhasabiQ"},"content":"    public String getItem() {","lastModifiedDate":"2021-10-19"},{"lineNumber":23,"author":{"gitId":"WhasabiQ"},"content":"        return this.item;","lastModifiedDate":"2021-10-19"},{"lineNumber":24,"author":{"gitId":"WhasabiQ"},"content":"    }","lastModifiedDate":"2021-10-19"},{"lineNumber":25,"author":{"gitId":"WhasabiQ"},"content":"","lastModifiedDate":"2021-10-19"},{"lineNumber":26,"author":{"gitId":"WhasabiQ"},"content":"    public void setItem(String item) {","lastModifiedDate":"2021-10-19"},{"lineNumber":27,"author":{"gitId":"WhasabiQ"},"content":"        this.item \u003d item;","lastModifiedDate":"2021-10-19"},{"lineNumber":28,"author":{"gitId":"WhasabiQ"},"content":"    }","lastModifiedDate":"2021-10-19"},{"lineNumber":29,"author":{"gitId":"WhasabiQ"},"content":"","lastModifiedDate":"2021-10-19"},{"lineNumber":30,"author":{"gitId":"WhasabiQ"},"content":"}","lastModifiedDate":"2021-10-19"}],"authorContributionMap":{"WhasabiQ":30}}]
