{"authorDailyContributionsMap":{"WhasabiQ":[{"date":"2021-10-08","commitResults":[{"hash":"cbf3087ef5562f64775a98725e0ae1a46b564dad","messageTitle":"Update Duke.java","messageBody":"","tags":["Week-3.1"],"fileTypesAndContributionMap":{"java":{"insertions":24,"deletions":5}}},{"hash":"a684de01044780b762f1fe4a59ccafb0e6f60527","messageTitle":"Level 2. Add, List","messageBody":"Added 2 functions add_task and print_list. Mod printThis\n","tags":["Week-3.2"],"fileTypesAndContributionMap":{"java":{"insertions":24,"deletions":5}}}]}]},"authorFileTypeContributionMap":{"WhasabiQ":{"java":43,"md":0,"fxml":0,"sh":0,"bat":0,"gradle":0,"txt":0}},"authorContributionVariance":{"WhasabiQ":54.24348},"authorDisplayNameMap":{"WhasabiQ":"KHIE..IANG"}}
