{"authorDailyContributionsMap":{"WhasabiQ":[{"date":"2021-10-08","commitResults":[{"hash":"cbf3087ef5562f64775a98725e0ae1a46b564dad","messageTitle":"Update Duke.java","messageBody":"","tags":["Week-3.1"],"fileTypesAndContributionMap":{"java":{"insertions":24,"deletions":5}}},{"hash":"a684de01044780b762f1fe4a59ccafb0e6f60527","messageTitle":"Level 2. Add, List","messageBody":"Added 2 functions add_task and print_list. Mod printThis\n","tags":["Week-3.2"],"fileTypesAndContributionMap":{"java":{"insertions":24,"deletions":5}}}]},{"date":"2021-10-19","commitResults":[{"hash":"b1f6e78ffee1c9f9462d3270a5bcd3ebd7f45711","messageTitle":"Level 3. Mark as Done","messageBody":"checked if command is correct before proceeding\n","tags":["Week-4"],"fileTypesAndContributionMap":{"java":{"insertions":82,"deletions":12}}}]},{"date":"2021-10-30","commitResults":[{"hash":"832775120acc5f6412c00ce6ec2cf84dd5d4a025","messageTitle":"Level 4. ToDos, Events, Deadlines","messageBody":"Added ToDos, Events, Deadlines class extend of Task\n","tags":["Week-5---Level-4"],"fileTypesAndContributionMap":{"java":{"insertions":96,"deletions":23}}},{"hash":"b54599ba35df1c87a16cdc3b787b7aab82bd5765","messageTitle":"Level 5. Handle Errors","messageBody":"Added Error Handling class for  while adding task and invalid commands\n","tags":["Week-6-Level-5","Week-6---Level-4"],"fileTypesAndContributionMap":{"java":{"insertions":40,"deletions":11}}},{"hash":"79fc7155e7ea9459db3f965f16134a7c5f35de26","messageTitle":"Week 7 : Level 6. Delete","messageBody":"Added delete function and error handling. Refactored some implementation\n","tags":["Week-7-Level-6"],"fileTypesAndContributionMap":{"java":{"insertions":33,"deletions":13}}}]},{"date":"2021-11-02","commitResults":[{"hash":"f06bc062af30acf21a0dce1242f41655a5633151","messageTitle":"Week 8 Level-7 Save","messageBody":"Able to create file or overwrite file if file is not created.\n","tags":["Week-8-Level-7"],"fileTypesAndContributionMap":{"java":{"insertions":75,"deletions":5}}}]},{"date":"2021-11-13","commitResults":[{"hash":"14dda75cbd274f98f650a01d19845475b63d5e2b","messageTitle":"Week 8: Level 7","messageBody":"Save feature implemented and More OOP and Packaged similar java file\n","tags":["Week-8-A-OOP-\u0026-A-Package"],"fileTypesAndContributionMap":{"java":{"insertions":961,"deletions":212},"bat":{"insertions":2,"deletions":2},"sh":{"insertions":1,"deletions":1},"md":{"insertions":2,"deletions":2}}}]}]},"authorFileTypeContributionMap":{"WhasabiQ":{"java":1059,"md":2,"fxml":0,"sh":1,"bat":2,"gradle":0,"txt":0}},"authorContributionVariance":{"WhasabiQ":14817.738},"authorDisplayNameMap":{"WhasabiQ":"KHIE..IANG"}}
