{"authorDailyContributionsMap":{"WhasabiQ":[{"date":"2021-10-08","commitResults":[{"hash":"cbf3087ef5562f64775a98725e0ae1a46b564dad","messageTitle":"Update Duke.java","messageBody":"","tags":["Week-3.1"],"fileTypesAndContributionMap":{"java":{"insertions":24,"deletions":5}}},{"hash":"a684de01044780b762f1fe4a59ccafb0e6f60527","messageTitle":"Level 2. Add, List","messageBody":"Added 2 functions add_task and print_list. Mod printThis\n","tags":["Week-3.2"],"fileTypesAndContributionMap":{"java":{"insertions":24,"deletions":5}}}]},{"date":"2021-10-19","commitResults":[{"hash":"b1f6e78ffee1c9f9462d3270a5bcd3ebd7f45711","messageTitle":"Level 3. Mark as Done","messageBody":"checked if command is correct before proceeding\n","tags":["Week-4"],"fileTypesAndContributionMap":{"java":{"insertions":82,"deletions":12}}}]},{"date":"2021-10-30","commitResults":[{"hash":"832775120acc5f6412c00ce6ec2cf84dd5d4a025","messageTitle":"Level 4. ToDos, Events, Deadlines","messageBody":"Added ToDos, Events, Deadlines class extend of Task\n","tags":["Week-5---Level-4"],"fileTypesAndContributionMap":{"java":{"insertions":96,"deletions":23}}},{"hash":"b54599ba35df1c87a16cdc3b787b7aab82bd5765","messageTitle":"Level 5. Handle Errors","messageBody":"Added Error Handling class for  while adding task and invalid commands\n","tags":["Week-6-Level-5","Week-6---Level-4"],"fileTypesAndContributionMap":{"java":{"insertions":40,"deletions":11}}},{"hash":"79fc7155e7ea9459db3f965f16134a7c5f35de26","messageTitle":"Week 7 : Level 6. Delete","messageBody":"Added delete function and error handling. Refactored some implementation\n","tags":["Week-7-Level-6"],"fileTypesAndContributionMap":{"java":{"insertions":33,"deletions":13}}}]}]},"authorFileTypeContributionMap":{"WhasabiQ":{"java":235,"md":0,"fxml":0,"sh":0,"bat":0,"gradle":0,"txt":0}},"authorContributionVariance":{"WhasabiQ":689.4505},"authorDisplayNameMap":{"WhasabiQ":"KHIE..IANG"}}
