[{"path":"src/main/java/ChatBot.java","fileType":"java","lines":[{"lineNumber":1,"author":{"gitId":"Kcube33"},"content":"import java.util.Scanner;","lastModifiedDate":"2021-10-03"},{"lineNumber":2,"author":{"gitId":"Kcube33"},"content":"","lastModifiedDate":"2021-10-03"},{"lineNumber":3,"author":{"gitId":"Kcube33"},"content":"public class ChatBot {","lastModifiedDate":"2021-10-03"},{"lineNumber":4,"author":{"gitId":"Kcube33"},"content":"    private static TaskList[] all_lists \u003d new TaskList[100];","lastModifiedDate":"2021-10-03"},{"lineNumber":5,"author":{"gitId":"Kcube33"},"content":"    private static int counter \u003d 0;","lastModifiedDate":"2021-10-03"},{"lineNumber":6,"author":{"gitId":"Kcube33"},"content":"","lastModifiedDate":"2021-10-03"},{"lineNumber":7,"author":{"gitId":"Kcube33"},"content":"    public static void addem(String text){","lastModifiedDate":"2021-10-03"},{"lineNumber":8,"author":{"gitId":"Kcube33"},"content":"        all_lists[counter] \u003d new TaskList(text);","lastModifiedDate":"2021-10-03"},{"lineNumber":9,"author":{"gitId":"Kcube33"},"content":"        counter++;","lastModifiedDate":"2021-10-03"},{"lineNumber":10,"author":{"gitId":"Kcube33"},"content":"    }","lastModifiedDate":"2021-10-03"},{"lineNumber":11,"author":{"gitId":"Kcube33"},"content":"","lastModifiedDate":"2021-10-03"},{"lineNumber":12,"author":{"gitId":"Kcube33"},"content":"    public static void printem(){","lastModifiedDate":"2021-10-03"},{"lineNumber":13,"author":{"gitId":"Kcube33"},"content":"        if(counter \u003d\u003d 0){","lastModifiedDate":"2021-10-03"},{"lineNumber":14,"author":{"gitId":"Kcube33"},"content":"            System.out.println(\"Nothing to do\");","lastModifiedDate":"2021-10-03"},{"lineNumber":15,"author":{"gitId":"Kcube33"},"content":"        } else {","lastModifiedDate":"2021-10-03"},{"lineNumber":16,"author":{"gitId":"Kcube33"},"content":"            for (int i \u003d 0; i \u003c counter; i++) {","lastModifiedDate":"2021-10-03"},{"lineNumber":17,"author":{"gitId":"Kcube33"},"content":"                System.out.println(i + 1 + \".[\" + all_lists[i].getStatusIcon() + \"] \" +","lastModifiedDate":"2021-10-03"},{"lineNumber":18,"author":{"gitId":"Kcube33"},"content":"                        all_lists[i].getTask());","lastModifiedDate":"2021-10-03"},{"lineNumber":19,"author":{"gitId":"Kcube33"},"content":"            }","lastModifiedDate":"2021-10-03"},{"lineNumber":20,"author":{"gitId":"Kcube33"},"content":"        }","lastModifiedDate":"2021-10-03"},{"lineNumber":21,"author":{"gitId":"Kcube33"},"content":"    }","lastModifiedDate":"2021-10-03"},{"lineNumber":22,"author":{"gitId":"Kcube33"},"content":"","lastModifiedDate":"2021-10-03"},{"lineNumber":23,"author":{"gitId":"Kcube33"},"content":"    public void startbot(){","lastModifiedDate":"2021-10-03"},{"lineNumber":24,"author":{"gitId":"Kcube33"},"content":"        String logo \u003d \" ____        _        \\n\"","lastModifiedDate":"2021-10-03"},{"lineNumber":25,"author":{"gitId":"Kcube33"},"content":"                + \"|  _ \\\\ _   _| | _____ \\n\"","lastModifiedDate":"2021-10-03"},{"lineNumber":26,"author":{"gitId":"Kcube33"},"content":"                + \"| | | | | | | |/ / _ \\\\\\n\"","lastModifiedDate":"2021-10-03"},{"lineNumber":27,"author":{"gitId":"Kcube33"},"content":"                + \"| |_| | |_| |   \u003c  __/\\n\"","lastModifiedDate":"2021-10-03"},{"lineNumber":28,"author":{"gitId":"Kcube33"},"content":"                + \"|____/ \\\\__,_|_|\\\\_\\\\___|\\n\";","lastModifiedDate":"2021-10-03"},{"lineNumber":29,"author":{"gitId":"Kcube33"},"content":"        System.out.println(\"Hello from\\n\" + logo);","lastModifiedDate":"2021-10-03"},{"lineNumber":30,"author":{"gitId":"Kcube33"},"content":"        Scanner in \u003d new Scanner(System.in);","lastModifiedDate":"2021-10-03"},{"lineNumber":31,"author":{"gitId":"Kcube33"},"content":"        String line \u003d in.nextLine();","lastModifiedDate":"2021-10-03"},{"lineNumber":32,"author":{"gitId":"Kcube33"},"content":"//        System.out.println(!\"bye\".equals(line));","lastModifiedDate":"2021-10-03"},{"lineNumber":33,"author":{"gitId":"Kcube33"},"content":"        while (!\"bye\".equals(line)) {","lastModifiedDate":"2021-10-03"},{"lineNumber":34,"author":{"gitId":"Kcube33"},"content":"            switch (line) {","lastModifiedDate":"2021-10-03"},{"lineNumber":35,"author":{"gitId":"Kcube33"},"content":"                case \"list\":","lastModifiedDate":"2021-10-03"},{"lineNumber":36,"author":{"gitId":"Kcube33"},"content":"                    printem();","lastModifiedDate":"2021-10-03"},{"lineNumber":37,"author":{"gitId":"Kcube33"},"content":"                    break;","lastModifiedDate":"2021-10-03"},{"lineNumber":38,"author":{"gitId":"Kcube33"},"content":"                case \"\":","lastModifiedDate":"2021-10-03"},{"lineNumber":39,"author":{"gitId":"Kcube33"},"content":"                    System.out.println(\"Please enter something\");","lastModifiedDate":"2021-10-03"},{"lineNumber":40,"author":{"gitId":"Kcube33"},"content":"                    break;","lastModifiedDate":"2021-10-03"},{"lineNumber":41,"author":{"gitId":"Kcube33"},"content":"                case \"done\":","lastModifiedDate":"2021-10-03"},{"lineNumber":42,"author":{"gitId":"Kcube33"},"content":"                    System.out.println(\"Which task number have u completed?\");","lastModifiedDate":"2021-10-03"},{"lineNumber":43,"author":{"gitId":"Kcube33"},"content":"                    printem();","lastModifiedDate":"2021-10-03"},{"lineNumber":44,"author":{"gitId":"Kcube33"},"content":"                    in \u003d new Scanner(System.in);","lastModifiedDate":"2021-10-03"},{"lineNumber":45,"author":{"gitId":"Kcube33"},"content":"                    Integer taskno \u003d Integer.parseInt(in.nextLine());","lastModifiedDate":"2021-10-03"},{"lineNumber":46,"author":{"gitId":"Kcube33"},"content":"                    all_lists[taskno - 1].done();","lastModifiedDate":"2021-10-03"},{"lineNumber":47,"author":{"gitId":"Kcube33"},"content":"                case \"bye\":","lastModifiedDate":"2021-10-03"},{"lineNumber":48,"author":{"gitId":"Kcube33"},"content":"                    break;","lastModifiedDate":"2021-10-03"},{"lineNumber":49,"author":{"gitId":"Kcube33"},"content":"                default:","lastModifiedDate":"2021-10-03"},{"lineNumber":50,"author":{"gitId":"Kcube33"},"content":"                    addem(line);","lastModifiedDate":"2021-10-03"},{"lineNumber":51,"author":{"gitId":"Kcube33"},"content":"                    break;","lastModifiedDate":"2021-10-03"},{"lineNumber":52,"author":{"gitId":"Kcube33"},"content":"            }","lastModifiedDate":"2021-10-03"},{"lineNumber":53,"author":{"gitId":"Kcube33"},"content":"            in \u003d new Scanner(System.in);","lastModifiedDate":"2021-10-03"},{"lineNumber":54,"author":{"gitId":"Kcube33"},"content":"            line \u003d in.nextLine();","lastModifiedDate":"2021-10-03"},{"lineNumber":55,"author":{"gitId":"Kcube33"},"content":"        }","lastModifiedDate":"2021-10-03"},{"lineNumber":56,"author":{"gitId":"Kcube33"},"content":"        System.out.println(\"Bye. Hope to see you again soon!\");","lastModifiedDate":"2021-10-03"},{"lineNumber":57,"author":{"gitId":"Kcube33"},"content":"    }","lastModifiedDate":"2021-10-03"},{"lineNumber":58,"author":{"gitId":"Kcube33"},"content":"}","lastModifiedDate":"2021-10-03"}],"authorContributionMap":{"Kcube33":58}},{"path":"src/main/java/Duke.java","fileType":"java","lines":[{"lineNumber":1,"author":{"gitId":"-"},"content":"public class Duke {","lastModifiedDate":"2019-07-29"},{"lineNumber":2,"author":{"gitId":"-"},"content":"    public static void main(String[] args) {","lastModifiedDate":"2019-07-29"},{"lineNumber":3,"author":{"gitId":"Kcube33"},"content":"        ChatBot a \u003d new ChatBot();","lastModifiedDate":"2021-10-03"},{"lineNumber":4,"author":{"gitId":"Kcube33"},"content":"        a.startbot();","lastModifiedDate":"2021-10-03"},{"lineNumber":5,"author":{"gitId":"-"},"content":"    }","lastModifiedDate":"2019-07-29"},{"lineNumber":6,"author":{"gitId":"-"},"content":"}","lastModifiedDate":"2019-07-29"}],"authorContributionMap":{"Kcube33":2,"-":4}},{"path":"src/main/java/TaskList.java","fileType":"java","lines":[{"lineNumber":1,"author":{"gitId":"Kcube33"},"content":"public class TaskList {","lastModifiedDate":"2021-10-03"},{"lineNumber":2,"author":{"gitId":"Kcube33"},"content":"","lastModifiedDate":"2021-10-03"},{"lineNumber":3,"author":{"gitId":"Kcube33"},"content":"    protected String task;","lastModifiedDate":"2021-10-03"},{"lineNumber":4,"author":{"gitId":"Kcube33"},"content":"    protected Boolean isDone;","lastModifiedDate":"2021-10-03"},{"lineNumber":5,"author":{"gitId":"Kcube33"},"content":"","lastModifiedDate":"2021-10-03"},{"lineNumber":6,"author":{"gitId":"Kcube33"},"content":"    TaskList(String task){","lastModifiedDate":"2021-10-03"},{"lineNumber":7,"author":{"gitId":"Kcube33"},"content":"        this.task \u003d task;","lastModifiedDate":"2021-10-03"},{"lineNumber":8,"author":{"gitId":"Kcube33"},"content":"        isDone \u003d false;","lastModifiedDate":"2021-10-03"},{"lineNumber":9,"author":{"gitId":"Kcube33"},"content":"    }","lastModifiedDate":"2021-10-03"},{"lineNumber":10,"author":{"gitId":"Kcube33"},"content":"","lastModifiedDate":"2021-10-03"},{"lineNumber":11,"author":{"gitId":"Kcube33"},"content":"    public void done(){","lastModifiedDate":"2021-10-03"},{"lineNumber":12,"author":{"gitId":"Kcube33"},"content":"        this.isDone \u003d true;","lastModifiedDate":"2021-10-03"},{"lineNumber":13,"author":{"gitId":"Kcube33"},"content":"        System.out.println(\"_______________________\\n Nice! I\u0027ve marked this task as done:\");","lastModifiedDate":"2021-10-03"},{"lineNumber":14,"author":{"gitId":"Kcube33"},"content":"        System.out.println(\"[X] \" + this.task + \"\\n_______________________\");","lastModifiedDate":"2021-10-03"},{"lineNumber":15,"author":{"gitId":"Kcube33"},"content":"    }","lastModifiedDate":"2021-10-03"},{"lineNumber":16,"author":{"gitId":"Kcube33"},"content":"","lastModifiedDate":"2021-10-03"},{"lineNumber":17,"author":{"gitId":"Kcube33"},"content":"    public String getStatusIcon() {","lastModifiedDate":"2021-10-03"},{"lineNumber":18,"author":{"gitId":"Kcube33"},"content":"        return (isDone ? \"X\" : \" \");","lastModifiedDate":"2021-10-03"},{"lineNumber":19,"author":{"gitId":"Kcube33"},"content":"    }","lastModifiedDate":"2021-10-03"},{"lineNumber":20,"author":{"gitId":"Kcube33"},"content":"","lastModifiedDate":"2021-10-03"},{"lineNumber":21,"author":{"gitId":"Kcube33"},"content":"    public String getTask(){","lastModifiedDate":"2021-10-03"},{"lineNumber":22,"author":{"gitId":"Kcube33"},"content":"        return this.task;","lastModifiedDate":"2021-10-03"},{"lineNumber":23,"author":{"gitId":"Kcube33"},"content":"    }","lastModifiedDate":"2021-10-03"},{"lineNumber":24,"author":{"gitId":"Kcube33"},"content":"","lastModifiedDate":"2021-10-03"},{"lineNumber":25,"author":{"gitId":"Kcube33"},"content":"}","lastModifiedDate":"2021-10-03"}],"authorContributionMap":{"Kcube33":25}}]
