[{"path":"README.md","fileType":"md","lines":[{"lineNumber":1,"author":{"gitId":"-"},"content":"# Duke project template","lastModifiedDate":"2020-05-25"},{"lineNumber":2,"author":{"gitId":"-"},"content":"","lastModifiedDate":"2020-05-25"},{"lineNumber":3,"author":{"gitId":"-"},"content":"This is a project template for a greenfield Java project. It\u0027s named after the Java mascot _Duke_. Given below are instructions on how to use it.","lastModifiedDate":"2020-05-25"},{"lineNumber":4,"author":{"gitId":"-"},"content":"","lastModifiedDate":"2020-05-25"},{"lineNumber":5,"author":{"gitId":"-"},"content":"## Setting up in Intellij","lastModifiedDate":"2020-05-25"},{"lineNumber":6,"author":{"gitId":"-"},"content":"","lastModifiedDate":"2020-05-25"},{"lineNumber":7,"author":{"gitId":"-"},"content":"Prerequisites: JDK 11, update Intellij to the most recent version.","lastModifiedDate":"2020-05-25"},{"lineNumber":8,"author":{"gitId":"-"},"content":"","lastModifiedDate":"2020-05-25"},{"lineNumber":9,"author":{"gitId":"-"},"content":"1. Open Intellij (if you are not in the welcome screen, click `File` \u003e `Close Project` to close the existing project first)","lastModifiedDate":"2021-01-17"},{"lineNumber":10,"author":{"gitId":"-"},"content":"1. Open the project into Intellij as follows:","lastModifiedDate":"2021-01-17"},{"lineNumber":11,"author":{"gitId":"-"},"content":"   1. Click `Open`.","lastModifiedDate":"2021-01-17"},{"lineNumber":12,"author":{"gitId":"-"},"content":"   1. Select the project directory, and click `OK`.","lastModifiedDate":"2021-01-17"},{"lineNumber":13,"author":{"gitId":"-"},"content":"   1. If there are any further prompts, accept the defaults.","lastModifiedDate":"2020-05-25"},{"lineNumber":14,"author":{"gitId":"-"},"content":"1. Configure the project to use **JDK 11** (not other versions) as explained in [here](https://www.jetbrains.com/help/idea/sdk.html#set-up-jdk).\u003cbr\u003e","lastModifiedDate":"2021-07-29"},{"lineNumber":15,"author":{"gitId":"-"},"content":"   In the same dialog, set the **Project language level** field to the `SDK default` option.","lastModifiedDate":"2021-07-29"},{"lineNumber":16,"author":{"gitId":"-"},"content":"3. After that, locate the `src/main/java/Duke.java` file, right-click it, and choose `Run Duke.main()` (if the code editor is showing compile errors, try restarting the IDE). If the setup is correct, you should see something like the below as the output:","lastModifiedDate":"2021-07-29"},{"lineNumber":17,"author":{"gitId":"-"},"content":"   ```","lastModifiedDate":"2020-05-25"},{"lineNumber":18,"author":{"gitId":"-"},"content":"   Hello from","lastModifiedDate":"2020-05-25"},{"lineNumber":19,"author":{"gitId":"-"},"content":"    ____        _        ","lastModifiedDate":"2020-05-25"},{"lineNumber":20,"author":{"gitId":"-"},"content":"   |  _ \\ _   _| | _____ ","lastModifiedDate":"2020-05-25"},{"lineNumber":21,"author":{"gitId":"-"},"content":"   | | | | | | | |/ / _ \\","lastModifiedDate":"2020-05-25"},{"lineNumber":22,"author":{"gitId":"-"},"content":"   | |_| | |_| |   \u003c  __/","lastModifiedDate":"2020-05-25"},{"lineNumber":23,"author":{"gitId":"-"},"content":"   |____/ \\__,_|_|\\_\\___|","lastModifiedDate":"2020-05-25"},{"lineNumber":24,"author":{"gitId":"-"},"content":"   ```","lastModifiedDate":"2020-05-25"},{"lineNumber":25,"author":{"gitId":"Kcube33"},"content":"\u003c\u003c\u003c\u003c\u003c\u003c\u003c HEAD","lastModifiedDate":"2021-10-12"},{"lineNumber":26,"author":{"gitId":"-"},"content":"4. Duke is released under an MIT license.","lastModifiedDate":"2021-10-12"},{"lineNumber":27,"author":{"gitId":"Kcube33"},"content":"\u003d\u003d\u003d\u003d\u003d\u003d\u003d","lastModifiedDate":"2021-10-12"},{"lineNumber":28,"author":{"gitId":"-"},"content":"4. Duke is part of https://se-education.org","lastModifiedDate":"2021-10-12"},{"lineNumber":29,"author":{"gitId":"Kcube33"},"content":"\u003e\u003e\u003e\u003e\u003e\u003e\u003e origin/add-details-to-readme","lastModifiedDate":"2021-10-12"}],"authorContributionMap":{"Kcube33":3,"-":26}},{"path":"src/main/java/ChatBot.java","fileType":"java","lines":[{"lineNumber":1,"author":{"gitId":"Kcube33"},"content":"import java.util.HashMap;","lastModifiedDate":"2021-10-04"},{"lineNumber":2,"author":{"gitId":"Kcube33"},"content":"import java.util.Scanner;","lastModifiedDate":"2021-10-03"},{"lineNumber":3,"author":{"gitId":"Kcube33"},"content":"","lastModifiedDate":"2021-10-03"},{"lineNumber":4,"author":{"gitId":"Kcube33"},"content":"public class ChatBot {","lastModifiedDate":"2021-10-03"},{"lineNumber":5,"author":{"gitId":"Kcube33"},"content":"    private static HashMap\u003cInteger, TaskList\u003e all_tasks \u003d new HashMap\u003c\u003e();","lastModifiedDate":"2021-10-04"},{"lineNumber":6,"author":{"gitId":"Kcube33"},"content":"    private static int counter \u003d 1;","lastModifiedDate":"2021-10-04"},{"lineNumber":7,"author":{"gitId":"Kcube33"},"content":"","lastModifiedDate":"2021-10-03"},{"lineNumber":8,"author":{"gitId":"Kcube33"},"content":"    public static void addem(String text){","lastModifiedDate":"2021-10-03"},{"lineNumber":9,"author":{"gitId":"Kcube33"},"content":"        if (text.startsWith(\"todo\")){","lastModifiedDate":"2021-10-04"},{"lineNumber":10,"author":{"gitId":"Kcube33"},"content":"            all_tasks.put(counter, new todo(text.substring(5)));","lastModifiedDate":"2021-10-04"},{"lineNumber":11,"author":{"gitId":"Kcube33"},"content":"            counter++;","lastModifiedDate":"2021-10-03"},{"lineNumber":12,"author":{"gitId":"Kcube33"},"content":"        } else if (text.startsWith(\"deadline\")){","lastModifiedDate":"2021-10-04"},{"lineNumber":13,"author":{"gitId":"Kcube33"},"content":"            all_tasks.put(counter, new Deadline(text.substring(9, text.indexOf(\u0027/\u0027)),","lastModifiedDate":"2021-10-04"},{"lineNumber":14,"author":{"gitId":"Kcube33"},"content":"                    text.substring(text.indexOf(\u0027/\u0027)+4)));","lastModifiedDate":"2021-10-04"},{"lineNumber":15,"author":{"gitId":"Kcube33"},"content":"            counter++;","lastModifiedDate":"2021-10-04"},{"lineNumber":16,"author":{"gitId":"Kcube33"},"content":"        } else if(text.startsWith(\"event\")){","lastModifiedDate":"2021-10-04"},{"lineNumber":17,"author":{"gitId":"Kcube33"},"content":"            all_tasks.put(counter, new Events(text.substring(9, text.indexOf(\u0027/\u0027)),","lastModifiedDate":"2021-10-04"},{"lineNumber":18,"author":{"gitId":"Kcube33"},"content":"                    text.substring(text.indexOf(\u0027/\u0027)+4)));","lastModifiedDate":"2021-10-04"},{"lineNumber":19,"author":{"gitId":"Kcube33"},"content":"            counter++;","lastModifiedDate":"2021-10-04"},{"lineNumber":20,"author":{"gitId":"Kcube33"},"content":"        } else {","lastModifiedDate":"2021-10-04"},{"lineNumber":21,"author":{"gitId":"Kcube33"},"content":"            System.out.println(\"Try Again\");","lastModifiedDate":"2021-10-04"},{"lineNumber":22,"author":{"gitId":"Kcube33"},"content":"        }","lastModifiedDate":"2021-10-04"},{"lineNumber":23,"author":{"gitId":"Kcube33"},"content":"        // debugging with try/catch","lastModifiedDate":"2021-10-04"},{"lineNumber":24,"author":{"gitId":"Kcube33"},"content":"        // do not add same task","lastModifiedDate":"2021-10-04"},{"lineNumber":25,"author":{"gitId":"Kcube33"},"content":"    }","lastModifiedDate":"2021-10-03"},{"lineNumber":26,"author":{"gitId":"Kcube33"},"content":"","lastModifiedDate":"2021-10-03"},{"lineNumber":27,"author":{"gitId":"Kcube33"},"content":"    public static void printem(){","lastModifiedDate":"2021-10-03"},{"lineNumber":28,"author":{"gitId":"Kcube33"},"content":"        if(all_tasks.isEmpty()){","lastModifiedDate":"2021-10-04"},{"lineNumber":29,"author":{"gitId":"Kcube33"},"content":"            System.out.println(\"Nothing to do\");","lastModifiedDate":"2021-10-03"},{"lineNumber":30,"author":{"gitId":"Kcube33"},"content":"        } else {","lastModifiedDate":"2021-10-03"},{"lineNumber":31,"author":{"gitId":"Kcube33"},"content":"            for (int i \u003d 1; i \u003c counter; i++) {","lastModifiedDate":"2021-10-04"},{"lineNumber":32,"author":{"gitId":"Kcube33"},"content":"                System.out.println(i + \". \" + all_tasks.get(i).printtask());","lastModifiedDate":"2021-10-04"},{"lineNumber":33,"author":{"gitId":"Kcube33"},"content":"            }","lastModifiedDate":"2021-10-03"},{"lineNumber":34,"author":{"gitId":"Kcube33"},"content":"        }","lastModifiedDate":"2021-10-03"},{"lineNumber":35,"author":{"gitId":"Kcube33"},"content":"    }","lastModifiedDate":"2021-10-03"},{"lineNumber":36,"author":{"gitId":"Kcube33"},"content":"","lastModifiedDate":"2021-10-03"},{"lineNumber":37,"author":{"gitId":"Kcube33"},"content":"    public void startbot(){","lastModifiedDate":"2021-10-03"},{"lineNumber":38,"author":{"gitId":"Kcube33"},"content":"        String logo \u003d \" ____        _        \\n\"","lastModifiedDate":"2021-10-03"},{"lineNumber":39,"author":{"gitId":"Kcube33"},"content":"                + \"|  _ \\\\ _   _| | _____ \\n\"","lastModifiedDate":"2021-10-03"},{"lineNumber":40,"author":{"gitId":"Kcube33"},"content":"                + \"| | | | | | | |/ / _ \\\\\\n\"","lastModifiedDate":"2021-10-03"},{"lineNumber":41,"author":{"gitId":"Kcube33"},"content":"                + \"| |_| | |_| |   \u003c  __/\\n\"","lastModifiedDate":"2021-10-03"},{"lineNumber":42,"author":{"gitId":"Kcube33"},"content":"                + \"|____/ \\\\__,_|_|\\\\_\\\\___|\\n\";","lastModifiedDate":"2021-10-03"},{"lineNumber":43,"author":{"gitId":"Kcube33"},"content":"        System.out.println(\"Hello from\\n\" + logo);","lastModifiedDate":"2021-10-03"},{"lineNumber":44,"author":{"gitId":"Kcube33"},"content":"        Scanner in \u003d new Scanner(System.in);","lastModifiedDate":"2021-10-03"},{"lineNumber":45,"author":{"gitId":"Kcube33"},"content":"        String line \u003d in.nextLine();","lastModifiedDate":"2021-10-03"},{"lineNumber":46,"author":{"gitId":"Kcube33"},"content":"//        System.out.println(!\"bye\".equals(line));","lastModifiedDate":"2021-10-03"},{"lineNumber":47,"author":{"gitId":"Kcube33"},"content":"        while (!\"bye\".equals(line)) {","lastModifiedDate":"2021-10-03"},{"lineNumber":48,"author":{"gitId":"Kcube33"},"content":"            switch (line) {","lastModifiedDate":"2021-10-03"},{"lineNumber":49,"author":{"gitId":"Kcube33"},"content":"                case \"list\":","lastModifiedDate":"2021-10-03"},{"lineNumber":50,"author":{"gitId":"Kcube33"},"content":"                    printem();","lastModifiedDate":"2021-10-03"},{"lineNumber":51,"author":{"gitId":"Kcube33"},"content":"                    break;","lastModifiedDate":"2021-10-03"},{"lineNumber":52,"author":{"gitId":"Kcube33"},"content":"                case \"\":","lastModifiedDate":"2021-10-03"},{"lineNumber":53,"author":{"gitId":"Kcube33"},"content":"                    System.out.println(\"Please enter something\");","lastModifiedDate":"2021-10-03"},{"lineNumber":54,"author":{"gitId":"Kcube33"},"content":"                    break;","lastModifiedDate":"2021-10-03"},{"lineNumber":55,"author":{"gitId":"Kcube33"},"content":"                case \"done\":","lastModifiedDate":"2021-10-03"},{"lineNumber":56,"author":{"gitId":"Kcube33"},"content":"                    System.out.println(\"Which task number have u completed?\");","lastModifiedDate":"2021-10-03"},{"lineNumber":57,"author":{"gitId":"Kcube33"},"content":"                    printem();","lastModifiedDate":"2021-10-03"},{"lineNumber":58,"author":{"gitId":"Kcube33"},"content":"                    in \u003d new Scanner(System.in);","lastModifiedDate":"2021-10-03"},{"lineNumber":59,"author":{"gitId":"Kcube33"},"content":"                    Integer taskno \u003d Integer.parseInt(in.nextLine());","lastModifiedDate":"2021-10-03"},{"lineNumber":60,"author":{"gitId":"Kcube33"},"content":"                    all_tasks.get(taskno).done();","lastModifiedDate":"2021-10-04"},{"lineNumber":61,"author":{"gitId":"Kcube33"},"content":"                case \"bye\":","lastModifiedDate":"2021-10-03"},{"lineNumber":62,"author":{"gitId":"Kcube33"},"content":"                    break;","lastModifiedDate":"2021-10-03"},{"lineNumber":63,"author":{"gitId":"Kcube33"},"content":"                default:","lastModifiedDate":"2021-10-03"},{"lineNumber":64,"author":{"gitId":"Kcube33"},"content":"                    addem(line);","lastModifiedDate":"2021-10-03"},{"lineNumber":65,"author":{"gitId":"Kcube33"},"content":"                    break;","lastModifiedDate":"2021-10-03"},{"lineNumber":66,"author":{"gitId":"Kcube33"},"content":"            }","lastModifiedDate":"2021-10-03"},{"lineNumber":67,"author":{"gitId":"Kcube33"},"content":"            in \u003d new Scanner(System.in);","lastModifiedDate":"2021-10-03"},{"lineNumber":68,"author":{"gitId":"Kcube33"},"content":"            line \u003d in.nextLine();","lastModifiedDate":"2021-10-03"},{"lineNumber":69,"author":{"gitId":"Kcube33"},"content":"        }","lastModifiedDate":"2021-10-03"},{"lineNumber":70,"author":{"gitId":"Kcube33"},"content":"        System.out.println(\"Bye. Hope to see you again soon!\");","lastModifiedDate":"2021-10-03"},{"lineNumber":71,"author":{"gitId":"Kcube33"},"content":"    }","lastModifiedDate":"2021-10-03"},{"lineNumber":72,"author":{"gitId":"Kcube33"},"content":"}","lastModifiedDate":"2021-10-03"}],"authorContributionMap":{"Kcube33":72}},{"path":"src/main/java/Deadline.java","fileType":"java","lines":[{"lineNumber":1,"author":{"gitId":"Kcube33"},"content":"public class Deadline extends TaskList{","lastModifiedDate":"2021-10-04"},{"lineNumber":2,"author":{"gitId":"Kcube33"},"content":"","lastModifiedDate":"2021-10-04"},{"lineNumber":3,"author":{"gitId":"Kcube33"},"content":"    protected String by;","lastModifiedDate":"2021-10-04"},{"lineNumber":4,"author":{"gitId":"Kcube33"},"content":"","lastModifiedDate":"2021-10-04"},{"lineNumber":5,"author":{"gitId":"Kcube33"},"content":"    public Deadline(String description, String by) {","lastModifiedDate":"2021-10-04"},{"lineNumber":6,"author":{"gitId":"Kcube33"},"content":"        super(description);","lastModifiedDate":"2021-10-04"},{"lineNumber":7,"author":{"gitId":"Kcube33"},"content":"        this.by \u003d by;","lastModifiedDate":"2021-10-04"},{"lineNumber":8,"author":{"gitId":"Kcube33"},"content":"    }","lastModifiedDate":"2021-10-04"},{"lineNumber":9,"author":{"gitId":"Kcube33"},"content":"","lastModifiedDate":"2021-10-04"},{"lineNumber":10,"author":{"gitId":"Kcube33"},"content":"    @Override","lastModifiedDate":"2021-10-04"},{"lineNumber":11,"author":{"gitId":"Kcube33"},"content":"    public String printtask(){","lastModifiedDate":"2021-10-04"},{"lineNumber":12,"author":{"gitId":"Kcube33"},"content":"        return \"[D]\" + super.printtask() + \" (by: \" + by + \")\";","lastModifiedDate":"2021-10-04"},{"lineNumber":13,"author":{"gitId":"Kcube33"},"content":"    }","lastModifiedDate":"2021-10-04"},{"lineNumber":14,"author":{"gitId":"Kcube33"},"content":"}","lastModifiedDate":"2021-10-04"}],"authorContributionMap":{"Kcube33":14}},{"path":"src/main/java/Duke.java","fileType":"java","lines":[{"lineNumber":1,"author":{"gitId":"-"},"content":"public class Duke {","lastModifiedDate":"2019-07-29"},{"lineNumber":2,"author":{"gitId":"-"},"content":"    public static void main(String[] args) {","lastModifiedDate":"2019-07-29"},{"lineNumber":3,"author":{"gitId":"Kcube33"},"content":"        ChatBot a \u003d new ChatBot();","lastModifiedDate":"2021-10-03"},{"lineNumber":4,"author":{"gitId":"Kcube33"},"content":"        a.startbot();","lastModifiedDate":"2021-10-03"},{"lineNumber":5,"author":{"gitId":"-"},"content":"    }","lastModifiedDate":"2019-07-29"},{"lineNumber":6,"author":{"gitId":"-"},"content":"}","lastModifiedDate":"2019-07-29"}],"authorContributionMap":{"Kcube33":2,"-":4}},{"path":"src/main/java/Events.java","fileType":"java","lines":[{"lineNumber":1,"author":{"gitId":"Kcube33"},"content":"public class Events extends TaskList{","lastModifiedDate":"2021-10-04"},{"lineNumber":2,"author":{"gitId":"Kcube33"},"content":"","lastModifiedDate":"2021-10-04"},{"lineNumber":3,"author":{"gitId":"Kcube33"},"content":"    protected String at;","lastModifiedDate":"2021-10-04"},{"lineNumber":4,"author":{"gitId":"Kcube33"},"content":"","lastModifiedDate":"2021-10-04"},{"lineNumber":5,"author":{"gitId":"Kcube33"},"content":"    public Events(String description, String at) {","lastModifiedDate":"2021-10-04"},{"lineNumber":6,"author":{"gitId":"Kcube33"},"content":"        super(description);","lastModifiedDate":"2021-10-04"},{"lineNumber":7,"author":{"gitId":"Kcube33"},"content":"        this.at \u003d at;","lastModifiedDate":"2021-10-04"},{"lineNumber":8,"author":{"gitId":"Kcube33"},"content":"    }","lastModifiedDate":"2021-10-04"},{"lineNumber":9,"author":{"gitId":"Kcube33"},"content":"","lastModifiedDate":"2021-10-04"},{"lineNumber":10,"author":{"gitId":"Kcube33"},"content":"    @Override","lastModifiedDate":"2021-10-04"},{"lineNumber":11,"author":{"gitId":"Kcube33"},"content":"    public String printtask(){","lastModifiedDate":"2021-10-04"},{"lineNumber":12,"author":{"gitId":"Kcube33"},"content":"        return \"[E]\" + super.printtask() + \" (at: \" + at + \")\";","lastModifiedDate":"2021-10-04"},{"lineNumber":13,"author":{"gitId":"Kcube33"},"content":"    }","lastModifiedDate":"2021-10-04"},{"lineNumber":14,"author":{"gitId":"Kcube33"},"content":"","lastModifiedDate":"2021-10-04"},{"lineNumber":15,"author":{"gitId":"Kcube33"},"content":"}","lastModifiedDate":"2021-10-04"}],"authorContributionMap":{"Kcube33":15}},{"path":"src/main/java/TaskList.java","fileType":"java","lines":[{"lineNumber":1,"author":{"gitId":"Kcube33"},"content":"public class TaskList {","lastModifiedDate":"2021-10-03"},{"lineNumber":2,"author":{"gitId":"Kcube33"},"content":"","lastModifiedDate":"2021-10-03"},{"lineNumber":3,"author":{"gitId":"Kcube33"},"content":"    protected String task;","lastModifiedDate":"2021-10-03"},{"lineNumber":4,"author":{"gitId":"Kcube33"},"content":"    protected Boolean isDone;","lastModifiedDate":"2021-10-03"},{"lineNumber":5,"author":{"gitId":"Kcube33"},"content":"","lastModifiedDate":"2021-10-03"},{"lineNumber":6,"author":{"gitId":"Kcube33"},"content":"    TaskList(String task){","lastModifiedDate":"2021-10-03"},{"lineNumber":7,"author":{"gitId":"Kcube33"},"content":"        this.task \u003d task;","lastModifiedDate":"2021-10-03"},{"lineNumber":8,"author":{"gitId":"Kcube33"},"content":"        isDone \u003d false;","lastModifiedDate":"2021-10-03"},{"lineNumber":9,"author":{"gitId":"Kcube33"},"content":"    }","lastModifiedDate":"2021-10-03"},{"lineNumber":10,"author":{"gitId":"Kcube33"},"content":"","lastModifiedDate":"2021-10-03"},{"lineNumber":11,"author":{"gitId":"Kcube33"},"content":"    public void done(){","lastModifiedDate":"2021-10-03"},{"lineNumber":12,"author":{"gitId":"Kcube33"},"content":"        this.isDone \u003d true;","lastModifiedDate":"2021-10-03"},{"lineNumber":13,"author":{"gitId":"Kcube33"},"content":"        System.out.println(\"_______________________\\n Nice! I\u0027ve marked this task as done:\");","lastModifiedDate":"2021-10-03"},{"lineNumber":14,"author":{"gitId":"Kcube33"},"content":"        System.out.println(\"[X] \" + this.task + \"\\n_______________________\");","lastModifiedDate":"2021-10-03"},{"lineNumber":15,"author":{"gitId":"Kcube33"},"content":"    }","lastModifiedDate":"2021-10-03"},{"lineNumber":16,"author":{"gitId":"Kcube33"},"content":"","lastModifiedDate":"2021-10-03"},{"lineNumber":17,"author":{"gitId":"Kcube33"},"content":"    public String getStatusIcon() {","lastModifiedDate":"2021-10-03"},{"lineNumber":18,"author":{"gitId":"Kcube33"},"content":"        return (isDone ? \"X\" : \" \");","lastModifiedDate":"2021-10-03"},{"lineNumber":19,"author":{"gitId":"Kcube33"},"content":"    }","lastModifiedDate":"2021-10-03"},{"lineNumber":20,"author":{"gitId":"Kcube33"},"content":"","lastModifiedDate":"2021-10-03"},{"lineNumber":21,"author":{"gitId":"Kcube33"},"content":"    public String getTask(){","lastModifiedDate":"2021-10-03"},{"lineNumber":22,"author":{"gitId":"Kcube33"},"content":"        return this.task;","lastModifiedDate":"2021-10-03"},{"lineNumber":23,"author":{"gitId":"Kcube33"},"content":"    }","lastModifiedDate":"2021-10-03"},{"lineNumber":24,"author":{"gitId":"Kcube33"},"content":"","lastModifiedDate":"2021-10-03"},{"lineNumber":25,"author":{"gitId":"Kcube33"},"content":"    public String printtask(){","lastModifiedDate":"2021-10-04"},{"lineNumber":26,"author":{"gitId":"Kcube33"},"content":"        return (\"[\" + getStatusIcon() + \"] \" + getTask());","lastModifiedDate":"2021-10-04"},{"lineNumber":27,"author":{"gitId":"Kcube33"},"content":"    }","lastModifiedDate":"2021-10-04"},{"lineNumber":28,"author":{"gitId":"Kcube33"},"content":"","lastModifiedDate":"2021-10-04"},{"lineNumber":29,"author":{"gitId":"Kcube33"},"content":"}","lastModifiedDate":"2021-10-03"}],"authorContributionMap":{"Kcube33":29}},{"path":"src/main/java/todo.java","fileType":"java","lines":[{"lineNumber":1,"author":{"gitId":"Kcube33"},"content":"public class todo extends TaskList{","lastModifiedDate":"2021-10-04"},{"lineNumber":2,"author":{"gitId":"Kcube33"},"content":"","lastModifiedDate":"2021-10-04"},{"lineNumber":3,"author":{"gitId":"Kcube33"},"content":"    public todo(String description) {","lastModifiedDate":"2021-10-04"},{"lineNumber":4,"author":{"gitId":"Kcube33"},"content":"        super(description);","lastModifiedDate":"2021-10-04"},{"lineNumber":5,"author":{"gitId":"Kcube33"},"content":"    }","lastModifiedDate":"2021-10-04"},{"lineNumber":6,"author":{"gitId":"Kcube33"},"content":"","lastModifiedDate":"2021-10-04"},{"lineNumber":7,"author":{"gitId":"Kcube33"},"content":"    @Override","lastModifiedDate":"2021-10-04"},{"lineNumber":8,"author":{"gitId":"Kcube33"},"content":"    public String printtask(){","lastModifiedDate":"2021-10-04"},{"lineNumber":9,"author":{"gitId":"Kcube33"},"content":"        return \"[T]\" + super.printtask();","lastModifiedDate":"2021-10-04"},{"lineNumber":10,"author":{"gitId":"Kcube33"},"content":"    }","lastModifiedDate":"2021-10-04"},{"lineNumber":11,"author":{"gitId":"Kcube33"},"content":"","lastModifiedDate":"2021-10-04"},{"lineNumber":12,"author":{"gitId":"Kcube33"},"content":"}","lastModifiedDate":"2021-10-04"}],"authorContributionMap":{"Kcube33":12}}]
