{"authorDailyContributionsMap":{"DINGMAN17":[{"date":"2021-09-07","commitResults":[{"hash":"8d1c41efc2c69d912f857686989e509a757aca05","messageTitle":"Level-1 done, added greeting and user input","messageBody":"","tags":["Level-1"],"fileTypesAndContributionMap":{"java":{"insertions":14,"deletions":0}}},{"hash":"96787b4e02ab40276a6bddafa716239fd762fe7e","messageTitle":"Level-2 done, add task, print tasks","messageBody":"","fileTypesAndContributionMap":{"java":{"insertions":23,"deletions":2}}},{"hash":"212ec621464ac7266976ff4b3bcc82e294a16b08","messageTitle":"Level-2, comment out DUKE string","messageBody":"","tags":["Level-3","Level-2"],"fileTypesAndContributionMap":{"java":{"insertions":3,"deletions":0}}}]},{"date":"2021-09-09","commitResults":[{"hash":"9569321641a2c6971f4ad8ff2918d86972489db8","messageTitle":"Level-3 done, implemented new class Task, handle an exception","messageBody":"","fileTypesAndContributionMap":{"java":{"insertions":102,"deletions":17}}}]},{"date":"2021-09-11","commitResults":[{"hash":"240be064b50c73fdc95e9630ecd89ae98fe7dff7","messageTitle":"Level 2 improved, refactor code and handle user input exception","messageBody":"","fileTypesAndContributionMap":{"java":{"insertions":68,"deletions":48}}}]},{"date":"2021-09-12","commitResults":[{"hash":"009157af97cf42d25302d0d9c6ab414044a1409c","messageTitle":"Level-4 completed, added ToDos, Events, Deadlines, added method to handle user inputs","messageBody":"","tags":["Level-4"],"fileTypesAndContributionMap":{"java":{"insertions":180,"deletions":21}}}]},{"date":"2021-09-20","commitResults":[{"hash":"4a7f17a7054c2c6233fc999793e45336d0ed3434","messageTitle":"Level-5 done, add comments to keep track of handled errors","messageBody":"","tags":["Level-5"],"fileTypesAndContributionMap":{"java":{"insertions":41,"deletions":27}}}]},{"date":"2021-11-14","commitResults":[{"hash":"d037baa0afe2fa3daa625092be4a15a556e3fdd6","messageTitle":"Add delete feature, add enum, refactor code","messageBody":"","tags":["Level-6"],"fileTypesAndContributionMap":{"java":{"insertions":285,"deletions":187}}}]},{"date":"2021-11-15","commitResults":[{"hash":"b072eca924dce559ea0dce59c6764d1a26503a6c","messageTitle":"Add Save feature, refractor code to more OOP design","messageBody":"","tags":["Level-7"],"fileTypesAndContributionMap":{"java":{"insertions":582,"deletions":202},"sh":{"insertions":2,"deletions":2}}},{"hash":"9f91040314cd13137e8cb4221bb37cc3372f04af","messageTitle":"Add DateTime, and DateCommand.java","messageBody":"","fileTypesAndContributionMap":{"java":{"insertions":210,"deletions":47},"bat":{"insertions":1,"deletions":1},"md":{"insertions":2,"deletions":2}}},{"hash":"bef805255ff491b778a6775b910c8a0819a78dcc","messageTitle":"Add Datetime, unit tests, Gradle support","messageBody":"","tags":["Level-8"],"fileTypesAndContributionMap":{"java":{"insertions":119,"deletions":0}}}]}]},"authorFileTypeContributionMap":{"DINGMAN17":{"java":1084,"md":2,"fxml":0,"sh":2,"bat":1,"gradle":0,"txt":0}},"authorContributionVariance":{"DINGMAN17":16340.737},"authorDisplayNameMap":{"DINGMAN17":"DING.. MAN"}}
