[{"path":"src/main/java/Deadline.java","fileType":"java","lines":[{"lineNumber":1,"author":{"gitId":"maynardwhy"},"content":"public class Deadline extends Task {","lastModifiedDate":"2021-09-24"},{"lineNumber":2,"author":{"gitId":"maynardwhy"},"content":"    protected String by;","lastModifiedDate":"2021-09-24"},{"lineNumber":3,"author":{"gitId":"maynardwhy"},"content":"","lastModifiedDate":"2021-09-24"},{"lineNumber":4,"author":{"gitId":"maynardwhy"},"content":"    public Deadline(String description, String by) {","lastModifiedDate":"2021-09-24"},{"lineNumber":5,"author":{"gitId":"maynardwhy"},"content":"        super(description);","lastModifiedDate":"2021-09-24"},{"lineNumber":6,"author":{"gitId":"maynardwhy"},"content":"        this.by \u003d by;","lastModifiedDate":"2021-09-24"},{"lineNumber":7,"author":{"gitId":"maynardwhy"},"content":"    }","lastModifiedDate":"2021-09-24"},{"lineNumber":8,"author":{"gitId":"maynardwhy"},"content":"","lastModifiedDate":"2021-09-24"},{"lineNumber":9,"author":{"gitId":"maynardwhy"},"content":"    @Override","lastModifiedDate":"2021-09-24"},{"lineNumber":10,"author":{"gitId":"maynardwhy"},"content":"    public String printTask() {","lastModifiedDate":"2021-09-24"},{"lineNumber":11,"author":{"gitId":"maynardwhy"},"content":"        return \"[D]\" + super.printTask() + \" (by: \" + by + \")\";","lastModifiedDate":"2021-09-24"},{"lineNumber":12,"author":{"gitId":"maynardwhy"},"content":"    }","lastModifiedDate":"2021-09-24"},{"lineNumber":13,"author":{"gitId":"maynardwhy"},"content":"}","lastModifiedDate":"2021-09-24"}],"authorContributionMap":{"maynardwhy":13}},{"path":"src/main/java/Duke.java","fileType":"java","lines":[{"lineNumber":1,"author":{"gitId":"maynardwhy"},"content":"import java.util.Scanner;","lastModifiedDate":"2021-09-23"},{"lineNumber":2,"author":{"gitId":"maynardwhy"},"content":"","lastModifiedDate":"2021-09-23"},{"lineNumber":3,"author":{"gitId":"-"},"content":"public class Duke {","lastModifiedDate":"2019-07-29"},{"lineNumber":4,"author":{"gitId":"maynardwhy"},"content":"    public static void startDuke() {","lastModifiedDate":"2021-09-24"},{"lineNumber":5,"author":{"gitId":"-"},"content":"        String logo \u003d \" ____        _        \\n\"","lastModifiedDate":"2019-07-29"},{"lineNumber":6,"author":{"gitId":"-"},"content":"                + \"|  _ \\\\ _   _| | _____ \\n\"","lastModifiedDate":"2019-07-29"},{"lineNumber":7,"author":{"gitId":"-"},"content":"                + \"| | | | | | | |/ / _ \\\\\\n\"","lastModifiedDate":"2019-07-29"},{"lineNumber":8,"author":{"gitId":"-"},"content":"                + \"| |_| | |_| |   \u003c  __/\\n\"","lastModifiedDate":"2019-07-29"},{"lineNumber":9,"author":{"gitId":"-"},"content":"                + \"|____/ \\\\__,_|_|\\\\_\\\\___|\\n\";","lastModifiedDate":"2019-07-29"},{"lineNumber":10,"author":{"gitId":"-"},"content":"        System.out.println(\"Hello from\\n\" + logo);","lastModifiedDate":"2019-07-29"},{"lineNumber":11,"author":{"gitId":"maynardwhy"},"content":"","lastModifiedDate":"2021-09-23"},{"lineNumber":12,"author":{"gitId":"maynardwhy"},"content":"        //Hello command","lastModifiedDate":"2021-09-23"},{"lineNumber":13,"author":{"gitId":"maynardwhy"},"content":"        System.out.println(\"Hello, I\u0027m Duke\\n\" + \"What tasks can I serve you?\");","lastModifiedDate":"2021-09-24"},{"lineNumber":14,"author":{"gitId":"maynardwhy"},"content":"    }","lastModifiedDate":"2021-09-24"},{"lineNumber":15,"author":{"gitId":"maynardwhy"},"content":"","lastModifiedDate":"2021-09-24"},{"lineNumber":16,"author":{"gitId":"maynardwhy"},"content":"    public static void endDuke() {","lastModifiedDate":"2021-09-24"},{"lineNumber":17,"author":{"gitId":"maynardwhy"},"content":"        System.out.println(\"\\tBye! Thanks for visiting The Duke!\");","lastModifiedDate":"2021-09-24"},{"lineNumber":18,"author":{"gitId":"maynardwhy"},"content":"        System.exit(0);","lastModifiedDate":"2021-09-24"},{"lineNumber":19,"author":{"gitId":"maynardwhy"},"content":"    }","lastModifiedDate":"2021-09-24"},{"lineNumber":20,"author":{"gitId":"maynardwhy"},"content":"","lastModifiedDate":"2021-09-24"},{"lineNumber":21,"author":{"gitId":"maynardwhy"},"content":"    public static void newLine(){","lastModifiedDate":"2021-09-24"},{"lineNumber":22,"author":{"gitId":"maynardwhy"},"content":"        System.out.println(\"________________________________________________\");","lastModifiedDate":"2021-09-24"},{"lineNumber":23,"author":{"gitId":"maynardwhy"},"content":"    }","lastModifiedDate":"2021-09-24"},{"lineNumber":24,"author":{"gitId":"maynardwhy"},"content":"","lastModifiedDate":"2021-09-24"},{"lineNumber":25,"author":{"gitId":"maynardwhy"},"content":"    public static void main(String[] args) {","lastModifiedDate":"2021-09-24"},{"lineNumber":26,"author":{"gitId":"maynardwhy"},"content":"        startDuke();","lastModifiedDate":"2021-09-24"},{"lineNumber":27,"author":{"gitId":"maynardwhy"},"content":"        //read line","lastModifiedDate":"2021-09-23"},{"lineNumber":28,"author":{"gitId":"maynardwhy"},"content":"        String line;","lastModifiedDate":"2021-09-23"},{"lineNumber":29,"author":{"gitId":"maynardwhy"},"content":"        String placeholder;","lastModifiedDate":"2021-09-24"},{"lineNumber":30,"author":{"gitId":"maynardwhy"},"content":"        String description;","lastModifiedDate":"2021-09-24"},{"lineNumber":31,"author":{"gitId":"maynardwhy"},"content":"        Scanner in \u003d new Scanner(System.in);","lastModifiedDate":"2021-09-23"},{"lineNumber":32,"author":{"gitId":"maynardwhy"},"content":"        List tasks \u003d new List();","lastModifiedDate":"2021-09-24"},{"lineNumber":33,"author":{"gitId":"maynardwhy"},"content":"        newLine();","lastModifiedDate":"2021-09-24"},{"lineNumber":34,"author":{"gitId":"maynardwhy"},"content":"        //to set what to do with the line in","lastModifiedDate":"2021-09-24"},{"lineNumber":35,"author":{"gitId":"maynardwhy"},"content":"        //noinspection InfiniteLoopStatement","lastModifiedDate":"2021-09-24"},{"lineNumber":36,"author":{"gitId":"maynardwhy"},"content":"        while(true){","lastModifiedDate":"2021-09-23"},{"lineNumber":37,"author":{"gitId":"maynardwhy"},"content":"            line \u003d in.nextLine();","lastModifiedDate":"2021-09-23"},{"lineNumber":38,"author":{"gitId":"maynardwhy"},"content":"            newLine();","lastModifiedDate":"2021-09-24"},{"lineNumber":39,"author":{"gitId":"maynardwhy"},"content":"            String command \u003d line.split(\" \")[0];","lastModifiedDate":"2021-09-24"},{"lineNumber":40,"author":{"gitId":"maynardwhy"},"content":"","lastModifiedDate":"2021-09-24"},{"lineNumber":41,"author":{"gitId":"maynardwhy"},"content":"            //use lineCheck for case statements for cleaner code","lastModifiedDate":"2021-09-24"},{"lineNumber":42,"author":{"gitId":"maynardwhy"},"content":"                switch (command) {","lastModifiedDate":"2021-09-24"},{"lineNumber":43,"author":{"gitId":"maynardwhy"},"content":"                    case \"bye\":","lastModifiedDate":"2021-09-24"},{"lineNumber":44,"author":{"gitId":"maynardwhy"},"content":"                        endDuke();","lastModifiedDate":"2021-09-24"},{"lineNumber":45,"author":{"gitId":"maynardwhy"},"content":"","lastModifiedDate":"2021-09-24"},{"lineNumber":46,"author":{"gitId":"maynardwhy"},"content":"                    case \"done\":","lastModifiedDate":"2021-09-24"},{"lineNumber":47,"author":{"gitId":"maynardwhy"},"content":"                        if(line.equals (\"done\")) {","lastModifiedDate":"2021-09-24"},{"lineNumber":48,"author":{"gitId":"maynardwhy"},"content":"                            System.out.println(\"Please enter choice for list\");","lastModifiedDate":"2021-09-24"},{"lineNumber":49,"author":{"gitId":"maynardwhy"},"content":"                            break;","lastModifiedDate":"2021-09-24"},{"lineNumber":50,"author":{"gitId":"maynardwhy"},"content":"                        }","lastModifiedDate":"2021-09-24"},{"lineNumber":51,"author":{"gitId":"maynardwhy"},"content":"                        try{","lastModifiedDate":"2021-09-24"},{"lineNumber":52,"author":{"gitId":"maynardwhy"},"content":"                            int ref \u003d Integer.parseInt(line.split(\" \")[1]);","lastModifiedDate":"2021-09-24"},{"lineNumber":53,"author":{"gitId":"maynardwhy"},"content":"                            tasks.setDone(ref - 1);","lastModifiedDate":"2021-09-24"},{"lineNumber":54,"author":{"gitId":"maynardwhy"},"content":"                            System.out.println(\"\\tNice! I\u0027ve marked this task as done:\");","lastModifiedDate":"2021-09-24"},{"lineNumber":55,"author":{"gitId":"maynardwhy"},"content":"                        } catch (NullPointerException e) {","lastModifiedDate":"2021-09-24"},{"lineNumber":56,"author":{"gitId":"maynardwhy"},"content":"                                System.out.println(\"Please choose from list only\");","lastModifiedDate":"2021-09-24"},{"lineNumber":57,"author":{"gitId":"maynardwhy"},"content":"                                break;","lastModifiedDate":"2021-09-24"},{"lineNumber":58,"author":{"gitId":"maynardwhy"},"content":"                        }","lastModifiedDate":"2021-09-24"},{"lineNumber":59,"author":{"gitId":"maynardwhy"},"content":"                        newLine();","lastModifiedDate":"2021-09-24"},{"lineNumber":60,"author":{"gitId":"maynardwhy"},"content":"                        break;","lastModifiedDate":"2021-09-24"},{"lineNumber":61,"author":{"gitId":"maynardwhy"},"content":"","lastModifiedDate":"2021-09-24"},{"lineNumber":62,"author":{"gitId":"maynardwhy"},"content":"                    case \"deadline\":","lastModifiedDate":"2021-09-24"},{"lineNumber":63,"author":{"gitId":"maynardwhy"},"content":"                        try{","lastModifiedDate":"2021-09-24"},{"lineNumber":64,"author":{"gitId":"maynardwhy"},"content":"                        placeholder \u003d line.replaceFirst(command + \" \", \"\");","lastModifiedDate":"2021-09-24"},{"lineNumber":65,"author":{"gitId":"maynardwhy"},"content":"                        description \u003d placeholder.split(\" /\")[0];","lastModifiedDate":"2021-09-24"},{"lineNumber":66,"author":{"gitId":"maynardwhy"},"content":"                        String by \u003d placeholder.split(\" /by \")[1];","lastModifiedDate":"2021-09-24"},{"lineNumber":67,"author":{"gitId":"maynardwhy"},"content":"                        tasks.addList(new Deadline(description, by));","lastModifiedDate":"2021-09-24"},{"lineNumber":68,"author":{"gitId":"maynardwhy"},"content":"                        } catch (ArrayIndexOutOfBoundsException e) {","lastModifiedDate":"2021-09-24"},{"lineNumber":69,"author":{"gitId":"maynardwhy"},"content":"                            System.out.println(\"Have to include /by\");","lastModifiedDate":"2021-09-24"},{"lineNumber":70,"author":{"gitId":"maynardwhy"},"content":"                            break;","lastModifiedDate":"2021-09-24"},{"lineNumber":71,"author":{"gitId":"maynardwhy"},"content":"                        }","lastModifiedDate":"2021-09-24"},{"lineNumber":72,"author":{"gitId":"maynardwhy"},"content":"                        tasks.printCount();","lastModifiedDate":"2021-09-24"},{"lineNumber":73,"author":{"gitId":"maynardwhy"},"content":"                        newLine();","lastModifiedDate":"2021-09-24"},{"lineNumber":74,"author":{"gitId":"maynardwhy"},"content":"                        break;","lastModifiedDate":"2021-09-24"},{"lineNumber":75,"author":{"gitId":"maynardwhy"},"content":"","lastModifiedDate":"2021-09-24"},{"lineNumber":76,"author":{"gitId":"maynardwhy"},"content":"                    case \"todo\":","lastModifiedDate":"2021-09-24"},{"lineNumber":77,"author":{"gitId":"maynardwhy"},"content":"                        description \u003d line.replaceFirst(command + \" \", \"\");","lastModifiedDate":"2021-09-24"},{"lineNumber":78,"author":{"gitId":"maynardwhy"},"content":"                        if(description.equals(command) \u0026\u0026 line.length() \u003d\u003d 4){","lastModifiedDate":"2021-09-24"},{"lineNumber":79,"author":{"gitId":"maynardwhy"},"content":"                            System.out.println(\"☹ OOPS!!! The description of a todo cannot be empty.\");","lastModifiedDate":"2021-09-24"},{"lineNumber":80,"author":{"gitId":"maynardwhy"},"content":"                            break;","lastModifiedDate":"2021-09-24"},{"lineNumber":81,"author":{"gitId":"maynardwhy"},"content":"                        }","lastModifiedDate":"2021-09-24"},{"lineNumber":82,"author":{"gitId":"maynardwhy"},"content":"                        tasks.addList(new Todo(description));","lastModifiedDate":"2021-09-24"},{"lineNumber":83,"author":{"gitId":"maynardwhy"},"content":"                        tasks.printCount();","lastModifiedDate":"2021-09-24"},{"lineNumber":84,"author":{"gitId":"maynardwhy"},"content":"                        newLine();","lastModifiedDate":"2021-09-24"},{"lineNumber":85,"author":{"gitId":"maynardwhy"},"content":"                        break;","lastModifiedDate":"2021-09-24"},{"lineNumber":86,"author":{"gitId":"maynardwhy"},"content":"","lastModifiedDate":"2021-09-24"},{"lineNumber":87,"author":{"gitId":"maynardwhy"},"content":"                    case \"event\":","lastModifiedDate":"2021-09-24"},{"lineNumber":88,"author":{"gitId":"maynardwhy"},"content":"                        placeholder \u003d line.replaceFirst(command + \" \", \"\");","lastModifiedDate":"2021-09-24"},{"lineNumber":89,"author":{"gitId":"maynardwhy"},"content":"                        if(placeholder.equals(command) \u0026\u0026 line.length() \u003d\u003d 5){","lastModifiedDate":"2021-09-24"},{"lineNumber":90,"author":{"gitId":"maynardwhy"},"content":"                            System.out.println(\"☹ OOPS!!! The description of a event cannot be empty.\");","lastModifiedDate":"2021-09-24"},{"lineNumber":91,"author":{"gitId":"maynardwhy"},"content":"                            break;","lastModifiedDate":"2021-09-24"},{"lineNumber":92,"author":{"gitId":"maynardwhy"},"content":"                        }","lastModifiedDate":"2021-09-24"},{"lineNumber":93,"author":{"gitId":"maynardwhy"},"content":"                        description \u003d placeholder.split(\" /\")[0];","lastModifiedDate":"2021-09-24"},{"lineNumber":94,"author":{"gitId":"maynardwhy"},"content":"                        try {","lastModifiedDate":"2021-09-24"},{"lineNumber":95,"author":{"gitId":"maynardwhy"},"content":"                            String at \u003d placeholder.split(\" /at \")[1];","lastModifiedDate":"2021-09-24"},{"lineNumber":96,"author":{"gitId":"maynardwhy"},"content":"                            tasks.addList(new Event(description, at));","lastModifiedDate":"2021-09-24"},{"lineNumber":97,"author":{"gitId":"maynardwhy"},"content":"                        } catch (ArrayIndexOutOfBoundsException e) {","lastModifiedDate":"2021-09-24"},{"lineNumber":98,"author":{"gitId":"maynardwhy"},"content":"                            System.out.println(\"Have to include /at\");","lastModifiedDate":"2021-09-24"},{"lineNumber":99,"author":{"gitId":"maynardwhy"},"content":"                            break;","lastModifiedDate":"2021-09-24"},{"lineNumber":100,"author":{"gitId":"maynardwhy"},"content":"                        }","lastModifiedDate":"2021-09-24"},{"lineNumber":101,"author":{"gitId":"maynardwhy"},"content":"                        tasks.printCount();","lastModifiedDate":"2021-09-24"},{"lineNumber":102,"author":{"gitId":"maynardwhy"},"content":"                        newLine();","lastModifiedDate":"2021-09-24"},{"lineNumber":103,"author":{"gitId":"maynardwhy"},"content":"                        break;","lastModifiedDate":"2021-09-24"},{"lineNumber":104,"author":{"gitId":"maynardwhy"},"content":"","lastModifiedDate":"2021-09-24"},{"lineNumber":105,"author":{"gitId":"maynardwhy"},"content":"                    case \"list\":","lastModifiedDate":"2021-09-24"},{"lineNumber":106,"author":{"gitId":"maynardwhy"},"content":"                        tasks.printList();","lastModifiedDate":"2021-09-24"},{"lineNumber":107,"author":{"gitId":"maynardwhy"},"content":"                        newLine();","lastModifiedDate":"2021-09-24"},{"lineNumber":108,"author":{"gitId":"maynardwhy"},"content":"                        break;","lastModifiedDate":"2021-09-24"},{"lineNumber":109,"author":{"gitId":"maynardwhy"},"content":"","lastModifiedDate":"2021-09-24"},{"lineNumber":110,"author":{"gitId":"maynardwhy"},"content":"                    case \"help\":","lastModifiedDate":"2021-09-24"},{"lineNumber":111,"author":{"gitId":"maynardwhy"},"content":"                        System.out.println(\"DUKE helps you organise your tasks efficiently, please enter as follows:\" +","lastModifiedDate":"2021-09-24"},{"lineNumber":112,"author":{"gitId":"maynardwhy"},"content":"                                \"\\n\\tevent [description] /at [time]\\n\\t\" +","lastModifiedDate":"2021-09-24"},{"lineNumber":113,"author":{"gitId":"maynardwhy"},"content":"                                \"todo [description]\\n\\t\" +","lastModifiedDate":"2021-09-24"},{"lineNumber":114,"author":{"gitId":"maynardwhy"},"content":"                                \"deadline [description] /by [time]\\n\\t\" +","lastModifiedDate":"2021-09-24"},{"lineNumber":115,"author":{"gitId":"maynardwhy"},"content":"                                \"done [number] - to mark task as completed\\n\\t\" +","lastModifiedDate":"2021-09-24"},{"lineNumber":116,"author":{"gitId":"maynardwhy"},"content":"                                \"list - to show all tasks\\n\\t\" +","lastModifiedDate":"2021-09-24"},{"lineNumber":117,"author":{"gitId":"maynardwhy"},"content":"                                \"bye - to end DUKE\");","lastModifiedDate":"2021-09-24"},{"lineNumber":118,"author":{"gitId":"maynardwhy"},"content":"                        newLine();","lastModifiedDate":"2021-09-24"},{"lineNumber":119,"author":{"gitId":"maynardwhy"},"content":"                        break;","lastModifiedDate":"2021-09-24"},{"lineNumber":120,"author":{"gitId":"maynardwhy"},"content":"","lastModifiedDate":"2021-09-24"},{"lineNumber":121,"author":{"gitId":"maynardwhy"},"content":"                    default:","lastModifiedDate":"2021-09-24"},{"lineNumber":122,"author":{"gitId":"maynardwhy"},"content":"                        System.out.println(\"Please enter a valid input\");","lastModifiedDate":"2021-09-24"},{"lineNumber":123,"author":{"gitId":"maynardwhy"},"content":"                }","lastModifiedDate":"2021-09-23"},{"lineNumber":124,"author":{"gitId":"maynardwhy"},"content":"            }","lastModifiedDate":"2021-09-23"},{"lineNumber":125,"author":{"gitId":"-"},"content":"        }","lastModifiedDate":"2019-07-29"},{"lineNumber":126,"author":{"gitId":"-"},"content":"    }","lastModifiedDate":"2019-07-29"},{"lineNumber":127,"author":{"gitId":"maynardwhy"},"content":"","lastModifiedDate":"2021-09-24"},{"lineNumber":128,"author":{"gitId":"maynardwhy"},"content":"","lastModifiedDate":"2021-09-24"}],"authorContributionMap":{"maynardwhy":119,"-":9}},{"path":"src/main/java/DukeException.java","fileType":"java","lines":[{"lineNumber":1,"author":{"gitId":"maynardwhy"},"content":"public class DukeException extends Exception{","lastModifiedDate":"2021-09-24"},{"lineNumber":2,"author":{"gitId":"maynardwhy"},"content":"","lastModifiedDate":"2021-09-24"},{"lineNumber":3,"author":{"gitId":"maynardwhy"},"content":"}","lastModifiedDate":"2021-09-24"}],"authorContributionMap":{"maynardwhy":3}},{"path":"src/main/java/Event.java","fileType":"java","lines":[{"lineNumber":1,"author":{"gitId":"maynardwhy"},"content":"public class Event extends Task {","lastModifiedDate":"2021-09-24"},{"lineNumber":2,"author":{"gitId":"maynardwhy"},"content":"","lastModifiedDate":"2021-09-24"},{"lineNumber":3,"author":{"gitId":"maynardwhy"},"content":"    protected String at;","lastModifiedDate":"2021-09-24"},{"lineNumber":4,"author":{"gitId":"maynardwhy"},"content":"","lastModifiedDate":"2021-09-24"},{"lineNumber":5,"author":{"gitId":"maynardwhy"},"content":"    public Event(String description, String ends) {","lastModifiedDate":"2021-09-24"},{"lineNumber":6,"author":{"gitId":"maynardwhy"},"content":"        super(description);","lastModifiedDate":"2021-09-24"},{"lineNumber":7,"author":{"gitId":"maynardwhy"},"content":"        this.at \u003d ends;","lastModifiedDate":"2021-09-24"},{"lineNumber":8,"author":{"gitId":"maynardwhy"},"content":"    }","lastModifiedDate":"2021-09-24"},{"lineNumber":9,"author":{"gitId":"maynardwhy"},"content":"","lastModifiedDate":"2021-09-24"},{"lineNumber":10,"author":{"gitId":"maynardwhy"},"content":"    @Override","lastModifiedDate":"2021-09-24"},{"lineNumber":11,"author":{"gitId":"maynardwhy"},"content":"    public String printTask() {","lastModifiedDate":"2021-09-24"},{"lineNumber":12,"author":{"gitId":"maynardwhy"},"content":"        return \"[E]\" + super.printTask() + \" (at: \" + at + \")\";","lastModifiedDate":"2021-09-24"},{"lineNumber":13,"author":{"gitId":"maynardwhy"},"content":"    }","lastModifiedDate":"2021-09-24"},{"lineNumber":14,"author":{"gitId":"maynardwhy"},"content":"}","lastModifiedDate":"2021-09-24"}],"authorContributionMap":{"maynardwhy":14}},{"path":"src/main/java/List.java","fileType":"java","lines":[{"lineNumber":1,"author":{"gitId":"maynardwhy"},"content":"import java.util.Arrays;","lastModifiedDate":"2021-09-23"},{"lineNumber":2,"author":{"gitId":"maynardwhy"},"content":"","lastModifiedDate":"2021-09-23"},{"lineNumber":3,"author":{"gitId":"maynardwhy"},"content":"public class List extends Task {","lastModifiedDate":"2021-09-24"},{"lineNumber":4,"author":{"gitId":"maynardwhy"},"content":"    public Task[] List \u003d new Task[100];","lastModifiedDate":"2021-09-24"},{"lineNumber":5,"author":{"gitId":"maynardwhy"},"content":"    public int count \u003d 0;","lastModifiedDate":"2021-09-24"},{"lineNumber":6,"author":{"gitId":"maynardwhy"},"content":"","lastModifiedDate":"2021-09-23"},{"lineNumber":7,"author":{"gitId":"maynardwhy"},"content":"    public void addList(Task t){","lastModifiedDate":"2021-09-24"},{"lineNumber":8,"author":{"gitId":"maynardwhy"},"content":"        this.List[count] \u003d t;","lastModifiedDate":"2021-09-24"},{"lineNumber":9,"author":{"gitId":"maynardwhy"},"content":"        printTask(count);","lastModifiedDate":"2021-09-24"},{"lineNumber":10,"author":{"gitId":"maynardwhy"},"content":"        this.count++;","lastModifiedDate":"2021-09-23"},{"lineNumber":11,"author":{"gitId":"maynardwhy"},"content":"    }","lastModifiedDate":"2021-09-23"},{"lineNumber":12,"author":{"gitId":"maynardwhy"},"content":"","lastModifiedDate":"2021-09-23"},{"lineNumber":13,"author":{"gitId":"maynardwhy"},"content":"    public void printCount(){","lastModifiedDate":"2021-09-24"},{"lineNumber":14,"author":{"gitId":"maynardwhy"},"content":"        System.out.println(\"\\tNow you have \" + this.count + \" tasks in the list.\");","lastModifiedDate":"2021-09-24"},{"lineNumber":15,"author":{"gitId":"maynardwhy"},"content":"    }","lastModifiedDate":"2021-09-24"},{"lineNumber":16,"author":{"gitId":"maynardwhy"},"content":"    public void printList () {","lastModifiedDate":"2021-09-23"},{"lineNumber":17,"author":{"gitId":"maynardwhy"},"content":"        System.out.println(\"\\tHere are the tasks in your list:\");","lastModifiedDate":"2021-09-24"},{"lineNumber":18,"author":{"gitId":"maynardwhy"},"content":"        for (int i\u003d0; i\u003ccount; i++) {","lastModifiedDate":"2021-09-23"},{"lineNumber":19,"author":{"gitId":"maynardwhy"},"content":"            System.out.println(\"\\t\" + (i+1) + \". [\" + List[i].printTask());","lastModifiedDate":"2021-09-24"},{"lineNumber":20,"author":{"gitId":"maynardwhy"},"content":"        }","lastModifiedDate":"2021-09-24"},{"lineNumber":21,"author":{"gitId":"maynardwhy"},"content":"    }","lastModifiedDate":"2021-09-23"},{"lineNumber":22,"author":{"gitId":"maynardwhy"},"content":"","lastModifiedDate":"2021-09-24"},{"lineNumber":23,"author":{"gitId":"maynardwhy"},"content":"    public void printTask(int ref) {","lastModifiedDate":"2021-09-24"},{"lineNumber":24,"author":{"gitId":"maynardwhy"},"content":"            System.out.println(\"\\t\\t\" + List[ref].printTask());","lastModifiedDate":"2021-09-24"},{"lineNumber":25,"author":{"gitId":"maynardwhy"},"content":"        }","lastModifiedDate":"2021-09-23"},{"lineNumber":26,"author":{"gitId":"maynardwhy"},"content":"","lastModifiedDate":"2021-09-24"},{"lineNumber":27,"author":{"gitId":"maynardwhy"},"content":"    public void setDone(int ref) {","lastModifiedDate":"2021-09-24"},{"lineNumber":28,"author":{"gitId":"maynardwhy"},"content":"        this.List[ref].setDone();","lastModifiedDate":"2021-09-24"},{"lineNumber":29,"author":{"gitId":"maynardwhy"},"content":"        System.out.println(\"\\t\" + this.List[ref].printTask());","lastModifiedDate":"2021-09-24"},{"lineNumber":30,"author":{"gitId":"maynardwhy"},"content":"    }","lastModifiedDate":"2021-09-24"},{"lineNumber":31,"author":{"gitId":"maynardwhy"},"content":"}","lastModifiedDate":"2021-09-23"}],"authorContributionMap":{"maynardwhy":31}},{"path":"src/main/java/Task.java","fileType":"java","lines":[{"lineNumber":1,"author":{"gitId":"maynardwhy"},"content":"public class Task {","lastModifiedDate":"2021-09-24"},{"lineNumber":2,"author":{"gitId":"maynardwhy"},"content":"    protected String description;","lastModifiedDate":"2021-09-24"},{"lineNumber":3,"author":{"gitId":"maynardwhy"},"content":"    protected String type;","lastModifiedDate":"2021-09-24"},{"lineNumber":4,"author":{"gitId":"maynardwhy"},"content":"    protected boolean isDone;","lastModifiedDate":"2021-09-24"},{"lineNumber":5,"author":{"gitId":"maynardwhy"},"content":"","lastModifiedDate":"2021-09-24"},{"lineNumber":6,"author":{"gitId":"maynardwhy"},"content":"    public Task(){}","lastModifiedDate":"2021-09-24"},{"lineNumber":7,"author":{"gitId":"maynardwhy"},"content":"","lastModifiedDate":"2021-09-24"},{"lineNumber":8,"author":{"gitId":"maynardwhy"},"content":"    public Task(String description) {","lastModifiedDate":"2021-09-24"},{"lineNumber":9,"author":{"gitId":"maynardwhy"},"content":"        this.description \u003d description;","lastModifiedDate":"2021-09-24"},{"lineNumber":10,"author":{"gitId":"maynardwhy"},"content":"        this.isDone \u003d false;","lastModifiedDate":"2021-09-24"},{"lineNumber":11,"author":{"gitId":"maynardwhy"},"content":"        System.out.println(\"\\tGot it. I\u0027ve added this task:\");","lastModifiedDate":"2021-09-24"},{"lineNumber":12,"author":{"gitId":"maynardwhy"},"content":"    }","lastModifiedDate":"2021-09-24"},{"lineNumber":13,"author":{"gitId":"maynardwhy"},"content":"    //set done","lastModifiedDate":"2021-09-24"},{"lineNumber":14,"author":{"gitId":"maynardwhy"},"content":"    public void setDone() {","lastModifiedDate":"2021-09-24"},{"lineNumber":15,"author":{"gitId":"maynardwhy"},"content":"        this.isDone \u003d true;","lastModifiedDate":"2021-09-24"},{"lineNumber":16,"author":{"gitId":"maynardwhy"},"content":"    }","lastModifiedDate":"2021-09-24"},{"lineNumber":17,"author":{"gitId":"maynardwhy"},"content":"","lastModifiedDate":"2021-09-24"},{"lineNumber":18,"author":{"gitId":"maynardwhy"},"content":"    public String getStatusIcon() {","lastModifiedDate":"2021-09-24"},{"lineNumber":19,"author":{"gitId":"maynardwhy"},"content":"        return (isDone ? \"X\" : \" \"); // mark done task with X","lastModifiedDate":"2021-09-24"},{"lineNumber":20,"author":{"gitId":"maynardwhy"},"content":"    }","lastModifiedDate":"2021-09-24"},{"lineNumber":21,"author":{"gitId":"maynardwhy"},"content":"    public String getDescription() {","lastModifiedDate":"2021-09-24"},{"lineNumber":22,"author":{"gitId":"maynardwhy"},"content":"        return description;","lastModifiedDate":"2021-09-24"},{"lineNumber":23,"author":{"gitId":"maynardwhy"},"content":"    }","lastModifiedDate":"2021-09-24"},{"lineNumber":24,"author":{"gitId":"maynardwhy"},"content":"    public String printTask() {","lastModifiedDate":"2021-09-24"},{"lineNumber":25,"author":{"gitId":"maynardwhy"},"content":"        return \"[\" + getStatusIcon() + \"] \" + getDescription();","lastModifiedDate":"2021-09-24"},{"lineNumber":26,"author":{"gitId":"maynardwhy"},"content":"    }","lastModifiedDate":"2021-09-24"},{"lineNumber":27,"author":{"gitId":"maynardwhy"},"content":"}","lastModifiedDate":"2021-09-24"}],"authorContributionMap":{"maynardwhy":27}},{"path":"src/main/java/Todo.java","fileType":"java","lines":[{"lineNumber":1,"author":{"gitId":"maynardwhy"},"content":"public class Todo extends Task {","lastModifiedDate":"2021-09-24"},{"lineNumber":2,"author":{"gitId":"maynardwhy"},"content":"","lastModifiedDate":"2021-09-24"},{"lineNumber":3,"author":{"gitId":"maynardwhy"},"content":"    public Todo(String description) {","lastModifiedDate":"2021-09-24"},{"lineNumber":4,"author":{"gitId":"maynardwhy"},"content":"        super(description);","lastModifiedDate":"2021-09-24"},{"lineNumber":5,"author":{"gitId":"maynardwhy"},"content":"    }","lastModifiedDate":"2021-09-24"},{"lineNumber":6,"author":{"gitId":"maynardwhy"},"content":"","lastModifiedDate":"2021-09-24"},{"lineNumber":7,"author":{"gitId":"maynardwhy"},"content":"    @Override","lastModifiedDate":"2021-09-24"},{"lineNumber":8,"author":{"gitId":"maynardwhy"},"content":"    public String printTask() {","lastModifiedDate":"2021-09-24"},{"lineNumber":9,"author":{"gitId":"maynardwhy"},"content":"        return \"[T]\" + super.printTask() ;","lastModifiedDate":"2021-09-24"},{"lineNumber":10,"author":{"gitId":"maynardwhy"},"content":"    }","lastModifiedDate":"2021-09-24"},{"lineNumber":11,"author":{"gitId":"maynardwhy"},"content":"","lastModifiedDate":"2021-09-24"},{"lineNumber":12,"author":{"gitId":"maynardwhy"},"content":"}","lastModifiedDate":"2021-09-24"}],"authorContributionMap":{"maynardwhy":12}},{"path":"src/main/text-ui-test/EXPECTED.txt","fileType":"txt","lines":[{"lineNumber":1,"author":{"gitId":"maynardwhy"},"content":"Hello from","lastModifiedDate":"2021-09-24"},{"lineNumber":2,"author":{"gitId":"maynardwhy"},"content":" ____        _","lastModifiedDate":"2021-09-24"},{"lineNumber":3,"author":{"gitId":"maynardwhy"},"content":"|  _ \\ _   _| | _____","lastModifiedDate":"2021-09-24"},{"lineNumber":4,"author":{"gitId":"maynardwhy"},"content":"| | | | | | | |/ / _ \\","lastModifiedDate":"2021-09-24"},{"lineNumber":5,"author":{"gitId":"maynardwhy"},"content":"| |_| | |_| |   \u003c  __/","lastModifiedDate":"2021-09-24"},{"lineNumber":6,"author":{"gitId":"maynardwhy"},"content":"|____/ \\__,_|_|\\_\\___|","lastModifiedDate":"2021-09-24"},{"lineNumber":7,"author":{"gitId":"maynardwhy"},"content":"","lastModifiedDate":"2021-09-24"},{"lineNumber":8,"author":{"gitId":"maynardwhy"},"content":"Hello, I\u0027m Duke","lastModifiedDate":"2021-09-24"},{"lineNumber":9,"author":{"gitId":"maynardwhy"},"content":"What can I do for you?","lastModifiedDate":"2021-09-24"},{"lineNumber":10,"author":{"gitId":"maynardwhy"},"content":"________________________________________________","lastModifiedDate":"2021-09-24"},{"lineNumber":11,"author":{"gitId":"maynardwhy"},"content":"added: dance","lastModifiedDate":"2021-09-24"},{"lineNumber":12,"author":{"gitId":"maynardwhy"},"content":"________________________________________________","lastModifiedDate":"2021-09-24"},{"lineNumber":13,"author":{"gitId":"maynardwhy"},"content":"added: sing","lastModifiedDate":"2021-09-24"},{"lineNumber":14,"author":{"gitId":"maynardwhy"},"content":"________________________________________________","lastModifiedDate":"2021-09-24"},{"lineNumber":15,"author":{"gitId":"maynardwhy"},"content":"added: act","lastModifiedDate":"2021-09-24"},{"lineNumber":16,"author":{"gitId":"maynardwhy"},"content":"________________________________________________","lastModifiedDate":"2021-09-24"},{"lineNumber":17,"author":{"gitId":"maynardwhy"},"content":"Here are the tasks in your list:","lastModifiedDate":"2021-09-24"},{"lineNumber":18,"author":{"gitId":"maynardwhy"},"content":"1. [ ] dance","lastModifiedDate":"2021-09-24"},{"lineNumber":19,"author":{"gitId":"maynardwhy"},"content":"2. [ ] sing","lastModifiedDate":"2021-09-24"},{"lineNumber":20,"author":{"gitId":"maynardwhy"},"content":"3. [ ] act","lastModifiedDate":"2021-09-24"},{"lineNumber":21,"author":{"gitId":"maynardwhy"},"content":"Nice! I\u0027ve marked this task as done:","lastModifiedDate":"2021-09-24"},{"lineNumber":22,"author":{"gitId":"maynardwhy"},"content":"\t[X] sing","lastModifiedDate":"2021-09-24"},{"lineNumber":23,"author":{"gitId":"maynardwhy"},"content":"\tBye! Thanks for visiting The Duke!","lastModifiedDate":"2021-09-24"}],"authorContributionMap":{"maynardwhy":23}},{"path":"src/main/text-ui-test/input.txt","fileType":"txt","lines":[{"lineNumber":1,"author":{"gitId":"maynardwhy"},"content":"dance","lastModifiedDate":"2021-09-24"},{"lineNumber":2,"author":{"gitId":"maynardwhy"},"content":"sing","lastModifiedDate":"2021-09-24"},{"lineNumber":3,"author":{"gitId":"maynardwhy"},"content":"act","lastModifiedDate":"2021-09-24"},{"lineNumber":4,"author":{"gitId":"maynardwhy"},"content":"list","lastModifiedDate":"2021-09-24"},{"lineNumber":5,"author":{"gitId":"maynardwhy"},"content":"done 2","lastModifiedDate":"2021-09-24"},{"lineNumber":6,"author":{"gitId":"maynardwhy"},"content":"bye","lastModifiedDate":"2021-09-24"}],"authorContributionMap":{"maynardwhy":6}},{"path":"src/main/text-ui-test/runtest.sh","fileType":"sh","lines":[{"lineNumber":1,"author":{"gitId":"maynardwhy"},"content":"#!/usr/bin/env bash","lastModifiedDate":"2021-09-24"},{"lineNumber":2,"author":{"gitId":"maynardwhy"},"content":"","lastModifiedDate":"2021-09-24"},{"lineNumber":3,"author":{"gitId":"maynardwhy"},"content":"# create bin directory if it doesn\u0027t exist","lastModifiedDate":"2021-09-24"},{"lineNumber":4,"author":{"gitId":"maynardwhy"},"content":"if [ ! -d \"../bin\" ]","lastModifiedDate":"2021-09-24"},{"lineNumber":5,"author":{"gitId":"maynardwhy"},"content":"then","lastModifiedDate":"2021-09-24"},{"lineNumber":6,"author":{"gitId":"maynardwhy"},"content":"    mkdir ../bin","lastModifiedDate":"2021-09-24"},{"lineNumber":7,"author":{"gitId":"maynardwhy"},"content":"fi","lastModifiedDate":"2021-09-24"},{"lineNumber":8,"author":{"gitId":"maynardwhy"},"content":"","lastModifiedDate":"2021-09-24"},{"lineNumber":9,"author":{"gitId":"maynardwhy"},"content":"# delete output from previous run","lastModifiedDate":"2021-09-24"},{"lineNumber":10,"author":{"gitId":"maynardwhy"},"content":"if [ -e \"./ACTUAL.TXT\" ]","lastModifiedDate":"2021-09-24"},{"lineNumber":11,"author":{"gitId":"maynardwhy"},"content":"then","lastModifiedDate":"2021-09-24"},{"lineNumber":12,"author":{"gitId":"maynardwhy"},"content":"    rm ACTUAL.TXT","lastModifiedDate":"2021-09-24"},{"lineNumber":13,"author":{"gitId":"maynardwhy"},"content":"fi","lastModifiedDate":"2021-09-24"},{"lineNumber":14,"author":{"gitId":"maynardwhy"},"content":"","lastModifiedDate":"2021-09-24"},{"lineNumber":15,"author":{"gitId":"maynardwhy"},"content":"# compile the code into the bin folder, terminates if error occurred","lastModifiedDate":"2021-09-24"},{"lineNumber":16,"author":{"gitId":"maynardwhy"},"content":"if ! javac -cp /Users/mwhy/duke/src/main/java -Xlint:none -d ../bin /Users/mwhy/duke/src/main/java/*.java","lastModifiedDate":"2021-09-24"},{"lineNumber":17,"author":{"gitId":"maynardwhy"},"content":"then","lastModifiedDate":"2021-09-24"},{"lineNumber":18,"author":{"gitId":"maynardwhy"},"content":"    echo \"********** BUILD FAILURE **********\"","lastModifiedDate":"2021-09-24"},{"lineNumber":19,"author":{"gitId":"maynardwhy"},"content":"    exit 1","lastModifiedDate":"2021-09-24"},{"lineNumber":20,"author":{"gitId":"maynardwhy"},"content":"fi","lastModifiedDate":"2021-09-24"},{"lineNumber":21,"author":{"gitId":"maynardwhy"},"content":"","lastModifiedDate":"2021-09-24"},{"lineNumber":22,"author":{"gitId":"maynardwhy"},"content":"# run the program, feed commands from input.txt file and redirect the output to the ACTUAL.TXT","lastModifiedDate":"2021-09-24"},{"lineNumber":23,"author":{"gitId":"maynardwhy"},"content":"java -classpath ../bin Duke \u003c input.txt \u003e ACTUAL.TXT","lastModifiedDate":"2021-09-24"},{"lineNumber":24,"author":{"gitId":"maynardwhy"},"content":"","lastModifiedDate":"2021-09-24"},{"lineNumber":25,"author":{"gitId":"maynardwhy"},"content":"# convert to UNIX format","lastModifiedDate":"2021-09-24"},{"lineNumber":26,"author":{"gitId":"maynardwhy"},"content":"cp EXPECTED.TXT EXPECTED-UNIX.TXT","lastModifiedDate":"2021-09-24"},{"lineNumber":27,"author":{"gitId":"maynardwhy"},"content":"dos2unix ACTUAL.TXT EXPECTED-UNIX.TXT","lastModifiedDate":"2021-09-24"},{"lineNumber":28,"author":{"gitId":"maynardwhy"},"content":"","lastModifiedDate":"2021-09-24"},{"lineNumber":29,"author":{"gitId":"maynardwhy"},"content":"# compare the output to the expected output","lastModifiedDate":"2021-09-24"},{"lineNumber":30,"author":{"gitId":"maynardwhy"},"content":"diff ACTUAL.TXT EXPECTED-UNIX.TXT","lastModifiedDate":"2021-09-24"},{"lineNumber":31,"author":{"gitId":"maynardwhy"},"content":"if [ $? -eq 0 ]","lastModifiedDate":"2021-09-24"},{"lineNumber":32,"author":{"gitId":"maynardwhy"},"content":"then","lastModifiedDate":"2021-09-24"},{"lineNumber":33,"author":{"gitId":"maynardwhy"},"content":"    echo \"Test result: PASSED\"","lastModifiedDate":"2021-09-24"},{"lineNumber":34,"author":{"gitId":"maynardwhy"},"content":"    exit 0","lastModifiedDate":"2021-09-24"},{"lineNumber":35,"author":{"gitId":"maynardwhy"},"content":"else","lastModifiedDate":"2021-09-24"},{"lineNumber":36,"author":{"gitId":"maynardwhy"},"content":"    echo \"Test result: FAILED\"","lastModifiedDate":"2021-09-24"},{"lineNumber":37,"author":{"gitId":"maynardwhy"},"content":"    exit 1","lastModifiedDate":"2021-09-24"},{"lineNumber":38,"author":{"gitId":"maynardwhy"},"content":"fi","lastModifiedDate":"2021-09-24"}],"authorContributionMap":{"maynardwhy":38}}]
