{"authorDailyContributionsMap":{"maynardwhy":[{"date":"2021-09-23","commitResults":[{"hash":"779912f165e28e81e2e1ba376734eede23c99a38","messageTitle":"Implement Level-1","messageBody":"","fileTypesAndContributionMap":{"java":{"insertions":17,"deletions":0}}},{"hash":"4a9508cefc57a5d3f9d10b121847adc829135898","messageTitle":"Level-1","messageBody":"","fileTypesAndContributionMap":{"java":{"insertions":2,"deletions":2}}},{"hash":"bb734d7113354efe6968b08232d5df106f1f70fc","messageTitle":"Level-2","messageBody":"","fileTypesAndContributionMap":{"java":{"insertions":2,"deletions":0}}},{"hash":"3ffda125ce6e9df8165e9b0aba0ab46bae3812a7","messageTitle":"Level-2","messageBody":"","fileTypesAndContributionMap":{"java":{"insertions":23,"deletions":1}}}]},{"date":"2021-09-24","commitResults":[{"hash":"8fe55852e523e0cd36e0adbbfe724bb92abac8f9","messageTitle":"Level-3","messageBody":"","fileTypesAndContributionMap":{"java":{"insertions":56,"deletions":14}}},{"hash":"759e55ccc9b8bb6bada2134499d602396ef39693","messageTitle":"text-ui-test","messageBody":"","fileTypesAndContributionMap":{"txt":{"insertions":29,"deletions":0},"sh":{"insertions":38,"deletions":0}}},{"hash":"1f5270920af65df8a3129e2ab48914f23e7d34a0","messageTitle":"Level-4","messageBody":"","fileTypesAndContributionMap":{"java":{"insertions":117,"deletions":27}}},{"hash":"ac20df0b11c17e873a6afe2af97daf8e921b3337","messageTitle":"Level-5 Having issues with exceptions on DukeException, can throw in hardcoding","messageBody":"","fileTypesAndContributionMap":{"java":{"insertions":81,"deletions":36}}}]},{"date":"2021-11-06","commitResults":[{"hash":"0152a64052272fbe9f1adf989d069675d6c5adb7","messageTitle":"Level-6","messageBody":"","fileTypesAndContributionMap":{"java":{"insertions":40,"deletions":0}}}]},{"date":"2021-11-15","commitResults":[{"hash":"69073c0ccbf946376ad6c68b7b4af20a7828046d","messageTitle":"Level-7","messageBody":"","fileTypesAndContributionMap":{"java":{"insertions":450,"deletions":223}}}]},{"date":"2021-11-17","commitResults":[{"hash":"59f4671e03a4e84d0cf56138589c8db65ef61e79","messageTitle":"Level-8, Gradle","messageBody":"","fileTypesAndContributionMap":{"java":{"insertions":694,"deletions":86}}}]},{"date":"2021-11-18","commitResults":[{"hash":"ac485433623ecd059edea4aef065017475cc39f3","messageTitle":"Level-8 JUnit for Todo \u0026 DateTime","messageBody":"","fileTypesAndContributionMap":{"gradle":{"insertions":19,"deletions":5},"java":{"insertions":118,"deletions":29}}},{"hash":"4aa2784b8cf404993c0987d2c5400012d5bfc155","messageTitle":"Level-9 \u0026 Individual Feature","messageBody":"","fileTypesAndContributionMap":{"java":{"insertions":140,"deletions":15}}},{"hash":"da8d533b3344bed0e43f37ed2c5c28503258927c","messageTitle":"Level-9, A-CodingStandard, A-CodeQuality","messageBody":"","fileTypesAndContributionMap":{"gradle":{"insertions":1,"deletions":5},"java":{"insertions":605,"deletions":734}}}]},{"date":"2021-11-19","commitResults":[{"hash":"9a22886c83d781147514dc81624c2dd84c327556","messageTitle":"Improve Individual Feature, A-Assertions","messageBody":"","fileTypesAndContributionMap":{"gradle":{"insertions":1,"deletions":0},"java":{"insertions":95,"deletions":39}}},{"hash":"1b21dcc688fed479c4fd440a27efc784fe0c3163","messageTitle":"Code Clean Up","messageBody":"","fileTypesAndContributionMap":{"java":{"insertions":51,"deletions":60}}},{"hash":"9e0e8924d615f0e4ca2474118b84929face6e7d3","messageTitle":"code clean up final","messageBody":"","fileTypesAndContributionMap":{"java":{"insertions":2,"deletions":2}}}]}]},"authorFileTypeContributionMap":{"maynardwhy":{"java":1235,"md":0,"fxml":0,"sh":38,"bat":0,"gradle":18,"txt":29}},"authorContributionVariance":{"maynardwhy":38191.277},"authorDisplayNameMap":{"maynardwhy":"WONG..NARD"}}
