{"authorDailyContributionsMap":{"YizhunSim":[{"date":"2021-08-30","commitResults":[{"hash":"f3006327330a62b37df87e16b1ef535dff4e458f","messageTitle":"Level-3, A-TextUiTesting Mark as Done Created a separate class Task to represent a task list","messageBody":"","tags":["Level-3-Duke"],"fileTypesAndContributionMap":{"java":{"insertions":97,"deletions":0}}}]},{"date":"2021-09-02","commitResults":[{"hash":"6b3417003da528f6abfa76609b29db5e37c71ebe","messageTitle":"Implement increment Level-4 ToDo, Event, Deadline","messageBody":"","tags":["Duke-Level-4-ToDo,-Event,-Deadline"],"fileTypesAndContributionMap":{"java":{"insertions":82,"deletions":9}}}]},{"date":"2021-09-13","commitResults":[{"hash":"ee50654dddf1b44c89b2832dd1960824f3210ef0","messageTitle":"Duke Level 5 Handle Errors ++ Added Exception Handling DukeException for the following scenarios 1. User input \u0027todo\u0027 - Without any task 2. User input gibberish input - Throws exception","messageBody":"++ Code refactoring of done task\n- Added exception handling if done task input is invalid\n","fileTypesAndContributionMap":{"java":{"insertions":86,"deletions":50}}},{"hash":"7887d6f7fb5955ec884f904bf69d3ac60c45ce8c","messageTitle":"Fix bug todo task string is appended with task","messageBody":"","tags":["Duke---Level-5-,-Exception-Handling"],"fileTypesAndContributionMap":{"java":{"insertions":1,"deletions":1}}}]},{"date":"2021-09-18","commitResults":[{"hash":"0ea9cf05d5263d664e4fa195ec9dbfdf02881c7b","messageTitle":"Duke Level-6 Delete, A-Enums","messageBody":"","tags":["Duke-Level-6-Delete"],"fileTypesAndContributionMap":{"java":{"insertions":52,"deletions":30}}}]},{"date":"2021-10-06","commitResults":[{"hash":"6f0048426863945b6f0c536cd10aca498d017978","messageTitle":"1st iteration - Storage Class - Able to read duke/data/tasks.txt -Able to create directory and file if it does not exists","messageBody":"","fileTypesAndContributionMap":{"java":{"insertions":54,"deletions":6}}}]},{"date":"2021-10-08","commitResults":[{"hash":"909cd39b167dfafc20129707cb468327453a9b88","messageTitle":"Level 7 Save","messageBody":"+ Main Feature added for Storage load - Reads in the task.txt and translate into multiple Tasks within the parent class TaskList.\n+ Made Task class an abstract class\n\nNew Classes\n+TaskList\n+TaskListDecoder\n","tags":["Implement-Storage-load-function---Read-and-converts-TaskList-in-Duke"],"fileTypesAndContributionMap":{"txt":{"insertions":4,"deletions":0},"java":{"insertions":100,"deletions":13}}},{"hash":"75f065411ae9d8e727f5a40127bbf185ec83c83e","messageTitle":"Level 7 - Ui Class + Move showWelcome in newly created Ui Class","messageBody":"","tags":["Ui-showWelcome-Feature"],"fileTypesAndContributionMap":{"java":{"insertions":37,"deletions":6}}},{"hash":"b126c33ba0134bb3c9ea8883d426f83b1dd883d1","messageTitle":"Level 7 Implement Ui messages to be shown to the user + Take in input by user","messageBody":"","fileTypesAndContributionMap":{"java":{"insertions":36,"deletions":2}}}]},{"date":"2021-10-12","commitResults":[{"hash":"bf9f81e774bd09f8a211e3c20fe869c15b6ee1c1","messageTitle":"Level 7 - A-More OOP","messageBody":"1. Added following command classes for main functionality of Duke\n\n+ AddDeadlineCommand\n+ AddEventCommand\n+ AddToDoCommand\n+ DeleteTaskCommand\n+ ExitCommand\n+ ListCommand\n\n2. Organise Command Classes into it\u0027s own commands package\n\n3. Command made as abstract class\n\n4. Command to be read of by CommandEnums\n----------------------------\n5. Organise Ui Class to be it it\u0027s own \u0027Ui\u0027 package\n----------------------------\n6. Organise TaskList Classes in \u0027data\u0027 package\n","fileTypesAndContributionMap":{"java":{"insertions":240,"deletions":14}}},{"hash":"8777e7b5911a08645fdd329be925ff551791a97b","messageTitle":"Level 7 - A-More OOP * Reallocate and rename project target folder to duke","messageBody":"Reallocate classes into respective packages\n+ duke/data\n+ duke/parser\n+ duke/storage\n+ duke/common\n","fileTypesAndContributionMap":{"java":{"insertions":186,"deletions":14}}},{"hash":"c634acd037cf8ba1e2c2fa209f30d14eb72a3de3","messageTitle":"Level 7 - A more OOP + Implement Storage Save() Feature","messageBody":"","fileTypesAndContributionMap":{"java":{"insertions":94,"deletions":13}}}]},{"date":"2021-10-14","commitResults":[{"hash":"00466a2e6bbce8be91e744ffe8a44e9ec8a7a8e0","messageTitle":"Level 7 A-More OOP + Implement DeleteTaskCommand + Fix bug whereby Deadline and Event Task was not saved properly upon deletion - saveAllTask(List\u003cTask\u003e allTask) + Introduce getBy method for Deadline and Event Tasks respectively","messageBody":"+ Code refactoring rename of ui printToDo method to printAddSingleTask\n","fileTypesAndContributionMap":{"java":{"insertions":57,"deletions":20}}}]}]},"authorFileTypeContributionMap":{"YizhunSim":{"java":950,"md":0,"fxml":0,"sh":0,"bat":0,"gradle":0,"txt":4}},"authorContributionVariance":{"YizhunSim":5694.5166},"authorDisplayNameMap":{"YizhunSim":"SIM ..ZHUN"}}
