{"authorDailyContributionsMap":{"YizhunSim":[{"date":"2021-08-30","commitResults":[{"hash":"f3006327330a62b37df87e16b1ef535dff4e458f","messageTitle":"Level-3, A-TextUiTesting Mark as Done Created a separate class Task to represent a task list","messageBody":"","tags":["Level-3-Duke"],"fileTypesAndContributionMap":{"java":{"insertions":97,"deletions":0}}}]},{"date":"2021-09-02","commitResults":[{"hash":"6b3417003da528f6abfa76609b29db5e37c71ebe","messageTitle":"Implement increment Level-4 ToDo, Event, Deadline","messageBody":"","tags":["Duke-Level-4-ToDo,-Event,-Deadline"],"fileTypesAndContributionMap":{"java":{"insertions":82,"deletions":9}}}]},{"date":"2021-09-13","commitResults":[{"hash":"ee50654dddf1b44c89b2832dd1960824f3210ef0","messageTitle":"Duke Level 5 Handle Errors ++ Added Exception Handling DukeException for the following scenarios 1. User input \u0027todo\u0027 - Without any task 2. User input gibberish input - Throws exception","messageBody":"++ Code refactoring of done task\n- Added exception handling if done task input is invalid\n","fileTypesAndContributionMap":{"java":{"insertions":86,"deletions":50}}},{"hash":"7887d6f7fb5955ec884f904bf69d3ac60c45ce8c","messageTitle":"Fix bug todo task string is appended with task","messageBody":"","tags":["Duke---Level-5-,-Exception-Handling"],"fileTypesAndContributionMap":{"java":{"insertions":1,"deletions":1}}}]},{"date":"2021-09-18","commitResults":[{"hash":"0ea9cf05d5263d664e4fa195ec9dbfdf02881c7b","messageTitle":"Duke Level-6 Delete, A-Enums","messageBody":"","tags":["Duke-Level-6-Delete"],"fileTypesAndContributionMap":{"java":{"insertions":52,"deletions":30}}}]},{"date":"2021-10-06","commitResults":[{"hash":"6f0048426863945b6f0c536cd10aca498d017978","messageTitle":"1st iteration - Storage Class - Able to read duke/data/tasks.txt -Able to create directory and file if it does not exists","messageBody":"","fileTypesAndContributionMap":{"java":{"insertions":54,"deletions":6}}}]},{"date":"2021-10-08","commitResults":[{"hash":"909cd39b167dfafc20129707cb468327453a9b88","messageTitle":"Level 7 Save","messageBody":"+ Main Feature added for Storage load - Reads in the task.txt and translate into multiple Tasks within the parent class TaskList.\n+ Made Task class an abstract class\n\nNew Classes\n+TaskList\n+TaskListDecoder\n","tags":["Implement-Storage-load-function---Read-and-converts-TaskList-in-Duke"],"fileTypesAndContributionMap":{"txt":{"insertions":4,"deletions":0},"java":{"insertions":100,"deletions":13}}},{"hash":"75f065411ae9d8e727f5a40127bbf185ec83c83e","messageTitle":"Level 7 - Ui Class + Move showWelcome in newly created Ui Class","messageBody":"","tags":["Ui-showWelcome-Feature"],"fileTypesAndContributionMap":{"java":{"insertions":37,"deletions":6}}},{"hash":"b126c33ba0134bb3c9ea8883d426f83b1dd883d1","messageTitle":"Level 7 Implement Ui messages to be shown to the user + Take in input by user","messageBody":"","fileTypesAndContributionMap":{"java":{"insertions":36,"deletions":2}}}]},{"date":"2021-10-12","commitResults":[{"hash":"bf9f81e774bd09f8a211e3c20fe869c15b6ee1c1","messageTitle":"Level 7 - A-More OOP","messageBody":"1. Added following command classes for main functionality of Duke\n\n+ AddDeadlineCommand\n+ AddEventCommand\n+ AddToDoCommand\n+ DeleteTaskCommand\n+ ExitCommand\n+ ListCommand\n\n2. Organise Command Classes into it\u0027s own commands package\n\n3. Command made as abstract class\n\n4. Command to be read of by CommandEnums\n----------------------------\n5. Organise Ui Class to be it it\u0027s own \u0027Ui\u0027 package\n----------------------------\n6. Organise TaskList Classes in \u0027data\u0027 package\n","fileTypesAndContributionMap":{"java":{"insertions":240,"deletions":14}}},{"hash":"8777e7b5911a08645fdd329be925ff551791a97b","messageTitle":"Level 7 - A-More OOP * Reallocate and rename project target folder to duke","messageBody":"Reallocate classes into respective packages\n+ duke/data\n+ duke/parser\n+ duke/storage\n+ duke/common\n","fileTypesAndContributionMap":{"java":{"insertions":186,"deletions":14}}},{"hash":"c634acd037cf8ba1e2c2fa209f30d14eb72a3de3","messageTitle":"Level 7 - A more OOP + Implement Storage Save() Feature","messageBody":"","fileTypesAndContributionMap":{"java":{"insertions":94,"deletions":13}}}]},{"date":"2021-10-14","commitResults":[{"hash":"00466a2e6bbce8be91e744ffe8a44e9ec8a7a8e0","messageTitle":"Level 7 A-More OOP + Implement DeleteTaskCommand + Fix bug whereby Deadline and Event Task was not saved properly upon deletion - saveAllTask(List\u003cTask\u003e allTask) + Introduce getBy method for Deadline and Event Tasks respectively","messageBody":"+ Code refactoring rename of ui printToDo method to printAddSingleTask\n","fileTypesAndContributionMap":{"java":{"insertions":57,"deletions":20}}}]},{"date":"2021-10-15","commitResults":[{"hash":"5c3024731fcb5da0bbda71d3407f51fa4d8ecdd2","messageTitle":"Level 7 A-MoreOOP + Code Refactoring for UI class + Newly added DoneTaskCommand to cater for Done Task feature + Fix bugs in Parser - Regex now takes in /by - deadline /at - event","messageBody":"","fileTypesAndContributionMap":{"java":{"insertions":66,"deletions":25}}},{"hash":"f7f9422eeddf690d151418e6dec5cc0cf866dc03","messageTitle":"Level-8 Dates and Time + Store Task attributes as date objects (Minimal) + Implement Find command - Allow user to find deadline/events occurring on a specific date (Stretch goal)   \t- Additional FindTaskByDateCommand class file - Remove unnecessary class file \u0027GreetEchoExit\u0027 - Remove unnecessary class file \u0027TaskAction\u0027 (Previously CommandEnum) - Remove unnecessary class file \u0027addList\u0027 Previously Duke main","messageBody":"","fileTypesAndContributionMap":{"java":{"insertions":147,"deletions":180}}},{"hash":"76979472e281d31ce4bd03e7956957a4413254dd","messageTitle":"Level 8 A-JavaDoc Add JavaDoc comments to the code. +Minimal: Add header comments to at least half of the non-private classes/methods. +Stretch goal: Add header comments to all non-private classes/methods, and non-trivial private methods. (Best Effort)","messageBody":"","fileTypesAndContributionMap":{"txt":{"insertions":10,"deletions":4},"java":{"insertions":239,"deletions":22}}}]},{"date":"2021-10-19","commitResults":[{"hash":"4a9c7bcc776859ac5d5dc50bd30424482db39750","messageTitle":"Level 8 - Rename source folder back from Duke back to correct convention java","messageBody":"","fileTypesAndContributionMap":{"java":{"insertions":0,"deletions":0}}}]},{"date":"2021-10-22","commitResults":[{"hash":"fd06dc24e5965f79d98efa52cac2896e7582df02","messageTitle":"Week 9 A-Junit Set foundation packages for test/java folders + test/java/data + test/java/parser + test/java/storage + test/java/ui","messageBody":"Added test cases for data Test classes (DeadlineTest, EventTest, TaskListTest, TaskTest, TodoTest)\n","fileTypesAndContributionMap":{"gradle":{"insertions":1,"deletions":1},"java":{"insertions":414,"deletions":18}}},{"hash":"a8cca12481687f5606bfb2b32cc52e3e73c593b2","messageTitle":"Level-8 Add Junit Test Added Junit Test for + ParserTest + StorageTest","messageBody":"Code refactoring in Storage\n+ init() method within load()\n\n*Fix bug whereby deleteTask and markAsDoneTask goes out of bounds\n","fileTypesAndContributionMap":{"txt":{"insertions":10,"deletions":5},"java":{"insertions":181,"deletions":45}}},{"hash":"646483e02be223b32932e26624c0352948a62585","messageTitle":"Level 8 Fix Test Case Bugs","messageBody":"","fileTypesAndContributionMap":{"txt":{"insertions":1,"deletions":1},"java":{"insertions":4,"deletions":4}}},{"hash":"396915f63f2f50e6e35e1773b7280afb0a836467","messageTitle":"Level 8 Merge Branches Tweak README.md","messageBody":"","fileTypesAndContributionMap":{"md":{"insertions":3,"deletions":3}}}]},{"date":"2021-10-24","commitResults":[{"hash":"6b576c11adf408f48d195d3ddb1dba37ed80c2aa","messageTitle":"Week 10 - Add Individual Feature + C-Help Give help to users Provide in-App guidance to users. Minimal: add a command to access a help page.","messageBody":"","fileTypesAndContributionMap":{"java":{"insertions":141,"deletions":26}}},{"hash":"9b89817c00c46987915a59ee46d8dfc8a47991f4","messageTitle":"Level 9, A-CodingStandard, A-CodeQuality + Implement \u0027Find\u0027 feature of task by keyword + Rename SearchTaskByDateCommand, previously sharing the same keyword","messageBody":"","fileTypesAndContributionMap":{"gradle":{"insertions":4,"deletions":4},"txt":{"insertions":8,"deletions":5},"java":{"insertions":75,"deletions":13}}}]},{"date":"2021-11-01","commitResults":[{"hash":"51fd9ad7ffdc7027c3bd05b87c92f2b75b5f502e","messageTitle":"Week 11 - Improve the individual feature (or add another) + Added a NEW feature of C-Sort. Sorts Task event/deadline by chronological order - Currently implementation only prints out the sorted list (Without saving to txt file)","messageBody":"","fileTypesAndContributionMap":{"txt":{"insertions":1,"deletions":0},"java":{"insertions":131,"deletions":5}}}]}]},"authorFileTypeContributionMap":{"YizhunSim":{"java":2010,"md":2,"fxml":0,"sh":0,"bat":0,"gradle":5,"txt":19}},"authorContributionVariance":{"YizhunSim":15840.651},"authorDisplayNameMap":{"YizhunSim":"SIM ..ZHUN"}}
