[{"path":"src/main/java/Action.java","fileType":"java","lines":[{"lineNumber":1,"author":{"gitId":"EndireKT"},"content":"import java.util.Scanner;","lastModifiedDate":"2021-09-28"},{"lineNumber":2,"author":{"gitId":"EndireKT"},"content":"import java.io.*;","lastModifiedDate":"2021-09-28"},{"lineNumber":3,"author":{"gitId":"EndireKT"},"content":"","lastModifiedDate":"2021-09-28"},{"lineNumber":4,"author":{"gitId":"EndireKT"},"content":"public class Action {","lastModifiedDate":"2021-09-28"},{"lineNumber":5,"author":{"gitId":"EndireKT"},"content":"","lastModifiedDate":"2021-09-28"},{"lineNumber":6,"author":{"gitId":"EndireKT"},"content":"    public static void StartDuke() {","lastModifiedDate":"2021-09-28"},{"lineNumber":7,"author":{"gitId":"EndireKT"},"content":"        Message.msgGreet();","lastModifiedDate":"2021-09-28"},{"lineNumber":8,"author":{"gitId":"EndireKT"},"content":"    }","lastModifiedDate":"2021-09-28"},{"lineNumber":9,"author":{"gitId":"EndireKT"},"content":"","lastModifiedDate":"2021-09-28"},{"lineNumber":10,"author":{"gitId":"EndireKT"},"content":"    public static void RunDuke() {","lastModifiedDate":"2021-09-28"},{"lineNumber":11,"author":{"gitId":"EndireKT"},"content":"        boolean bye \u003d false;","lastModifiedDate":"2021-09-28"},{"lineNumber":12,"author":{"gitId":"EndireKT"},"content":"        String line;","lastModifiedDate":"2021-09-28"},{"lineNumber":13,"author":{"gitId":"EndireKT"},"content":"        Scanner in \u003d new Scanner(System.in);","lastModifiedDate":"2021-09-28"},{"lineNumber":14,"author":{"gitId":"EndireKT"},"content":"        TaskList myList \u003d new TaskList();","lastModifiedDate":"2021-09-28"},{"lineNumber":15,"author":{"gitId":"EndireKT"},"content":"        while (!bye) {","lastModifiedDate":"2021-09-28"},{"lineNumber":16,"author":{"gitId":"EndireKT"},"content":"            line \u003d in.nextLine();","lastModifiedDate":"2021-09-28"},{"lineNumber":17,"author":{"gitId":"EndireKT"},"content":"","lastModifiedDate":"2021-09-28"},{"lineNumber":18,"author":{"gitId":"EndireKT"},"content":"            try {","lastModifiedDate":"2021-09-30"},{"lineNumber":19,"author":{"gitId":"EndireKT"},"content":"                if (line.equals(\"list\")) {","lastModifiedDate":"2021-09-28"},{"lineNumber":20,"author":{"gitId":"EndireKT"},"content":"                    Message.msgList(myList);","lastModifiedDate":"2021-09-28"},{"lineNumber":21,"author":{"gitId":"EndireKT"},"content":"                } else if (line.equals(\"bye\")) {","lastModifiedDate":"2021-09-28"},{"lineNumber":22,"author":{"gitId":"EndireKT"},"content":"                    bye \u003d true;","lastModifiedDate":"2021-09-28"},{"lineNumber":23,"author":{"gitId":"EndireKT"},"content":"                } else if (line.substring(0, 4).equals(\"done\")) {","lastModifiedDate":"2021-10-01"},{"lineNumber":24,"author":{"gitId":"EndireKT"},"content":"                    MarkTaskDone(myList, line);","lastModifiedDate":"2021-10-01"},{"lineNumber":25,"author":{"gitId":"EndireKT"},"content":"                } else if (line.substring(0, 4).equals(\"todo\")) {","lastModifiedDate":"2021-10-01"},{"lineNumber":26,"author":{"gitId":"EndireKT"},"content":"                    AddTaskToDo(myList, line);","lastModifiedDate":"2021-10-01"},{"lineNumber":27,"author":{"gitId":"EndireKT"},"content":"                } else if (line.substring(0, 5).equals(\"event\")) {","lastModifiedDate":"2021-10-01"},{"lineNumber":28,"author":{"gitId":"EndireKT"},"content":"                    AddTaskEvent(myList, line);","lastModifiedDate":"2021-10-01"},{"lineNumber":29,"author":{"gitId":"EndireKT"},"content":"                } else if (line.substring(0, 6).equals(\"delete\")) {","lastModifiedDate":"2021-10-01"},{"lineNumber":30,"author":{"gitId":"EndireKT"},"content":"                    RemoveTask(myList, line);","lastModifiedDate":"2021-10-01"},{"lineNumber":31,"author":{"gitId":"EndireKT"},"content":"                } else if (line.substring(0, 8).equals(\"deadline\")) {","lastModifiedDate":"2021-10-01"},{"lineNumber":32,"author":{"gitId":"EndireKT"},"content":"                    AddTaskDeadline(myList, line);","lastModifiedDate":"2021-10-01"},{"lineNumber":33,"author":{"gitId":"EndireKT"},"content":"                } else {","lastModifiedDate":"2021-10-01"},{"lineNumber":34,"author":{"gitId":"EndireKT"},"content":"                    Message.msgInvalidInput();","lastModifiedDate":"2021-10-01"},{"lineNumber":35,"author":{"gitId":"EndireKT"},"content":"                }","lastModifiedDate":"2021-10-01"},{"lineNumber":36,"author":{"gitId":"EndireKT"},"content":"            } catch (Exception e) {","lastModifiedDate":"2021-10-01"},{"lineNumber":37,"author":{"gitId":"EndireKT"},"content":"                Message.msgInvalidInput();","lastModifiedDate":"2021-10-01"},{"lineNumber":38,"author":{"gitId":"EndireKT"},"content":"                Message.msgError(e);","lastModifiedDate":"2021-10-01"},{"lineNumber":39,"author":{"gitId":"EndireKT"},"content":"            }","lastModifiedDate":"2021-10-01"},{"lineNumber":40,"author":{"gitId":"EndireKT"},"content":"","lastModifiedDate":"2021-09-28"},{"lineNumber":41,"author":{"gitId":"EndireKT"},"content":"        }","lastModifiedDate":"2021-10-01"},{"lineNumber":42,"author":{"gitId":"EndireKT"},"content":"        in.close();","lastModifiedDate":"2021-10-01"},{"lineNumber":43,"author":{"gitId":"EndireKT"},"content":"","lastModifiedDate":"2021-10-01"},{"lineNumber":44,"author":{"gitId":"EndireKT"},"content":"    }","lastModifiedDate":"2021-10-01"},{"lineNumber":45,"author":{"gitId":"EndireKT"},"content":"","lastModifiedDate":"2021-10-01"},{"lineNumber":46,"author":{"gitId":"EndireKT"},"content":"    public static void MarkTaskDone(TaskList myList, String line) {","lastModifiedDate":"2021-10-01"},{"lineNumber":47,"author":{"gitId":"EndireKT"},"content":"        Integer taskNumber \u003d Integer.parseInt(line.substring(5));","lastModifiedDate":"2021-10-01"},{"lineNumber":48,"author":{"gitId":"EndireKT"},"content":"        myList.setTaskDone(taskNumber - 1);","lastModifiedDate":"2021-10-01"},{"lineNumber":49,"author":{"gitId":"EndireKT"},"content":"        Message.msgMarkDone(myList, taskNumber - 1);","lastModifiedDate":"2021-10-01"},{"lineNumber":50,"author":{"gitId":"EndireKT"},"content":"    }","lastModifiedDate":"2021-10-01"},{"lineNumber":51,"author":{"gitId":"EndireKT"},"content":"","lastModifiedDate":"2021-10-01"},{"lineNumber":52,"author":{"gitId":"EndireKT"},"content":"    public static void AddTaskToDo(TaskList myList, String line) {","lastModifiedDate":"2021-10-01"},{"lineNumber":53,"author":{"gitId":"EndireKT"},"content":"        if (line.length() \u003c\u003d 5) {","lastModifiedDate":"2021-10-01"},{"lineNumber":54,"author":{"gitId":"EndireKT"},"content":"            Message.msgInvalidInputMissingDescription();","lastModifiedDate":"2021-10-01"},{"lineNumber":55,"author":{"gitId":"EndireKT"},"content":"        } else {","lastModifiedDate":"2021-09-28"},{"lineNumber":56,"author":{"gitId":"EndireKT"},"content":"            myList.addItemToDos(line.substring(5));","lastModifiedDate":"2021-09-30"},{"lineNumber":57,"author":{"gitId":"EndireKT"},"content":"            Message.msgAssignTask(myList, myList.getNumOfItem() - 1);","lastModifiedDate":"2021-09-30"},{"lineNumber":58,"author":{"gitId":"EndireKT"},"content":"        }","lastModifiedDate":"2021-09-28"},{"lineNumber":59,"author":{"gitId":"EndireKT"},"content":"    }","lastModifiedDate":"2021-10-01"},{"lineNumber":60,"author":{"gitId":"EndireKT"},"content":"","lastModifiedDate":"2021-09-30"},{"lineNumber":61,"author":{"gitId":"EndireKT"},"content":"    public static void AddTaskEvent(TaskList myList, String line) {","lastModifiedDate":"2021-10-01"},{"lineNumber":62,"author":{"gitId":"EndireKT"},"content":"        if (line.length() \u003c\u003d 6) {","lastModifiedDate":"2021-10-01"},{"lineNumber":63,"author":{"gitId":"EndireKT"},"content":"            Message.msgInvalidInputMissingDescription();","lastModifiedDate":"2021-10-01"},{"lineNumber":64,"author":{"gitId":"EndireKT"},"content":"        } else if (!line.contains(\"/at\")) {","lastModifiedDate":"2021-10-01"},{"lineNumber":65,"author":{"gitId":"EndireKT"},"content":"            Message.msgInvalidInputMissingDay();","lastModifiedDate":"2021-10-01"},{"lineNumber":66,"author":{"gitId":"EndireKT"},"content":"        } else {","lastModifiedDate":"2021-09-30"},{"lineNumber":67,"author":{"gitId":"EndireKT"},"content":"","lastModifiedDate":"2021-10-01"},{"lineNumber":68,"author":{"gitId":"EndireKT"},"content":"            try {","lastModifiedDate":"2021-10-01"},{"lineNumber":69,"author":{"gitId":"EndireKT"},"content":"                String taskDetail \u003d line.substring(6, line.indexOf(\"/\"));","lastModifiedDate":"2021-09-30"},{"lineNumber":70,"author":{"gitId":"EndireKT"},"content":"                String after_at \u003d line.substring(line.indexOf(\"/\") + 4);","lastModifiedDate":"2021-09-30"},{"lineNumber":71,"author":{"gitId":"EndireKT"},"content":"                String day \u003d after_at.substring(0, after_at.indexOf(\" \"));","lastModifiedDate":"2021-09-30"},{"lineNumber":72,"author":{"gitId":"EndireKT"},"content":"                String time \u003d line.substring(line.indexOf(\"/\") + 8);","lastModifiedDate":"2021-09-30"},{"lineNumber":73,"author":{"gitId":"EndireKT"},"content":"","lastModifiedDate":"2021-09-30"},{"lineNumber":74,"author":{"gitId":"EndireKT"},"content":"                myList.addItemEvent(taskDetail, after_at); // temporary for Duke Level 4","lastModifiedDate":"2021-09-30"},{"lineNumber":75,"author":{"gitId":"EndireKT"},"content":"                Message.msgAssignTaskEvent(myList, myList.getNumOfItem() - 1);","lastModifiedDate":"2021-09-30"},{"lineNumber":76,"author":{"gitId":"EndireKT"},"content":"            } catch (Exception e) {","lastModifiedDate":"2021-10-01"},{"lineNumber":77,"author":{"gitId":"EndireKT"},"content":"                Message.msgInvalidInput();","lastModifiedDate":"2021-10-01"},{"lineNumber":78,"author":{"gitId":"EndireKT"},"content":"            }","lastModifiedDate":"2021-10-01"},{"lineNumber":79,"author":{"gitId":"EndireKT"},"content":"        }","lastModifiedDate":"2021-10-01"},{"lineNumber":80,"author":{"gitId":"EndireKT"},"content":"    }","lastModifiedDate":"2021-10-01"},{"lineNumber":81,"author":{"gitId":"EndireKT"},"content":"","lastModifiedDate":"2021-09-30"},{"lineNumber":82,"author":{"gitId":"EndireKT"},"content":"    public static void AddTaskDeadline(TaskList myList, String line) {","lastModifiedDate":"2021-10-01"},{"lineNumber":83,"author":{"gitId":"EndireKT"},"content":"        if (line.length() \u003c\u003d 9) {","lastModifiedDate":"2021-10-01"},{"lineNumber":84,"author":{"gitId":"EndireKT"},"content":"            Message.msgInvalidInputMissingDescription();","lastModifiedDate":"2021-10-01"},{"lineNumber":85,"author":{"gitId":"EndireKT"},"content":"        } else if (!line.contains(\"/by\")) {","lastModifiedDate":"2021-10-01"},{"lineNumber":86,"author":{"gitId":"EndireKT"},"content":"            Message.msgInvalidInputMissingDay();","lastModifiedDate":"2021-10-01"},{"lineNumber":87,"author":{"gitId":"EndireKT"},"content":"        } else {","lastModifiedDate":"2021-09-30"},{"lineNumber":88,"author":{"gitId":"EndireKT"},"content":"            try {","lastModifiedDate":"2021-10-01"},{"lineNumber":89,"author":{"gitId":"EndireKT"},"content":"                String taskDetail \u003d line.substring(9, line.indexOf(\"/\"));","lastModifiedDate":"2021-10-01"},{"lineNumber":90,"author":{"gitId":"EndireKT"},"content":"                String dayWithBy \u003d line.substring(line.indexOf(\"/\") + 1, line.length());","lastModifiedDate":"2021-10-01"},{"lineNumber":91,"author":{"gitId":"EndireKT"},"content":"                String day \u003d dayWithBy.substring(3);","lastModifiedDate":"2021-10-01"},{"lineNumber":92,"author":{"gitId":"EndireKT"},"content":"","lastModifiedDate":"2021-10-01"},{"lineNumber":93,"author":{"gitId":"EndireKT"},"content":"                myList.addItemDeadline(taskDetail, day); // temporary for Duke Level 4","lastModifiedDate":"2021-10-01"},{"lineNumber":94,"author":{"gitId":"EndireKT"},"content":"                Message.msgAssignTaskDeadline(myList, myList.getNumOfItem() - 1);","lastModifiedDate":"2021-10-01"},{"lineNumber":95,"author":{"gitId":"EndireKT"},"content":"","lastModifiedDate":"2021-10-01"},{"lineNumber":96,"author":{"gitId":"EndireKT"},"content":"            } catch (Exception e) {","lastModifiedDate":"2021-10-01"},{"lineNumber":97,"author":{"gitId":"EndireKT"},"content":"                Message.msgInvalidInput();","lastModifiedDate":"2021-09-30"},{"lineNumber":98,"author":{"gitId":"EndireKT"},"content":"            }","lastModifiedDate":"2021-09-30"},{"lineNumber":99,"author":{"gitId":"EndireKT"},"content":"        }","lastModifiedDate":"2021-10-01"},{"lineNumber":100,"author":{"gitId":"EndireKT"},"content":"    }","lastModifiedDate":"2021-09-28"},{"lineNumber":101,"author":{"gitId":"EndireKT"},"content":"","lastModifiedDate":"2021-10-01"},{"lineNumber":102,"author":{"gitId":"EndireKT"},"content":"    public static void RemoveTask(TaskList myList, String line) {","lastModifiedDate":"2021-10-01"},{"lineNumber":103,"author":{"gitId":"EndireKT"},"content":"        try {","lastModifiedDate":"2021-10-01"},{"lineNumber":104,"author":{"gitId":"EndireKT"},"content":"            Integer taskNumber \u003d Integer.parseInt(line.substring(7));","lastModifiedDate":"2021-10-01"},{"lineNumber":105,"author":{"gitId":"EndireKT"},"content":"            Message.msgRemoveItem(myList, taskNumber - 1);","lastModifiedDate":"2021-10-01"},{"lineNumber":106,"author":{"gitId":"EndireKT"},"content":"            myList.removeItem(taskNumber - 1);","lastModifiedDate":"2021-10-01"},{"lineNumber":107,"author":{"gitId":"EndireKT"},"content":"        } catch (Exception e) {","lastModifiedDate":"2021-10-01"},{"lineNumber":108,"author":{"gitId":"EndireKT"},"content":"            Message.msgWrongTaskNumber();","lastModifiedDate":"2021-10-01"},{"lineNumber":109,"author":{"gitId":"EndireKT"},"content":"        }","lastModifiedDate":"2021-09-28"},{"lineNumber":110,"author":{"gitId":"EndireKT"},"content":"    }","lastModifiedDate":"2021-09-28"},{"lineNumber":111,"author":{"gitId":"EndireKT"},"content":"","lastModifiedDate":"2021-09-28"},{"lineNumber":112,"author":{"gitId":"EndireKT"},"content":"    public static void EndDuke() {","lastModifiedDate":"2021-09-28"},{"lineNumber":113,"author":{"gitId":"EndireKT"},"content":"        try {","lastModifiedDate":"2021-09-28"},{"lineNumber":114,"author":{"gitId":"EndireKT"},"content":"            Message.msgBye();","lastModifiedDate":"2021-09-28"},{"lineNumber":115,"author":{"gitId":"EndireKT"},"content":"        } catch (IOException error) {","lastModifiedDate":"2021-09-28"},{"lineNumber":116,"author":{"gitId":"EndireKT"},"content":"            Message.msgError(error);","lastModifiedDate":"2021-09-28"},{"lineNumber":117,"author":{"gitId":"EndireKT"},"content":"        }","lastModifiedDate":"2021-09-28"},{"lineNumber":118,"author":{"gitId":"EndireKT"},"content":"    }","lastModifiedDate":"2021-09-28"},{"lineNumber":119,"author":{"gitId":"EndireKT"},"content":"}","lastModifiedDate":"2021-09-28"}],"authorContributionMap":{"EndireKT":119}},{"path":"src/main/java/Duke.java","fileType":"java","lines":[{"lineNumber":1,"author":{"gitId":"-"},"content":"public class Duke {","lastModifiedDate":"2019-07-29"},{"lineNumber":2,"author":{"gitId":"EndireKT"},"content":"","lastModifiedDate":"2021-09-07"},{"lineNumber":3,"author":{"gitId":"-"},"content":"    public static void main(String[] args) {","lastModifiedDate":"2021-09-28"},{"lineNumber":4,"author":{"gitId":"EndireKT"},"content":"","lastModifiedDate":"2021-09-07"},{"lineNumber":5,"author":{"gitId":"EndireKT"},"content":"        Action.StartDuke();","lastModifiedDate":"2021-09-28"},{"lineNumber":6,"author":{"gitId":"EndireKT"},"content":"        Action.RunDuke();","lastModifiedDate":"2021-09-28"},{"lineNumber":7,"author":{"gitId":"EndireKT"},"content":"        Action.EndDuke();","lastModifiedDate":"2021-09-28"},{"lineNumber":8,"author":{"gitId":"-"},"content":"    }","lastModifiedDate":"2019-07-29"},{"lineNumber":9,"author":{"gitId":"-"},"content":"}","lastModifiedDate":"2019-07-29"}],"authorContributionMap":{"-":4,"EndireKT":5}},{"path":"src/main/java/Message.java","fileType":"java","lines":[{"lineNumber":1,"author":{"gitId":"EndireKT"},"content":"import java.io.*;","lastModifiedDate":"2021-09-27"},{"lineNumber":2,"author":{"gitId":"EndireKT"},"content":"","lastModifiedDate":"2021-09-27"},{"lineNumber":3,"author":{"gitId":"EndireKT"},"content":"public class Message {","lastModifiedDate":"2021-09-27"},{"lineNumber":4,"author":{"gitId":"EndireKT"},"content":"","lastModifiedDate":"2021-09-27"},{"lineNumber":5,"author":{"gitId":"EndireKT"},"content":"    // Starting Messages \u003c\u003c\u003c\u003c\u003c\u003c\u003c\u003c\u003c\u003c\u003c\u003c\u003c\u003c\u003c\u003c\u003c\u003c\u003c\u003c\u003c\u003c\u003c\u003c\u003c\u003c\u003c\u003c\u003c\u003c\u003c\u003c\u003c\u003c\u003c\u003c\u003c\u003c\u003c\u003c\u003c\u003c\u003c\u003c\u003c\u003c\u003c","lastModifiedDate":"2021-10-01"},{"lineNumber":6,"author":{"gitId":"EndireKT"},"content":"    public static void msgGreet() {","lastModifiedDate":"2021-09-27"},{"lineNumber":7,"author":{"gitId":"EndireKT"},"content":"        String logo \u003d \" ____        _        \\n\" + \"|  _ \\\\ _   _| | _____ \\n\" + \"| | | | | | | |/ / _ \\\\\\n\"","lastModifiedDate":"2021-09-27"},{"lineNumber":8,"author":{"gitId":"EndireKT"},"content":"                + \"| |_| | |_| |   \u003c  __/\\n\" + \"|____/ \\\\__,_|_|\\\\_\\\\___|\\n\";","lastModifiedDate":"2021-09-27"},{"lineNumber":9,"author":{"gitId":"EndireKT"},"content":"        System.out.println(\"Hello from\\n\" + logo);","lastModifiedDate":"2021-09-27"},{"lineNumber":10,"author":{"gitId":"EndireKT"},"content":"        System.out.println(\"Hello! I\u0027m Duke\" + System.lineSeparator() + \"What can I do for you?\");","lastModifiedDate":"2021-09-27"},{"lineNumber":11,"author":{"gitId":"EndireKT"},"content":"        System.out.println(\"_________________________________\");","lastModifiedDate":"2021-09-27"},{"lineNumber":12,"author":{"gitId":"EndireKT"},"content":"    }","lastModifiedDate":"2021-09-27"},{"lineNumber":13,"author":{"gitId":"EndireKT"},"content":"","lastModifiedDate":"2021-09-27"},{"lineNumber":14,"author":{"gitId":"EndireKT"},"content":"    // Assignment Messages \u003c\u003c\u003c\u003c\u003c\u003c\u003c\u003c\u003c\u003c\u003c\u003c\u003c\u003c\u003c\u003c\u003c\u003c\u003c\u003c\u003c\u003c\u003c\u003c\u003c\u003c\u003c\u003c\u003c\u003c\u003c\u003c\u003c\u003c\u003c\u003c\u003c\u003c\u003c\u003c\u003c\u003c\u003c\u003c\u003c\u003c\u003c","lastModifiedDate":"2021-10-01"},{"lineNumber":15,"author":{"gitId":"EndireKT"},"content":"","lastModifiedDate":"2021-09-30"},{"lineNumber":16,"author":{"gitId":"EndireKT"},"content":"    public static void msgAssignTask(TaskList myList, int taskNumber) {","lastModifiedDate":"2021-09-30"},{"lineNumber":17,"author":{"gitId":"EndireKT"},"content":"","lastModifiedDate":"2021-09-30"},{"lineNumber":18,"author":{"gitId":"EndireKT"},"content":"        TaskType taskType \u003d myList.getTaskType(taskNumber);","lastModifiedDate":"2021-09-30"},{"lineNumber":19,"author":{"gitId":"EndireKT"},"content":"        String taskTypeInString \u003d TaskType.taskTypeToString(taskType);","lastModifiedDate":"2021-09-30"},{"lineNumber":20,"author":{"gitId":"EndireKT"},"content":"","lastModifiedDate":"2021-09-30"},{"lineNumber":21,"author":{"gitId":"EndireKT"},"content":"        boolean isDone \u003d myList.getTaskDoneStatus(taskNumber);","lastModifiedDate":"2021-09-30"},{"lineNumber":22,"author":{"gitId":"EndireKT"},"content":"        String isDoneInString \u003d (isDone ? \"X\" : \" \");","lastModifiedDate":"2021-09-30"},{"lineNumber":23,"author":{"gitId":"EndireKT"},"content":"","lastModifiedDate":"2021-09-30"},{"lineNumber":24,"author":{"gitId":"EndireKT"},"content":"        String taskDetail \u003d myList.getTaskDetail(taskNumber);","lastModifiedDate":"2021-09-30"},{"lineNumber":25,"author":{"gitId":"EndireKT"},"content":"","lastModifiedDate":"2021-09-30"},{"lineNumber":26,"author":{"gitId":"EndireKT"},"content":"        System.out.println(\"    Got it. I\u0027ve added this task: \");","lastModifiedDate":"2021-09-30"},{"lineNumber":27,"author":{"gitId":"EndireKT"},"content":"        System.out.println(\"      [\" + taskTypeInString + \"][\" + isDoneInString + \"] \" + taskDetail);","lastModifiedDate":"2021-09-30"},{"lineNumber":28,"author":{"gitId":"EndireKT"},"content":"        System.out.println(\"    Now you have \" + myList.getNumOfItem() + \" tasks in the list.\");","lastModifiedDate":"2021-09-30"},{"lineNumber":29,"author":{"gitId":"EndireKT"},"content":"        System.out.println(\"_________________________________\");","lastModifiedDate":"2021-09-30"},{"lineNumber":30,"author":{"gitId":"EndireKT"},"content":"    }","lastModifiedDate":"2021-09-30"},{"lineNumber":31,"author":{"gitId":"EndireKT"},"content":"","lastModifiedDate":"2021-09-30"},{"lineNumber":32,"author":{"gitId":"EndireKT"},"content":"    public static void msgAssignTaskDeadline(TaskList myList, int taskNumber) {","lastModifiedDate":"2021-09-30"},{"lineNumber":33,"author":{"gitId":"EndireKT"},"content":"","lastModifiedDate":"2021-09-30"},{"lineNumber":34,"author":{"gitId":"EndireKT"},"content":"        TaskType taskType \u003d myList.getTaskType(taskNumber);","lastModifiedDate":"2021-09-30"},{"lineNumber":35,"author":{"gitId":"EndireKT"},"content":"        String taskTypeInString \u003d TaskType.taskTypeToString(taskType);","lastModifiedDate":"2021-09-30"},{"lineNumber":36,"author":{"gitId":"EndireKT"},"content":"","lastModifiedDate":"2021-09-30"},{"lineNumber":37,"author":{"gitId":"EndireKT"},"content":"        boolean isDone \u003d myList.getTaskDoneStatus(taskNumber);","lastModifiedDate":"2021-09-30"},{"lineNumber":38,"author":{"gitId":"EndireKT"},"content":"        String isDoneInString \u003d (isDone ? \"X\" : \" \");","lastModifiedDate":"2021-09-30"},{"lineNumber":39,"author":{"gitId":"EndireKT"},"content":"","lastModifiedDate":"2021-09-30"},{"lineNumber":40,"author":{"gitId":"EndireKT"},"content":"        String taskDetail \u003d myList.getTaskDetail(taskNumber);","lastModifiedDate":"2021-09-30"},{"lineNumber":41,"author":{"gitId":"EndireKT"},"content":"","lastModifiedDate":"2021-09-30"},{"lineNumber":42,"author":{"gitId":"EndireKT"},"content":"        String dateString \u003d myList.getTaskDeadlineDateString(taskNumber);","lastModifiedDate":"2021-09-30"},{"lineNumber":43,"author":{"gitId":"EndireKT"},"content":"","lastModifiedDate":"2021-09-30"},{"lineNumber":44,"author":{"gitId":"EndireKT"},"content":"        System.out.println(\"    Got it. I\u0027ve added this task: \");","lastModifiedDate":"2021-09-30"},{"lineNumber":45,"author":{"gitId":"EndireKT"},"content":"        System.out.println(","lastModifiedDate":"2021-09-30"},{"lineNumber":46,"author":{"gitId":"EndireKT"},"content":"                \"      [\" + taskTypeInString + \"][\" + isDoneInString + \"] \" + taskDetail + \"(by: \" + dateString + \")\");","lastModifiedDate":"2021-09-30"},{"lineNumber":47,"author":{"gitId":"EndireKT"},"content":"        System.out.println(\"    Now you have \" + myList.getNumOfItem() + \" tasks in the list.\");","lastModifiedDate":"2021-09-30"},{"lineNumber":48,"author":{"gitId":"EndireKT"},"content":"        System.out.println(\"_________________________________\");","lastModifiedDate":"2021-09-30"},{"lineNumber":49,"author":{"gitId":"EndireKT"},"content":"    }","lastModifiedDate":"2021-09-30"},{"lineNumber":50,"author":{"gitId":"EndireKT"},"content":"","lastModifiedDate":"2021-09-30"},{"lineNumber":51,"author":{"gitId":"EndireKT"},"content":"    public static void msgAssignTaskEvent(TaskList myList, int taskNumber) {","lastModifiedDate":"2021-09-30"},{"lineNumber":52,"author":{"gitId":"EndireKT"},"content":"","lastModifiedDate":"2021-09-30"},{"lineNumber":53,"author":{"gitId":"EndireKT"},"content":"        TaskType taskType \u003d myList.getTaskType(taskNumber);","lastModifiedDate":"2021-09-30"},{"lineNumber":54,"author":{"gitId":"EndireKT"},"content":"        String taskTypeInString \u003d TaskType.taskTypeToString(taskType);","lastModifiedDate":"2021-09-30"},{"lineNumber":55,"author":{"gitId":"EndireKT"},"content":"","lastModifiedDate":"2021-09-30"},{"lineNumber":56,"author":{"gitId":"EndireKT"},"content":"        boolean isDone \u003d myList.getTaskDoneStatus(taskNumber);","lastModifiedDate":"2021-09-30"},{"lineNumber":57,"author":{"gitId":"EndireKT"},"content":"        String isDoneInString \u003d (isDone ? \"X\" : \" \");","lastModifiedDate":"2021-09-30"},{"lineNumber":58,"author":{"gitId":"EndireKT"},"content":"","lastModifiedDate":"2021-09-30"},{"lineNumber":59,"author":{"gitId":"EndireKT"},"content":"        String taskDetail \u003d myList.getTaskDetail(taskNumber);","lastModifiedDate":"2021-09-30"},{"lineNumber":60,"author":{"gitId":"EndireKT"},"content":"","lastModifiedDate":"2021-09-30"},{"lineNumber":61,"author":{"gitId":"EndireKT"},"content":"        String dateTimeString \u003d myList.getTaskEventDateTimeString(taskNumber);","lastModifiedDate":"2021-09-30"},{"lineNumber":62,"author":{"gitId":"EndireKT"},"content":"","lastModifiedDate":"2021-09-30"},{"lineNumber":63,"author":{"gitId":"EndireKT"},"content":"        System.out.println(\"    Got it. I\u0027ve added this task: \");","lastModifiedDate":"2021-09-30"},{"lineNumber":64,"author":{"gitId":"EndireKT"},"content":"        System.out.println(\"      [\" + taskTypeInString + \"][\" + isDoneInString + \"] \" + taskDetail + \"(at: \"","lastModifiedDate":"2021-09-30"},{"lineNumber":65,"author":{"gitId":"EndireKT"},"content":"                + dateTimeString + \")\");","lastModifiedDate":"2021-09-30"},{"lineNumber":66,"author":{"gitId":"EndireKT"},"content":"        System.out.println(\"    Now you have \" + myList.getNumOfItem() + \" tasks in the list.\");","lastModifiedDate":"2021-09-30"},{"lineNumber":67,"author":{"gitId":"EndireKT"},"content":"        System.out.println(\"_________________________________\");","lastModifiedDate":"2021-09-30"},{"lineNumber":68,"author":{"gitId":"EndireKT"},"content":"    }","lastModifiedDate":"2021-09-27"},{"lineNumber":69,"author":{"gitId":"EndireKT"},"content":"","lastModifiedDate":"2021-09-27"},{"lineNumber":70,"author":{"gitId":"EndireKT"},"content":"    public static void msgEcho(String s) {","lastModifiedDate":"2021-09-28"},{"lineNumber":71,"author":{"gitId":"EndireKT"},"content":"        System.out.println(\"    Task Added: \" + s);","lastModifiedDate":"2021-09-28"},{"lineNumber":72,"author":{"gitId":"EndireKT"},"content":"        System.out.println(\"_________________________________\");","lastModifiedDate":"2021-09-28"},{"lineNumber":73,"author":{"gitId":"EndireKT"},"content":"    }","lastModifiedDate":"2021-09-28"},{"lineNumber":74,"author":{"gitId":"EndireKT"},"content":"","lastModifiedDate":"2021-09-28"},{"lineNumber":75,"author":{"gitId":"EndireKT"},"content":"    // Other Messages \u003c\u003c\u003c\u003c\u003c\u003c\u003c\u003c\u003c\u003c\u003c\u003c\u003c\u003c\u003c\u003c\u003c\u003c\u003c\u003c\u003c\u003c\u003c\u003c\u003c\u003c\u003c\u003c\u003c\u003c\u003c\u003c\u003c\u003c\u003c\u003c\u003c\u003c\u003c\u003c\u003c\u003c\u003c\u003c\u003c\u003c\u003c","lastModifiedDate":"2021-10-01"},{"lineNumber":76,"author":{"gitId":"EndireKT"},"content":"","lastModifiedDate":"2021-10-01"},{"lineNumber":77,"author":{"gitId":"EndireKT"},"content":"    public static void msgMarkDone(TaskList myList, int taskNumber) {","lastModifiedDate":"2021-09-28"},{"lineNumber":78,"author":{"gitId":"EndireKT"},"content":"        System.out.println(\"    Naisuuuu! This task is marked as done: \");","lastModifiedDate":"2021-09-28"},{"lineNumber":79,"author":{"gitId":"EndireKT"},"content":"        Message.msgBlankBeforeTaskDetail();","lastModifiedDate":"2021-10-01"},{"lineNumber":80,"author":{"gitId":"EndireKT"},"content":"        Message.msgTaskDetail(myList, taskNumber);","lastModifiedDate":"2021-10-01"},{"lineNumber":81,"author":{"gitId":"EndireKT"},"content":"        System.out.println(\"_________________________________\");","lastModifiedDate":"2021-09-27"},{"lineNumber":82,"author":{"gitId":"EndireKT"},"content":"    }","lastModifiedDate":"2021-09-27"},{"lineNumber":83,"author":{"gitId":"EndireKT"},"content":"","lastModifiedDate":"2021-09-27"},{"lineNumber":84,"author":{"gitId":"EndireKT"},"content":"    public static void msgList(TaskList myList) {","lastModifiedDate":"2021-09-28"},{"lineNumber":85,"author":{"gitId":"EndireKT"},"content":"        for (int i \u003d 0; i \u003c myList.getNumOfItem(); i++) {","lastModifiedDate":"2021-09-28"},{"lineNumber":86,"author":{"gitId":"EndireKT"},"content":"            System.out.print(\"    \" + Integer.toString(i + 1) + \".\");","lastModifiedDate":"2021-10-01"},{"lineNumber":87,"author":{"gitId":"EndireKT"},"content":"            Message.msgTaskDetail(myList, i);","lastModifiedDate":"2021-10-01"},{"lineNumber":88,"author":{"gitId":"EndireKT"},"content":"        }","lastModifiedDate":"2021-10-01"},{"lineNumber":89,"author":{"gitId":"EndireKT"},"content":"        System.out.println(\"_________________________________\");","lastModifiedDate":"2021-10-01"},{"lineNumber":90,"author":{"gitId":"EndireKT"},"content":"    }","lastModifiedDate":"2021-10-01"},{"lineNumber":91,"author":{"gitId":"EndireKT"},"content":"","lastModifiedDate":"2021-09-30"},{"lineNumber":92,"author":{"gitId":"EndireKT"},"content":"    public static void msgBlankBeforeTaskDetail() {","lastModifiedDate":"2021-10-01"},{"lineNumber":93,"author":{"gitId":"EndireKT"},"content":"        System.out.print(\"      \");","lastModifiedDate":"2021-10-01"},{"lineNumber":94,"author":{"gitId":"EndireKT"},"content":"    }","lastModifiedDate":"2021-10-01"},{"lineNumber":95,"author":{"gitId":"EndireKT"},"content":"","lastModifiedDate":"2021-10-01"},{"lineNumber":96,"author":{"gitId":"EndireKT"},"content":"    public static void msgTaskDetail(TaskList myList, int taskNumber) {","lastModifiedDate":"2021-10-01"},{"lineNumber":97,"author":{"gitId":"EndireKT"},"content":"        TaskType taskType \u003d myList.getTaskType(taskNumber);","lastModifiedDate":"2021-10-01"},{"lineNumber":98,"author":{"gitId":"EndireKT"},"content":"        String taskTypeInString \u003d TaskType.taskTypeToString(taskType);","lastModifiedDate":"2021-09-30"},{"lineNumber":99,"author":{"gitId":"EndireKT"},"content":"","lastModifiedDate":"2021-09-30"},{"lineNumber":100,"author":{"gitId":"EndireKT"},"content":"        boolean isDone \u003d myList.getTaskDoneStatus(taskNumber);","lastModifiedDate":"2021-10-01"},{"lineNumber":101,"author":{"gitId":"EndireKT"},"content":"        String isDoneInString \u003d (isDone ? \"X\" : \" \");","lastModifiedDate":"2021-09-30"},{"lineNumber":102,"author":{"gitId":"EndireKT"},"content":"","lastModifiedDate":"2021-09-30"},{"lineNumber":103,"author":{"gitId":"EndireKT"},"content":"        String taskDetail \u003d myList.getTaskDetail(taskNumber);","lastModifiedDate":"2021-10-01"},{"lineNumber":104,"author":{"gitId":"EndireKT"},"content":"","lastModifiedDate":"2021-10-01"},{"lineNumber":105,"author":{"gitId":"EndireKT"},"content":"        String dateTimeString \u003d \"\";","lastModifiedDate":"2021-10-01"},{"lineNumber":106,"author":{"gitId":"EndireKT"},"content":"","lastModifiedDate":"2021-10-01"},{"lineNumber":107,"author":{"gitId":"EndireKT"},"content":"        switch (taskType) {","lastModifiedDate":"2021-10-01"},{"lineNumber":108,"author":{"gitId":"EndireKT"},"content":"            case TODOS:","lastModifiedDate":"2021-10-01"},{"lineNumber":109,"author":{"gitId":"EndireKT"},"content":"                System.out.println(\"[\" + taskTypeInString + \"][\" + isDoneInString + \"] \" + taskDetail);","lastModifiedDate":"2021-10-01"},{"lineNumber":110,"author":{"gitId":"EndireKT"},"content":"                break;","lastModifiedDate":"2021-10-01"},{"lineNumber":111,"author":{"gitId":"EndireKT"},"content":"            case DEADLINE:","lastModifiedDate":"2021-10-01"},{"lineNumber":112,"author":{"gitId":"EndireKT"},"content":"                dateTimeString \u003d myList.getTaskDeadlineDateString(taskNumber);","lastModifiedDate":"2021-10-01"},{"lineNumber":113,"author":{"gitId":"EndireKT"},"content":"                System.out.println(\"[\" + taskTypeInString + \"][\" + isDoneInString + \"] \" + taskDetail + \"(by: \"","lastModifiedDate":"2021-10-01"},{"lineNumber":114,"author":{"gitId":"EndireKT"},"content":"                        + dateTimeString + \")\");","lastModifiedDate":"2021-10-01"},{"lineNumber":115,"author":{"gitId":"EndireKT"},"content":"                break;","lastModifiedDate":"2021-10-01"},{"lineNumber":116,"author":{"gitId":"EndireKT"},"content":"            case EVENT:","lastModifiedDate":"2021-10-01"},{"lineNumber":117,"author":{"gitId":"EndireKT"},"content":"                dateTimeString \u003d myList.getTaskEventDateTimeString(taskNumber);","lastModifiedDate":"2021-10-01"},{"lineNumber":118,"author":{"gitId":"EndireKT"},"content":"                System.out.println(\"[\" + taskTypeInString + \"][\" + isDoneInString + \"] \" + taskDetail + \"(at: \"","lastModifiedDate":"2021-10-01"},{"lineNumber":119,"author":{"gitId":"EndireKT"},"content":"                        + dateTimeString + \")\");","lastModifiedDate":"2021-10-01"},{"lineNumber":120,"author":{"gitId":"EndireKT"},"content":"                break;","lastModifiedDate":"2021-10-01"},{"lineNumber":121,"author":{"gitId":"EndireKT"},"content":"        }","lastModifiedDate":"2021-09-28"},{"lineNumber":122,"author":{"gitId":"EndireKT"},"content":"    }","lastModifiedDate":"2021-09-28"},{"lineNumber":123,"author":{"gitId":"EndireKT"},"content":"","lastModifiedDate":"2021-09-30"},{"lineNumber":124,"author":{"gitId":"EndireKT"},"content":"    // Error Messages \u003c\u003c\u003c\u003c\u003c\u003c\u003c\u003c\u003c\u003c\u003c\u003c\u003c\u003c\u003c\u003c\u003c\u003c\u003c\u003c\u003c\u003c\u003c\u003c\u003c\u003c\u003c\u003c\u003c\u003c\u003c\u003c\u003c\u003c\u003c\u003c\u003c\u003c\u003c\u003c\u003c\u003c\u003c\u003c\u003c\u003c\u003c","lastModifiedDate":"2021-10-01"},{"lineNumber":125,"author":{"gitId":"EndireKT"},"content":"","lastModifiedDate":"2021-10-01"},{"lineNumber":126,"author":{"gitId":"EndireKT"},"content":"    public static void msgError(Exception e) {","lastModifiedDate":"2021-10-01"},{"lineNumber":127,"author":{"gitId":"EndireKT"},"content":"        System.out.println(\"Error Occurs: \" + e);","lastModifiedDate":"2021-10-01"},{"lineNumber":128,"author":{"gitId":"EndireKT"},"content":"        System.out.println(\"_________________________________\");","lastModifiedDate":"2021-10-01"},{"lineNumber":129,"author":{"gitId":"EndireKT"},"content":"    }","lastModifiedDate":"2021-10-01"},{"lineNumber":130,"author":{"gitId":"EndireKT"},"content":"","lastModifiedDate":"2021-10-01"},{"lineNumber":131,"author":{"gitId":"EndireKT"},"content":"    public static void msgInvalidInput() {","lastModifiedDate":"2021-09-30"},{"lineNumber":132,"author":{"gitId":"EndireKT"},"content":"        System.out.println(\"    Sorry :(   Invalid Input. Try Again ~ \");","lastModifiedDate":"2021-09-30"},{"lineNumber":133,"author":{"gitId":"EndireKT"},"content":"        System.out.println(\"_________________________________\");","lastModifiedDate":"2021-09-28"},{"lineNumber":134,"author":{"gitId":"EndireKT"},"content":"    }","lastModifiedDate":"2021-09-28"},{"lineNumber":135,"author":{"gitId":"EndireKT"},"content":"","lastModifiedDate":"2021-09-28"},{"lineNumber":136,"author":{"gitId":"EndireKT"},"content":"    public static void msgInvalidInputMissingDescription() {","lastModifiedDate":"2021-10-01"},{"lineNumber":137,"author":{"gitId":"EndireKT"},"content":"        System.out.println(\"    ☹  OOPS!!! The description cannot be empty.\");","lastModifiedDate":"2021-10-01"},{"lineNumber":138,"author":{"gitId":"EndireKT"},"content":"        System.out.println(\"_________________________________\");","lastModifiedDate":"2021-10-01"},{"lineNumber":139,"author":{"gitId":"EndireKT"},"content":"    }","lastModifiedDate":"2021-10-01"},{"lineNumber":140,"author":{"gitId":"EndireKT"},"content":"","lastModifiedDate":"2021-10-01"},{"lineNumber":141,"author":{"gitId":"EndireKT"},"content":"    public static void msgInvalidInputMissingDay() {","lastModifiedDate":"2021-10-01"},{"lineNumber":142,"author":{"gitId":"EndireKT"},"content":"        System.out.println(\"    ☹  OOPS!!! The day cannot be empty.\");","lastModifiedDate":"2021-10-01"},{"lineNumber":143,"author":{"gitId":"EndireKT"},"content":"        System.out.println(\"_________________________________\");","lastModifiedDate":"2021-10-01"},{"lineNumber":144,"author":{"gitId":"EndireKT"},"content":"    }","lastModifiedDate":"2021-10-01"},{"lineNumber":145,"author":{"gitId":"EndireKT"},"content":"","lastModifiedDate":"2021-10-01"},{"lineNumber":146,"author":{"gitId":"EndireKT"},"content":"    public static void msgInvalidInputMissingTime() {","lastModifiedDate":"2021-10-01"},{"lineNumber":147,"author":{"gitId":"EndireKT"},"content":"        System.out.println(\"    ☹  OOPS!!! The time cannot be empty.\");","lastModifiedDate":"2021-10-01"},{"lineNumber":148,"author":{"gitId":"EndireKT"},"content":"        System.out.println(\"_________________________________\");","lastModifiedDate":"2021-10-01"},{"lineNumber":149,"author":{"gitId":"EndireKT"},"content":"    }","lastModifiedDate":"2021-10-01"},{"lineNumber":150,"author":{"gitId":"EndireKT"},"content":"","lastModifiedDate":"2021-10-01"},{"lineNumber":151,"author":{"gitId":"EndireKT"},"content":"    public static void msgRemoveItem(TaskList myList, int taskNumber) {","lastModifiedDate":"2021-10-01"},{"lineNumber":152,"author":{"gitId":"EndireKT"},"content":"","lastModifiedDate":"2021-10-01"},{"lineNumber":153,"author":{"gitId":"EndireKT"},"content":"        System.out.println(\"    Noted. I\u0027ve removed this task:\");","lastModifiedDate":"2021-10-01"},{"lineNumber":154,"author":{"gitId":"EndireKT"},"content":"        Message.msgBlankBeforeTaskDetail();","lastModifiedDate":"2021-10-01"},{"lineNumber":155,"author":{"gitId":"EndireKT"},"content":"        Message.msgTaskDetail(myList, taskNumber);","lastModifiedDate":"2021-10-01"},{"lineNumber":156,"author":{"gitId":"EndireKT"},"content":"        System.out.println(\"    Now you have \" + myList.getNumOfItem() + \" tasks in the list.\");","lastModifiedDate":"2021-10-01"},{"lineNumber":157,"author":{"gitId":"EndireKT"},"content":"        System.out.println(\"_________________________________\");","lastModifiedDate":"2021-10-01"},{"lineNumber":158,"author":{"gitId":"EndireKT"},"content":"    }","lastModifiedDate":"2021-10-01"},{"lineNumber":159,"author":{"gitId":"EndireKT"},"content":"","lastModifiedDate":"2021-10-01"},{"lineNumber":160,"author":{"gitId":"EndireKT"},"content":"    public static void msgWrongTaskNumber() {","lastModifiedDate":"2021-10-01"},{"lineNumber":161,"author":{"gitId":"EndireKT"},"content":"        System.out.println(\"    ☹  OOPS!!! The task number is invalid.\");","lastModifiedDate":"2021-10-01"},{"lineNumber":162,"author":{"gitId":"EndireKT"},"content":"        System.out.println(\"_________________________________\");","lastModifiedDate":"2021-10-01"},{"lineNumber":163,"author":{"gitId":"EndireKT"},"content":"    }","lastModifiedDate":"2021-10-01"},{"lineNumber":164,"author":{"gitId":"EndireKT"},"content":"    // Ending Messages \u003c\u003c\u003c\u003c\u003c\u003c\u003c\u003c\u003c\u003c\u003c\u003c\u003c\u003c\u003c\u003c\u003c\u003c\u003c\u003c\u003c\u003c\u003c\u003c\u003c\u003c\u003c\u003c\u003c\u003c\u003c\u003c\u003c\u003c\u003c\u003c\u003c\u003c\u003c\u003c\u003c\u003c\u003c\u003c\u003c\u003c\u003c","lastModifiedDate":"2021-10-01"},{"lineNumber":165,"author":{"gitId":"EndireKT"},"content":"","lastModifiedDate":"2021-10-01"},{"lineNumber":166,"author":{"gitId":"EndireKT"},"content":"    public static void msgBye() throws IOException {","lastModifiedDate":"2021-09-28"},{"lineNumber":167,"author":{"gitId":"EndireKT"},"content":"        System.out.println(\"Bye. Hope to see you again soon!\");","lastModifiedDate":"2021-09-28"},{"lineNumber":168,"author":{"gitId":"EndireKT"},"content":"        System.out.println(\"_________________________________\");","lastModifiedDate":"2021-09-28"},{"lineNumber":169,"author":{"gitId":"EndireKT"},"content":"        Message.msgBuddahProtectMe();","lastModifiedDate":"2021-09-28"},{"lineNumber":170,"author":{"gitId":"EndireKT"},"content":"    }","lastModifiedDate":"2021-09-28"},{"lineNumber":171,"author":{"gitId":"EndireKT"},"content":"","lastModifiedDate":"2021-09-28"},{"lineNumber":172,"author":{"gitId":"EndireKT"},"content":"    public static void msgBuddahProtectMe() throws IOException {","lastModifiedDate":"2021-09-27"},{"lineNumber":173,"author":{"gitId":"EndireKT"},"content":"        String everything \u003d \"\";","lastModifiedDate":"2021-09-27"},{"lineNumber":174,"author":{"gitId":"EndireKT"},"content":"","lastModifiedDate":"2021-09-28"},{"lineNumber":175,"author":{"gitId":"EndireKT"},"content":"        // ... \\Duke\\src\\main\\resources\\buddha.txt","lastModifiedDate":"2021-09-28"},{"lineNumber":176,"author":{"gitId":"EndireKT"},"content":"        // File.separator \u003d\u003d \" \\ \"","lastModifiedDate":"2021-09-28"},{"lineNumber":177,"author":{"gitId":"EndireKT"},"content":"","lastModifiedDate":"2021-09-28"},{"lineNumber":178,"author":{"gitId":"EndireKT"},"content":"        String pathRoot \u003d System.getProperty(\"user.dir\");","lastModifiedDate":"2021-09-28"},{"lineNumber":179,"author":{"gitId":"EndireKT"},"content":"        // pathRoot \u003d D:\\My Files\\School Documents\\Repository\\Duke","lastModifiedDate":"2021-09-28"},{"lineNumber":180,"author":{"gitId":"EndireKT"},"content":"","lastModifiedDate":"2021-09-28"},{"lineNumber":181,"author":{"gitId":"EndireKT"},"content":"        String pathRssFolder \u003d \"src\" + File.separator + \"main\" + File.separator + \"resources\";","lastModifiedDate":"2021-09-28"},{"lineNumber":182,"author":{"gitId":"EndireKT"},"content":"        // pathRssFolder \u003d src\\main\\resources","lastModifiedDate":"2021-09-28"},{"lineNumber":183,"author":{"gitId":"EndireKT"},"content":"","lastModifiedDate":"2021-09-28"},{"lineNumber":184,"author":{"gitId":"EndireKT"},"content":"        String pathFileName \u003d \"buddha.txt\";","lastModifiedDate":"2021-09-28"},{"lineNumber":185,"author":{"gitId":"EndireKT"},"content":"        // pathFileName \u003d buddha.txt","lastModifiedDate":"2021-09-28"},{"lineNumber":186,"author":{"gitId":"EndireKT"},"content":"","lastModifiedDate":"2021-09-28"},{"lineNumber":187,"author":{"gitId":"EndireKT"},"content":"        String filePath \u003d pathRoot + File.separator + pathRssFolder + File.separator + pathFileName;","lastModifiedDate":"2021-09-28"},{"lineNumber":188,"author":{"gitId":"EndireKT"},"content":"        // filePath \u003d D:\\My Files\\School","lastModifiedDate":"2021-09-28"},{"lineNumber":189,"author":{"gitId":"EndireKT"},"content":"        // Documents\\Repository\\Duke\\src\\main\\resources\\buddha.txt","lastModifiedDate":"2021-09-28"},{"lineNumber":190,"author":{"gitId":"EndireKT"},"content":"","lastModifiedDate":"2021-09-28"},{"lineNumber":191,"author":{"gitId":"EndireKT"},"content":"        try {","lastModifiedDate":"2021-09-28"},{"lineNumber":192,"author":{"gitId":"EndireKT"},"content":"            FileReader fr \u003d new FileReader(filePath);","lastModifiedDate":"2021-09-28"},{"lineNumber":193,"author":{"gitId":"EndireKT"},"content":"            // FileReader fr \u003d new FileReader(\"\\\\My Files\\\\School","lastModifiedDate":"2021-09-28"},{"lineNumber":194,"author":{"gitId":"EndireKT"},"content":"            // Documents\\\\Repository\\\\Duke\\\\src\\\\main\\\\resources\\\\buddha.txt\");","lastModifiedDate":"2021-09-28"},{"lineNumber":195,"author":{"gitId":"EndireKT"},"content":"            BufferedReader br \u003d new BufferedReader(fr);","lastModifiedDate":"2021-09-28"},{"lineNumber":196,"author":{"gitId":"EndireKT"},"content":"            StringBuilder sb \u003d new StringBuilder();","lastModifiedDate":"2021-09-27"},{"lineNumber":197,"author":{"gitId":"EndireKT"},"content":"            String line \u003d br.readLine();","lastModifiedDate":"2021-09-27"},{"lineNumber":198,"author":{"gitId":"EndireKT"},"content":"","lastModifiedDate":"2021-09-27"},{"lineNumber":199,"author":{"gitId":"EndireKT"},"content":"            while (line !\u003d null) {","lastModifiedDate":"2021-09-27"},{"lineNumber":200,"author":{"gitId":"EndireKT"},"content":"                sb.append(line);","lastModifiedDate":"2021-09-27"},{"lineNumber":201,"author":{"gitId":"EndireKT"},"content":"                sb.append(System.lineSeparator());","lastModifiedDate":"2021-09-27"},{"lineNumber":202,"author":{"gitId":"EndireKT"},"content":"                line \u003d br.readLine();","lastModifiedDate":"2021-09-27"},{"lineNumber":203,"author":{"gitId":"EndireKT"},"content":"            }","lastModifiedDate":"2021-09-27"},{"lineNumber":204,"author":{"gitId":"EndireKT"},"content":"            everything \u003d sb.toString();","lastModifiedDate":"2021-09-27"},{"lineNumber":205,"author":{"gitId":"EndireKT"},"content":"            br.close();","lastModifiedDate":"2021-09-28"},{"lineNumber":206,"author":{"gitId":"EndireKT"},"content":"        } catch (FileNotFoundException e) {","lastModifiedDate":"2021-09-28"},{"lineNumber":207,"author":{"gitId":"EndireKT"},"content":"            System.out.println(\"\\n \u003e\u003e\u003e Buddah Protection is not in forced \u003c\u003c\u003c\\n\");","lastModifiedDate":"2021-09-28"},{"lineNumber":208,"author":{"gitId":"EndireKT"},"content":"            System.out.println(e);","lastModifiedDate":"2021-09-28"},{"lineNumber":209,"author":{"gitId":"EndireKT"},"content":"        } finally {","lastModifiedDate":"2021-09-27"},{"lineNumber":210,"author":{"gitId":"EndireKT"},"content":"            System.out.println(everything);","lastModifiedDate":"2021-09-27"},{"lineNumber":211,"author":{"gitId":"EndireKT"},"content":"        }","lastModifiedDate":"2021-09-27"},{"lineNumber":212,"author":{"gitId":"EndireKT"},"content":"    }","lastModifiedDate":"2021-09-27"},{"lineNumber":213,"author":{"gitId":"EndireKT"},"content":"}","lastModifiedDate":"2021-09-27"}],"authorContributionMap":{"EndireKT":213}},{"path":"src/main/java/Task.java","fileType":"java","lines":[{"lineNumber":1,"author":{"gitId":"EndireKT"},"content":"public abstract class Task {","lastModifiedDate":"2021-09-30"},{"lineNumber":2,"author":{"gitId":"EndireKT"},"content":"    protected String taskDetail;","lastModifiedDate":"2021-09-30"},{"lineNumber":3,"author":{"gitId":"EndireKT"},"content":"    protected boolean isDone;","lastModifiedDate":"2021-09-30"},{"lineNumber":4,"author":{"gitId":"EndireKT"},"content":"    protected TaskType taskType;","lastModifiedDate":"2021-09-30"},{"lineNumber":5,"author":{"gitId":"EndireKT"},"content":"","lastModifiedDate":"2021-09-27"},{"lineNumber":6,"author":{"gitId":"EndireKT"},"content":"    public Task(String taskDetail) {","lastModifiedDate":"2021-09-28"},{"lineNumber":7,"author":{"gitId":"EndireKT"},"content":"        this.taskDetail \u003d taskDetail;","lastModifiedDate":"2021-09-28"},{"lineNumber":8,"author":{"gitId":"EndireKT"},"content":"    }","lastModifiedDate":"2021-09-27"},{"lineNumber":9,"author":{"gitId":"EndireKT"},"content":"","lastModifiedDate":"2021-09-27"},{"lineNumber":10,"author":{"gitId":"EndireKT"},"content":"    // Getter \u003c\u003c\u003c\u003c\u003c\u003c\u003c\u003c\u003c\u003c\u003c\u003c\u003c\u003c\u003c\u003c\u003c\u003c\u003c\u003c\u003c\u003c\u003c\u003c\u003c\u003c\u003c\u003c\u003c\u003c\u003c","lastModifiedDate":"2021-09-28"},{"lineNumber":11,"author":{"gitId":"EndireKT"},"content":"","lastModifiedDate":"2021-09-27"},{"lineNumber":12,"author":{"gitId":"EndireKT"},"content":"    public String getTaskDetail() {","lastModifiedDate":"2021-09-28"},{"lineNumber":13,"author":{"gitId":"EndireKT"},"content":"        return taskDetail;","lastModifiedDate":"2021-09-28"},{"lineNumber":14,"author":{"gitId":"EndireKT"},"content":"    }","lastModifiedDate":"2021-09-27"},{"lineNumber":15,"author":{"gitId":"EndireKT"},"content":"","lastModifiedDate":"2021-09-27"},{"lineNumber":16,"author":{"gitId":"EndireKT"},"content":"    public boolean getDoneStatus() {","lastModifiedDate":"2021-09-27"},{"lineNumber":17,"author":{"gitId":"EndireKT"},"content":"        return isDone;","lastModifiedDate":"2021-09-28"},{"lineNumber":18,"author":{"gitId":"EndireKT"},"content":"    }","lastModifiedDate":"2021-09-28"},{"lineNumber":19,"author":{"gitId":"EndireKT"},"content":"","lastModifiedDate":"2021-09-28"},{"lineNumber":20,"author":{"gitId":"EndireKT"},"content":"    public TaskType getTaskType() {","lastModifiedDate":"2021-09-30"},{"lineNumber":21,"author":{"gitId":"EndireKT"},"content":"        return taskType;","lastModifiedDate":"2021-09-30"},{"lineNumber":22,"author":{"gitId":"EndireKT"},"content":"    }","lastModifiedDate":"2021-09-30"},{"lineNumber":23,"author":{"gitId":"EndireKT"},"content":"","lastModifiedDate":"2021-09-30"},{"lineNumber":24,"author":{"gitId":"EndireKT"},"content":"    // Setter \u003c\u003c\u003c\u003c\u003c\u003c\u003c\u003c\u003c\u003c\u003c\u003c\u003c\u003c\u003c\u003c\u003c\u003c\u003c\u003c\u003c\u003c\u003c\u003c\u003c\u003c\u003c\u003c\u003c\u003c\u003c","lastModifiedDate":"2021-09-28"},{"lineNumber":25,"author":{"gitId":"EndireKT"},"content":"","lastModifiedDate":"2021-09-28"},{"lineNumber":26,"author":{"gitId":"EndireKT"},"content":"    public void setTask(String modifiedTaskDetail) {","lastModifiedDate":"2021-09-28"},{"lineNumber":27,"author":{"gitId":"EndireKT"},"content":"        taskDetail \u003d modifiedTaskDetail;","lastModifiedDate":"2021-09-28"},{"lineNumber":28,"author":{"gitId":"EndireKT"},"content":"    }","lastModifiedDate":"2021-09-28"},{"lineNumber":29,"author":{"gitId":"EndireKT"},"content":"","lastModifiedDate":"2021-09-28"},{"lineNumber":30,"author":{"gitId":"EndireKT"},"content":"    public void setTaskCompleted() {","lastModifiedDate":"2021-09-28"},{"lineNumber":31,"author":{"gitId":"EndireKT"},"content":"        isDone \u003d true;","lastModifiedDate":"2021-09-28"},{"lineNumber":32,"author":{"gitId":"EndireKT"},"content":"    }","lastModifiedDate":"2021-09-27"},{"lineNumber":33,"author":{"gitId":"EndireKT"},"content":"","lastModifiedDate":"2021-09-27"},{"lineNumber":34,"author":{"gitId":"EndireKT"},"content":"    public void setTypeOfTask(TaskType taskType) {","lastModifiedDate":"2021-09-30"},{"lineNumber":35,"author":{"gitId":"EndireKT"},"content":"        this.taskType \u003d taskType;","lastModifiedDate":"2021-09-30"},{"lineNumber":36,"author":{"gitId":"EndireKT"},"content":"    }","lastModifiedDate":"2021-09-30"},{"lineNumber":37,"author":{"gitId":"EndireKT"},"content":"","lastModifiedDate":"2021-09-30"},{"lineNumber":38,"author":{"gitId":"EndireKT"},"content":"}","lastModifiedDate":"2021-09-27"}],"authorContributionMap":{"EndireKT":38}},{"path":"src/main/java/TaskDeadline.java","fileType":"java","lines":[{"lineNumber":1,"author":{"gitId":"EndireKT"},"content":"import java.sql.Time;","lastModifiedDate":"2021-09-30"},{"lineNumber":2,"author":{"gitId":"EndireKT"},"content":"import java.util.Date;","lastModifiedDate":"2021-09-30"},{"lineNumber":3,"author":{"gitId":"EndireKT"},"content":"","lastModifiedDate":"2021-09-30"},{"lineNumber":4,"author":{"gitId":"EndireKT"},"content":"public class TaskDeadline extends Task {","lastModifiedDate":"2021-09-30"},{"lineNumber":5,"author":{"gitId":"EndireKT"},"content":"    private Date date;","lastModifiedDate":"2021-09-30"},{"lineNumber":6,"author":{"gitId":"EndireKT"},"content":"    private Time time;","lastModifiedDate":"2021-09-30"},{"lineNumber":7,"author":{"gitId":"EndireKT"},"content":"    private String dateString; // temporary attribute for Duke Level 4","lastModifiedDate":"2021-09-30"},{"lineNumber":8,"author":{"gitId":"EndireKT"},"content":"","lastModifiedDate":"2021-09-30"},{"lineNumber":9,"author":{"gitId":"EndireKT"},"content":"    public TaskDeadline(String taskDetail) {","lastModifiedDate":"2021-09-30"},{"lineNumber":10,"author":{"gitId":"EndireKT"},"content":"        super(taskDetail);","lastModifiedDate":"2021-09-30"},{"lineNumber":11,"author":{"gitId":"EndireKT"},"content":"        this.isDone \u003d false;","lastModifiedDate":"2021-09-30"},{"lineNumber":12,"author":{"gitId":"EndireKT"},"content":"        this.taskType \u003d TaskType.DEADLINE;","lastModifiedDate":"2021-09-30"},{"lineNumber":13,"author":{"gitId":"EndireKT"},"content":"    }","lastModifiedDate":"2021-09-30"},{"lineNumber":14,"author":{"gitId":"EndireKT"},"content":"","lastModifiedDate":"2021-09-30"},{"lineNumber":15,"author":{"gitId":"EndireKT"},"content":"    public TaskDeadline(String taskDetail, Date date, Time time) {","lastModifiedDate":"2021-09-30"},{"lineNumber":16,"author":{"gitId":"EndireKT"},"content":"        super(taskDetail);","lastModifiedDate":"2021-09-30"},{"lineNumber":17,"author":{"gitId":"EndireKT"},"content":"        this.isDone \u003d false;","lastModifiedDate":"2021-09-30"},{"lineNumber":18,"author":{"gitId":"EndireKT"},"content":"        this.taskType \u003d TaskType.DEADLINE;","lastModifiedDate":"2021-09-30"},{"lineNumber":19,"author":{"gitId":"EndireKT"},"content":"        this.date \u003d date;","lastModifiedDate":"2021-09-30"},{"lineNumber":20,"author":{"gitId":"EndireKT"},"content":"        this.time \u003d time;","lastModifiedDate":"2021-09-30"},{"lineNumber":21,"author":{"gitId":"EndireKT"},"content":"    }","lastModifiedDate":"2021-09-30"},{"lineNumber":22,"author":{"gitId":"EndireKT"},"content":"","lastModifiedDate":"2021-09-30"},{"lineNumber":23,"author":{"gitId":"EndireKT"},"content":"    public TaskDeadline(String taskDetail, String dateString) { // temporary constructor for Duke Level 4","lastModifiedDate":"2021-09-30"},{"lineNumber":24,"author":{"gitId":"EndireKT"},"content":"        super(taskDetail);","lastModifiedDate":"2021-09-30"},{"lineNumber":25,"author":{"gitId":"EndireKT"},"content":"        this.isDone \u003d false;","lastModifiedDate":"2021-09-30"},{"lineNumber":26,"author":{"gitId":"EndireKT"},"content":"        this.taskType \u003d TaskType.DEADLINE;","lastModifiedDate":"2021-09-30"},{"lineNumber":27,"author":{"gitId":"EndireKT"},"content":"        this.dateString \u003d dateString;","lastModifiedDate":"2021-09-30"},{"lineNumber":28,"author":{"gitId":"EndireKT"},"content":"    }","lastModifiedDate":"2021-09-30"},{"lineNumber":29,"author":{"gitId":"EndireKT"},"content":"","lastModifiedDate":"2021-09-30"},{"lineNumber":30,"author":{"gitId":"EndireKT"},"content":"    public String getDateString() { // temporary constructor for Duke Level 4","lastModifiedDate":"2021-09-30"},{"lineNumber":31,"author":{"gitId":"EndireKT"},"content":"        return dateString;","lastModifiedDate":"2021-09-30"},{"lineNumber":32,"author":{"gitId":"EndireKT"},"content":"    }","lastModifiedDate":"2021-09-30"},{"lineNumber":33,"author":{"gitId":"EndireKT"},"content":"}","lastModifiedDate":"2021-09-30"}],"authorContributionMap":{"EndireKT":33}},{"path":"src/main/java/TaskEvent.java","fileType":"java","lines":[{"lineNumber":1,"author":{"gitId":"EndireKT"},"content":"import java.sql.Time;","lastModifiedDate":"2021-09-30"},{"lineNumber":2,"author":{"gitId":"EndireKT"},"content":"import java.util.Date;","lastModifiedDate":"2021-09-30"},{"lineNumber":3,"author":{"gitId":"EndireKT"},"content":"","lastModifiedDate":"2021-09-30"},{"lineNumber":4,"author":{"gitId":"EndireKT"},"content":"public class TaskEvent extends Task {","lastModifiedDate":"2021-09-30"},{"lineNumber":5,"author":{"gitId":"EndireKT"},"content":"    private Date date;","lastModifiedDate":"2021-09-30"},{"lineNumber":6,"author":{"gitId":"EndireKT"},"content":"    private Time startTime;","lastModifiedDate":"2021-09-30"},{"lineNumber":7,"author":{"gitId":"EndireKT"},"content":"    private Time endTime;","lastModifiedDate":"2021-09-30"},{"lineNumber":8,"author":{"gitId":"EndireKT"},"content":"    private String dateTime; // temporary attribute for Duke Level 4","lastModifiedDate":"2021-09-30"},{"lineNumber":9,"author":{"gitId":"EndireKT"},"content":"","lastModifiedDate":"2021-09-30"},{"lineNumber":10,"author":{"gitId":"EndireKT"},"content":"    public TaskEvent(String taskDetail) {","lastModifiedDate":"2021-09-30"},{"lineNumber":11,"author":{"gitId":"EndireKT"},"content":"        super(taskDetail);","lastModifiedDate":"2021-09-30"},{"lineNumber":12,"author":{"gitId":"EndireKT"},"content":"        this.isDone \u003d false;","lastModifiedDate":"2021-09-30"},{"lineNumber":13,"author":{"gitId":"EndireKT"},"content":"        this.taskType \u003d TaskType.EVENT;","lastModifiedDate":"2021-09-30"},{"lineNumber":14,"author":{"gitId":"EndireKT"},"content":"    }","lastModifiedDate":"2021-09-30"},{"lineNumber":15,"author":{"gitId":"EndireKT"},"content":"","lastModifiedDate":"2021-09-30"},{"lineNumber":16,"author":{"gitId":"EndireKT"},"content":"    public TaskEvent(String taskDetail, Date date, Time startTime, Time endTime) {","lastModifiedDate":"2021-09-30"},{"lineNumber":17,"author":{"gitId":"EndireKT"},"content":"        super(taskDetail);","lastModifiedDate":"2021-09-30"},{"lineNumber":18,"author":{"gitId":"EndireKT"},"content":"        this.isDone \u003d false;","lastModifiedDate":"2021-09-30"},{"lineNumber":19,"author":{"gitId":"EndireKT"},"content":"        this.taskType \u003d TaskType.EVENT;","lastModifiedDate":"2021-09-30"},{"lineNumber":20,"author":{"gitId":"EndireKT"},"content":"        this.date \u003d date;","lastModifiedDate":"2021-09-30"},{"lineNumber":21,"author":{"gitId":"EndireKT"},"content":"        this.startTime \u003d startTime;","lastModifiedDate":"2021-09-30"},{"lineNumber":22,"author":{"gitId":"EndireKT"},"content":"        this.endTime \u003d endTime;","lastModifiedDate":"2021-09-30"},{"lineNumber":23,"author":{"gitId":"EndireKT"},"content":"    }","lastModifiedDate":"2021-09-30"},{"lineNumber":24,"author":{"gitId":"EndireKT"},"content":"","lastModifiedDate":"2021-09-30"},{"lineNumber":25,"author":{"gitId":"EndireKT"},"content":"    public TaskEvent(String taskDetail, String dayTime) { // temporary constructor for Duke Level 4","lastModifiedDate":"2021-09-30"},{"lineNumber":26,"author":{"gitId":"EndireKT"},"content":"        super(taskDetail);","lastModifiedDate":"2021-09-30"},{"lineNumber":27,"author":{"gitId":"EndireKT"},"content":"        this.isDone \u003d false;","lastModifiedDate":"2021-09-30"},{"lineNumber":28,"author":{"gitId":"EndireKT"},"content":"        this.taskType \u003d TaskType.EVENT;","lastModifiedDate":"2021-09-30"},{"lineNumber":29,"author":{"gitId":"EndireKT"},"content":"        this.dateTime \u003d dayTime;","lastModifiedDate":"2021-09-30"},{"lineNumber":30,"author":{"gitId":"EndireKT"},"content":"    }","lastModifiedDate":"2021-09-30"},{"lineNumber":31,"author":{"gitId":"EndireKT"},"content":"","lastModifiedDate":"2021-09-30"},{"lineNumber":32,"author":{"gitId":"EndireKT"},"content":"    public String getDayTime() { // temporary constructor for Duke Level 4","lastModifiedDate":"2021-09-30"},{"lineNumber":33,"author":{"gitId":"EndireKT"},"content":"        return dateTime;","lastModifiedDate":"2021-09-30"},{"lineNumber":34,"author":{"gitId":"EndireKT"},"content":"    }","lastModifiedDate":"2021-09-30"},{"lineNumber":35,"author":{"gitId":"EndireKT"},"content":"}","lastModifiedDate":"2021-09-30"}],"authorContributionMap":{"EndireKT":35}},{"path":"src/main/java/TaskList.java","fileType":"java","lines":[{"lineNumber":1,"author":{"gitId":"EndireKT"},"content":"import java.util.ArrayList;","lastModifiedDate":"2021-09-27"},{"lineNumber":2,"author":{"gitId":"EndireKT"},"content":"import java.util.*;","lastModifiedDate":"2021-09-27"},{"lineNumber":3,"author":{"gitId":"EndireKT"},"content":"import java.sql.Time;","lastModifiedDate":"2021-09-30"},{"lineNumber":4,"author":{"gitId":"EndireKT"},"content":"import java.util.Date;","lastModifiedDate":"2021-09-30"},{"lineNumber":5,"author":{"gitId":"EndireKT"},"content":"","lastModifiedDate":"2021-09-27"},{"lineNumber":6,"author":{"gitId":"EndireKT"},"content":"public class TaskList {","lastModifiedDate":"2021-09-27"},{"lineNumber":7,"author":{"gitId":"EndireKT"},"content":"    private List\u003cTask\u003e list;","lastModifiedDate":"2021-09-27"},{"lineNumber":8,"author":{"gitId":"EndireKT"},"content":"","lastModifiedDate":"2021-09-27"},{"lineNumber":9,"author":{"gitId":"EndireKT"},"content":"    // Initialize \u0026 Add Item \u0026 Remove Item \u003c\u003c\u003c\u003c\u003c\u003c\u003c\u003c\u003c\u003c\u003c\u003c\u003c\u003c\u003c\u003c\u003c\u003c\u003c\u003c\u003c\u003c\u003c\u003c\u003c\u003c\u003c\u003c\u003c\u003c\u003c","lastModifiedDate":"2021-09-30"},{"lineNumber":10,"author":{"gitId":"EndireKT"},"content":"","lastModifiedDate":"2021-09-30"},{"lineNumber":11,"author":{"gitId":"EndireKT"},"content":"    public TaskList() {","lastModifiedDate":"2021-09-27"},{"lineNumber":12,"author":{"gitId":"EndireKT"},"content":"        list \u003d new ArrayList\u003cTask\u003e();","lastModifiedDate":"2021-09-27"},{"lineNumber":13,"author":{"gitId":"EndireKT"},"content":"    }","lastModifiedDate":"2021-09-27"},{"lineNumber":14,"author":{"gitId":"EndireKT"},"content":"","lastModifiedDate":"2021-09-27"},{"lineNumber":15,"author":{"gitId":"EndireKT"},"content":"    public void addItemToDos(String taskDetail) {","lastModifiedDate":"2021-09-30"},{"lineNumber":16,"author":{"gitId":"EndireKT"},"content":"        list.add(new TaskToDos(taskDetail));","lastModifiedDate":"2021-09-30"},{"lineNumber":17,"author":{"gitId":"EndireKT"},"content":"    }","lastModifiedDate":"2021-09-30"},{"lineNumber":18,"author":{"gitId":"EndireKT"},"content":"","lastModifiedDate":"2021-09-30"},{"lineNumber":19,"author":{"gitId":"EndireKT"},"content":"    public void addItemDeadline(String taskDetail, Date date, Time time) {","lastModifiedDate":"2021-09-30"},{"lineNumber":20,"author":{"gitId":"EndireKT"},"content":"        list.add(new TaskDeadline(taskDetail, date, time));","lastModifiedDate":"2021-09-30"},{"lineNumber":21,"author":{"gitId":"EndireKT"},"content":"    }","lastModifiedDate":"2021-09-30"},{"lineNumber":22,"author":{"gitId":"EndireKT"},"content":"","lastModifiedDate":"2021-09-30"},{"lineNumber":23,"author":{"gitId":"EndireKT"},"content":"    public void addItemDeadline(String taskDetail, String dateString) { // temporary constructor for Duke Level 4","lastModifiedDate":"2021-09-30"},{"lineNumber":24,"author":{"gitId":"EndireKT"},"content":"        list.add(new TaskDeadline(taskDetail, dateString));","lastModifiedDate":"2021-09-30"},{"lineNumber":25,"author":{"gitId":"EndireKT"},"content":"    }","lastModifiedDate":"2021-09-30"},{"lineNumber":26,"author":{"gitId":"EndireKT"},"content":"","lastModifiedDate":"2021-09-30"},{"lineNumber":27,"author":{"gitId":"EndireKT"},"content":"    public void addItemEvent(String taskDetail, Date date, Time startTime, Time endTime) {","lastModifiedDate":"2021-09-30"},{"lineNumber":28,"author":{"gitId":"EndireKT"},"content":"        list.add(new TaskEvent(taskDetail, date, startTime, endTime));","lastModifiedDate":"2021-09-30"},{"lineNumber":29,"author":{"gitId":"EndireKT"},"content":"    }","lastModifiedDate":"2021-09-30"},{"lineNumber":30,"author":{"gitId":"EndireKT"},"content":"","lastModifiedDate":"2021-09-30"},{"lineNumber":31,"author":{"gitId":"EndireKT"},"content":"    public void addItemEvent(String taskDetail, String daytime) { // temporary constructor for Duke Level 4","lastModifiedDate":"2021-09-30"},{"lineNumber":32,"author":{"gitId":"EndireKT"},"content":"        list.add(new TaskEvent(taskDetail, daytime));","lastModifiedDate":"2021-09-30"},{"lineNumber":33,"author":{"gitId":"EndireKT"},"content":"    }","lastModifiedDate":"2021-09-27"},{"lineNumber":34,"author":{"gitId":"EndireKT"},"content":"","lastModifiedDate":"2021-09-27"},{"lineNumber":35,"author":{"gitId":"EndireKT"},"content":"    public void removeItem(int index) {","lastModifiedDate":"2021-09-27"},{"lineNumber":36,"author":{"gitId":"EndireKT"},"content":"        list.remove(index);","lastModifiedDate":"2021-09-27"},{"lineNumber":37,"author":{"gitId":"EndireKT"},"content":"    }","lastModifiedDate":"2021-09-27"},{"lineNumber":38,"author":{"gitId":"EndireKT"},"content":"","lastModifiedDate":"2021-09-27"},{"lineNumber":39,"author":{"gitId":"EndireKT"},"content":"    // Getter \u003c\u003c\u003c\u003c\u003c\u003c\u003c\u003c\u003c\u003c\u003c\u003c\u003c\u003c\u003c\u003c\u003c\u003c\u003c\u003c\u003c\u003c\u003c\u003c\u003c\u003c\u003c\u003c\u003c\u003c\u003c","lastModifiedDate":"2021-09-28"},{"lineNumber":40,"author":{"gitId":"EndireKT"},"content":"","lastModifiedDate":"2021-09-28"},{"lineNumber":41,"author":{"gitId":"EndireKT"},"content":"    public Task getTask(int index) {","lastModifiedDate":"2021-09-28"},{"lineNumber":42,"author":{"gitId":"EndireKT"},"content":"        return list.get(index);","lastModifiedDate":"2021-09-28"},{"lineNumber":43,"author":{"gitId":"EndireKT"},"content":"    }","lastModifiedDate":"2021-09-28"},{"lineNumber":44,"author":{"gitId":"EndireKT"},"content":"","lastModifiedDate":"2021-09-28"},{"lineNumber":45,"author":{"gitId":"EndireKT"},"content":"    public String getTaskDetail(int index) {","lastModifiedDate":"2021-09-28"},{"lineNumber":46,"author":{"gitId":"EndireKT"},"content":"        Task task \u003d list.get(index);","lastModifiedDate":"2021-09-27"},{"lineNumber":47,"author":{"gitId":"EndireKT"},"content":"        return task.getTaskDetail();","lastModifiedDate":"2021-09-28"},{"lineNumber":48,"author":{"gitId":"EndireKT"},"content":"    }","lastModifiedDate":"2021-09-28"},{"lineNumber":49,"author":{"gitId":"EndireKT"},"content":"","lastModifiedDate":"2021-09-28"},{"lineNumber":50,"author":{"gitId":"EndireKT"},"content":"    public boolean getTaskDoneStatus(int index) {","lastModifiedDate":"2021-09-28"},{"lineNumber":51,"author":{"gitId":"EndireKT"},"content":"        Task task \u003d list.get(index);","lastModifiedDate":"2021-09-28"},{"lineNumber":52,"author":{"gitId":"EndireKT"},"content":"        return task.getDoneStatus();","lastModifiedDate":"2021-09-28"},{"lineNumber":53,"author":{"gitId":"EndireKT"},"content":"    }","lastModifiedDate":"2021-09-27"},{"lineNumber":54,"author":{"gitId":"EndireKT"},"content":"","lastModifiedDate":"2021-09-27"},{"lineNumber":55,"author":{"gitId":"EndireKT"},"content":"    public String getTaskDeadlineDateString(int index) { // temporary method for Duke Level 4","lastModifiedDate":"2021-09-30"},{"lineNumber":56,"author":{"gitId":"EndireKT"},"content":"        TaskDeadline task \u003d (TaskDeadline) list.get(index);","lastModifiedDate":"2021-09-30"},{"lineNumber":57,"author":{"gitId":"EndireKT"},"content":"        return task.getDateString();","lastModifiedDate":"2021-09-30"},{"lineNumber":58,"author":{"gitId":"EndireKT"},"content":"    }","lastModifiedDate":"2021-09-30"},{"lineNumber":59,"author":{"gitId":"EndireKT"},"content":"","lastModifiedDate":"2021-09-30"},{"lineNumber":60,"author":{"gitId":"EndireKT"},"content":"    public String getTaskEventDateTimeString(int index) { // temporary method for Duke Level 4","lastModifiedDate":"2021-09-30"},{"lineNumber":61,"author":{"gitId":"EndireKT"},"content":"        TaskEvent task \u003d (TaskEvent) list.get(index);","lastModifiedDate":"2021-09-30"},{"lineNumber":62,"author":{"gitId":"EndireKT"},"content":"        return task.getDayTime();","lastModifiedDate":"2021-09-30"},{"lineNumber":63,"author":{"gitId":"EndireKT"},"content":"    }","lastModifiedDate":"2021-09-30"},{"lineNumber":64,"author":{"gitId":"EndireKT"},"content":"","lastModifiedDate":"2021-09-30"},{"lineNumber":65,"author":{"gitId":"EndireKT"},"content":"    public int getNumOfItem() {","lastModifiedDate":"2021-09-27"},{"lineNumber":66,"author":{"gitId":"EndireKT"},"content":"        return list.size();","lastModifiedDate":"2021-09-27"},{"lineNumber":67,"author":{"gitId":"EndireKT"},"content":"    }","lastModifiedDate":"2021-09-27"},{"lineNumber":68,"author":{"gitId":"EndireKT"},"content":"","lastModifiedDate":"2021-09-28"},{"lineNumber":69,"author":{"gitId":"EndireKT"},"content":"    public TaskType getTaskType(int index) {","lastModifiedDate":"2021-09-30"},{"lineNumber":70,"author":{"gitId":"EndireKT"},"content":"        Task task \u003d list.get(index);","lastModifiedDate":"2021-09-30"},{"lineNumber":71,"author":{"gitId":"EndireKT"},"content":"        return task.getTaskType();","lastModifiedDate":"2021-09-30"},{"lineNumber":72,"author":{"gitId":"EndireKT"},"content":"    }","lastModifiedDate":"2021-09-30"},{"lineNumber":73,"author":{"gitId":"EndireKT"},"content":"","lastModifiedDate":"2021-09-30"},{"lineNumber":74,"author":{"gitId":"EndireKT"},"content":"    // Setter \u003c\u003c\u003c\u003c\u003c\u003c\u003c\u003c\u003c\u003c\u003c\u003c\u003c\u003c\u003c\u003c\u003c\u003c\u003c\u003c\u003c\u003c\u003c\u003c\u003c\u003c\u003c\u003c\u003c\u003c\u003c","lastModifiedDate":"2021-09-28"},{"lineNumber":75,"author":{"gitId":"EndireKT"},"content":"","lastModifiedDate":"2021-09-28"},{"lineNumber":76,"author":{"gitId":"EndireKT"},"content":"    public void setTaskDone(int index) {","lastModifiedDate":"2021-09-28"},{"lineNumber":77,"author":{"gitId":"EndireKT"},"content":"        Task task \u003d list.get(index);","lastModifiedDate":"2021-09-28"},{"lineNumber":78,"author":{"gitId":"EndireKT"},"content":"        task.setTaskCompleted();","lastModifiedDate":"2021-09-28"},{"lineNumber":79,"author":{"gitId":"EndireKT"},"content":"    }","lastModifiedDate":"2021-09-28"},{"lineNumber":80,"author":{"gitId":"EndireKT"},"content":"}","lastModifiedDate":"2021-09-27"}],"authorContributionMap":{"EndireKT":80}},{"path":"src/main/java/TaskToDos.java","fileType":"java","lines":[{"lineNumber":1,"author":{"gitId":"EndireKT"},"content":"public class TaskToDos extends Task {","lastModifiedDate":"2021-09-30"},{"lineNumber":2,"author":{"gitId":"EndireKT"},"content":"","lastModifiedDate":"2021-09-30"},{"lineNumber":3,"author":{"gitId":"EndireKT"},"content":"    public TaskToDos(String taskDetail) {","lastModifiedDate":"2021-09-30"},{"lineNumber":4,"author":{"gitId":"EndireKT"},"content":"        super(taskDetail);","lastModifiedDate":"2021-09-30"},{"lineNumber":5,"author":{"gitId":"EndireKT"},"content":"        this.isDone \u003d false;","lastModifiedDate":"2021-09-30"},{"lineNumber":6,"author":{"gitId":"EndireKT"},"content":"        this.taskType \u003d TaskType.TODOS;","lastModifiedDate":"2021-09-30"},{"lineNumber":7,"author":{"gitId":"EndireKT"},"content":"    }","lastModifiedDate":"2021-09-30"},{"lineNumber":8,"author":{"gitId":"EndireKT"},"content":"}","lastModifiedDate":"2021-09-30"}],"authorContributionMap":{"EndireKT":8}},{"path":"src/main/java/TaskType.java","fileType":"java","lines":[{"lineNumber":1,"author":{"gitId":"EndireKT"},"content":"public enum TaskType {","lastModifiedDate":"2021-09-30"},{"lineNumber":2,"author":{"gitId":"EndireKT"},"content":"    TODOS, DEADLINE, EVENT;","lastModifiedDate":"2021-09-30"},{"lineNumber":3,"author":{"gitId":"EndireKT"},"content":"","lastModifiedDate":"2021-09-30"},{"lineNumber":4,"author":{"gitId":"EndireKT"},"content":"    public static String taskTypeToString(TaskType taskType) {","lastModifiedDate":"2021-09-30"},{"lineNumber":5,"author":{"gitId":"EndireKT"},"content":"        String s \u003d \"\";","lastModifiedDate":"2021-09-30"},{"lineNumber":6,"author":{"gitId":"EndireKT"},"content":"        switch (taskType) {","lastModifiedDate":"2021-09-30"},{"lineNumber":7,"author":{"gitId":"EndireKT"},"content":"            case TODOS:","lastModifiedDate":"2021-09-30"},{"lineNumber":8,"author":{"gitId":"EndireKT"},"content":"                s \u003d \"T\";","lastModifiedDate":"2021-09-30"},{"lineNumber":9,"author":{"gitId":"EndireKT"},"content":"                break;","lastModifiedDate":"2021-09-30"},{"lineNumber":10,"author":{"gitId":"EndireKT"},"content":"            case DEADLINE:","lastModifiedDate":"2021-09-30"},{"lineNumber":11,"author":{"gitId":"EndireKT"},"content":"                s \u003d \"D\";","lastModifiedDate":"2021-09-30"},{"lineNumber":12,"author":{"gitId":"EndireKT"},"content":"                break;","lastModifiedDate":"2021-09-30"},{"lineNumber":13,"author":{"gitId":"EndireKT"},"content":"            case EVENT:","lastModifiedDate":"2021-09-30"},{"lineNumber":14,"author":{"gitId":"EndireKT"},"content":"                s \u003d \"E\";","lastModifiedDate":"2021-09-30"},{"lineNumber":15,"author":{"gitId":"EndireKT"},"content":"                break;","lastModifiedDate":"2021-09-30"},{"lineNumber":16,"author":{"gitId":"EndireKT"},"content":"        }","lastModifiedDate":"2021-09-30"},{"lineNumber":17,"author":{"gitId":"EndireKT"},"content":"        return s;","lastModifiedDate":"2021-09-30"},{"lineNumber":18,"author":{"gitId":"EndireKT"},"content":"    }","lastModifiedDate":"2021-09-30"},{"lineNumber":19,"author":{"gitId":"EndireKT"},"content":"}","lastModifiedDate":"2021-09-30"}],"authorContributionMap":{"EndireKT":19}},{"path":"src/main/resources/buddha.txt","fileType":"txt","lines":[{"lineNumber":1,"author":{"gitId":"EndireKT"},"content":"//","lastModifiedDate":"2021-09-07"},{"lineNumber":2,"author":{"gitId":"EndireKT"},"content":"//                       _oo0oo_","lastModifiedDate":"2021-09-07"},{"lineNumber":3,"author":{"gitId":"EndireKT"},"content":"//                      o8888888o","lastModifiedDate":"2021-09-07"},{"lineNumber":4,"author":{"gitId":"EndireKT"},"content":"//                      88\" . \"88","lastModifiedDate":"2021-09-07"},{"lineNumber":5,"author":{"gitId":"EndireKT"},"content":"//                      (| -_- |)","lastModifiedDate":"2021-09-07"},{"lineNumber":6,"author":{"gitId":"EndireKT"},"content":"//                      0\\  \u003d  /0","lastModifiedDate":"2021-09-07"},{"lineNumber":7,"author":{"gitId":"EndireKT"},"content":"//                    ___/`---\u0027\\___","lastModifiedDate":"2021-09-07"},{"lineNumber":8,"author":{"gitId":"EndireKT"},"content":"//                  .\u0027 \\\\|     |// \u0027.","lastModifiedDate":"2021-09-07"},{"lineNumber":9,"author":{"gitId":"EndireKT"},"content":"//                 / \\\\|||  :  |||// \\","lastModifiedDate":"2021-09-07"},{"lineNumber":10,"author":{"gitId":"EndireKT"},"content":"//                / _||||| -:- |||||- \\","lastModifiedDate":"2021-09-07"},{"lineNumber":11,"author":{"gitId":"EndireKT"},"content":"//               |   | \\\\\\  -  /// |   |","lastModifiedDate":"2021-09-07"},{"lineNumber":12,"author":{"gitId":"EndireKT"},"content":"//               | \\_|  \u0027\u0027\\---/\u0027\u0027  |_/ |","lastModifiedDate":"2021-09-07"},{"lineNumber":13,"author":{"gitId":"EndireKT"},"content":"//               \\  .-\\__  \u0027-\u0027  ___/-. /","lastModifiedDate":"2021-09-07"},{"lineNumber":14,"author":{"gitId":"EndireKT"},"content":"//             ___\u0027. .\u0027  /--.--\\  `. .\u0027___","lastModifiedDate":"2021-09-07"},{"lineNumber":15,"author":{"gitId":"EndireKT"},"content":"//          .\"\" \u0027\u003c  `.___\\_\u003c|\u003e_/___.\u0027 \u003e\u0027 \"\".","lastModifiedDate":"2021-09-07"},{"lineNumber":16,"author":{"gitId":"EndireKT"},"content":"//         | | :  `- \\`.;`\\ _ /`;.`/ - ` : | |","lastModifiedDate":"2021-09-07"},{"lineNumber":17,"author":{"gitId":"EndireKT"},"content":"//         \\  \\ `_.   \\_ __\\ /__ _/   .-` /  /","lastModifiedDate":"2021-09-07"},{"lineNumber":18,"author":{"gitId":"EndireKT"},"content":"//     \u003d\u003d\u003d\u003d\u003d`-.____`.___ \\_____/___.-`___.-\u0027\u003d\u003d\u003d\u003d\u003d","lastModifiedDate":"2021-09-07"},{"lineNumber":19,"author":{"gitId":"EndireKT"},"content":"//                       `\u003d---\u003d\u0027","lastModifiedDate":"2021-09-07"},{"lineNumber":20,"author":{"gitId":"EndireKT"},"content":"//","lastModifiedDate":"2021-09-07"},{"lineNumber":21,"author":{"gitId":"EndireKT"},"content":"//","lastModifiedDate":"2021-09-07"},{"lineNumber":22,"author":{"gitId":"EndireKT"},"content":"//     ~~~~~~~~~~~~~~~~~~~~~~~~~~~~~~~~~~~~~~~~~~~","lastModifiedDate":"2021-09-07"},{"lineNumber":23,"author":{"gitId":"EndireKT"},"content":"//     Buddha Protect Me       Say Bye to All Bug","lastModifiedDate":"2021-09-07"},{"lineNumber":24,"author":{"gitId":"EndireKT"},"content":"//     ~~~~~~~~~~~~~~~~~~~~~~~~~~~~~~~~~~~~~~~~~~~","lastModifiedDate":"2021-09-07"}],"authorContributionMap":{"EndireKT":24}},{"path":"text-ui-test/input.txt","fileType":"txt","lines":[{"lineNumber":1,"author":{"gitId":"EndireKT"},"content":"todo borrow book","lastModifiedDate":"2021-10-01"},{"lineNumber":2,"author":{"gitId":"EndireKT"},"content":"deadline return book /by Sunday","lastModifiedDate":"2021-10-01"},{"lineNumber":3,"author":{"gitId":"EndireKT"},"content":"event project meeting /at Mon 2-4pm","lastModifiedDate":"2021-10-01"},{"lineNumber":4,"author":{"gitId":"EndireKT"},"content":"list","lastModifiedDate":"2021-09-28"},{"lineNumber":5,"author":{"gitId":"EndireKT"},"content":"done 2","lastModifiedDate":"2021-09-28"},{"lineNumber":6,"author":{"gitId":"EndireKT"},"content":"done 10","lastModifiedDate":"2021-10-01"},{"lineNumber":7,"author":{"gitId":"EndireKT"},"content":"list ","lastModifiedDate":"2021-10-01"},{"lineNumber":8,"author":{"gitId":"EndireKT"},"content":"delete 1","lastModifiedDate":"2021-10-01"},{"lineNumber":9,"author":{"gitId":"EndireKT"},"content":"delete 10","lastModifiedDate":"2021-10-01"},{"lineNumber":10,"author":{"gitId":"EndireKT"},"content":"list","lastModifiedDate":"2021-10-01"},{"lineNumber":11,"author":{"gitId":"EndireKT"},"content":"deadline do homework /by no idea :-p","lastModifiedDate":"2021-10-01"},{"lineNumber":12,"author":{"gitId":"EndireKT"},"content":"list","lastModifiedDate":"2021-10-01"},{"lineNumber":13,"author":{"gitId":"EndireKT"},"content":"deadline do homework ","lastModifiedDate":"2021-10-01"},{"lineNumber":14,"author":{"gitId":"EndireKT"},"content":"deadline","lastModifiedDate":"2021-10-01"},{"lineNumber":15,"author":{"gitId":"EndireKT"},"content":"list","lastModifiedDate":"2021-09-28"},{"lineNumber":16,"author":{"gitId":"EndireKT"},"content":"bye","lastModifiedDate":"2021-09-28"}],"authorContributionMap":{"EndireKT":16}}]
