[{"path":"src/main/java/Action.java","fileType":"java","lines":[{"lineNumber":1,"author":{"gitId":"EndireKT"},"content":"import java.util.Scanner;","lastModifiedDate":"2021-09-28"},{"lineNumber":2,"author":{"gitId":"EndireKT"},"content":"import java.io.*;","lastModifiedDate":"2021-09-28"},{"lineNumber":3,"author":{"gitId":"EndireKT"},"content":"","lastModifiedDate":"2021-09-28"},{"lineNumber":4,"author":{"gitId":"EndireKT"},"content":"public class Action {","lastModifiedDate":"2021-09-28"},{"lineNumber":5,"author":{"gitId":"EndireKT"},"content":"","lastModifiedDate":"2021-09-28"},{"lineNumber":6,"author":{"gitId":"EndireKT"},"content":"    public static void StartDuke() {","lastModifiedDate":"2021-09-28"},{"lineNumber":7,"author":{"gitId":"EndireKT"},"content":"        Message.msgGreet();","lastModifiedDate":"2021-09-28"},{"lineNumber":8,"author":{"gitId":"EndireKT"},"content":"    }","lastModifiedDate":"2021-09-28"},{"lineNumber":9,"author":{"gitId":"EndireKT"},"content":"","lastModifiedDate":"2021-09-28"},{"lineNumber":10,"author":{"gitId":"EndireKT"},"content":"    public static void RunDuke() {","lastModifiedDate":"2021-09-28"},{"lineNumber":11,"author":{"gitId":"EndireKT"},"content":"        boolean bye \u003d false;","lastModifiedDate":"2021-09-28"},{"lineNumber":12,"author":{"gitId":"EndireKT"},"content":"        String line;","lastModifiedDate":"2021-09-28"},{"lineNumber":13,"author":{"gitId":"EndireKT"},"content":"        Scanner in \u003d new Scanner(System.in);","lastModifiedDate":"2021-09-28"},{"lineNumber":14,"author":{"gitId":"EndireKT"},"content":"        TaskList myList \u003d new TaskList();","lastModifiedDate":"2021-09-28"},{"lineNumber":15,"author":{"gitId":"EndireKT"},"content":"        while (!bye) {","lastModifiedDate":"2021-09-28"},{"lineNumber":16,"author":{"gitId":"EndireKT"},"content":"            line \u003d in.nextLine();","lastModifiedDate":"2021-09-28"},{"lineNumber":17,"author":{"gitId":"EndireKT"},"content":"","lastModifiedDate":"2021-09-28"},{"lineNumber":18,"author":{"gitId":"EndireKT"},"content":"            if (line.equals(\"list\")) {","lastModifiedDate":"2021-09-28"},{"lineNumber":19,"author":{"gitId":"EndireKT"},"content":"                Message.msgList(myList);","lastModifiedDate":"2021-09-28"},{"lineNumber":20,"author":{"gitId":"EndireKT"},"content":"            } else if (line.equals(\"bye\")) {","lastModifiedDate":"2021-09-28"},{"lineNumber":21,"author":{"gitId":"EndireKT"},"content":"                bye \u003d true;","lastModifiedDate":"2021-09-28"},{"lineNumber":22,"author":{"gitId":"EndireKT"},"content":"            } else if (line.contains(\"done\")) {","lastModifiedDate":"2021-09-28"},{"lineNumber":23,"author":{"gitId":"EndireKT"},"content":"                // *** assume user key in done properly, tbc edit next time ***","lastModifiedDate":"2021-09-28"},{"lineNumber":24,"author":{"gitId":"EndireKT"},"content":"                // System.out.println(line.substring(5));","lastModifiedDate":"2021-09-28"},{"lineNumber":25,"author":{"gitId":"EndireKT"},"content":"","lastModifiedDate":"2021-09-28"},{"lineNumber":26,"author":{"gitId":"EndireKT"},"content":"                if (line.substring(0, 4).equals(\"done\")) {","lastModifiedDate":"2021-09-28"},{"lineNumber":27,"author":{"gitId":"EndireKT"},"content":"                    Integer taskNumber \u003d Integer.parseInt(line.substring(5)) - 1;","lastModifiedDate":"2021-09-28"},{"lineNumber":28,"author":{"gitId":"EndireKT"},"content":"                    MarkTaskDone(myList, taskNumber);","lastModifiedDate":"2021-09-28"},{"lineNumber":29,"author":{"gitId":"EndireKT"},"content":"                    Message.msgMarkDone(myList, taskNumber);","lastModifiedDate":"2021-09-28"},{"lineNumber":30,"author":{"gitId":"EndireKT"},"content":"                } else {","lastModifiedDate":"2021-09-28"},{"lineNumber":31,"author":{"gitId":"EndireKT"},"content":"                    myList.addItem(line);","lastModifiedDate":"2021-09-28"},{"lineNumber":32,"author":{"gitId":"EndireKT"},"content":"                    Message.msgEcho(line);","lastModifiedDate":"2021-09-28"},{"lineNumber":33,"author":{"gitId":"EndireKT"},"content":"                }","lastModifiedDate":"2021-09-28"},{"lineNumber":34,"author":{"gitId":"EndireKT"},"content":"            } else {","lastModifiedDate":"2021-09-28"},{"lineNumber":35,"author":{"gitId":"EndireKT"},"content":"                myList.addItem(line);","lastModifiedDate":"2021-09-28"},{"lineNumber":36,"author":{"gitId":"EndireKT"},"content":"                Message.msgEcho(line);","lastModifiedDate":"2021-09-28"},{"lineNumber":37,"author":{"gitId":"EndireKT"},"content":"            }","lastModifiedDate":"2021-09-28"},{"lineNumber":38,"author":{"gitId":"EndireKT"},"content":"        }","lastModifiedDate":"2021-09-28"},{"lineNumber":39,"author":{"gitId":"EndireKT"},"content":"        in.close();","lastModifiedDate":"2021-09-28"},{"lineNumber":40,"author":{"gitId":"EndireKT"},"content":"    }","lastModifiedDate":"2021-09-28"},{"lineNumber":41,"author":{"gitId":"EndireKT"},"content":"","lastModifiedDate":"2021-09-28"},{"lineNumber":42,"author":{"gitId":"EndireKT"},"content":"    public static void MarkTaskDone(TaskList myList, int taskNumber) {","lastModifiedDate":"2021-09-28"},{"lineNumber":43,"author":{"gitId":"EndireKT"},"content":"        myList.setTaskDone(taskNumber);","lastModifiedDate":"2021-09-28"},{"lineNumber":44,"author":{"gitId":"EndireKT"},"content":"    }","lastModifiedDate":"2021-09-28"},{"lineNumber":45,"author":{"gitId":"EndireKT"},"content":"","lastModifiedDate":"2021-09-28"},{"lineNumber":46,"author":{"gitId":"EndireKT"},"content":"    public static void EndDuke() {","lastModifiedDate":"2021-09-28"},{"lineNumber":47,"author":{"gitId":"EndireKT"},"content":"        try {","lastModifiedDate":"2021-09-28"},{"lineNumber":48,"author":{"gitId":"EndireKT"},"content":"            Message.msgBye();","lastModifiedDate":"2021-09-28"},{"lineNumber":49,"author":{"gitId":"EndireKT"},"content":"        } catch (IOException error) {","lastModifiedDate":"2021-09-28"},{"lineNumber":50,"author":{"gitId":"EndireKT"},"content":"            Message.msgError(error);","lastModifiedDate":"2021-09-28"},{"lineNumber":51,"author":{"gitId":"EndireKT"},"content":"        }","lastModifiedDate":"2021-09-28"},{"lineNumber":52,"author":{"gitId":"EndireKT"},"content":"    }","lastModifiedDate":"2021-09-28"},{"lineNumber":53,"author":{"gitId":"EndireKT"},"content":"}","lastModifiedDate":"2021-09-28"}],"authorContributionMap":{"EndireKT":53}},{"path":"src/main/java/Duke.java","fileType":"java","lines":[{"lineNumber":1,"author":{"gitId":"-"},"content":"public class Duke {","lastModifiedDate":"2019-07-29"},{"lineNumber":2,"author":{"gitId":"EndireKT"},"content":"","lastModifiedDate":"2021-09-07"},{"lineNumber":3,"author":{"gitId":"-"},"content":"    public static void main(String[] args) {","lastModifiedDate":"2021-09-28"},{"lineNumber":4,"author":{"gitId":"EndireKT"},"content":"","lastModifiedDate":"2021-09-07"},{"lineNumber":5,"author":{"gitId":"EndireKT"},"content":"        Action.StartDuke();","lastModifiedDate":"2021-09-28"},{"lineNumber":6,"author":{"gitId":"EndireKT"},"content":"        Action.RunDuke();","lastModifiedDate":"2021-09-28"},{"lineNumber":7,"author":{"gitId":"EndireKT"},"content":"        Action.EndDuke();","lastModifiedDate":"2021-09-28"},{"lineNumber":8,"author":{"gitId":"-"},"content":"    }","lastModifiedDate":"2019-07-29"},{"lineNumber":9,"author":{"gitId":"-"},"content":"}","lastModifiedDate":"2019-07-29"}],"authorContributionMap":{"-":4,"EndireKT":5}},{"path":"src/main/java/Message.java","fileType":"java","lines":[{"lineNumber":1,"author":{"gitId":"EndireKT"},"content":"import java.io.*;","lastModifiedDate":"2021-09-27"},{"lineNumber":2,"author":{"gitId":"EndireKT"},"content":"","lastModifiedDate":"2021-09-27"},{"lineNumber":3,"author":{"gitId":"EndireKT"},"content":"public class Message {","lastModifiedDate":"2021-09-27"},{"lineNumber":4,"author":{"gitId":"EndireKT"},"content":"","lastModifiedDate":"2021-09-27"},{"lineNumber":5,"author":{"gitId":"EndireKT"},"content":"    public static void msgGreet() {","lastModifiedDate":"2021-09-27"},{"lineNumber":6,"author":{"gitId":"EndireKT"},"content":"        String logo \u003d \" ____        _        \\n\" + \"|  _ \\\\ _   _| | _____ \\n\" + \"| | | | | | | |/ / _ \\\\\\n\"","lastModifiedDate":"2021-09-27"},{"lineNumber":7,"author":{"gitId":"EndireKT"},"content":"                + \"| |_| | |_| |   \u003c  __/\\n\" + \"|____/ \\\\__,_|_|\\\\_\\\\___|\\n\";","lastModifiedDate":"2021-09-27"},{"lineNumber":8,"author":{"gitId":"EndireKT"},"content":"        System.out.println(\"Hello from\\n\" + logo);","lastModifiedDate":"2021-09-27"},{"lineNumber":9,"author":{"gitId":"EndireKT"},"content":"        System.out.println(\"Hello! I\u0027m Duke\" + System.lineSeparator() + \"What can I do for you?\");","lastModifiedDate":"2021-09-27"},{"lineNumber":10,"author":{"gitId":"EndireKT"},"content":"        System.out.println(\"_________________________________\");","lastModifiedDate":"2021-09-27"},{"lineNumber":11,"author":{"gitId":"EndireKT"},"content":"    }","lastModifiedDate":"2021-09-27"},{"lineNumber":12,"author":{"gitId":"EndireKT"},"content":"","lastModifiedDate":"2021-09-27"},{"lineNumber":13,"author":{"gitId":"EndireKT"},"content":"    public static void msgError(Exception e) {","lastModifiedDate":"2021-09-28"},{"lineNumber":14,"author":{"gitId":"EndireKT"},"content":"        System.out.println(\"Error Occurs: \" + e);","lastModifiedDate":"2021-09-28"},{"lineNumber":15,"author":{"gitId":"EndireKT"},"content":"    }","lastModifiedDate":"2021-09-27"},{"lineNumber":16,"author":{"gitId":"EndireKT"},"content":"","lastModifiedDate":"2021-09-27"},{"lineNumber":17,"author":{"gitId":"EndireKT"},"content":"    public static void msgEcho(String s) {","lastModifiedDate":"2021-09-28"},{"lineNumber":18,"author":{"gitId":"EndireKT"},"content":"        System.out.println(\"    Task Added: \" + s);","lastModifiedDate":"2021-09-28"},{"lineNumber":19,"author":{"gitId":"EndireKT"},"content":"        System.out.println(\"_________________________________\");","lastModifiedDate":"2021-09-28"},{"lineNumber":20,"author":{"gitId":"EndireKT"},"content":"    }","lastModifiedDate":"2021-09-28"},{"lineNumber":21,"author":{"gitId":"EndireKT"},"content":"","lastModifiedDate":"2021-09-28"},{"lineNumber":22,"author":{"gitId":"EndireKT"},"content":"    public static void msgMarkDone(TaskList myList, int taskNumber) {","lastModifiedDate":"2021-09-28"},{"lineNumber":23,"author":{"gitId":"EndireKT"},"content":"        System.out.println(\"    Naisuuuu! This task is marked as done: \");","lastModifiedDate":"2021-09-28"},{"lineNumber":24,"author":{"gitId":"EndireKT"},"content":"        System.out.println(\"    \" + (taskNumber + 1) + \".[X] \" + myList.getTaskDetail(taskNumber));","lastModifiedDate":"2021-09-28"},{"lineNumber":25,"author":{"gitId":"EndireKT"},"content":"        System.out.println(\"_________________________________\");","lastModifiedDate":"2021-09-27"},{"lineNumber":26,"author":{"gitId":"EndireKT"},"content":"    }","lastModifiedDate":"2021-09-27"},{"lineNumber":27,"author":{"gitId":"EndireKT"},"content":"","lastModifiedDate":"2021-09-27"},{"lineNumber":28,"author":{"gitId":"EndireKT"},"content":"    public static void msgList(TaskList myList) {","lastModifiedDate":"2021-09-28"},{"lineNumber":29,"author":{"gitId":"EndireKT"},"content":"        for (int i \u003d 0; i \u003c myList.getNumOfItem(); i++) {","lastModifiedDate":"2021-09-28"},{"lineNumber":30,"author":{"gitId":"EndireKT"},"content":"            if (!myList.getTaskDoneStatus(i)) {","lastModifiedDate":"2021-09-28"},{"lineNumber":31,"author":{"gitId":"EndireKT"},"content":"                System.out.println(\"    \" + Integer.toString(i + 1) + \".[ ] \" + myList.getTaskDetail(i));","lastModifiedDate":"2021-09-28"},{"lineNumber":32,"author":{"gitId":"EndireKT"},"content":"            } else {","lastModifiedDate":"2021-09-28"},{"lineNumber":33,"author":{"gitId":"EndireKT"},"content":"                System.out.println(\"    \" + Integer.toString(i + 1) + \".[X] \" + myList.getTaskDetail(i));","lastModifiedDate":"2021-09-28"},{"lineNumber":34,"author":{"gitId":"EndireKT"},"content":"            }","lastModifiedDate":"2021-09-28"},{"lineNumber":35,"author":{"gitId":"EndireKT"},"content":"        }","lastModifiedDate":"2021-09-28"},{"lineNumber":36,"author":{"gitId":"EndireKT"},"content":"        System.out.println(\"_________________________________\");","lastModifiedDate":"2021-09-28"},{"lineNumber":37,"author":{"gitId":"EndireKT"},"content":"    }","lastModifiedDate":"2021-09-28"},{"lineNumber":38,"author":{"gitId":"EndireKT"},"content":"","lastModifiedDate":"2021-09-28"},{"lineNumber":39,"author":{"gitId":"EndireKT"},"content":"    public static void msgBye() throws IOException {","lastModifiedDate":"2021-09-28"},{"lineNumber":40,"author":{"gitId":"EndireKT"},"content":"        System.out.println(\"Bye. Hope to see you again soon!\");","lastModifiedDate":"2021-09-28"},{"lineNumber":41,"author":{"gitId":"EndireKT"},"content":"        System.out.println(\"_________________________________\");","lastModifiedDate":"2021-09-28"},{"lineNumber":42,"author":{"gitId":"EndireKT"},"content":"        Message.msgBuddahProtectMe();","lastModifiedDate":"2021-09-28"},{"lineNumber":43,"author":{"gitId":"EndireKT"},"content":"    }","lastModifiedDate":"2021-09-28"},{"lineNumber":44,"author":{"gitId":"EndireKT"},"content":"","lastModifiedDate":"2021-09-28"},{"lineNumber":45,"author":{"gitId":"EndireKT"},"content":"    public static void msgBuddahProtectMe() throws IOException {","lastModifiedDate":"2021-09-27"},{"lineNumber":46,"author":{"gitId":"EndireKT"},"content":"        String everything \u003d \"\";","lastModifiedDate":"2021-09-27"},{"lineNumber":47,"author":{"gitId":"EndireKT"},"content":"        try (BufferedReader br \u003d new BufferedReader(new FileReader(\"src/main/resources/buddha.txt\"))) {","lastModifiedDate":"2021-09-27"},{"lineNumber":48,"author":{"gitId":"EndireKT"},"content":"            StringBuilder sb \u003d new StringBuilder();","lastModifiedDate":"2021-09-27"},{"lineNumber":49,"author":{"gitId":"EndireKT"},"content":"            String line \u003d br.readLine();","lastModifiedDate":"2021-09-27"},{"lineNumber":50,"author":{"gitId":"EndireKT"},"content":"","lastModifiedDate":"2021-09-27"},{"lineNumber":51,"author":{"gitId":"EndireKT"},"content":"            while (line !\u003d null) {","lastModifiedDate":"2021-09-27"},{"lineNumber":52,"author":{"gitId":"EndireKT"},"content":"                sb.append(line);","lastModifiedDate":"2021-09-27"},{"lineNumber":53,"author":{"gitId":"EndireKT"},"content":"                sb.append(System.lineSeparator());","lastModifiedDate":"2021-09-27"},{"lineNumber":54,"author":{"gitId":"EndireKT"},"content":"                line \u003d br.readLine();","lastModifiedDate":"2021-09-27"},{"lineNumber":55,"author":{"gitId":"EndireKT"},"content":"            }","lastModifiedDate":"2021-09-27"},{"lineNumber":56,"author":{"gitId":"EndireKT"},"content":"            everything \u003d sb.toString();","lastModifiedDate":"2021-09-27"},{"lineNumber":57,"author":{"gitId":"EndireKT"},"content":"        } finally {","lastModifiedDate":"2021-09-27"},{"lineNumber":58,"author":{"gitId":"EndireKT"},"content":"            System.out.println(everything);","lastModifiedDate":"2021-09-27"},{"lineNumber":59,"author":{"gitId":"EndireKT"},"content":"        }","lastModifiedDate":"2021-09-27"},{"lineNumber":60,"author":{"gitId":"EndireKT"},"content":"    }","lastModifiedDate":"2021-09-27"},{"lineNumber":61,"author":{"gitId":"EndireKT"},"content":"}","lastModifiedDate":"2021-09-27"}],"authorContributionMap":{"EndireKT":61}},{"path":"src/main/java/Task.java","fileType":"java","lines":[{"lineNumber":1,"author":{"gitId":"EndireKT"},"content":"public class Task {","lastModifiedDate":"2021-09-27"},{"lineNumber":2,"author":{"gitId":"EndireKT"},"content":"    private String taskDetail;","lastModifiedDate":"2021-09-28"},{"lineNumber":3,"author":{"gitId":"EndireKT"},"content":"    private boolean isDone;","lastModifiedDate":"2021-09-28"},{"lineNumber":4,"author":{"gitId":"EndireKT"},"content":"","lastModifiedDate":"2021-09-27"},{"lineNumber":5,"author":{"gitId":"EndireKT"},"content":"    public Task(String taskDetail) {","lastModifiedDate":"2021-09-28"},{"lineNumber":6,"author":{"gitId":"EndireKT"},"content":"        this.taskDetail \u003d taskDetail;","lastModifiedDate":"2021-09-28"},{"lineNumber":7,"author":{"gitId":"EndireKT"},"content":"        this.isDone \u003d false;","lastModifiedDate":"2021-09-28"},{"lineNumber":8,"author":{"gitId":"EndireKT"},"content":"    }","lastModifiedDate":"2021-09-27"},{"lineNumber":9,"author":{"gitId":"EndireKT"},"content":"","lastModifiedDate":"2021-09-27"},{"lineNumber":10,"author":{"gitId":"EndireKT"},"content":"    // Getter \u003c\u003c\u003c\u003c\u003c\u003c\u003c\u003c\u003c\u003c\u003c\u003c\u003c\u003c\u003c\u003c\u003c\u003c\u003c\u003c\u003c\u003c\u003c\u003c\u003c\u003c\u003c\u003c\u003c\u003c\u003c","lastModifiedDate":"2021-09-28"},{"lineNumber":11,"author":{"gitId":"EndireKT"},"content":"","lastModifiedDate":"2021-09-27"},{"lineNumber":12,"author":{"gitId":"EndireKT"},"content":"    public String getTaskDetail() {","lastModifiedDate":"2021-09-28"},{"lineNumber":13,"author":{"gitId":"EndireKT"},"content":"        return taskDetail;","lastModifiedDate":"2021-09-28"},{"lineNumber":14,"author":{"gitId":"EndireKT"},"content":"    }","lastModifiedDate":"2021-09-27"},{"lineNumber":15,"author":{"gitId":"EndireKT"},"content":"","lastModifiedDate":"2021-09-27"},{"lineNumber":16,"author":{"gitId":"EndireKT"},"content":"    public boolean getDoneStatus() {","lastModifiedDate":"2021-09-27"},{"lineNumber":17,"author":{"gitId":"EndireKT"},"content":"        return isDone;","lastModifiedDate":"2021-09-28"},{"lineNumber":18,"author":{"gitId":"EndireKT"},"content":"    }","lastModifiedDate":"2021-09-28"},{"lineNumber":19,"author":{"gitId":"EndireKT"},"content":"","lastModifiedDate":"2021-09-28"},{"lineNumber":20,"author":{"gitId":"EndireKT"},"content":"    // Setter \u003c\u003c\u003c\u003c\u003c\u003c\u003c\u003c\u003c\u003c\u003c\u003c\u003c\u003c\u003c\u003c\u003c\u003c\u003c\u003c\u003c\u003c\u003c\u003c\u003c\u003c\u003c\u003c\u003c\u003c\u003c","lastModifiedDate":"2021-09-28"},{"lineNumber":21,"author":{"gitId":"EndireKT"},"content":"","lastModifiedDate":"2021-09-28"},{"lineNumber":22,"author":{"gitId":"EndireKT"},"content":"    public void setTask(String modifiedTaskDetail) {","lastModifiedDate":"2021-09-28"},{"lineNumber":23,"author":{"gitId":"EndireKT"},"content":"        taskDetail \u003d modifiedTaskDetail;","lastModifiedDate":"2021-09-28"},{"lineNumber":24,"author":{"gitId":"EndireKT"},"content":"    }","lastModifiedDate":"2021-09-28"},{"lineNumber":25,"author":{"gitId":"EndireKT"},"content":"","lastModifiedDate":"2021-09-28"},{"lineNumber":26,"author":{"gitId":"EndireKT"},"content":"    public void setTaskCompleted() {","lastModifiedDate":"2021-09-28"},{"lineNumber":27,"author":{"gitId":"EndireKT"},"content":"        isDone \u003d true;","lastModifiedDate":"2021-09-28"},{"lineNumber":28,"author":{"gitId":"EndireKT"},"content":"    }","lastModifiedDate":"2021-09-27"},{"lineNumber":29,"author":{"gitId":"EndireKT"},"content":"","lastModifiedDate":"2021-09-27"},{"lineNumber":30,"author":{"gitId":"EndireKT"},"content":"}","lastModifiedDate":"2021-09-27"}],"authorContributionMap":{"EndireKT":30}},{"path":"src/main/java/TaskList.java","fileType":"java","lines":[{"lineNumber":1,"author":{"gitId":"EndireKT"},"content":"import java.util.ArrayList;","lastModifiedDate":"2021-09-27"},{"lineNumber":2,"author":{"gitId":"EndireKT"},"content":"","lastModifiedDate":"2021-09-27"},{"lineNumber":3,"author":{"gitId":"EndireKT"},"content":"import java.util.*;","lastModifiedDate":"2021-09-27"},{"lineNumber":4,"author":{"gitId":"EndireKT"},"content":"","lastModifiedDate":"2021-09-27"},{"lineNumber":5,"author":{"gitId":"EndireKT"},"content":"public class TaskList {","lastModifiedDate":"2021-09-27"},{"lineNumber":6,"author":{"gitId":"EndireKT"},"content":"    private List\u003cTask\u003e list;","lastModifiedDate":"2021-09-27"},{"lineNumber":7,"author":{"gitId":"EndireKT"},"content":"","lastModifiedDate":"2021-09-27"},{"lineNumber":8,"author":{"gitId":"EndireKT"},"content":"    public TaskList() {","lastModifiedDate":"2021-09-27"},{"lineNumber":9,"author":{"gitId":"EndireKT"},"content":"        list \u003d new ArrayList\u003cTask\u003e();","lastModifiedDate":"2021-09-27"},{"lineNumber":10,"author":{"gitId":"EndireKT"},"content":"    }","lastModifiedDate":"2021-09-27"},{"lineNumber":11,"author":{"gitId":"EndireKT"},"content":"","lastModifiedDate":"2021-09-27"},{"lineNumber":12,"author":{"gitId":"EndireKT"},"content":"    public void addItem(String s) {","lastModifiedDate":"2021-09-27"},{"lineNumber":13,"author":{"gitId":"EndireKT"},"content":"        list.add(new Task(s));","lastModifiedDate":"2021-09-27"},{"lineNumber":14,"author":{"gitId":"EndireKT"},"content":"    }","lastModifiedDate":"2021-09-27"},{"lineNumber":15,"author":{"gitId":"EndireKT"},"content":"","lastModifiedDate":"2021-09-27"},{"lineNumber":16,"author":{"gitId":"EndireKT"},"content":"    public void removeItem(int index) {","lastModifiedDate":"2021-09-27"},{"lineNumber":17,"author":{"gitId":"EndireKT"},"content":"        list.remove(index);","lastModifiedDate":"2021-09-27"},{"lineNumber":18,"author":{"gitId":"EndireKT"},"content":"    }","lastModifiedDate":"2021-09-27"},{"lineNumber":19,"author":{"gitId":"EndireKT"},"content":"","lastModifiedDate":"2021-09-27"},{"lineNumber":20,"author":{"gitId":"EndireKT"},"content":"    // Getter \u003c\u003c\u003c\u003c\u003c\u003c\u003c\u003c\u003c\u003c\u003c\u003c\u003c\u003c\u003c\u003c\u003c\u003c\u003c\u003c\u003c\u003c\u003c\u003c\u003c\u003c\u003c\u003c\u003c\u003c\u003c","lastModifiedDate":"2021-09-28"},{"lineNumber":21,"author":{"gitId":"EndireKT"},"content":"","lastModifiedDate":"2021-09-28"},{"lineNumber":22,"author":{"gitId":"EndireKT"},"content":"    public Task getTask(int index) {","lastModifiedDate":"2021-09-28"},{"lineNumber":23,"author":{"gitId":"EndireKT"},"content":"        return list.get(index);","lastModifiedDate":"2021-09-28"},{"lineNumber":24,"author":{"gitId":"EndireKT"},"content":"    }","lastModifiedDate":"2021-09-28"},{"lineNumber":25,"author":{"gitId":"EndireKT"},"content":"","lastModifiedDate":"2021-09-28"},{"lineNumber":26,"author":{"gitId":"EndireKT"},"content":"    public String getTaskDetail(int index) {","lastModifiedDate":"2021-09-28"},{"lineNumber":27,"author":{"gitId":"EndireKT"},"content":"        Task task \u003d list.get(index);","lastModifiedDate":"2021-09-27"},{"lineNumber":28,"author":{"gitId":"EndireKT"},"content":"        return task.getTaskDetail();","lastModifiedDate":"2021-09-28"},{"lineNumber":29,"author":{"gitId":"EndireKT"},"content":"    }","lastModifiedDate":"2021-09-28"},{"lineNumber":30,"author":{"gitId":"EndireKT"},"content":"","lastModifiedDate":"2021-09-28"},{"lineNumber":31,"author":{"gitId":"EndireKT"},"content":"    public boolean getTaskDoneStatus(int index) {","lastModifiedDate":"2021-09-28"},{"lineNumber":32,"author":{"gitId":"EndireKT"},"content":"        Task task \u003d list.get(index);","lastModifiedDate":"2021-09-28"},{"lineNumber":33,"author":{"gitId":"EndireKT"},"content":"        return task.getDoneStatus();","lastModifiedDate":"2021-09-28"},{"lineNumber":34,"author":{"gitId":"EndireKT"},"content":"    }","lastModifiedDate":"2021-09-27"},{"lineNumber":35,"author":{"gitId":"EndireKT"},"content":"","lastModifiedDate":"2021-09-27"},{"lineNumber":36,"author":{"gitId":"EndireKT"},"content":"    public int getNumOfItem() {","lastModifiedDate":"2021-09-27"},{"lineNumber":37,"author":{"gitId":"EndireKT"},"content":"        return list.size();","lastModifiedDate":"2021-09-27"},{"lineNumber":38,"author":{"gitId":"EndireKT"},"content":"    }","lastModifiedDate":"2021-09-27"},{"lineNumber":39,"author":{"gitId":"EndireKT"},"content":"","lastModifiedDate":"2021-09-28"},{"lineNumber":40,"author":{"gitId":"EndireKT"},"content":"    // Setter \u003c\u003c\u003c\u003c\u003c\u003c\u003c\u003c\u003c\u003c\u003c\u003c\u003c\u003c\u003c\u003c\u003c\u003c\u003c\u003c\u003c\u003c\u003c\u003c\u003c\u003c\u003c\u003c\u003c\u003c\u003c","lastModifiedDate":"2021-09-28"},{"lineNumber":41,"author":{"gitId":"EndireKT"},"content":"","lastModifiedDate":"2021-09-28"},{"lineNumber":42,"author":{"gitId":"EndireKT"},"content":"    public void setTaskDone(int index) {","lastModifiedDate":"2021-09-28"},{"lineNumber":43,"author":{"gitId":"EndireKT"},"content":"        Task task \u003d list.get(index);","lastModifiedDate":"2021-09-28"},{"lineNumber":44,"author":{"gitId":"EndireKT"},"content":"        task.setTaskCompleted();","lastModifiedDate":"2021-09-28"},{"lineNumber":45,"author":{"gitId":"EndireKT"},"content":"    }","lastModifiedDate":"2021-09-28"},{"lineNumber":46,"author":{"gitId":"EndireKT"},"content":"}","lastModifiedDate":"2021-09-27"}],"authorContributionMap":{"EndireKT":46}},{"path":"src/main/resources/buddha.txt","fileType":"txt","lines":[{"lineNumber":1,"author":{"gitId":"EndireKT"},"content":"//","lastModifiedDate":"2021-09-07"},{"lineNumber":2,"author":{"gitId":"EndireKT"},"content":"//                       _oo0oo_","lastModifiedDate":"2021-09-07"},{"lineNumber":3,"author":{"gitId":"EndireKT"},"content":"//                      o8888888o","lastModifiedDate":"2021-09-07"},{"lineNumber":4,"author":{"gitId":"EndireKT"},"content":"//                      88\" . \"88","lastModifiedDate":"2021-09-07"},{"lineNumber":5,"author":{"gitId":"EndireKT"},"content":"//                      (| -_- |)","lastModifiedDate":"2021-09-07"},{"lineNumber":6,"author":{"gitId":"EndireKT"},"content":"//                      0\\  \u003d  /0","lastModifiedDate":"2021-09-07"},{"lineNumber":7,"author":{"gitId":"EndireKT"},"content":"//                    ___/`---\u0027\\___","lastModifiedDate":"2021-09-07"},{"lineNumber":8,"author":{"gitId":"EndireKT"},"content":"//                  .\u0027 \\\\|     |// \u0027.","lastModifiedDate":"2021-09-07"},{"lineNumber":9,"author":{"gitId":"EndireKT"},"content":"//                 / \\\\|||  :  |||// \\","lastModifiedDate":"2021-09-07"},{"lineNumber":10,"author":{"gitId":"EndireKT"},"content":"//                / _||||| -:- |||||- \\","lastModifiedDate":"2021-09-07"},{"lineNumber":11,"author":{"gitId":"EndireKT"},"content":"//               |   | \\\\\\  -  /// |   |","lastModifiedDate":"2021-09-07"},{"lineNumber":12,"author":{"gitId":"EndireKT"},"content":"//               | \\_|  \u0027\u0027\\---/\u0027\u0027  |_/ |","lastModifiedDate":"2021-09-07"},{"lineNumber":13,"author":{"gitId":"EndireKT"},"content":"//               \\  .-\\__  \u0027-\u0027  ___/-. /","lastModifiedDate":"2021-09-07"},{"lineNumber":14,"author":{"gitId":"EndireKT"},"content":"//             ___\u0027. .\u0027  /--.--\\  `. .\u0027___","lastModifiedDate":"2021-09-07"},{"lineNumber":15,"author":{"gitId":"EndireKT"},"content":"//          .\"\" \u0027\u003c  `.___\\_\u003c|\u003e_/___.\u0027 \u003e\u0027 \"\".","lastModifiedDate":"2021-09-07"},{"lineNumber":16,"author":{"gitId":"EndireKT"},"content":"//         | | :  `- \\`.;`\\ _ /`;.`/ - ` : | |","lastModifiedDate":"2021-09-07"},{"lineNumber":17,"author":{"gitId":"EndireKT"},"content":"//         \\  \\ `_.   \\_ __\\ /__ _/   .-` /  /","lastModifiedDate":"2021-09-07"},{"lineNumber":18,"author":{"gitId":"EndireKT"},"content":"//     \u003d\u003d\u003d\u003d\u003d`-.____`.___ \\_____/___.-`___.-\u0027\u003d\u003d\u003d\u003d\u003d","lastModifiedDate":"2021-09-07"},{"lineNumber":19,"author":{"gitId":"EndireKT"},"content":"//                       `\u003d---\u003d\u0027","lastModifiedDate":"2021-09-07"},{"lineNumber":20,"author":{"gitId":"EndireKT"},"content":"//","lastModifiedDate":"2021-09-07"},{"lineNumber":21,"author":{"gitId":"EndireKT"},"content":"//","lastModifiedDate":"2021-09-07"},{"lineNumber":22,"author":{"gitId":"EndireKT"},"content":"//     ~~~~~~~~~~~~~~~~~~~~~~~~~~~~~~~~~~~~~~~~~~~","lastModifiedDate":"2021-09-07"},{"lineNumber":23,"author":{"gitId":"EndireKT"},"content":"//     Buddha Protect Me       Say Bye to All Bug","lastModifiedDate":"2021-09-07"},{"lineNumber":24,"author":{"gitId":"EndireKT"},"content":"//     ~~~~~~~~~~~~~~~~~~~~~~~~~~~~~~~~~~~~~~~~~~~","lastModifiedDate":"2021-09-07"}],"authorContributionMap":{"EndireKT":24}}]
