[{"path":"src/main/java/Duke.java","fileType":"java","lines":[{"lineNumber":1,"author":{"gitId":"EndireKT"},"content":"import java.util.Scanner;","lastModifiedDate":"2021-09-07"},{"lineNumber":2,"author":{"gitId":"EndireKT"},"content":"import java.io.*;","lastModifiedDate":"2021-09-07"},{"lineNumber":3,"author":{"gitId":"EndireKT"},"content":"","lastModifiedDate":"2021-09-07"},{"lineNumber":4,"author":{"gitId":"-"},"content":"public class Duke {","lastModifiedDate":"2019-07-29"},{"lineNumber":5,"author":{"gitId":"EndireKT"},"content":"","lastModifiedDate":"2021-09-07"},{"lineNumber":6,"author":{"gitId":"EndireKT"},"content":"    public static void msgGreet() {","lastModifiedDate":"2021-09-07"},{"lineNumber":7,"author":{"gitId":"EndireKT"},"content":"        String logo \u003d \" ____        _        \\n\" + \"|  _ \\\\ _   _| | _____ \\n\" + \"| | | | | | | |/ / _ \\\\\\n\"","lastModifiedDate":"2021-09-07"},{"lineNumber":8,"author":{"gitId":"EndireKT"},"content":"                + \"| |_| | |_| |   \u003c  __/\\n\" + \"|____/ \\\\__,_|_|\\\\_\\\\___|\\n\";","lastModifiedDate":"2021-09-07"},{"lineNumber":9,"author":{"gitId":"-"},"content":"        System.out.println(\"Hello from\\n\" + logo);","lastModifiedDate":"2019-07-29"},{"lineNumber":10,"author":{"gitId":"EndireKT"},"content":"        System.out.println(\"Hello! I\u0027m Duke\" + System.lineSeparator() + \"What can I do for you?\");","lastModifiedDate":"2021-09-07"},{"lineNumber":11,"author":{"gitId":"EndireKT"},"content":"        System.out.println(\"_________________________________\");","lastModifiedDate":"2021-09-07"},{"lineNumber":12,"author":{"gitId":"EndireKT"},"content":"    }","lastModifiedDate":"2021-09-07"},{"lineNumber":13,"author":{"gitId":"EndireKT"},"content":"","lastModifiedDate":"2021-09-07"},{"lineNumber":14,"author":{"gitId":"EndireKT"},"content":"    public static void msgBye() throws IOException {","lastModifiedDate":"2021-09-07"},{"lineNumber":15,"author":{"gitId":"EndireKT"},"content":"        System.out.println(\"Bye. Hope to see you again soon!\");","lastModifiedDate":"2021-09-07"},{"lineNumber":16,"author":{"gitId":"EndireKT"},"content":"        System.out.println(\"_________________________________\");","lastModifiedDate":"2021-09-07"},{"lineNumber":17,"author":{"gitId":"EndireKT"},"content":"        msgBuddahProtectMe();","lastModifiedDate":"2021-09-07"},{"lineNumber":18,"author":{"gitId":"EndireKT"},"content":"    }","lastModifiedDate":"2021-09-07"},{"lineNumber":19,"author":{"gitId":"EndireKT"},"content":"","lastModifiedDate":"2021-09-07"},{"lineNumber":20,"author":{"gitId":"EndireKT"},"content":"    public static void msgBuddahProtectMe() throws IOException {","lastModifiedDate":"2021-09-07"},{"lineNumber":21,"author":{"gitId":"EndireKT"},"content":"        String everything \u003d \"\";","lastModifiedDate":"2021-09-07"},{"lineNumber":22,"author":{"gitId":"EndireKT"},"content":"        try (BufferedReader br \u003d new BufferedReader(new FileReader(\"src/main/resources/buddha.txt\"))) {","lastModifiedDate":"2021-09-07"},{"lineNumber":23,"author":{"gitId":"EndireKT"},"content":"            StringBuilder sb \u003d new StringBuilder();","lastModifiedDate":"2021-09-07"},{"lineNumber":24,"author":{"gitId":"EndireKT"},"content":"            String line \u003d br.readLine();","lastModifiedDate":"2021-09-07"},{"lineNumber":25,"author":{"gitId":"EndireKT"},"content":"","lastModifiedDate":"2021-09-07"},{"lineNumber":26,"author":{"gitId":"EndireKT"},"content":"            while (line !\u003d null) {","lastModifiedDate":"2021-09-07"},{"lineNumber":27,"author":{"gitId":"EndireKT"},"content":"                sb.append(line);","lastModifiedDate":"2021-09-07"},{"lineNumber":28,"author":{"gitId":"EndireKT"},"content":"                sb.append(System.lineSeparator());","lastModifiedDate":"2021-09-07"},{"lineNumber":29,"author":{"gitId":"EndireKT"},"content":"                line \u003d br.readLine();","lastModifiedDate":"2021-09-07"},{"lineNumber":30,"author":{"gitId":"EndireKT"},"content":"            }","lastModifiedDate":"2021-09-07"},{"lineNumber":31,"author":{"gitId":"EndireKT"},"content":"            everything \u003d sb.toString();","lastModifiedDate":"2021-09-07"},{"lineNumber":32,"author":{"gitId":"EndireKT"},"content":"        } finally {","lastModifiedDate":"2021-09-07"},{"lineNumber":33,"author":{"gitId":"EndireKT"},"content":"            System.out.println(everything);","lastModifiedDate":"2021-09-07"},{"lineNumber":34,"author":{"gitId":"EndireKT"},"content":"        }","lastModifiedDate":"2021-09-07"},{"lineNumber":35,"author":{"gitId":"EndireKT"},"content":"","lastModifiedDate":"2021-09-07"},{"lineNumber":36,"author":{"gitId":"EndireKT"},"content":"    }","lastModifiedDate":"2021-09-07"},{"lineNumber":37,"author":{"gitId":"EndireKT"},"content":"","lastModifiedDate":"2021-09-07"},{"lineNumber":38,"author":{"gitId":"EndireKT"},"content":"    public static void echo(String s) {","lastModifiedDate":"2021-09-07"},{"lineNumber":39,"author":{"gitId":"EndireKT"},"content":"        System.out.println(\"    added: \" + s);","lastModifiedDate":"2021-09-07"},{"lineNumber":40,"author":{"gitId":"EndireKT"},"content":"        System.out.println(\"_________________________________\");","lastModifiedDate":"2021-09-07"},{"lineNumber":41,"author":{"gitId":"EndireKT"},"content":"    }","lastModifiedDate":"2021-09-07"},{"lineNumber":42,"author":{"gitId":"EndireKT"},"content":"","lastModifiedDate":"2021-09-07"},{"lineNumber":43,"author":{"gitId":"EndireKT"},"content":"    public static void main(String[] args) throws IOException {","lastModifiedDate":"2021-09-07"},{"lineNumber":44,"author":{"gitId":"EndireKT"},"content":"        msgGreet();","lastModifiedDate":"2021-09-07"},{"lineNumber":45,"author":{"gitId":"EndireKT"},"content":"","lastModifiedDate":"2021-09-07"},{"lineNumber":46,"author":{"gitId":"EndireKT"},"content":"        boolean bye \u003d false;","lastModifiedDate":"2021-09-07"},{"lineNumber":47,"author":{"gitId":"EndireKT"},"content":"","lastModifiedDate":"2021-09-07"},{"lineNumber":48,"author":{"gitId":"EndireKT"},"content":"        String line;","lastModifiedDate":"2021-09-07"},{"lineNumber":49,"author":{"gitId":"EndireKT"},"content":"        Scanner in \u003d new Scanner(System.in);","lastModifiedDate":"2021-09-07"},{"lineNumber":50,"author":{"gitId":"EndireKT"},"content":"","lastModifiedDate":"2021-09-07"},{"lineNumber":51,"author":{"gitId":"EndireKT"},"content":"        List myList \u003d new List();","lastModifiedDate":"2021-09-07"},{"lineNumber":52,"author":{"gitId":"EndireKT"},"content":"","lastModifiedDate":"2021-09-07"},{"lineNumber":53,"author":{"gitId":"EndireKT"},"content":"        while (!bye) {","lastModifiedDate":"2021-09-07"},{"lineNumber":54,"author":{"gitId":"EndireKT"},"content":"            line \u003d in.nextLine();","lastModifiedDate":"2021-09-07"},{"lineNumber":55,"author":{"gitId":"EndireKT"},"content":"            if (line.equals(\"list\")) {","lastModifiedDate":"2021-09-07"},{"lineNumber":56,"author":{"gitId":"EndireKT"},"content":"                for (int i \u003d 0; i \u003c myList.getNumOfItem(); i++) {","lastModifiedDate":"2021-09-07"},{"lineNumber":57,"author":{"gitId":"EndireKT"},"content":"                    System.out.println(\"    \" + Integer.toString(i) + \": \" + myList.getItem(i));","lastModifiedDate":"2021-09-07"},{"lineNumber":58,"author":{"gitId":"EndireKT"},"content":"                }","lastModifiedDate":"2021-09-07"},{"lineNumber":59,"author":{"gitId":"EndireKT"},"content":"                System.out.println(\"_________________________________\");","lastModifiedDate":"2021-09-07"},{"lineNumber":60,"author":{"gitId":"EndireKT"},"content":"            } else if (line.equals(\"bye\")) {","lastModifiedDate":"2021-09-07"},{"lineNumber":61,"author":{"gitId":"EndireKT"},"content":"                bye \u003d true;","lastModifiedDate":"2021-09-07"},{"lineNumber":62,"author":{"gitId":"EndireKT"},"content":"            } else {","lastModifiedDate":"2021-09-07"},{"lineNumber":63,"author":{"gitId":"EndireKT"},"content":"                myList.addItem(line);","lastModifiedDate":"2021-09-07"},{"lineNumber":64,"author":{"gitId":"EndireKT"},"content":"                echo(line);","lastModifiedDate":"2021-09-07"},{"lineNumber":65,"author":{"gitId":"EndireKT"},"content":"            }","lastModifiedDate":"2021-09-07"},{"lineNumber":66,"author":{"gitId":"EndireKT"},"content":"        }","lastModifiedDate":"2021-09-07"},{"lineNumber":67,"author":{"gitId":"EndireKT"},"content":"","lastModifiedDate":"2021-09-07"},{"lineNumber":68,"author":{"gitId":"EndireKT"},"content":"        in.close();","lastModifiedDate":"2021-09-07"},{"lineNumber":69,"author":{"gitId":"EndireKT"},"content":"        msgBye();","lastModifiedDate":"2021-09-07"},{"lineNumber":70,"author":{"gitId":"-"},"content":"    }","lastModifiedDate":"2019-07-29"},{"lineNumber":71,"author":{"gitId":"-"},"content":"}","lastModifiedDate":"2019-07-29"}],"authorContributionMap":{"-":4,"EndireKT":67}},{"path":"src/main/java/List.java","fileType":"java","lines":[{"lineNumber":1,"author":{"gitId":"EndireKT"},"content":"public class List {","lastModifiedDate":"2021-09-07"},{"lineNumber":2,"author":{"gitId":"EndireKT"},"content":"    private String[] list \u003d new String[100];","lastModifiedDate":"2021-09-07"},{"lineNumber":3,"author":{"gitId":"EndireKT"},"content":"    private static int numOfItems;","lastModifiedDate":"2021-09-07"},{"lineNumber":4,"author":{"gitId":"EndireKT"},"content":"","lastModifiedDate":"2021-09-07"},{"lineNumber":5,"author":{"gitId":"EndireKT"},"content":"    public List() {","lastModifiedDate":"2021-09-07"},{"lineNumber":6,"author":{"gitId":"EndireKT"},"content":"        numOfItems \u003d 0;","lastModifiedDate":"2021-09-07"},{"lineNumber":7,"author":{"gitId":"EndireKT"},"content":"    }","lastModifiedDate":"2021-09-07"},{"lineNumber":8,"author":{"gitId":"EndireKT"},"content":"","lastModifiedDate":"2021-09-07"},{"lineNumber":9,"author":{"gitId":"EndireKT"},"content":"    public void addItem(String s) {","lastModifiedDate":"2021-09-07"},{"lineNumber":10,"author":{"gitId":"EndireKT"},"content":"        list[numOfItems] \u003d s;","lastModifiedDate":"2021-09-07"},{"lineNumber":11,"author":{"gitId":"EndireKT"},"content":"        numOfItems++;","lastModifiedDate":"2021-09-07"},{"lineNumber":12,"author":{"gitId":"EndireKT"},"content":"    }","lastModifiedDate":"2021-09-07"},{"lineNumber":13,"author":{"gitId":"EndireKT"},"content":"","lastModifiedDate":"2021-09-07"},{"lineNumber":14,"author":{"gitId":"EndireKT"},"content":"    public void removeItem() {","lastModifiedDate":"2021-09-07"},{"lineNumber":15,"author":{"gitId":"EndireKT"},"content":"        numOfItems--;","lastModifiedDate":"2021-09-07"},{"lineNumber":16,"author":{"gitId":"EndireKT"},"content":"        list[numOfItems] \u003d \"\";","lastModifiedDate":"2021-09-07"},{"lineNumber":17,"author":{"gitId":"EndireKT"},"content":"    }","lastModifiedDate":"2021-09-07"},{"lineNumber":18,"author":{"gitId":"EndireKT"},"content":"","lastModifiedDate":"2021-09-07"},{"lineNumber":19,"author":{"gitId":"EndireKT"},"content":"    public String getItem(int i) {","lastModifiedDate":"2021-09-07"},{"lineNumber":20,"author":{"gitId":"EndireKT"},"content":"        return list[i];","lastModifiedDate":"2021-09-07"},{"lineNumber":21,"author":{"gitId":"EndireKT"},"content":"    }","lastModifiedDate":"2021-09-07"},{"lineNumber":22,"author":{"gitId":"EndireKT"},"content":"","lastModifiedDate":"2021-09-07"},{"lineNumber":23,"author":{"gitId":"EndireKT"},"content":"    public int getNumOfItem() {","lastModifiedDate":"2021-09-07"},{"lineNumber":24,"author":{"gitId":"EndireKT"},"content":"        return numOfItems;","lastModifiedDate":"2021-09-07"},{"lineNumber":25,"author":{"gitId":"EndireKT"},"content":"    }","lastModifiedDate":"2021-09-07"},{"lineNumber":26,"author":{"gitId":"EndireKT"},"content":"}","lastModifiedDate":"2021-09-07"}],"authorContributionMap":{"EndireKT":26}},{"path":"src/main/resources/buddha.txt","fileType":"txt","lines":[{"lineNumber":1,"author":{"gitId":"EndireKT"},"content":"//","lastModifiedDate":"2021-09-07"},{"lineNumber":2,"author":{"gitId":"EndireKT"},"content":"//                       _oo0oo_","lastModifiedDate":"2021-09-07"},{"lineNumber":3,"author":{"gitId":"EndireKT"},"content":"//                      o8888888o","lastModifiedDate":"2021-09-07"},{"lineNumber":4,"author":{"gitId":"EndireKT"},"content":"//                      88\" . \"88","lastModifiedDate":"2021-09-07"},{"lineNumber":5,"author":{"gitId":"EndireKT"},"content":"//                      (| -_- |)","lastModifiedDate":"2021-09-07"},{"lineNumber":6,"author":{"gitId":"EndireKT"},"content":"//                      0\\  \u003d  /0","lastModifiedDate":"2021-09-07"},{"lineNumber":7,"author":{"gitId":"EndireKT"},"content":"//                    ___/`---\u0027\\___","lastModifiedDate":"2021-09-07"},{"lineNumber":8,"author":{"gitId":"EndireKT"},"content":"//                  .\u0027 \\\\|     |// \u0027.","lastModifiedDate":"2021-09-07"},{"lineNumber":9,"author":{"gitId":"EndireKT"},"content":"//                 / \\\\|||  :  |||// \\","lastModifiedDate":"2021-09-07"},{"lineNumber":10,"author":{"gitId":"EndireKT"},"content":"//                / _||||| -:- |||||- \\","lastModifiedDate":"2021-09-07"},{"lineNumber":11,"author":{"gitId":"EndireKT"},"content":"//               |   | \\\\\\  -  /// |   |","lastModifiedDate":"2021-09-07"},{"lineNumber":12,"author":{"gitId":"EndireKT"},"content":"//               | \\_|  \u0027\u0027\\---/\u0027\u0027  |_/ |","lastModifiedDate":"2021-09-07"},{"lineNumber":13,"author":{"gitId":"EndireKT"},"content":"//               \\  .-\\__  \u0027-\u0027  ___/-. /","lastModifiedDate":"2021-09-07"},{"lineNumber":14,"author":{"gitId":"EndireKT"},"content":"//             ___\u0027. .\u0027  /--.--\\  `. .\u0027___","lastModifiedDate":"2021-09-07"},{"lineNumber":15,"author":{"gitId":"EndireKT"},"content":"//          .\"\" \u0027\u003c  `.___\\_\u003c|\u003e_/___.\u0027 \u003e\u0027 \"\".","lastModifiedDate":"2021-09-07"},{"lineNumber":16,"author":{"gitId":"EndireKT"},"content":"//         | | :  `- \\`.;`\\ _ /`;.`/ - ` : | |","lastModifiedDate":"2021-09-07"},{"lineNumber":17,"author":{"gitId":"EndireKT"},"content":"//         \\  \\ `_.   \\_ __\\ /__ _/   .-` /  /","lastModifiedDate":"2021-09-07"},{"lineNumber":18,"author":{"gitId":"EndireKT"},"content":"//     \u003d\u003d\u003d\u003d\u003d`-.____`.___ \\_____/___.-`___.-\u0027\u003d\u003d\u003d\u003d\u003d","lastModifiedDate":"2021-09-07"},{"lineNumber":19,"author":{"gitId":"EndireKT"},"content":"//                       `\u003d---\u003d\u0027","lastModifiedDate":"2021-09-07"},{"lineNumber":20,"author":{"gitId":"EndireKT"},"content":"//","lastModifiedDate":"2021-09-07"},{"lineNumber":21,"author":{"gitId":"EndireKT"},"content":"//","lastModifiedDate":"2021-09-07"},{"lineNumber":22,"author":{"gitId":"EndireKT"},"content":"//     ~~~~~~~~~~~~~~~~~~~~~~~~~~~~~~~~~~~~~~~~~~~","lastModifiedDate":"2021-09-07"},{"lineNumber":23,"author":{"gitId":"EndireKT"},"content":"//     Buddha Protect Me       Say Bye to All Bug","lastModifiedDate":"2021-09-07"},{"lineNumber":24,"author":{"gitId":"EndireKT"},"content":"//     ~~~~~~~~~~~~~~~~~~~~~~~~~~~~~~~~~~~~~~~~~~~","lastModifiedDate":"2021-09-07"}],"authorContributionMap":{"EndireKT":24}}]
