{"authorDailyContributionsMap":{"EndireKT":[{"date":"2021-09-07","commitResults":[{"hash":"daef102248c1331ea8ad3935006c6b2467116339","messageTitle":"Duke Level-1: Greet, Echo, Exit","messageBody":"","tags":["v1.1"],"fileTypesAndContributionMap":{"txt":{"insertions":24,"deletions":0},"java":{"insertions":58,"deletions":6}}},{"hash":"2b378e8333de92d294556789031f35b4fc0c7485","messageTitle":"Duke Level-2: Add, List","messageBody":"","tags":["v1.2"],"fileTypesAndContributionMap":{"txt":{"insertions":2,"deletions":2},"java":{"insertions":39,"deletions":4}}}]}]},"authorFileTypeContributionMap":{"EndireKT":{"java":93,"md":0,"fxml":0,"sh":0,"bat":0,"gradle":0,"txt":24}},"authorContributionVariance":{"EndireKT":587.25},"authorDisplayNameMap":{"EndireKT":"TENG..TENG"}}
