{"authorDailyContributionsMap":{"EndireKT":[{"date":"2021-09-07","commitResults":[{"hash":"daef102248c1331ea8ad3935006c6b2467116339","messageTitle":"Duke Level-1: Greet, Echo, Exit","messageBody":"","tags":["v1"],"fileTypesAndContributionMap":{"txt":{"insertions":24,"deletions":0},"java":{"insertions":58,"deletions":6}}},{"hash":"2b378e8333de92d294556789031f35b4fc0c7485","messageTitle":"Duke Level-2: Add, List","messageBody":"","tags":["v2","v1.2"],"fileTypesAndContributionMap":{"txt":{"insertions":2,"deletions":2},"java":{"insertions":39,"deletions":4}}}]},{"date":"2021-09-27","commitResults":[{"hash":"74ffb40190f479d124b8578353dfcd6fdcdeefcf","messageTitle":"Duke Level-3-1: Modify class structure before actual task","messageBody":"","tags":["v3.1"],"fileTypesAndContributionMap":{"java":{"insertions":98,"deletions":67}}}]},{"date":"2021-09-28","commitResults":[{"hash":"01003659f82767316e01e868222232b57bd0a528","messageTitle":"Duke Level-3-2: Further modify class structure before actual task","messageBody":"","tags":["v3.2","v1.3.2"],"fileTypesAndContributionMap":{"java":{"insertions":89,"deletions":42}}},{"hash":"d7323f31c278b8d345a65ba84d6fca206a527ad8","messageTitle":"Duke Level-3-3: Mark as Done","messageBody":"","tags":["v3.3"],"fileTypesAndContributionMap":{"java":{"insertions":39,"deletions":15}}},{"hash":"686dcfb740e129aa4a55fee77509e84a957bdd46","messageTitle":"Duke Level-3-4: Text UI Testing","messageBody":"","tags":["v3.4","v1.3.4"],"fileTypesAndContributionMap":{"txt":{"insertions":12,"deletions":0},"java":{"insertions":34,"deletions":1}}}]}]},"authorFileTypeContributionMap":{"EndireKT":{"java":228,"md":0,"fxml":0,"sh":0,"bat":0,"gradle":0,"txt":36}},"authorContributionVariance":{"EndireKT":1837.736},"authorDisplayNameMap":{"EndireKT":"TENG..TENG"}}
