{"authorDailyContributionsMap":{"EndireKT":[{"date":"2021-09-07","commitResults":[{"hash":"daef102248c1331ea8ad3935006c6b2467116339","messageTitle":"Duke Level-1: Greet, Echo, Exit","messageBody":"","tags":["v1"],"fileTypesAndContributionMap":{"txt":{"insertions":24,"deletions":0},"java":{"insertions":58,"deletions":6}}},{"hash":"2b378e8333de92d294556789031f35b4fc0c7485","messageTitle":"Duke Level-2: Add, List","messageBody":"","tags":["v2","v1.2"],"fileTypesAndContributionMap":{"txt":{"insertions":2,"deletions":2},"java":{"insertions":39,"deletions":4}}}]},{"date":"2021-09-27","commitResults":[{"hash":"74ffb40190f479d124b8578353dfcd6fdcdeefcf","messageTitle":"Duke Level-3-1: Modify class structure before actual task","messageBody":"","tags":["v3.1"],"fileTypesAndContributionMap":{"java":{"insertions":98,"deletions":67}}}]},{"date":"2021-09-28","commitResults":[{"hash":"01003659f82767316e01e868222232b57bd0a528","messageTitle":"Duke Level-3-2: Further modify class structure before actual task","messageBody":"","tags":["v3.2","v1.3.2"],"fileTypesAndContributionMap":{"java":{"insertions":89,"deletions":42}}},{"hash":"d7323f31c278b8d345a65ba84d6fca206a527ad8","messageTitle":"Duke Level-3-3: Mark as Done","messageBody":"","tags":["v3.3"],"fileTypesAndContributionMap":{"java":{"insertions":39,"deletions":15}}},{"hash":"686dcfb740e129aa4a55fee77509e84a957bdd46","messageTitle":"Duke Level-3-4: Text UI Testing","messageBody":"","tags":["v3.4","v1.3.4"],"fileTypesAndContributionMap":{"txt":{"insertions":12,"deletions":0},"java":{"insertions":34,"deletions":1}}}]},{"date":"2021-09-30","commitResults":[{"hash":"189b9dc64efeda2d97481cab91d1217f68437237","messageTitle":"Duke Level-4: ToDos, Events, Deadlines","messageBody":"","tags":["v4"],"fileTypesAndContributionMap":{"java":{"insertions":269,"deletions":29}}},{"hash":"ee366afa4a77a42c1e7ae3780a1a2aff15f7b8e4","messageTitle":"Duke Level-5: Handle Errors Errors has been handled in Level 4","messageBody":"","tags":["v5-1"],"fileTypesAndContributionMap":{"java":{"insertions":0,"deletions":10}}},{"hash":"796c841ceee3cb6f93535d8064da4cadb89fb284","messageTitle":"Revert \"Duke Level-5: Handle Errors\"","messageBody":"This reverts commit ee366afa4a77a42c1e7ae3780a1a2aff15f7b8e4.\n","tags":["v5-2"],"fileTypesAndContributionMap":{"java":{"insertions":10,"deletions":0}}},{"hash":"bc937ac2d06f857ca4606a152c5795547d494db9","messageTitle":"Duke Level-5: Handle Errors; Errors has been handled in Level 4","messageBody":"","tags":["v5.3"],"fileTypesAndContributionMap":{"java":{"insertions":0,"deletions":10}}}]},{"date":"2021-10-01","commitResults":[{"hash":"87db38c4d64f6b1ef51904e4c1e74e3f89b31d8e","messageTitle":"Duke Level-5-4: Handle Errors","messageBody":"","tags":["v5.4"],"fileTypesAndContributionMap":{"java":{"insertions":76,"deletions":37}}},{"hash":"3da79b0502ba17605322f481cdcd5c7842a29e0e","messageTitle":"Duke Level-6: Delete","messageBody":"","tags":["v6"],"fileTypesAndContributionMap":{"txt":{"insertions":13,"deletions":9},"java":{"insertions":116,"deletions":63}}}]},{"date":"2021-10-28","commitResults":[{"hash":"533b2b372d07e22570fa3370532af37fdcdb9d03","messageTitle":"Duke Level-7-1: Restructure; File Access: test save file","messageBody":"","tags":["v7.1"],"fileTypesAndContributionMap":{"txt":{"insertions":1,"deletions":0},"java":{"insertions":124,"deletions":60}}},{"hash":"18821b96aa7b92f60a61f84c8937346e885f3352","messageTitle":"Duke Level-7-2: File Access: save file","messageBody":"","tags":["v7.2"],"fileTypesAndContributionMap":{"txt":{"insertions":2,"deletions":0},"java":{"insertions":81,"deletions":25}}}]},{"date":"2021-10-29","commitResults":[{"hash":"758813c9d98b498af6f22fb5d6f8c85b512b347d","messageTitle":"Duke Level-7-3: Duke: Restructure duke object; File Access: load file","messageBody":"","tags":["v7.3"],"fileTypesAndContributionMap":{"txt":{"insertions":2,"deletions":2},"java":{"insertions":119,"deletions":43}}},{"hash":"e06829d7e470ecf4c0f7e6588b818d9ef7165a4f","messageTitle":"Duke Level-7-4: Message: load file","messageBody":"","tags":["v7.4"],"fileTypesAndContributionMap":{"java":{"insertions":13,"deletions":5}}},{"hash":"2651e2b500b2448cc05c85db8c8dc7d17c674e8f","messageTitle":"Duke Level-7-5: OOP: Restructure program, add Ui, rename Parser Storage Ui; Package: organize files into packages","messageBody":"","tags":["v7.5"],"fileTypesAndContributionMap":{"txt":{"insertions":3,"deletions":2},"java":{"insertions":142,"deletions":108}}}]},{"date":"2021-10-31","commitResults":[{"hash":"952a11e77a3d77c580595a0c6f0789b0cd89ca5c","messageTitle":"Duke Level-8-1: Date Time: Add LocalDate to TaskDeadline","messageBody":"","tags":["v8.1"],"fileTypesAndContributionMap":{"txt":{"insertions":5,"deletions":1},"java":{"insertions":183,"deletions":29}}},{"hash":"6e51f512fc373d403f4c795d85170000cf274b4d","messageTitle":"Duke Level-8-2: Date Time: Add LocalDate to TaskDeadline; Add LocalDate and LocalTime to TaskEvent; Fix all message issues","messageBody":"","tags":["v8.2"],"fileTypesAndContributionMap":{"txt":{"insertions":10,"deletions":3},"java":{"insertions":419,"deletions":95}}}]},{"date":"2021-11-01","commitResults":[{"hash":"89bc4f89f2931b8b1b0d3e11ca65a6a48bd23471","messageTitle":"Duke Level-8-3: Add JavaDoc","messageBody":"","tags":["v8.3"],"fileTypesAndContributionMap":{"txt":{"insertions":3,"deletions":3},"java":{"insertions":598,"deletions":25}}},{"hash":"74ad558005568d0fc705c2fdd388f9fcd9d43dfb","messageTitle":"Duke Level-8-5: More JavaDoc; Add gradle; Run Checkstyle using Gradle","messageBody":"","tags":["v8.6"],"fileTypesAndContributionMap":{"gradle":{"insertions":16,"deletions":17},"java":{"insertions":365,"deletions":266}}}]}]},"authorFileTypeContributionMap":{"EndireKT":{"java":1939,"md":0,"fxml":0,"sh":0,"bat":0,"gradle":16,"txt":55}},"authorContributionVariance":{"EndireKT":30916.43},"authorDisplayNameMap":{"EndireKT":"TENG..TENG"}}
