{"authorDailyContributionsMap":{"Fishercui":[{"date":"2021-09-07","commitResults":[{"hash":"3c077cf94ed1528280780f5dee0659ce312ffe63","messageTitle":"Complete Task 1\u00262","messageBody":"","fileTypesAndContributionMap":{"java":{"insertions":6,"deletions":0}}}]},{"date":"2021-09-10","commitResults":[{"hash":"20123c929106a5385b280e2c072f89b4c29d8df6","messageTitle":"Level 3 compeleted","messageBody":"","fileTypesAndContributionMap":{"java":{"insertions":70,"deletions":3}}}]},{"date":"2021-09-11","commitResults":[{"hash":"0a6c2ef448659326867e7cbfc961c8c16474715d","messageTitle":"Level 4 completed","messageBody":"","fileTypesAndContributionMap":{"java":{"insertions":6,"deletions":0}}},{"hash":"c24228adbd672816ad2870c6144ff541092ff7d9","messageTitle":"Level 4 completed","messageBody":"","fileTypesAndContributionMap":{"java":{"insertions":186,"deletions":17}}}]},{"date":"2021-11-01","commitResults":[{"hash":"3b4ab7495285b9a175cd7b1f492ac9a68b9dbcf6","messageTitle":"Task 5 complete","messageBody":"","fileTypesAndContributionMap":{"java":{"insertions":67,"deletions":53}}}]}]},"authorFileTypeContributionMap":{"Fishercui":{"java":262,"md":0,"fxml":0,"sh":0,"bat":0,"gradle":0,"txt":0}},"authorContributionVariance":{"Fishercui":723.38293},"authorDisplayNameMap":{"Fishercui":"CUI .. JIE"}}
