{"authorDailyContributionsMap":{"Fishercui":[{"date":"2021-09-07","commitResults":[{"hash":"3c077cf94ed1528280780f5dee0659ce312ffe63","messageTitle":"Complete Task 1\u00262","messageBody":"","fileTypesAndContributionMap":{"java":{"insertions":6,"deletions":0}}}]},{"date":"2021-09-10","commitResults":[{"hash":"20123c929106a5385b280e2c072f89b4c29d8df6","messageTitle":"Level 3 compeleted","messageBody":"","fileTypesAndContributionMap":{"java":{"insertions":70,"deletions":3}}}]},{"date":"2021-09-11","commitResults":[{"hash":"0a6c2ef448659326867e7cbfc961c8c16474715d","messageTitle":"Level 4 completed","messageBody":"","fileTypesAndContributionMap":{"java":{"insertions":6,"deletions":0}}},{"hash":"c24228adbd672816ad2870c6144ff541092ff7d9","messageTitle":"Level 4 completed","messageBody":"","fileTypesAndContributionMap":{"java":{"insertions":186,"deletions":17}}}]},{"date":"2021-11-01","commitResults":[{"hash":"3b4ab7495285b9a175cd7b1f492ac9a68b9dbcf6","messageTitle":"Task 5 complete","messageBody":"","fileTypesAndContributionMap":{"java":{"insertions":67,"deletions":53}}}]},{"date":"2021-11-02","commitResults":[{"hash":"81443c4ee9bf811d5da96d54abab8228a84ab7e6","messageTitle":"Task 6 complete","messageBody":"","fileTypesAndContributionMap":{"java":{"insertions":33,"deletions":15}}}]},{"date":"2021-11-05","commitResults":[{"hash":"fe1a651a167db00003f917bce004c2cb990ca40a","messageTitle":"Lvl7","messageBody":"","fileTypesAndContributionMap":{"java":{"insertions":351,"deletions":243}}}]},{"date":"2021-11-07","commitResults":[{"hash":"dd6de77386ce1453de13838a9edc7b7981b15dec","messageTitle":"Test package","messageBody":"","fileTypesAndContributionMap":{"txt":{"insertions":1,"deletions":0},"java":{"insertions":811,"deletions":98}}},{"hash":"6ebbe0012e6b9093872388573aa85e1b7886f747","messageTitle":"Add clearcommand feature","messageBody":"","fileTypesAndContributionMap":{"txt":{"insertions":1,"deletions":1},"java":{"insertions":68,"deletions":754}}},{"hash":"999c8c5a29a163766e9324635df1574521b8983d","messageTitle":"Add deletecommand feature","messageBody":"","fileTypesAndContributionMap":{"java":{"insertions":20,"deletions":0}}},{"hash":"2fb41721800fccf4fe05fbaeebadedbe2f44efdb","messageTitle":"Add exitcommand feature","messageBody":"","fileTypesAndContributionMap":{"java":{"insertions":13,"deletions":1}}},{"hash":"dc1e01b2f25fbb301b7c94a26e9c952cf60e893b","messageTitle":"Add donecommand feature","messageBody":"","fileTypesAndContributionMap":{"java":{"insertions":22,"deletions":0}}},{"hash":"14a7a73b84acd8fb5700109f49dd116f734e67aa","messageTitle":"Add findcommand feature","messageBody":"","fileTypesAndContributionMap":{"java":{"insertions":44,"deletions":0}}},{"hash":"be6728e51c9d732fb529a7cea7665b191cbbbe35","messageTitle":"Add helpcommand feature","messageBody":"","fileTypesAndContributionMap":{"java":{"insertions":19,"deletions":0}}},{"hash":"8b3d0b552be536a16604df49b1d4b3ca1c02bb8e","messageTitle":"Add errorcommand feature","messageBody":"","fileTypesAndContributionMap":{"java":{"insertions":15,"deletions":0}}},{"hash":"2e124090808154393eec86257f307ea9452c342d","messageTitle":"Add listcommand feature","messageBody":"","fileTypesAndContributionMap":{"java":{"insertions":20,"deletions":0}}},{"hash":"3c94d2672e111fa8d71768b4aedacbda36409d9d","messageTitle":"Add viewdonecommand feature","messageBody":"","fileTypesAndContributionMap":{"java":{"insertions":50,"deletions":0}}},{"hash":"e4f4d6f69a0a4e07385e1ce71583ca7a44ff3d28","messageTitle":"Exception added","messageBody":"","fileTypesAndContributionMap":{"java":{"insertions":27,"deletions":0}}},{"hash":"8beb38392f22f989e272a3d93d7cc1d1a65eef7f","messageTitle":"A-Junit, A-CodingStandard and  A-CodeQuality","messageBody":"","fileTypesAndContributionMap":{"java":{"insertions":103,"deletions":0}}},{"hash":"51b07c774e11f4ae37bbcd6ca2a68c83e0119cc5","messageTitle":"Time and data feature added","messageBody":"","fileTypesAndContributionMap":{"java":{"insertions":130,"deletions":36}}},{"hash":"8f7ab6b0727d10d8b39e230040531d9a622ba6e4","messageTitle":"Add addcommand feature","messageBody":"","fileTypesAndContributionMap":{"java":{"insertions":5,"deletions":8}}},{"hash":"757c75ecbe2f7482e51b47239c79a5cad848725d","messageTitle":"Ui feature added","messageBody":"","fileTypesAndContributionMap":{"java":{"insertions":39,"deletions":0}}},{"hash":"d561501939ac17d517a4cf15ccb4f6ec99c34a8b","messageTitle":"Ui fixed","messageBody":"","fileTypesAndContributionMap":{"java":{"insertions":186,"deletions":0}}},{"hash":"fc5d677a4b57d512fbddf8198e157df584f4b544","messageTitle":"Add storage function","messageBody":"","fileTypesAndContributionMap":{"java":{"insertions":37,"deletions":0}}},{"hash":"e53be48473e52b68744887e66503207f151641d9","messageTitle":"Ui added","messageBody":"","fileTypesAndContributionMap":{"java":{"insertions":4,"deletions":0}}},{"hash":"3728ffe13a232c2a41c4b175610c3d0b000dbd0d","messageTitle":"Mian program file","messageBody":"","fileTypesAndContributionMap":{"java":{"insertions":20,"deletions":16}}},{"hash":"ff50d2a12e00746c9f06887342de889583aad188","messageTitle":"Icon bug resolved","messageBody":"","fileTypesAndContributionMap":{"java":{"insertions":16,"deletions":6}}}]},{"date":"2021-11-14","commitResults":[{"hash":"49b3b314fcec888d6ecbfa79f47fc297446d81b5","messageTitle":"Resovled load txt problem","messageBody":"","fileTypesAndContributionMap":{"java":{"insertions":3,"deletions":7}}},{"hash":"1adfd526ed8dc6148a6ce394435ac07d533af6d4","messageTitle":"Storage file","messageBody":"","fileTypesAndContributionMap":{"txt":{"insertions":7,"deletions":1}}},{"hash":"f3a062c2c8ffeb828ee5ea5b9d77f9f516954c25","messageTitle":"Load problem resolved","messageBody":"","fileTypesAndContributionMap":{"java":{"insertions":2,"deletions":1}}},{"hash":"4d5b3c712ee0445d68cd3658ace0b5527c722161","messageTitle":"Add feature","messageBody":"","fileTypesAndContributionMap":{"java":{"insertions":6,"deletions":3}}},{"hash":"8f6f196e2c8b25c2351d2b2f888e17fca9194fb3","messageTitle":"Clear feature","messageBody":"","fileTypesAndContributionMap":{"java":{"insertions":1,"deletions":1}}},{"hash":"df8321add8c7e085e8b6fefce9daf9b31ec777f9","messageTitle":"Delete feature","messageBody":"","fileTypesAndContributionMap":{"java":{"insertions":2,"deletions":1}}},{"hash":"cda5fcd8fd15cb14834faf2da4e285c443b66202","messageTitle":"Done feature","messageBody":"","fileTypesAndContributionMap":{"java":{"insertions":2,"deletions":1}}},{"hash":"cc104da06a41e81db2c5d6f3423283c08b347bc7","messageTitle":"Exit feature","messageBody":"","fileTypesAndContributionMap":{"java":{"insertions":1,"deletions":1}}},{"hash":"214bd1637a118d37db00431381b61e372641c0bc","messageTitle":"Find feature","messageBody":"","fileTypesAndContributionMap":{"java":{"insertions":2,"deletions":1}}},{"hash":"fd00e80ba35b07be693c8166d0c919cdc47b7f9f","messageTitle":"Help feature","messageBody":"","fileTypesAndContributionMap":{"java":{"insertions":9,"deletions":8}}},{"hash":"114855d623de4b97929cb658027fd64e38d550f0","messageTitle":"List feature","messageBody":"","fileTypesAndContributionMap":{"java":{"insertions":1,"deletions":1}}},{"hash":"387f8a5602b01893ba07bba324d9a2137127e9ab","messageTitle":"Load feature resloved","messageBody":"","fileTypesAndContributionMap":{"java":{"insertions":0,"deletions":6}}},{"hash":"dca708531897d3a965426dc802975b49d32c9632","messageTitle":"Task type icon resolved","messageBody":"","fileTypesAndContributionMap":{"java":{"insertions":7,"deletions":8}}},{"hash":"28581afaa071a4ea515a516494f5402cfb5e7855","messageTitle":"Task type icon resolved","messageBody":"","fileTypesAndContributionMap":{"java":{"insertions":1,"deletions":1}}},{"hash":"60792b9ee988a54f0b968846f31f104a27cbfbf3","messageTitle":"Ui fixed","messageBody":"","fileTypesAndContributionMap":{"java":{"insertions":20,"deletions":37}}},{"hash":"710e667d3c44d31e5378477ecbf746cd1e3f29f0","messageTitle":"A-Junit, A-CodeQuality","messageBody":"","fileTypesAndContributionMap":{"java":{"insertions":76,"deletions":0}}},{"hash":"5d8cb83f923f0855ab4d9e8738ff753b761826dc","messageTitle":"Delete ViewDoneCommand.java","messageBody":"","fileTypesAndContributionMap":{"java":{"insertions":0,"deletions":50}}}]}]},"authorFileTypeContributionMap":{"Fishercui":{"java":1130,"md":0,"fxml":0,"sh":0,"bat":0,"gradle":0,"txt":7}},"authorContributionVariance":{"Fishercui":70878.805},"authorDisplayNameMap":{"Fishercui":"CUI .. JIE"}}
