[{"path":"src/main/java/Duke.java","fileType":"java","lines":[{"lineNumber":1,"author":{"gitId":"milecneret"},"content":"import java.util.Arrays;","lastModifiedDate":"2021-09-24"},{"lineNumber":2,"author":{"gitId":"milecneret"},"content":"import java.time.LocalDate;","lastModifiedDate":"2021-10-22"},{"lineNumber":3,"author":{"gitId":"milecneret"},"content":"import java.time.format.DateTimeFormatter;","lastModifiedDate":"2021-10-22"},{"lineNumber":4,"author":{"gitId":"milecneret"},"content":"import java.time.temporal.ChronoUnit;","lastModifiedDate":"2021-10-22"},{"lineNumber":5,"author":{"gitId":"milecneret"},"content":"import java.util.Scanner;","lastModifiedDate":"2021-08-29"},{"lineNumber":6,"author":{"gitId":"milecneret"},"content":"import java.util.*;","lastModifiedDate":"2021-08-29"},{"lineNumber":7,"author":{"gitId":"milecneret"},"content":"import Task.*;","lastModifiedDate":"2021-10-21"},{"lineNumber":8,"author":{"gitId":"milecneret"},"content":"","lastModifiedDate":"2021-09-24"},{"lineNumber":9,"author":{"gitId":"-"},"content":"public class Duke {","lastModifiedDate":"2019-07-29"},{"lineNumber":10,"author":{"gitId":"milecneret"},"content":"    public static List\u003cTask\u003e taskList \u003d new ArrayList\u003cTask\u003e(); //array to store Task objects","lastModifiedDate":"2021-10-21"},{"lineNumber":11,"author":{"gitId":"milecneret"},"content":"    public static String line; //to take in the string","lastModifiedDate":"2021-09-22"},{"lineNumber":12,"author":{"gitId":"milecneret"},"content":"    public static String inputType; //","lastModifiedDate":"2021-10-22"},{"lineNumber":13,"author":{"gitId":"milecneret"},"content":"","lastModifiedDate":"2021-09-22"},{"lineNumber":14,"author":{"gitId":"milecneret"},"content":"    private static void printList(){","lastModifiedDate":"2021-09-24"},{"lineNumber":15,"author":{"gitId":"milecneret"},"content":"        int index\u003d1; //for printing string array later","lastModifiedDate":"2021-10-24"},{"lineNumber":16,"author":{"gitId":"milecneret"},"content":"        System.out.println(\"Here are the tasks in your list:\");","lastModifiedDate":"2021-10-22"},{"lineNumber":17,"author":{"gitId":"milecneret"},"content":"        for(Task item : taskList) {","lastModifiedDate":"2021-10-21"},{"lineNumber":18,"author":{"gitId":"milecneret"},"content":"            System.out.println((index++)+\". \"+item.getDescription()); //print string array","lastModifiedDate":"2021-10-24"},{"lineNumber":19,"author":{"gitId":"milecneret"},"content":"        }","lastModifiedDate":"2021-09-22"},{"lineNumber":20,"author":{"gitId":"milecneret"},"content":"    }","lastModifiedDate":"2021-09-24"},{"lineNumber":21,"author":{"gitId":"milecneret"},"content":"","lastModifiedDate":"2021-09-22"},{"lineNumber":22,"author":{"gitId":"-"},"content":"    public static void main(String[] args) {","lastModifiedDate":"2019-07-29"},{"lineNumber":23,"author":{"gitId":"milecneret"},"content":"        Scanner in \u003d new Scanner(System.in);","lastModifiedDate":"2021-09-24"},{"lineNumber":24,"author":{"gitId":"milecneret"},"content":"        System.out.println(\"Hello! I\u0027m Duke Morpheus\\n\");","lastModifiedDate":"2021-08-29"},{"lineNumber":25,"author":{"gitId":"milecneret"},"content":"        System.out.println(\"What can I do for you?\");","lastModifiedDate":"2021-08-29"},{"lineNumber":26,"author":{"gitId":"milecneret"},"content":"","lastModifiedDate":"2021-09-22"},{"lineNumber":27,"author":{"gitId":"milecneret"},"content":"        line \u003d in.nextLine();","lastModifiedDate":"2021-09-24"},{"lineNumber":28,"author":{"gitId":"milecneret"},"content":"","lastModifiedDate":"2021-08-29"},{"lineNumber":29,"author":{"gitId":"milecneret"},"content":"        while(!line.equals(\"bye\")){","lastModifiedDate":"2021-10-22"},{"lineNumber":30,"author":{"gitId":"milecneret"},"content":"            if(line.equals(\"list\")) printList();","lastModifiedDate":"2021-10-24"},{"lineNumber":31,"author":{"gitId":"milecneret"},"content":"            else{","lastModifiedDate":"2021-10-24"},{"lineNumber":32,"author":{"gitId":"milecneret"},"content":"                taskList.add(new Todo(line));","lastModifiedDate":"2021-10-24"},{"lineNumber":33,"author":{"gitId":"milecneret"},"content":"                System.out.println(\"Now you have \" +taskList.size()+ \" tasks in the list.\");","lastModifiedDate":"2021-10-24"},{"lineNumber":34,"author":{"gitId":"milecneret"},"content":"            }","lastModifiedDate":"2021-10-22"},{"lineNumber":35,"author":{"gitId":"milecneret"},"content":"            line \u003d in.nextLine();","lastModifiedDate":"2021-10-22"},{"lineNumber":36,"author":{"gitId":"milecneret"},"content":"        }","lastModifiedDate":"2021-10-22"},{"lineNumber":37,"author":{"gitId":"milecneret"},"content":"","lastModifiedDate":"2021-08-29"},{"lineNumber":38,"author":{"gitId":"milecneret"},"content":"        //test out date time class","lastModifiedDate":"2021-10-22"},{"lineNumber":39,"author":{"gitId":"milecneret"},"content":"        //write the logic for main object","lastModifiedDate":"2021-10-22"},{"lineNumber":40,"author":{"gitId":"milecneret"},"content":"        //everytime when add new item, show this \"Now you have 5 tasks in the list.\"","lastModifiedDate":"2021-10-22"},{"lineNumber":41,"author":{"gitId":"milecneret"},"content":"        //for the string, splitstring method to split, \u0027by\u0027, \u0027at\u0027","lastModifiedDate":"2021-10-22"},{"lineNumber":42,"author":{"gitId":"milecneret"},"content":"        //implement switch case","lastModifiedDate":"2021-10-22"},{"lineNumber":43,"author":{"gitId":"milecneret"},"content":"","lastModifiedDate":"2021-10-22"},{"lineNumber":44,"author":{"gitId":"milecneret"},"content":"        //Deadline d \u003d new Deadline(\"Read textbook\", \"Nov 16\");","lastModifiedDate":"2021-10-22"},{"lineNumber":45,"author":{"gitId":"milecneret"},"content":"","lastModifiedDate":"2021-10-22"},{"lineNumber":46,"author":{"gitId":"milecneret"},"content":"        //scanner have to split the characters with the \u0027by\u0027 keyword to differentiate todo vs deadline","lastModifiedDate":"2021-10-21"},{"lineNumber":47,"author":{"gitId":"milecneret"},"content":"        //implement case?","lastModifiedDate":"2021-10-21"},{"lineNumber":48,"author":{"gitId":"milecneret"},"content":"","lastModifiedDate":"2021-09-24"},{"lineNumber":49,"author":{"gitId":"milecneret"},"content":"        System.out.println(\"Bye. Hope to see you again soon!\\n\");","lastModifiedDate":"2021-08-29"},{"lineNumber":50,"author":{"gitId":"milecneret"},"content":"","lastModifiedDate":"2021-09-24"},{"lineNumber":51,"author":{"gitId":"-"},"content":"    }","lastModifiedDate":"2019-07-29"},{"lineNumber":52,"author":{"gitId":"-"},"content":"}","lastModifiedDate":"2019-07-29"}],"authorContributionMap":{"milecneret":48,"-":4}},{"path":"src/main/java/Task/Deadline.java","fileType":"java","lines":[{"lineNumber":1,"author":{"gitId":"milecneret"},"content":"package Task;","lastModifiedDate":"2021-10-21"},{"lineNumber":2,"author":{"gitId":"milecneret"},"content":"","lastModifiedDate":"2021-10-21"},{"lineNumber":3,"author":{"gitId":"milecneret"},"content":"public class Deadline extends Todo {","lastModifiedDate":"2021-10-21"},{"lineNumber":4,"author":{"gitId":"milecneret"},"content":"","lastModifiedDate":"2021-10-21"},{"lineNumber":5,"author":{"gitId":"milecneret"},"content":"    protected String by;","lastModifiedDate":"2021-10-21"},{"lineNumber":6,"author":{"gitId":"milecneret"},"content":"","lastModifiedDate":"2021-10-21"},{"lineNumber":7,"author":{"gitId":"milecneret"},"content":"    public Deadline(String description, String by) {","lastModifiedDate":"2021-10-21"},{"lineNumber":8,"author":{"gitId":"milecneret"},"content":"        super(description);","lastModifiedDate":"2021-10-21"},{"lineNumber":9,"author":{"gitId":"milecneret"},"content":"        this.by \u003d by;","lastModifiedDate":"2021-10-21"},{"lineNumber":10,"author":{"gitId":"milecneret"},"content":"    }","lastModifiedDate":"2021-10-21"},{"lineNumber":11,"author":{"gitId":"milecneret"},"content":"","lastModifiedDate":"2021-10-21"},{"lineNumber":12,"author":{"gitId":"milecneret"},"content":"    //to modify to datetime class later","lastModifiedDate":"2021-10-21"},{"lineNumber":13,"author":{"gitId":"milecneret"},"content":"    public void setBy(String by) {","lastModifiedDate":"2021-10-21"},{"lineNumber":14,"author":{"gitId":"milecneret"},"content":"        this.by \u003d by;","lastModifiedDate":"2021-10-21"},{"lineNumber":15,"author":{"gitId":"milecneret"},"content":"    }","lastModifiedDate":"2021-10-21"},{"lineNumber":16,"author":{"gitId":"milecneret"},"content":"","lastModifiedDate":"2021-10-21"},{"lineNumber":17,"author":{"gitId":"milecneret"},"content":"    public String getBy() {","lastModifiedDate":"2021-10-21"},{"lineNumber":18,"author":{"gitId":"milecneret"},"content":"        return by;","lastModifiedDate":"2021-10-21"},{"lineNumber":19,"author":{"gitId":"milecneret"},"content":"    }","lastModifiedDate":"2021-10-21"},{"lineNumber":20,"author":{"gitId":"milecneret"},"content":"","lastModifiedDate":"2021-10-21"},{"lineNumber":21,"author":{"gitId":"milecneret"},"content":"    @Override","lastModifiedDate":"2021-10-21"},{"lineNumber":22,"author":{"gitId":"milecneret"},"content":"    public String getDescription(){","lastModifiedDate":"2021-10-24"},{"lineNumber":23,"author":{"gitId":"milecneret"},"content":"        return \"[D]\" + this.toString() + this.description;","lastModifiedDate":"2021-10-22"},{"lineNumber":24,"author":{"gitId":"milecneret"},"content":"    }","lastModifiedDate":"2021-10-21"},{"lineNumber":25,"author":{"gitId":"milecneret"},"content":"}","lastModifiedDate":"2021-10-21"}],"authorContributionMap":{"milecneret":25}},{"path":"src/main/java/Task/Event.java","fileType":"java","lines":[{"lineNumber":1,"author":{"gitId":"milecneret"},"content":"package Task;","lastModifiedDate":"2021-10-21"},{"lineNumber":2,"author":{"gitId":"milecneret"},"content":"","lastModifiedDate":"2021-10-21"},{"lineNumber":3,"author":{"gitId":"milecneret"},"content":"public class Event extends Todo {","lastModifiedDate":"2021-10-21"},{"lineNumber":4,"author":{"gitId":"milecneret"},"content":"","lastModifiedDate":"2021-10-21"},{"lineNumber":5,"author":{"gitId":"milecneret"},"content":"    protected String at;","lastModifiedDate":"2021-10-21"},{"lineNumber":6,"author":{"gitId":"milecneret"},"content":"","lastModifiedDate":"2021-10-21"},{"lineNumber":7,"author":{"gitId":"milecneret"},"content":"    public Event(String description, String at) {","lastModifiedDate":"2021-10-21"},{"lineNumber":8,"author":{"gitId":"milecneret"},"content":"        super(description);","lastModifiedDate":"2021-10-21"},{"lineNumber":9,"author":{"gitId":"milecneret"},"content":"        this.at \u003d at;","lastModifiedDate":"2021-10-21"},{"lineNumber":10,"author":{"gitId":"milecneret"},"content":"    }","lastModifiedDate":"2021-10-21"},{"lineNumber":11,"author":{"gitId":"milecneret"},"content":"","lastModifiedDate":"2021-10-21"},{"lineNumber":12,"author":{"gitId":"milecneret"},"content":"    //to modify to datetime class later","lastModifiedDate":"2021-10-21"},{"lineNumber":13,"author":{"gitId":"milecneret"},"content":"    public void setBy(String at) {","lastModifiedDate":"2021-10-21"},{"lineNumber":14,"author":{"gitId":"milecneret"},"content":"        this.at \u003d at;","lastModifiedDate":"2021-10-21"},{"lineNumber":15,"author":{"gitId":"milecneret"},"content":"    }","lastModifiedDate":"2021-10-21"},{"lineNumber":16,"author":{"gitId":"milecneret"},"content":"","lastModifiedDate":"2021-10-21"},{"lineNumber":17,"author":{"gitId":"milecneret"},"content":"    public String getBy() {","lastModifiedDate":"2021-10-21"},{"lineNumber":18,"author":{"gitId":"milecneret"},"content":"        return at;","lastModifiedDate":"2021-10-21"},{"lineNumber":19,"author":{"gitId":"milecneret"},"content":"    }","lastModifiedDate":"2021-10-21"},{"lineNumber":20,"author":{"gitId":"milecneret"},"content":"","lastModifiedDate":"2021-10-21"},{"lineNumber":21,"author":{"gitId":"milecneret"},"content":"    @Override","lastModifiedDate":"2021-10-21"},{"lineNumber":22,"author":{"gitId":"milecneret"},"content":"    public String getDescription(){","lastModifiedDate":"2021-10-24"},{"lineNumber":23,"author":{"gitId":"milecneret"},"content":"        return \"[E]\" + this.toString() + this.description;","lastModifiedDate":"2021-10-22"},{"lineNumber":24,"author":{"gitId":"milecneret"},"content":"    }","lastModifiedDate":"2021-10-21"},{"lineNumber":25,"author":{"gitId":"milecneret"},"content":"}","lastModifiedDate":"2021-10-21"}],"authorContributionMap":{"milecneret":25}},{"path":"src/main/java/Task/Task.java","fileType":"java","lines":[{"lineNumber":1,"author":{"gitId":"milecneret"},"content":"package Task;","lastModifiedDate":"2021-10-21"},{"lineNumber":2,"author":{"gitId":"milecneret"},"content":"","lastModifiedDate":"2021-10-21"},{"lineNumber":3,"author":{"gitId":"milecneret"},"content":"public class Task {","lastModifiedDate":"2021-10-21"},{"lineNumber":4,"author":{"gitId":"milecneret"},"content":"    protected String description;","lastModifiedDate":"2021-10-21"},{"lineNumber":5,"author":{"gitId":"milecneret"},"content":"","lastModifiedDate":"2021-10-21"},{"lineNumber":6,"author":{"gitId":"milecneret"},"content":"    public Task(String description) {","lastModifiedDate":"2021-10-21"},{"lineNumber":7,"author":{"gitId":"milecneret"},"content":"        this.description \u003d description;","lastModifiedDate":"2021-10-21"},{"lineNumber":8,"author":{"gitId":"milecneret"},"content":"        System.out.println(\"Got it. I\u0027ve added this task:\\r\\n\" + description) ;","lastModifiedDate":"2021-10-24"},{"lineNumber":9,"author":{"gitId":"milecneret"},"content":"    }","lastModifiedDate":"2021-10-21"},{"lineNumber":10,"author":{"gitId":"milecneret"},"content":"","lastModifiedDate":"2021-10-21"},{"lineNumber":11,"author":{"gitId":"milecneret"},"content":"    public String getDescription() {","lastModifiedDate":"2021-10-21"},{"lineNumber":12,"author":{"gitId":"milecneret"},"content":"        return description;","lastModifiedDate":"2021-10-21"},{"lineNumber":13,"author":{"gitId":"milecneret"},"content":"    }","lastModifiedDate":"2021-10-21"},{"lineNumber":14,"author":{"gitId":"milecneret"},"content":"","lastModifiedDate":"2021-10-21"},{"lineNumber":15,"author":{"gitId":"milecneret"},"content":"    @Override","lastModifiedDate":"2021-10-21"},{"lineNumber":16,"author":{"gitId":"milecneret"},"content":"    public String toString() {","lastModifiedDate":"2021-10-21"},{"lineNumber":17,"author":{"gitId":"milecneret"},"content":"        return description;","lastModifiedDate":"2021-10-22"},{"lineNumber":18,"author":{"gitId":"milecneret"},"content":"    }","lastModifiedDate":"2021-10-21"},{"lineNumber":19,"author":{"gitId":"milecneret"},"content":"//    public String toString() {","lastModifiedDate":"2021-10-22"},{"lineNumber":20,"author":{"gitId":"milecneret"},"content":"//        return \"description: \" + description;","lastModifiedDate":"2021-10-22"},{"lineNumber":21,"author":{"gitId":"milecneret"},"content":"//    }","lastModifiedDate":"2021-10-22"},{"lineNumber":22,"author":{"gitId":"milecneret"},"content":"}","lastModifiedDate":"2021-10-21"}],"authorContributionMap":{"milecneret":22}},{"path":"src/main/java/Task/Todo.java","fileType":"java","lines":[{"lineNumber":1,"author":{"gitId":"milecneret"},"content":"package Task;","lastModifiedDate":"2021-10-21"},{"lineNumber":2,"author":{"gitId":"milecneret"},"content":"","lastModifiedDate":"2021-10-21"},{"lineNumber":3,"author":{"gitId":"milecneret"},"content":"public class Todo extends Task {","lastModifiedDate":"2021-10-21"},{"lineNumber":4,"author":{"gitId":"milecneret"},"content":"    protected boolean isDone;","lastModifiedDate":"2021-10-21"},{"lineNumber":5,"author":{"gitId":"milecneret"},"content":"","lastModifiedDate":"2021-10-21"},{"lineNumber":6,"author":{"gitId":"milecneret"},"content":"    public Todo(String description) {","lastModifiedDate":"2021-10-21"},{"lineNumber":7,"author":{"gitId":"milecneret"},"content":"        super(description);","lastModifiedDate":"2021-10-21"},{"lineNumber":8,"author":{"gitId":"milecneret"},"content":"        isDone \u003d false;","lastModifiedDate":"2021-10-21"},{"lineNumber":9,"author":{"gitId":"milecneret"},"content":"    }","lastModifiedDate":"2021-10-21"},{"lineNumber":10,"author":{"gitId":"milecneret"},"content":"","lastModifiedDate":"2021-10-21"},{"lineNumber":11,"author":{"gitId":"milecneret"},"content":"    public void setDone(boolean done) {","lastModifiedDate":"2021-10-21"},{"lineNumber":12,"author":{"gitId":"milecneret"},"content":"        isDone \u003d done;","lastModifiedDate":"2021-10-21"},{"lineNumber":13,"author":{"gitId":"milecneret"},"content":"    }","lastModifiedDate":"2021-10-21"},{"lineNumber":14,"author":{"gitId":"milecneret"},"content":"","lastModifiedDate":"2021-10-21"},{"lineNumber":15,"author":{"gitId":"milecneret"},"content":"    public boolean isDone() {","lastModifiedDate":"2021-10-21"},{"lineNumber":16,"author":{"gitId":"milecneret"},"content":"        return isDone;","lastModifiedDate":"2021-10-21"},{"lineNumber":17,"author":{"gitId":"milecneret"},"content":"    }","lastModifiedDate":"2021-10-21"},{"lineNumber":18,"author":{"gitId":"milecneret"},"content":"","lastModifiedDate":"2021-10-21"},{"lineNumber":19,"author":{"gitId":"milecneret"},"content":"    @Override","lastModifiedDate":"2021-10-21"},{"lineNumber":20,"author":{"gitId":"milecneret"},"content":"    public String getDescription(){","lastModifiedDate":"2021-10-24"},{"lineNumber":21,"author":{"gitId":"milecneret"},"content":"        String status \u003d null;","lastModifiedDate":"2021-10-21"},{"lineNumber":22,"author":{"gitId":"milecneret"},"content":"        if (isDone){","lastModifiedDate":"2021-10-21"},{"lineNumber":23,"author":{"gitId":"milecneret"},"content":"            status \u003d \"[x] \";","lastModifiedDate":"2021-10-21"},{"lineNumber":24,"author":{"gitId":"milecneret"},"content":"        } else {","lastModifiedDate":"2021-10-21"},{"lineNumber":25,"author":{"gitId":"milecneret"},"content":"            status \u003d \"[ ] \";","lastModifiedDate":"2021-10-21"},{"lineNumber":26,"author":{"gitId":"milecneret"},"content":"        }","lastModifiedDate":"2021-10-21"},{"lineNumber":27,"author":{"gitId":"milecneret"},"content":"        return \"[T]\" + status + this.description;","lastModifiedDate":"2021-10-24"},{"lineNumber":28,"author":{"gitId":"milecneret"},"content":"    }","lastModifiedDate":"2021-10-21"},{"lineNumber":29,"author":{"gitId":"milecneret"},"content":"","lastModifiedDate":"2021-10-22"},{"lineNumber":30,"author":{"gitId":"milecneret"},"content":"}","lastModifiedDate":"2021-10-21"},{"lineNumber":31,"author":{"gitId":"milecneret"},"content":"","lastModifiedDate":"2021-10-21"},{"lineNumber":32,"author":{"gitId":"milecneret"},"content":"//System.out.println(\"added: \" + description);","lastModifiedDate":"2021-10-21"}],"authorContributionMap":{"milecneret":32}}]
