[{"path":"src/main/java/Duke.java","fileType":"java","lines":[{"lineNumber":1,"author":{"gitId":"milecneret"},"content":"import java.util.Arrays;","lastModifiedDate":"2021-09-24"},{"lineNumber":2,"author":{"gitId":"milecneret"},"content":"import java.time.LocalDate;","lastModifiedDate":"2021-10-22"},{"lineNumber":3,"author":{"gitId":"milecneret"},"content":"import java.time.format.DateTimeFormatter;","lastModifiedDate":"2021-10-22"},{"lineNumber":4,"author":{"gitId":"milecneret"},"content":"import java.time.temporal.ChronoUnit;","lastModifiedDate":"2021-10-22"},{"lineNumber":5,"author":{"gitId":"milecneret"},"content":"import java.util.Scanner;","lastModifiedDate":"2021-08-29"},{"lineNumber":6,"author":{"gitId":"milecneret"},"content":"import java.util.*;","lastModifiedDate":"2021-08-29"},{"lineNumber":7,"author":{"gitId":"milecneret"},"content":"","lastModifiedDate":"2021-11-01"},{"lineNumber":8,"author":{"gitId":"milecneret"},"content":"import Task.*;","lastModifiedDate":"2021-10-21"},{"lineNumber":9,"author":{"gitId":"milecneret"},"content":"","lastModifiedDate":"2021-09-24"},{"lineNumber":10,"author":{"gitId":"-"},"content":"public class Duke {","lastModifiedDate":"2019-07-29"},{"lineNumber":11,"author":{"gitId":"milecneret"},"content":"    public static List\u003cTask\u003e taskList \u003d new ArrayList\u003cTask\u003e(); //array to store Task objects","lastModifiedDate":"2021-10-21"},{"lineNumber":12,"author":{"gitId":"milecneret"},"content":"    public static String line; //to take in the string","lastModifiedDate":"2021-09-22"},{"lineNumber":13,"author":{"gitId":"milecneret"},"content":"    public static String inputType; //","lastModifiedDate":"2021-10-22"},{"lineNumber":14,"author":{"gitId":"milecneret"},"content":"","lastModifiedDate":"2021-09-22"},{"lineNumber":15,"author":{"gitId":"milecneret"},"content":"    private static void printList() {","lastModifiedDate":"2021-09-24"},{"lineNumber":16,"author":{"gitId":"milecneret"},"content":"        int index \u003d 1; //for printing string array later","lastModifiedDate":"2021-10-24"},{"lineNumber":17,"author":{"gitId":"milecneret"},"content":"        System.out.println(\"Here are the tasks in your list:\");","lastModifiedDate":"2021-10-22"},{"lineNumber":18,"author":{"gitId":"milecneret"},"content":"        for (Task item : taskList) {","lastModifiedDate":"2021-10-21"},{"lineNumber":19,"author":{"gitId":"milecneret"},"content":"            System.out.println((index++) + \". \" + item.getDescription()); //print string array","lastModifiedDate":"2021-10-24"},{"lineNumber":20,"author":{"gitId":"milecneret"},"content":"        }","lastModifiedDate":"2021-09-22"},{"lineNumber":21,"author":{"gitId":"milecneret"},"content":"    }","lastModifiedDate":"2021-09-24"},{"lineNumber":22,"author":{"gitId":"milecneret"},"content":"","lastModifiedDate":"2021-09-22"},{"lineNumber":23,"author":{"gitId":"milecneret"},"content":"    private static void find(String keyword) {","lastModifiedDate":"2021-11-01"},{"lineNumber":24,"author":{"gitId":"milecneret"},"content":"        System.out.println(\"Here are the matching tasks in your list:\");","lastModifiedDate":"2021-11-01"},{"lineNumber":25,"author":{"gitId":"milecneret"},"content":"        for (Task item : taskList) {","lastModifiedDate":"2021-11-01"},{"lineNumber":26,"author":{"gitId":"milecneret"},"content":"            if(item.getDescription().contains(keyword)){","lastModifiedDate":"2021-11-01"},{"lineNumber":27,"author":{"gitId":"milecneret"},"content":"                System.out.println(item.getDescription());","lastModifiedDate":"2021-11-01"},{"lineNumber":28,"author":{"gitId":"milecneret"},"content":"            }","lastModifiedDate":"2021-11-01"},{"lineNumber":29,"author":{"gitId":"milecneret"},"content":"        }","lastModifiedDate":"2021-11-01"},{"lineNumber":30,"author":{"gitId":"milecneret"},"content":"    }","lastModifiedDate":"2021-11-01"},{"lineNumber":31,"author":{"gitId":"milecneret"},"content":"","lastModifiedDate":"2021-11-01"},{"lineNumber":32,"author":{"gitId":"milecneret"},"content":"    private static void AddingNewItemToList() {","lastModifiedDate":"2021-11-01"},{"lineNumber":33,"author":{"gitId":"milecneret"},"content":"        System.out.println(\"Got it. I\u0027ve added this task:\\n\" + taskList.get(taskList.size() - 1).getDescription()) ;","lastModifiedDate":"2021-11-01"},{"lineNumber":34,"author":{"gitId":"milecneret"},"content":"    }","lastModifiedDate":"2021-11-01"},{"lineNumber":35,"author":{"gitId":"milecneret"},"content":"","lastModifiedDate":"2021-11-01"},{"lineNumber":36,"author":{"gitId":"milecneret"},"content":"    private static void printCurrentListCount() {","lastModifiedDate":"2021-11-01"},{"lineNumber":37,"author":{"gitId":"milecneret"},"content":"        System.out.println(\"Now you have \" + taskList.size() + \" tasks in the list.\");","lastModifiedDate":"2021-11-01"},{"lineNumber":38,"author":{"gitId":"milecneret"},"content":"    }","lastModifiedDate":"2021-11-01"},{"lineNumber":39,"author":{"gitId":"milecneret"},"content":"","lastModifiedDate":"2021-11-01"},{"lineNumber":40,"author":{"gitId":"-"},"content":"        public static void main(String[] args) {","lastModifiedDate":"2019-07-29"},{"lineNumber":41,"author":{"gitId":"milecneret"},"content":"        Scanner in \u003d new Scanner(System.in);","lastModifiedDate":"2021-09-24"},{"lineNumber":42,"author":{"gitId":"milecneret"},"content":"        System.out.println(\"Hello! I\u0027m Duke Morpheus\\n\");","lastModifiedDate":"2021-08-29"},{"lineNumber":43,"author":{"gitId":"milecneret"},"content":"        System.out.println(\"What can I do for you?\");","lastModifiedDate":"2021-08-29"},{"lineNumber":44,"author":{"gitId":"milecneret"},"content":"","lastModifiedDate":"2021-09-22"},{"lineNumber":45,"author":{"gitId":"milecneret"},"content":"        String[] instruction;","lastModifiedDate":"2021-10-25"},{"lineNumber":46,"author":{"gitId":"milecneret"},"content":"","lastModifiedDate":"2021-08-29"},{"lineNumber":47,"author":{"gitId":"milecneret"},"content":"        do {","lastModifiedDate":"2021-10-25"},{"lineNumber":48,"author":{"gitId":"milecneret"},"content":"            line \u003d in.nextLine();","lastModifiedDate":"2021-10-25"},{"lineNumber":49,"author":{"gitId":"milecneret"},"content":"            instruction \u003d line.split(\" \", 2);","lastModifiedDate":"2021-10-25"},{"lineNumber":50,"author":{"gitId":"milecneret"},"content":"            switch (instruction[0]) {","lastModifiedDate":"2021-10-25"},{"lineNumber":51,"author":{"gitId":"milecneret"},"content":"                case \"todo\":","lastModifiedDate":"2021-10-25"},{"lineNumber":52,"author":{"gitId":"milecneret"},"content":"                    taskList.add(new Todo(instruction[1]));","lastModifiedDate":"2021-10-25"},{"lineNumber":53,"author":{"gitId":"milecneret"},"content":"                    AddingNewItemToList();","lastModifiedDate":"2021-11-01"},{"lineNumber":54,"author":{"gitId":"milecneret"},"content":"                    printCurrentListCount();","lastModifiedDate":"2021-11-01"},{"lineNumber":55,"author":{"gitId":"milecneret"},"content":"                    break;","lastModifiedDate":"2021-10-25"},{"lineNumber":56,"author":{"gitId":"milecneret"},"content":"                case \"deadline\":","lastModifiedDate":"2021-10-25"},{"lineNumber":57,"author":{"gitId":"milecneret"},"content":"                    instruction \u003d line.split(\" /by \", 2); //further split using keyword \"/by\"","lastModifiedDate":"2021-11-01"},{"lineNumber":58,"author":{"gitId":"milecneret"},"content":"                    taskList.add(new Deadline(instruction[0].replace(\"deadline \",\"\"), instruction[1]));","lastModifiedDate":"2021-11-01"},{"lineNumber":59,"author":{"gitId":"milecneret"},"content":"                    AddingNewItemToList();","lastModifiedDate":"2021-11-01"},{"lineNumber":60,"author":{"gitId":"milecneret"},"content":"                    printCurrentListCount();","lastModifiedDate":"2021-11-01"},{"lineNumber":61,"author":{"gitId":"milecneret"},"content":"                    break;","lastModifiedDate":"2021-10-25"},{"lineNumber":62,"author":{"gitId":"milecneret"},"content":"                case \"event\":","lastModifiedDate":"2021-10-25"},{"lineNumber":63,"author":{"gitId":"milecneret"},"content":"                    instruction \u003d line.split(\" /at \", 2); //further split using keyword \"/by\"","lastModifiedDate":"2021-11-01"},{"lineNumber":64,"author":{"gitId":"milecneret"},"content":"                    taskList.add(new Event(instruction[0].replace(\"event \",\"\"), instruction[1]));","lastModifiedDate":"2021-11-01"},{"lineNumber":65,"author":{"gitId":"milecneret"},"content":"                    AddingNewItemToList();","lastModifiedDate":"2021-11-01"},{"lineNumber":66,"author":{"gitId":"milecneret"},"content":"                    printCurrentListCount();","lastModifiedDate":"2021-11-01"},{"lineNumber":67,"author":{"gitId":"milecneret"},"content":"                    break;","lastModifiedDate":"2021-10-25"},{"lineNumber":68,"author":{"gitId":"milecneret"},"content":"                case \"list\":","lastModifiedDate":"2021-10-25"},{"lineNumber":69,"author":{"gitId":"milecneret"},"content":"                    printList();","lastModifiedDate":"2021-10-25"},{"lineNumber":70,"author":{"gitId":"milecneret"},"content":"                    break;","lastModifiedDate":"2021-10-25"},{"lineNumber":71,"author":{"gitId":"milecneret"},"content":"                case \"done\":","lastModifiedDate":"2021-10-25"},{"lineNumber":72,"author":{"gitId":"milecneret"},"content":"                    taskList.get(Integer.parseInt(instruction[1]) - 1).markDone();","lastModifiedDate":"2021-10-25"},{"lineNumber":73,"author":{"gitId":"milecneret"},"content":"                    System.out.println(\"Nice! I\u0027ve marked this task as done:\") ;","lastModifiedDate":"2021-11-01"},{"lineNumber":74,"author":{"gitId":"milecneret"},"content":"                    System.out.println(taskList.get(Integer.parseInt(instruction[1]) - 1).getDescription());","lastModifiedDate":"2021-11-01"},{"lineNumber":75,"author":{"gitId":"milecneret"},"content":"                    break;","lastModifiedDate":"2021-11-01"},{"lineNumber":76,"author":{"gitId":"milecneret"},"content":"                case \"delete\":","lastModifiedDate":"2021-11-01"},{"lineNumber":77,"author":{"gitId":"milecneret"},"content":"                    System.out.println(\"Noted. I\u0027ve removed this task:\");","lastModifiedDate":"2021-11-01"},{"lineNumber":78,"author":{"gitId":"milecneret"},"content":"                    System.out.println(taskList.get(Integer.parseInt(instruction[1]) - 1).getDescription());","lastModifiedDate":"2021-11-01"},{"lineNumber":79,"author":{"gitId":"milecneret"},"content":"                    taskList.remove(Integer.parseInt(instruction[1]) - 1);","lastModifiedDate":"2021-11-01"},{"lineNumber":80,"author":{"gitId":"milecneret"},"content":"                    break;","lastModifiedDate":"2021-10-25"},{"lineNumber":81,"author":{"gitId":"milecneret"},"content":"                case \"find\":","lastModifiedDate":"2021-11-01"},{"lineNumber":82,"author":{"gitId":"milecneret"},"content":"                    find(instruction[1]);","lastModifiedDate":"2021-11-01"},{"lineNumber":83,"author":{"gitId":"milecneret"},"content":"                    break;","lastModifiedDate":"2021-11-01"},{"lineNumber":84,"author":{"gitId":"milecneret"},"content":"                case \"bye\":","lastModifiedDate":"2021-10-25"},{"lineNumber":85,"author":{"gitId":"milecneret"},"content":"                    break;","lastModifiedDate":"2021-10-25"},{"lineNumber":86,"author":{"gitId":"milecneret"},"content":"                default: //by default everything is todo if no specific instructions","lastModifiedDate":"2021-10-25"},{"lineNumber":87,"author":{"gitId":"milecneret"},"content":"                    taskList.add(new Todo(line));","lastModifiedDate":"2021-10-24"},{"lineNumber":88,"author":{"gitId":"milecneret"},"content":"                    AddingNewItemToList();","lastModifiedDate":"2021-11-01"},{"lineNumber":89,"author":{"gitId":"milecneret"},"content":"                    printCurrentListCount();","lastModifiedDate":"2021-11-01"},{"lineNumber":90,"author":{"gitId":"milecneret"},"content":"                    break;","lastModifiedDate":"2021-10-25"},{"lineNumber":91,"author":{"gitId":"milecneret"},"content":"            }","lastModifiedDate":"2021-10-22"},{"lineNumber":92,"author":{"gitId":"milecneret"},"content":"        }","lastModifiedDate":"2021-10-22"},{"lineNumber":93,"author":{"gitId":"milecneret"},"content":"        while (!instruction[0].equals(\"bye\"));","lastModifiedDate":"2021-10-25"},{"lineNumber":94,"author":{"gitId":"milecneret"},"content":"","lastModifiedDate":"2021-08-29"},{"lineNumber":95,"author":{"gitId":"milecneret"},"content":"        //test out date time class","lastModifiedDate":"2021-10-22"},{"lineNumber":96,"author":{"gitId":"milecneret"},"content":"        //for the string, splitstring method to split, \u0027by\u0027, \u0027at\u0027","lastModifiedDate":"2021-10-22"},{"lineNumber":97,"author":{"gitId":"milecneret"},"content":"","lastModifiedDate":"2021-10-22"},{"lineNumber":98,"author":{"gitId":"milecneret"},"content":"        //Deadline d \u003d new Deadline(\"Read textbook\", \"Nov 16\");","lastModifiedDate":"2021-10-22"},{"lineNumber":99,"author":{"gitId":"milecneret"},"content":"","lastModifiedDate":"2021-10-22"},{"lineNumber":100,"author":{"gitId":"milecneret"},"content":"        //scanner have to split the characters with the \u0027by\u0027 keyword to differentiate todo vs deadline","lastModifiedDate":"2021-10-21"},{"lineNumber":101,"author":{"gitId":"milecneret"},"content":"","lastModifiedDate":"2021-09-24"},{"lineNumber":102,"author":{"gitId":"milecneret"},"content":"        System.out.println(\"Bye. Hope to see you again soon!\\n\");","lastModifiedDate":"2021-08-29"},{"lineNumber":103,"author":{"gitId":"milecneret"},"content":"","lastModifiedDate":"2021-09-24"},{"lineNumber":104,"author":{"gitId":"-"},"content":"    }","lastModifiedDate":"2019-07-29"},{"lineNumber":105,"author":{"gitId":"-"},"content":"}","lastModifiedDate":"2019-07-29"}],"authorContributionMap":{"milecneret":101,"-":4}},{"path":"src/main/java/Task/Deadline.java","fileType":"java","lines":[{"lineNumber":1,"author":{"gitId":"milecneret"},"content":"package Task;","lastModifiedDate":"2021-10-21"},{"lineNumber":2,"author":{"gitId":"milecneret"},"content":"","lastModifiedDate":"2021-10-21"},{"lineNumber":3,"author":{"gitId":"milecneret"},"content":"public class Deadline extends Todo {","lastModifiedDate":"2021-10-21"},{"lineNumber":4,"author":{"gitId":"milecneret"},"content":"    protected String by;","lastModifiedDate":"2021-10-21"},{"lineNumber":5,"author":{"gitId":"milecneret"},"content":"","lastModifiedDate":"2021-10-21"},{"lineNumber":6,"author":{"gitId":"milecneret"},"content":"    public Deadline(String description, String by) {","lastModifiedDate":"2021-11-01"},{"lineNumber":7,"author":{"gitId":"milecneret"},"content":"        super(description);","lastModifiedDate":"2021-10-21"},{"lineNumber":8,"author":{"gitId":"milecneret"},"content":"        this.by \u003d by;","lastModifiedDate":"2021-10-21"},{"lineNumber":9,"author":{"gitId":"milecneret"},"content":"    }","lastModifiedDate":"2021-10-21"},{"lineNumber":10,"author":{"gitId":"milecneret"},"content":"","lastModifiedDate":"2021-10-21"},{"lineNumber":11,"author":{"gitId":"milecneret"},"content":"    //to modify to datetime class later","lastModifiedDate":"2021-10-21"},{"lineNumber":12,"author":{"gitId":"milecneret"},"content":"    public void setBy(String by) {","lastModifiedDate":"2021-10-21"},{"lineNumber":13,"author":{"gitId":"milecneret"},"content":"        this.by \u003d by;","lastModifiedDate":"2021-10-21"},{"lineNumber":14,"author":{"gitId":"milecneret"},"content":"    }","lastModifiedDate":"2021-10-21"},{"lineNumber":15,"author":{"gitId":"milecneret"},"content":"","lastModifiedDate":"2021-10-21"},{"lineNumber":16,"author":{"gitId":"milecneret"},"content":"    public String getBy() {","lastModifiedDate":"2021-10-21"},{"lineNumber":17,"author":{"gitId":"milecneret"},"content":"        return by;","lastModifiedDate":"2021-10-21"},{"lineNumber":18,"author":{"gitId":"milecneret"},"content":"    }","lastModifiedDate":"2021-10-21"},{"lineNumber":19,"author":{"gitId":"milecneret"},"content":"","lastModifiedDate":"2021-10-21"},{"lineNumber":20,"author":{"gitId":"milecneret"},"content":"    @Override","lastModifiedDate":"2021-10-21"},{"lineNumber":21,"author":{"gitId":"milecneret"},"content":"    public String getDescription(){","lastModifiedDate":"2021-10-24"},{"lineNumber":22,"author":{"gitId":"milecneret"},"content":"        return \"[D]\" + status + this.description  + \" (by: \" + by +\")\" ;","lastModifiedDate":"2021-11-01"},{"lineNumber":23,"author":{"gitId":"milecneret"},"content":"    }","lastModifiedDate":"2021-10-21"},{"lineNumber":24,"author":{"gitId":"milecneret"},"content":"}","lastModifiedDate":"2021-10-21"}],"authorContributionMap":{"milecneret":24}},{"path":"src/main/java/Task/Event.java","fileType":"java","lines":[{"lineNumber":1,"author":{"gitId":"milecneret"},"content":"package Task;","lastModifiedDate":"2021-10-21"},{"lineNumber":2,"author":{"gitId":"milecneret"},"content":"","lastModifiedDate":"2021-10-21"},{"lineNumber":3,"author":{"gitId":"milecneret"},"content":"public class Event extends Todo {","lastModifiedDate":"2021-10-21"},{"lineNumber":4,"author":{"gitId":"milecneret"},"content":"    String symbol \u003d \"[E]\";","lastModifiedDate":"2021-11-01"},{"lineNumber":5,"author":{"gitId":"milecneret"},"content":"    protected String at;","lastModifiedDate":"2021-10-21"},{"lineNumber":6,"author":{"gitId":"milecneret"},"content":"","lastModifiedDate":"2021-10-21"},{"lineNumber":7,"author":{"gitId":"milecneret"},"content":"    public Event(String description, String at) {","lastModifiedDate":"2021-10-21"},{"lineNumber":8,"author":{"gitId":"milecneret"},"content":"        super(description);","lastModifiedDate":"2021-10-21"},{"lineNumber":9,"author":{"gitId":"milecneret"},"content":"        this.at \u003d at;","lastModifiedDate":"2021-10-21"},{"lineNumber":10,"author":{"gitId":"milecneret"},"content":"    }","lastModifiedDate":"2021-10-21"},{"lineNumber":11,"author":{"gitId":"milecneret"},"content":"","lastModifiedDate":"2021-10-21"},{"lineNumber":12,"author":{"gitId":"milecneret"},"content":"    public Event(String description) {","lastModifiedDate":"2021-10-25"},{"lineNumber":13,"author":{"gitId":"milecneret"},"content":"        super(description);","lastModifiedDate":"2021-10-25"},{"lineNumber":14,"author":{"gitId":"milecneret"},"content":"    }","lastModifiedDate":"2021-10-25"},{"lineNumber":15,"author":{"gitId":"milecneret"},"content":"","lastModifiedDate":"2021-10-25"},{"lineNumber":16,"author":{"gitId":"milecneret"},"content":"    //to modify to datetime class later","lastModifiedDate":"2021-10-21"},{"lineNumber":17,"author":{"gitId":"milecneret"},"content":"    public void setBy(String at) {","lastModifiedDate":"2021-10-21"},{"lineNumber":18,"author":{"gitId":"milecneret"},"content":"        this.at \u003d at;","lastModifiedDate":"2021-10-21"},{"lineNumber":19,"author":{"gitId":"milecneret"},"content":"    }","lastModifiedDate":"2021-10-21"},{"lineNumber":20,"author":{"gitId":"milecneret"},"content":"","lastModifiedDate":"2021-10-21"},{"lineNumber":21,"author":{"gitId":"milecneret"},"content":"    public String getBy() {","lastModifiedDate":"2021-10-21"},{"lineNumber":22,"author":{"gitId":"milecneret"},"content":"        return at;","lastModifiedDate":"2021-10-21"},{"lineNumber":23,"author":{"gitId":"milecneret"},"content":"    }","lastModifiedDate":"2021-10-21"},{"lineNumber":24,"author":{"gitId":"milecneret"},"content":"","lastModifiedDate":"2021-10-21"},{"lineNumber":25,"author":{"gitId":"milecneret"},"content":"    @Override","lastModifiedDate":"2021-10-21"},{"lineNumber":26,"author":{"gitId":"milecneret"},"content":"    public String getDescription(){","lastModifiedDate":"2021-10-24"},{"lineNumber":27,"author":{"gitId":"milecneret"},"content":"        return \"[E]\" + status + this.description + \" (at: \" + at +\")\" ;","lastModifiedDate":"2021-11-01"},{"lineNumber":28,"author":{"gitId":"milecneret"},"content":"    }","lastModifiedDate":"2021-10-21"},{"lineNumber":29,"author":{"gitId":"milecneret"},"content":"","lastModifiedDate":"2021-11-01"},{"lineNumber":30,"author":{"gitId":"milecneret"},"content":"}","lastModifiedDate":"2021-10-21"}],"authorContributionMap":{"milecneret":30}},{"path":"src/main/java/Task/Task.java","fileType":"java","lines":[{"lineNumber":1,"author":{"gitId":"milecneret"},"content":"package Task;","lastModifiedDate":"2021-10-21"},{"lineNumber":2,"author":{"gitId":"milecneret"},"content":"","lastModifiedDate":"2021-10-21"},{"lineNumber":3,"author":{"gitId":"milecneret"},"content":"public class Task {","lastModifiedDate":"2021-10-21"},{"lineNumber":4,"author":{"gitId":"milecneret"},"content":"    protected String description;","lastModifiedDate":"2021-10-21"},{"lineNumber":5,"author":{"gitId":"milecneret"},"content":"    protected String status \u003d \"[ ] \";","lastModifiedDate":"2021-10-25"},{"lineNumber":6,"author":{"gitId":"milecneret"},"content":"","lastModifiedDate":"2021-10-21"},{"lineNumber":7,"author":{"gitId":"milecneret"},"content":"    public Task(String description) {","lastModifiedDate":"2021-10-21"},{"lineNumber":8,"author":{"gitId":"milecneret"},"content":"        this.description \u003d description;","lastModifiedDate":"2021-10-21"},{"lineNumber":9,"author":{"gitId":"milecneret"},"content":"    }","lastModifiedDate":"2021-10-21"},{"lineNumber":10,"author":{"gitId":"milecneret"},"content":"","lastModifiedDate":"2021-10-21"},{"lineNumber":11,"author":{"gitId":"milecneret"},"content":"    public String getDescription() {","lastModifiedDate":"2021-10-21"},{"lineNumber":12,"author":{"gitId":"milecneret"},"content":"        return description;","lastModifiedDate":"2021-10-21"},{"lineNumber":13,"author":{"gitId":"milecneret"},"content":"    }","lastModifiedDate":"2021-10-21"},{"lineNumber":14,"author":{"gitId":"milecneret"},"content":"","lastModifiedDate":"2021-10-21"},{"lineNumber":15,"author":{"gitId":"milecneret"},"content":"    public void markDone() {","lastModifiedDate":"2021-10-25"},{"lineNumber":16,"author":{"gitId":"milecneret"},"content":"        status \u003d \"[X] \";","lastModifiedDate":"2021-10-25"},{"lineNumber":17,"author":{"gitId":"milecneret"},"content":"    }","lastModifiedDate":"2021-10-25"},{"lineNumber":18,"author":{"gitId":"milecneret"},"content":"","lastModifiedDate":"2021-10-25"},{"lineNumber":19,"author":{"gitId":"milecneret"},"content":"    public boolean isDone() {","lastModifiedDate":"2021-10-25"},{"lineNumber":20,"author":{"gitId":"milecneret"},"content":"        if(status.equals(\"[ ] \")) return false;","lastModifiedDate":"2021-10-25"},{"lineNumber":21,"author":{"gitId":"milecneret"},"content":"        else return true;","lastModifiedDate":"2021-10-25"},{"lineNumber":22,"author":{"gitId":"milecneret"},"content":"    }","lastModifiedDate":"2021-10-25"},{"lineNumber":23,"author":{"gitId":"milecneret"},"content":"","lastModifiedDate":"2021-10-25"},{"lineNumber":24,"author":{"gitId":"milecneret"},"content":"    @Override","lastModifiedDate":"2021-10-21"},{"lineNumber":25,"author":{"gitId":"milecneret"},"content":"    public String toString() {","lastModifiedDate":"2021-10-21"},{"lineNumber":26,"author":{"gitId":"milecneret"},"content":"        return description;","lastModifiedDate":"2021-10-22"},{"lineNumber":27,"author":{"gitId":"milecneret"},"content":"    }","lastModifiedDate":"2021-10-21"},{"lineNumber":28,"author":{"gitId":"milecneret"},"content":"}","lastModifiedDate":"2021-10-21"}],"authorContributionMap":{"milecneret":28}},{"path":"src/main/java/Task/Todo.java","fileType":"java","lines":[{"lineNumber":1,"author":{"gitId":"milecneret"},"content":"package Task;","lastModifiedDate":"2021-10-21"},{"lineNumber":2,"author":{"gitId":"milecneret"},"content":"","lastModifiedDate":"2021-10-21"},{"lineNumber":3,"author":{"gitId":"milecneret"},"content":"public class Todo extends Task {","lastModifiedDate":"2021-10-21"},{"lineNumber":4,"author":{"gitId":"milecneret"},"content":"","lastModifiedDate":"2021-10-21"},{"lineNumber":5,"author":{"gitId":"milecneret"},"content":"    public Todo(String description) {","lastModifiedDate":"2021-10-21"},{"lineNumber":6,"author":{"gitId":"milecneret"},"content":"        super(description);","lastModifiedDate":"2021-10-21"},{"lineNumber":7,"author":{"gitId":"milecneret"},"content":"        //System.out.println(\"Got it. I\u0027ve added this task:\\n\" + \"[T]\" + status + this.description) ;","lastModifiedDate":"2021-11-01"},{"lineNumber":8,"author":{"gitId":"milecneret"},"content":"    }","lastModifiedDate":"2021-10-21"},{"lineNumber":9,"author":{"gitId":"milecneret"},"content":"","lastModifiedDate":"2021-10-21"},{"lineNumber":10,"author":{"gitId":"milecneret"},"content":"    @Override","lastModifiedDate":"2021-10-21"},{"lineNumber":11,"author":{"gitId":"milecneret"},"content":"    public String getDescription(){","lastModifiedDate":"2021-10-24"},{"lineNumber":12,"author":{"gitId":"milecneret"},"content":"        return \"[T]\" + status + this.description;","lastModifiedDate":"2021-10-24"},{"lineNumber":13,"author":{"gitId":"milecneret"},"content":"    }","lastModifiedDate":"2021-10-21"},{"lineNumber":14,"author":{"gitId":"milecneret"},"content":"","lastModifiedDate":"2021-10-22"},{"lineNumber":15,"author":{"gitId":"milecneret"},"content":"}","lastModifiedDate":"2021-10-21"},{"lineNumber":16,"author":{"gitId":"milecneret"},"content":"","lastModifiedDate":"2021-10-21"},{"lineNumber":17,"author":{"gitId":"milecneret"},"content":"//System.out.println(\"added: \" + description);","lastModifiedDate":"2021-10-21"}],"authorContributionMap":{"milecneret":17}}]
