{"authorDailyContributionsMap":{"milecneret":[{"date":"2021-08-29","commitResults":[{"hash":"9338a38644ca28583bcb98f8a3388ef3dea55630","messageTitle":"Level-1","messageBody":"","tags":["Level-1"],"fileTypesAndContributionMap":{"java":{"insertions":24,"deletions":6}}},{"hash":"f98b0e9ed3c8082db1a6871ac7738eb8297134b3","messageTitle":"Level-2","messageBody":"","tags":["Level-2"],"fileTypesAndContributionMap":{"java":{"insertions":12,"deletions":1}}}]}]},"authorFileTypeContributionMap":{"milecneret":{"java":35,"md":0,"fxml":0,"sh":0,"bat":0,"gradle":0,"txt":0}},"authorContributionVariance":{"milecneret":83.85487},"authorDisplayNameMap":{"milecneret":"LIM ..ENCE"}}
