{"authorDailyContributionsMap":{"milecneret":[{"date":"2021-08-29","commitResults":[{"hash":"9338a38644ca28583bcb98f8a3388ef3dea55630","messageTitle":"Level-1","messageBody":"","tags":["Level-1"],"fileTypesAndContributionMap":{"java":{"insertions":24,"deletions":6}}},{"hash":"f98b0e9ed3c8082db1a6871ac7738eb8297134b3","messageTitle":"Level-2","messageBody":"","tags":["Level-2"],"fileTypesAndContributionMap":{"java":{"insertions":12,"deletions":1}}}]},{"date":"2021-09-22","commitResults":[{"hash":"cab03b9792cb17f2ea3f9583f4f5f244f7e6b874","messageTitle":"no message","messageBody":"","fileTypesAndContributionMap":{"java":{"insertions":21,"deletions":9}}}]},{"date":"2021-09-24","commitResults":[{"hash":"89cfb61b319f6f48f238b1ed0573857c8a9cb113","messageTitle":"Level 3 Done","messageBody":"","fileTypesAndContributionMap":{"java":{"insertions":60,"deletions":22}}},{"hash":"0a9c44cc9c7d912f5e8e208dcf3910902a87b491","messageTitle":"Revert \"Level 3 Done\"","messageBody":"This reverts commit 89cfb61b319f6f48f238b1ed0573857c8a9cb113.\n","fileTypesAndContributionMap":{"java":{"insertions":22,"deletions":60}}}]},{"date":"2021-10-21","commitResults":[{"hash":"897bbbbd09a2bd8576f4caf5d2f9b0a2917eb0e3","messageTitle":"no message","messageBody":"","fileTypesAndContributionMap":{"java":{"insertions":120,"deletions":25}}}]},{"date":"2021-10-22","commitResults":[{"hash":"4d9f34457dba60c61c3254ace63f8a0c7de70093","messageTitle":"22 oct progress","messageBody":"","fileTypesAndContributionMap":{"java":{"insertions":44,"deletions":10}}}]},{"date":"2021-10-24","commitResults":[{"hash":"a38c921cfd6e42afb0cf6002badb5088ecaf41ad","messageTitle":"24 Oct 2021","messageBody":"","fileTypesAndContributionMap":{"java":{"insertions":11,"deletions":35}}}]}]},"authorFileTypeContributionMap":{"milecneret":{"java":152,"md":0,"fxml":0,"sh":0,"bat":0,"gradle":0,"txt":0}},"authorContributionVariance":{"milecneret":684.218},"authorDisplayNameMap":{"milecneret":"LIM ..ENCE"}}
