[{"path":"src/main/java/Duke.java","fileType":"java","lines":[{"lineNumber":1,"author":{"gitId":"samsspl"},"content":"import java.util.*;","lastModifiedDate":"2021-09-15"},{"lineNumber":2,"author":{"gitId":"samsspl"},"content":"","lastModifiedDate":"2021-09-15"},{"lineNumber":3,"author":{"gitId":"-"},"content":"public class Duke {","lastModifiedDate":"2019-07-29"},{"lineNumber":4,"author":{"gitId":"-"},"content":"    public static void main(String[] args) {","lastModifiedDate":"2019-07-29"},{"lineNumber":5,"author":{"gitId":"samsspl"},"content":"","lastModifiedDate":"2021-09-15"},{"lineNumber":6,"author":{"gitId":"samsspl"},"content":"        String greeting \u003d \"Hello! I\u0027m Duke \\n\\tWhat can I do for you?\";","lastModifiedDate":"2021-09-15"},{"lineNumber":7,"author":{"gitId":"samsspl"},"content":"        String valediction \u003d \"Bye. Hope to see you again soon!\";","lastModifiedDate":"2021-09-15"},{"lineNumber":8,"author":{"gitId":"samsspl"},"content":"        String horiLine \u003d \"\\t-----------------------------------------\";","lastModifiedDate":"2021-09-15"},{"lineNumber":9,"author":{"gitId":"samsspl"},"content":"        String buff \u003d \"\\t\";","lastModifiedDate":"2021-09-15"},{"lineNumber":10,"author":{"gitId":"samsspl"},"content":"        System.out.println(horiLine + \"\\n\" + buff + greeting + \"\\n\" + horiLine);","lastModifiedDate":"2021-09-15"},{"lineNumber":11,"author":{"gitId":"samsspl"},"content":"        Scanner myObj \u003d new Scanner(System.in);","lastModifiedDate":"2021-09-15"},{"lineNumber":12,"author":{"gitId":"samsspl"},"content":"        String userInput \u003d myObj.nextLine();  // Read user input","lastModifiedDate":"2021-09-15"},{"lineNumber":13,"author":{"gitId":"samsspl"},"content":"        ListTask newlist \u003d new ListTask();","lastModifiedDate":"2021-09-15"},{"lineNumber":14,"author":{"gitId":"samsspl"},"content":"","lastModifiedDate":"2021-09-15"},{"lineNumber":15,"author":{"gitId":"samsspl"},"content":"        while(!userInput.trim().equalsIgnoreCase(\"bye\")){","lastModifiedDate":"2021-09-15"},{"lineNumber":16,"author":{"gitId":"samsspl"},"content":"            newlist.addTask(userInput);","lastModifiedDate":"2021-09-15"},{"lineNumber":17,"author":{"gitId":"samsspl"},"content":"//            if(userInput.trim().equalsIgnoreCase(\"list\")){","lastModifiedDate":"2021-09-15"},{"lineNumber":18,"author":{"gitId":"samsspl"},"content":"//                System.out.println(newlist.showList());","lastModifiedDate":"2021-09-15"},{"lineNumber":19,"author":{"gitId":"samsspl"},"content":"//            }","lastModifiedDate":"2021-09-15"},{"lineNumber":20,"author":{"gitId":"samsspl"},"content":"//            if(userInput.trim().equalsIgnoreCase(\"done\")){","lastModifiedDate":"2021-09-15"},{"lineNumber":21,"author":{"gitId":"samsspl"},"content":"////                newlist.setDone(true);","lastModifiedDate":"2021-09-15"},{"lineNumber":22,"author":{"gitId":"samsspl"},"content":"//            }","lastModifiedDate":"2021-09-15"},{"lineNumber":23,"author":{"gitId":"samsspl"},"content":"//            System.out.println(horiLine + \"\\n\" + buff + userInput.trim() + \"\\n\" + horiLine); // echo function","lastModifiedDate":"2021-09-15"},{"lineNumber":24,"author":{"gitId":"samsspl"},"content":"            userInput \u003d myObj.nextLine();","lastModifiedDate":"2021-09-15"},{"lineNumber":25,"author":{"gitId":"samsspl"},"content":"","lastModifiedDate":"2021-09-15"},{"lineNumber":26,"author":{"gitId":"samsspl"},"content":"        }","lastModifiedDate":"2021-09-15"},{"lineNumber":27,"author":{"gitId":"samsspl"},"content":"","lastModifiedDate":"2021-09-15"},{"lineNumber":28,"author":{"gitId":"samsspl"},"content":"        System.out.println(horiLine + \"\\n\" + buff + valediction + \"\\n\" + horiLine);","lastModifiedDate":"2021-09-15"},{"lineNumber":29,"author":{"gitId":"-"},"content":"    }","lastModifiedDate":"2019-07-29"},{"lineNumber":30,"author":{"gitId":"-"},"content":"}","lastModifiedDate":"2019-07-29"}],"authorContributionMap":{"samsspl":26,"-":4}},{"path":"src/main/java/ListTask.java","fileType":"java","lines":[{"lineNumber":1,"author":{"gitId":"samsspl"},"content":"public class ListTask extends Task{","lastModifiedDate":"2021-09-15"},{"lineNumber":2,"author":{"gitId":"samsspl"},"content":"","lastModifiedDate":"2021-09-15"},{"lineNumber":3,"author":{"gitId":"samsspl"},"content":"    private Task[] itemList \u003d new Task[100];","lastModifiedDate":"2021-09-15"},{"lineNumber":4,"author":{"gitId":"samsspl"},"content":"    private int indx \u003d 0;","lastModifiedDate":"2021-09-15"},{"lineNumber":5,"author":{"gitId":"samsspl"},"content":"    String horiLine \u003d \"\\t-----------------------------------------\";","lastModifiedDate":"2021-09-15"},{"lineNumber":6,"author":{"gitId":"samsspl"},"content":"    String buff \u003d \"\\t\";","lastModifiedDate":"2021-09-15"},{"lineNumber":7,"author":{"gitId":"samsspl"},"content":"","lastModifiedDate":"2021-09-15"},{"lineNumber":8,"author":{"gitId":"samsspl"},"content":"    public ListTask(){}","lastModifiedDate":"2021-09-15"},{"lineNumber":9,"author":{"gitId":"samsspl"},"content":"","lastModifiedDate":"2021-09-15"},{"lineNumber":10,"author":{"gitId":"samsspl"},"content":"    public void addTask(String item){","lastModifiedDate":"2021-09-15"},{"lineNumber":11,"author":{"gitId":"samsspl"},"content":"        String[] tmp \u003d item.trim().split(\" \");","lastModifiedDate":"2021-09-15"},{"lineNumber":12,"author":{"gitId":"samsspl"},"content":"        switch (tmp[0].trim()){","lastModifiedDate":"2021-09-15"},{"lineNumber":13,"author":{"gitId":"samsspl"},"content":"            case \"done\":","lastModifiedDate":"2021-09-15"},{"lineNumber":14,"author":{"gitId":"samsspl"},"content":"                try {","lastModifiedDate":"2021-09-30"},{"lineNumber":15,"author":{"gitId":"samsspl"},"content":"                    if ((Integer.parseInt(tmp[1]) - 1) \u003c indx) {","lastModifiedDate":"2021-09-30"},{"lineNumber":16,"author":{"gitId":"samsspl"},"content":"                        itemList[Integer.parseInt(tmp[1]) - 1].setDone(true);","lastModifiedDate":"2021-09-15"},{"lineNumber":17,"author":{"gitId":"samsspl"},"content":"                        System.out.println(buff + \"Nice! I\u0027ve marked this task as done: \" + \"\\n\" +","lastModifiedDate":"2021-09-30"},{"lineNumber":18,"author":{"gitId":"samsspl"},"content":"                                buff + \"[X] \" + itemList[Integer.parseInt(tmp[1]) - 1].getDescription());","lastModifiedDate":"2021-09-30"},{"lineNumber":19,"author":{"gitId":"samsspl"},"content":"                    }else if (indx \u003e 0) {","lastModifiedDate":"2021-09-30"},{"lineNumber":20,"author":{"gitId":"samsspl"},"content":"                        System.out.println(buff + \"Item No. \" + Integer.parseInt(tmp[1]) + \" is not added in the list yet.\" + \"\\n\" +","lastModifiedDate":"2021-09-30"},{"lineNumber":21,"author":{"gitId":"samsspl"},"content":"                                buff + \"Select between \" + 0 + \" and \" + indx + \"to mark as done.\");","lastModifiedDate":"2021-09-30"},{"lineNumber":22,"author":{"gitId":"samsspl"},"content":"                    }else{","lastModifiedDate":"2021-09-30"},{"lineNumber":23,"author":{"gitId":"samsspl"},"content":"                        System.out.println(buff + \"Empty! No item in the list.\");","lastModifiedDate":"2021-09-30"},{"lineNumber":24,"author":{"gitId":"samsspl"},"content":"                     }","lastModifiedDate":"2021-09-30"},{"lineNumber":25,"author":{"gitId":"samsspl"},"content":"                }catch (NumberFormatException e){","lastModifiedDate":"2021-09-30"},{"lineNumber":26,"author":{"gitId":"samsspl"},"content":"                    System.out.println(\"This is not a number!\");","lastModifiedDate":"2021-09-30"},{"lineNumber":27,"author":{"gitId":"samsspl"},"content":"                    System.out.println(e.getMessage());","lastModifiedDate":"2021-09-30"},{"lineNumber":28,"author":{"gitId":"samsspl"},"content":"                }","lastModifiedDate":"2021-09-30"},{"lineNumber":29,"author":{"gitId":"samsspl"},"content":"                break;","lastModifiedDate":"2021-09-15"},{"lineNumber":30,"author":{"gitId":"samsspl"},"content":"","lastModifiedDate":"2021-09-15"},{"lineNumber":31,"author":{"gitId":"samsspl"},"content":"            case \"list\":","lastModifiedDate":"2021-09-15"},{"lineNumber":32,"author":{"gitId":"samsspl"},"content":"                System.out.println(showList());","lastModifiedDate":"2021-09-15"},{"lineNumber":33,"author":{"gitId":"samsspl"},"content":"                break;","lastModifiedDate":"2021-09-15"},{"lineNumber":34,"author":{"gitId":"samsspl"},"content":"","lastModifiedDate":"2021-09-15"},{"lineNumber":35,"author":{"gitId":"samsspl"},"content":"            default:","lastModifiedDate":"2021-09-15"},{"lineNumber":36,"author":{"gitId":"samsspl"},"content":"                itemList[indx] \u003d new Task(item);","lastModifiedDate":"2021-09-15"},{"lineNumber":37,"author":{"gitId":"samsspl"},"content":"                indx++;","lastModifiedDate":"2021-09-15"},{"lineNumber":38,"author":{"gitId":"samsspl"},"content":"                System.out.println(horiLine + \"\\n\" + buff + \"added: \" + item + \"\\n\" + horiLine);","lastModifiedDate":"2021-09-15"},{"lineNumber":39,"author":{"gitId":"samsspl"},"content":"                break;","lastModifiedDate":"2021-09-15"},{"lineNumber":40,"author":{"gitId":"samsspl"},"content":"        }","lastModifiedDate":"2021-09-15"},{"lineNumber":41,"author":{"gitId":"samsspl"},"content":"    }","lastModifiedDate":"2021-09-15"},{"lineNumber":42,"author":{"gitId":"samsspl"},"content":"","lastModifiedDate":"2021-09-15"},{"lineNumber":43,"author":{"gitId":"samsspl"},"content":"    public String showList(){","lastModifiedDate":"2021-09-15"},{"lineNumber":44,"author":{"gitId":"samsspl"},"content":"        String output \u003d horiLine;","lastModifiedDate":"2021-09-15"},{"lineNumber":45,"author":{"gitId":"samsspl"},"content":"","lastModifiedDate":"2021-09-15"},{"lineNumber":46,"author":{"gitId":"samsspl"},"content":"        for(int i \u003d 0; i \u003c indx; i++){","lastModifiedDate":"2021-09-15"},{"lineNumber":47,"author":{"gitId":"samsspl"},"content":"            String tem \u003d itemList[i].getDescription();","lastModifiedDate":"2021-09-15"},{"lineNumber":48,"author":{"gitId":"samsspl"},"content":"            int indx \u003d i + 1;","lastModifiedDate":"2021-09-15"},{"lineNumber":49,"author":{"gitId":"samsspl"},"content":"            output +\u003d (\"\\n\" +  buff + Integer.toString(indx) + \".[\"+ itemList[i].getStatusIcon() +\"] \"+ tem );","lastModifiedDate":"2021-09-15"},{"lineNumber":50,"author":{"gitId":"samsspl"},"content":"        }","lastModifiedDate":"2021-09-15"},{"lineNumber":51,"author":{"gitId":"samsspl"},"content":"        output +\u003d (\"\\n\" + horiLine);","lastModifiedDate":"2021-09-15"},{"lineNumber":52,"author":{"gitId":"samsspl"},"content":"        return output;","lastModifiedDate":"2021-09-15"},{"lineNumber":53,"author":{"gitId":"samsspl"},"content":"    }","lastModifiedDate":"2021-09-15"},{"lineNumber":54,"author":{"gitId":"samsspl"},"content":"}","lastModifiedDate":"2021-09-15"}],"authorContributionMap":{"samsspl":54}},{"path":"src/main/java/Task.java","fileType":"java","lines":[{"lineNumber":1,"author":{"gitId":"samsspl"},"content":"public class Task {","lastModifiedDate":"2021-09-15"},{"lineNumber":2,"author":{"gitId":"samsspl"},"content":"","lastModifiedDate":"2021-09-15"},{"lineNumber":3,"author":{"gitId":"samsspl"},"content":"    private String description;","lastModifiedDate":"2021-09-15"},{"lineNumber":4,"author":{"gitId":"samsspl"},"content":"    private boolean isDone;","lastModifiedDate":"2021-09-15"},{"lineNumber":5,"author":{"gitId":"samsspl"},"content":"","lastModifiedDate":"2021-09-15"},{"lineNumber":6,"author":{"gitId":"samsspl"},"content":"","lastModifiedDate":"2021-09-15"},{"lineNumber":7,"author":{"gitId":"samsspl"},"content":"    public Task(){}","lastModifiedDate":"2021-09-15"},{"lineNumber":8,"author":{"gitId":"samsspl"},"content":"","lastModifiedDate":"2021-09-15"},{"lineNumber":9,"author":{"gitId":"samsspl"},"content":"    public Task(String des){","lastModifiedDate":"2021-09-15"},{"lineNumber":10,"author":{"gitId":"samsspl"},"content":"        description \u003d des;","lastModifiedDate":"2021-09-15"},{"lineNumber":11,"author":{"gitId":"samsspl"},"content":"        isDone \u003d false;","lastModifiedDate":"2021-09-15"},{"lineNumber":12,"author":{"gitId":"samsspl"},"content":"    }","lastModifiedDate":"2021-09-15"},{"lineNumber":13,"author":{"gitId":"samsspl"},"content":"","lastModifiedDate":"2021-09-15"},{"lineNumber":14,"author":{"gitId":"samsspl"},"content":"    public void setDone(boolean done){","lastModifiedDate":"2021-09-15"},{"lineNumber":15,"author":{"gitId":"samsspl"},"content":"        isDone \u003d done;","lastModifiedDate":"2021-09-15"},{"lineNumber":16,"author":{"gitId":"samsspl"},"content":"    }","lastModifiedDate":"2021-09-15"},{"lineNumber":17,"author":{"gitId":"samsspl"},"content":"","lastModifiedDate":"2021-09-15"},{"lineNumber":18,"author":{"gitId":"samsspl"},"content":"    public String getStatusIcon(){","lastModifiedDate":"2021-09-15"},{"lineNumber":19,"author":{"gitId":"samsspl"},"content":"        return (isDone ? \"X\" : \" \");","lastModifiedDate":"2021-09-15"},{"lineNumber":20,"author":{"gitId":"samsspl"},"content":"    }","lastModifiedDate":"2021-09-15"},{"lineNumber":21,"author":{"gitId":"samsspl"},"content":"","lastModifiedDate":"2021-09-15"},{"lineNumber":22,"author":{"gitId":"samsspl"},"content":"    public String getDescription(){","lastModifiedDate":"2021-09-15"},{"lineNumber":23,"author":{"gitId":"samsspl"},"content":"        return description;","lastModifiedDate":"2021-09-15"},{"lineNumber":24,"author":{"gitId":"samsspl"},"content":"    }","lastModifiedDate":"2021-09-15"},{"lineNumber":25,"author":{"gitId":"samsspl"},"content":"}","lastModifiedDate":"2021-09-15"}],"authorContributionMap":{"samsspl":25}},{"path":"text-ui-test/input.txt","fileType":"txt","lines":[{"lineNumber":1,"author":{"gitId":"samsspl"},"content":"list","lastModifiedDate":"2021-09-15"},{"lineNumber":2,"author":{"gitId":"samsspl"},"content":"blah","lastModifiedDate":"2021-09-15"},{"lineNumber":3,"author":{"gitId":"samsspl"},"content":"bye","lastModifiedDate":"2021-09-15"}],"authorContributionMap":{"samsspl":3}}]
