{"authorDailyContributionsMap":{"samsspl":[{"date":"2021-09-15","commitResults":[{"hash":"40a3acb59088b347af30c20db27c3a7cb3a8039e","messageTitle":"level 1","messageBody":"","tags":["v1.0"],"fileTypesAndContributionMap":{"txt":{"insertions":3,"deletions":0},"java":{"insertions":16,"deletions":6}}},{"hash":"6e1c90692c1ed8ab48d716be990bd265c1a63ed1","messageTitle":"Trim and case insensitive for valediction","messageBody":"","tags":["v1.1"],"fileTypesAndContributionMap":{"java":{"insertions":2,"deletions":2}}},{"hash":"641a167a3c720893a45336779f69c6835f3fe61b","messageTitle":"level 2","messageBody":"","tags":["v2.0"],"fileTypesAndContributionMap":{"java":{"insertions":38,"deletions":1}}},{"hash":"f76d8177b4b3f3ac1d9a8509b790d9e400160833","messageTitle":"minor changes to output string for list function","messageBody":"","tags":["v2.1"],"fileTypesAndContributionMap":{"java":{"insertions":2,"deletions":2}}}]}]},"authorFileTypeContributionMap":{"samsspl":{"java":53,"md":0,"fxml":0,"sh":0,"bat":0,"gradle":0,"txt":3}},"authorContributionVariance":{"samsspl":132.83102},"authorDisplayNameMap":{"samsspl":"SAI ..LINN"}}
