[{"path":"src/main/java/Deadline.java","fileType":"java","lines":[{"lineNumber":1,"author":{"gitId":"WeiWei0721"},"content":"public class Deadline extends Task {","lastModifiedDate":"2021-09-26"},{"lineNumber":2,"author":{"gitId":"WeiWei0721"},"content":"","lastModifiedDate":"2021-09-26"},{"lineNumber":3,"author":{"gitId":"WeiWei0721"},"content":"    protected String by;","lastModifiedDate":"2021-09-26"},{"lineNumber":4,"author":{"gitId":"WeiWei0721"},"content":"","lastModifiedDate":"2021-09-26"},{"lineNumber":5,"author":{"gitId":"WeiWei0721"},"content":"    public Deadline(String description, String by) {","lastModifiedDate":"2021-09-26"},{"lineNumber":6,"author":{"gitId":"WeiWei0721"},"content":"        super(description);","lastModifiedDate":"2021-09-26"},{"lineNumber":7,"author":{"gitId":"WeiWei0721"},"content":"        this.by \u003d by;","lastModifiedDate":"2021-09-26"},{"lineNumber":8,"author":{"gitId":"WeiWei0721"},"content":"        this.type \u003d \"D\";","lastModifiedDate":"2021-09-26"},{"lineNumber":9,"author":{"gitId":"WeiWei0721"},"content":"    }","lastModifiedDate":"2021-09-26"},{"lineNumber":10,"author":{"gitId":"WeiWei0721"},"content":"","lastModifiedDate":"2021-09-26"},{"lineNumber":11,"author":{"gitId":"WeiWei0721"},"content":"    public String getBy() {","lastModifiedDate":"2021-09-26"},{"lineNumber":12,"author":{"gitId":"WeiWei0721"},"content":"        return by;","lastModifiedDate":"2021-09-26"},{"lineNumber":13,"author":{"gitId":"WeiWei0721"},"content":"    }","lastModifiedDate":"2021-09-26"},{"lineNumber":14,"author":{"gitId":"WeiWei0721"},"content":"","lastModifiedDate":"2021-09-26"},{"lineNumber":15,"author":{"gitId":"WeiWei0721"},"content":"    @Override","lastModifiedDate":"2021-09-26"},{"lineNumber":16,"author":{"gitId":"WeiWei0721"},"content":"    public String toString() {","lastModifiedDate":"2021-09-26"},{"lineNumber":17,"author":{"gitId":"WeiWei0721"},"content":"        return \"[D]\" + super.toString() + \" (by: \" + by + \")\";","lastModifiedDate":"2021-09-26"},{"lineNumber":18,"author":{"gitId":"WeiWei0721"},"content":"    }","lastModifiedDate":"2021-09-26"},{"lineNumber":19,"author":{"gitId":"WeiWei0721"},"content":"}","lastModifiedDate":"2021-09-26"}],"authorContributionMap":{"WeiWei0721":19}},{"path":"src/main/java/Duke.java","fileType":"java","lines":[{"lineNumber":1,"author":{"gitId":"WeiWei0721"},"content":"import java.util.ArrayList;","lastModifiedDate":"2021-09-23"},{"lineNumber":2,"author":{"gitId":"WeiWei0721"},"content":"import java.util.List;","lastModifiedDate":"2021-09-23"},{"lineNumber":3,"author":{"gitId":"WeiWei0721"},"content":"import java.util.Scanner;","lastModifiedDate":"2021-09-22"},{"lineNumber":4,"author":{"gitId":"WeiWei0721"},"content":"","lastModifiedDate":"2021-09-22"},{"lineNumber":5,"author":{"gitId":"-"},"content":"public class Duke {","lastModifiedDate":"2019-07-29"},{"lineNumber":6,"author":{"gitId":"-"},"content":"    public static void main(String[] args) {","lastModifiedDate":"2019-07-29"},{"lineNumber":7,"author":{"gitId":"-"},"content":"        String logo \u003d \" ____        _        \\n\"","lastModifiedDate":"2019-07-29"},{"lineNumber":8,"author":{"gitId":"-"},"content":"                + \"|  _ \\\\ _   _| | _____ \\n\"","lastModifiedDate":"2019-07-29"},{"lineNumber":9,"author":{"gitId":"-"},"content":"                + \"| | | | | | | |/ / _ \\\\\\n\"","lastModifiedDate":"2019-07-29"},{"lineNumber":10,"author":{"gitId":"-"},"content":"                + \"| |_| | |_| |   \u003c  __/\\n\"","lastModifiedDate":"2019-07-29"},{"lineNumber":11,"author":{"gitId":"-"},"content":"                + \"|____/ \\\\__,_|_|\\\\_\\\\___|\\n\";","lastModifiedDate":"2019-07-29"},{"lineNumber":12,"author":{"gitId":"WeiWei0721"},"content":"","lastModifiedDate":"2021-09-22"},{"lineNumber":13,"author":{"gitId":"-"},"content":"        System.out.println(\"Hello from\\n\" + logo);","lastModifiedDate":"2019-07-29"},{"lineNumber":14,"author":{"gitId":"WeiWei0721"},"content":"","lastModifiedDate":"2021-09-22"},{"lineNumber":15,"author":{"gitId":"WeiWei0721"},"content":"        String line \u003d \"____________________________________________________________\";","lastModifiedDate":"2021-09-22"},{"lineNumber":16,"author":{"gitId":"WeiWei0721"},"content":"        String bye \u003d \"\\n\\tBye. Hope to see you again soon!\";","lastModifiedDate":"2021-09-26"},{"lineNumber":17,"author":{"gitId":"WeiWei0721"},"content":"        System.out.println(line + \"\\nHello! I\u0027m Duke\\n\" + \"What can I do for you?\\n\" + line);","lastModifiedDate":"2021-09-22"},{"lineNumber":18,"author":{"gitId":"WeiWei0721"},"content":"","lastModifiedDate":"2021-09-22"},{"lineNumber":19,"author":{"gitId":"WeiWei0721"},"content":"        String input;","lastModifiedDate":"2021-09-22"},{"lineNumber":20,"author":{"gitId":"WeiWei0721"},"content":"        Scanner in \u003d new Scanner(System.in);","lastModifiedDate":"2021-09-22"},{"lineNumber":21,"author":{"gitId":"WeiWei0721"},"content":"","lastModifiedDate":"2021-09-22"},{"lineNumber":22,"author":{"gitId":"WeiWei0721"},"content":"        //String[] list \u003d new String[100];","lastModifiedDate":"2021-09-22"},{"lineNumber":23,"author":{"gitId":"WeiWei0721"},"content":"        //int count \u003d 0;","lastModifiedDate":"2021-09-22"},{"lineNumber":24,"author":{"gitId":"WeiWei0721"},"content":"","lastModifiedDate":"2021-09-23"},{"lineNumber":25,"author":{"gitId":"WeiWei0721"},"content":"","lastModifiedDate":"2021-09-23"},{"lineNumber":26,"author":{"gitId":"WeiWei0721"},"content":"        TaskList taskList \u003d new TaskList();","lastModifiedDate":"2021-09-22"},{"lineNumber":27,"author":{"gitId":"WeiWei0721"},"content":"        //List\u003cTaskList\u003e taskList \u003d new ArrayList\u003c\u003e();","lastModifiedDate":"2021-09-23"},{"lineNumber":28,"author":{"gitId":"WeiWei0721"},"content":"        ","lastModifiedDate":"2021-09-23"},{"lineNumber":29,"author":{"gitId":"WeiWei0721"},"content":"","lastModifiedDate":"2021-09-22"},{"lineNumber":30,"author":{"gitId":"WeiWei0721"},"content":"        while (true) {","lastModifiedDate":"2021-09-22"},{"lineNumber":31,"author":{"gitId":"WeiWei0721"},"content":"            input \u003d in.nextLine();","lastModifiedDate":"2021-09-22"},{"lineNumber":32,"author":{"gitId":"WeiWei0721"},"content":"","lastModifiedDate":"2021-09-22"},{"lineNumber":33,"author":{"gitId":"WeiWei0721"},"content":"            if (input.equals(\"bye\")) {","lastModifiedDate":"2021-09-22"},{"lineNumber":34,"author":{"gitId":"WeiWei0721"},"content":"                //exit chatBox.","lastModifiedDate":"2021-09-22"},{"lineNumber":35,"author":{"gitId":"WeiWei0721"},"content":"                System.out.println(line + bye + \"\\n\" + line);","lastModifiedDate":"2021-09-22"},{"lineNumber":36,"author":{"gitId":"WeiWei0721"},"content":"                break;","lastModifiedDate":"2021-09-22"},{"lineNumber":37,"author":{"gitId":"WeiWei0721"},"content":"            } else if (input.equals(\"list\")) {","lastModifiedDate":"2021-09-22"},{"lineNumber":38,"author":{"gitId":"WeiWei0721"},"content":"                //print list array.","lastModifiedDate":"2021-09-22"},{"lineNumber":39,"author":{"gitId":"WeiWei0721"},"content":"                System.out.println(line);","lastModifiedDate":"2021-09-22"},{"lineNumber":40,"author":{"gitId":"WeiWei0721"},"content":"                taskList.printList();","lastModifiedDate":"2021-09-22"},{"lineNumber":41,"author":{"gitId":"WeiWei0721"},"content":"                System.out.println(line);","lastModifiedDate":"2021-09-22"},{"lineNumber":42,"author":{"gitId":"WeiWei0721"},"content":"                //break;","lastModifiedDate":"2021-09-23"},{"lineNumber":43,"author":{"gitId":"WeiWei0721"},"content":"            } else if (input.startsWith(\"done\")","lastModifiedDate":"2021-09-26"},{"lineNumber":44,"author":{"gitId":"WeiWei0721"},"content":"                    \u0026\u0026 Integer.parseInt(input.substring(5)) \u003c\u003d taskList.count) {","lastModifiedDate":"2021-09-23"},{"lineNumber":45,"author":{"gitId":"WeiWei0721"},"content":"                // mark Task as Done.","lastModifiedDate":"2021-09-23"},{"lineNumber":46,"author":{"gitId":"WeiWei0721"},"content":"                int taskNo \u003d Integer.parseInt(input.substring(5)) - 1;","lastModifiedDate":"2021-09-23"},{"lineNumber":47,"author":{"gitId":"WeiWei0721"},"content":"","lastModifiedDate":"2021-09-26"},{"lineNumber":48,"author":{"gitId":"WeiWei0721"},"content":"                System.out.println(line);","lastModifiedDate":"2021-09-23"},{"lineNumber":49,"author":{"gitId":"WeiWei0721"},"content":"                taskList.markedAsDone(taskNo);","lastModifiedDate":"2021-09-23"},{"lineNumber":50,"author":{"gitId":"WeiWei0721"},"content":"                System.out.println(line);","lastModifiedDate":"2021-09-23"},{"lineNumber":51,"author":{"gitId":"WeiWei0721"},"content":"                //input \u003d in.nextLine();","lastModifiedDate":"2021-09-23"},{"lineNumber":52,"author":{"gitId":"WeiWei0721"},"content":"","lastModifiedDate":"2021-09-23"},{"lineNumber":53,"author":{"gitId":"WeiWei0721"},"content":"            } else if (input.startsWith(\"todo\")) {","lastModifiedDate":"2021-09-26"},{"lineNumber":54,"author":{"gitId":"WeiWei0721"},"content":"                // handle task with to do type .","lastModifiedDate":"2021-09-26"},{"lineNumber":55,"author":{"gitId":"WeiWei0721"},"content":"                String task \u003d input.substring(5);","lastModifiedDate":"2021-09-26"},{"lineNumber":56,"author":{"gitId":"WeiWei0721"},"content":"","lastModifiedDate":"2021-09-26"},{"lineNumber":57,"author":{"gitId":"WeiWei0721"},"content":"                System.out.println(line);","lastModifiedDate":"2021-09-26"},{"lineNumber":58,"author":{"gitId":"WeiWei0721"},"content":"                taskList.addTaskAsTodo(task);","lastModifiedDate":"2021-09-26"},{"lineNumber":59,"author":{"gitId":"WeiWei0721"},"content":"                System.out.println(line);","lastModifiedDate":"2021-09-26"},{"lineNumber":60,"author":{"gitId":"WeiWei0721"},"content":"","lastModifiedDate":"2021-09-26"},{"lineNumber":61,"author":{"gitId":"WeiWei0721"},"content":"            } else if (input.startsWith(\"deadline\")) {","lastModifiedDate":"2021-09-26"},{"lineNumber":62,"author":{"gitId":"WeiWei0721"},"content":"                // handle task with deadline type.","lastModifiedDate":"2021-09-26"},{"lineNumber":63,"author":{"gitId":"WeiWei0721"},"content":"                int num \u003d input.indexOf(\"/\");","lastModifiedDate":"2021-09-26"},{"lineNumber":64,"author":{"gitId":"WeiWei0721"},"content":"                String task \u003d input.substring(9, num - 1);","lastModifiedDate":"2021-09-26"},{"lineNumber":65,"author":{"gitId":"WeiWei0721"},"content":"                String deadline \u003d input.substring(num + 4);","lastModifiedDate":"2021-09-26"},{"lineNumber":66,"author":{"gitId":"WeiWei0721"},"content":"","lastModifiedDate":"2021-09-26"},{"lineNumber":67,"author":{"gitId":"WeiWei0721"},"content":"                //check task name","lastModifiedDate":"2021-09-26"},{"lineNumber":68,"author":{"gitId":"WeiWei0721"},"content":"                //System.out.println(\"check Task name: \" + task + \"\\nDealine: \"+ deadline);","lastModifiedDate":"2021-09-26"},{"lineNumber":69,"author":{"gitId":"WeiWei0721"},"content":"","lastModifiedDate":"2021-09-26"},{"lineNumber":70,"author":{"gitId":"WeiWei0721"},"content":"                System.out.println(line);","lastModifiedDate":"2021-09-26"},{"lineNumber":71,"author":{"gitId":"WeiWei0721"},"content":"                taskList.addTaskAsDeadline(task, deadline);","lastModifiedDate":"2021-09-26"},{"lineNumber":72,"author":{"gitId":"WeiWei0721"},"content":"                System.out.println(line);","lastModifiedDate":"2021-09-26"},{"lineNumber":73,"author":{"gitId":"WeiWei0721"},"content":"","lastModifiedDate":"2021-09-26"},{"lineNumber":74,"author":{"gitId":"WeiWei0721"},"content":"            } else if (input.startsWith(\"event\")) {","lastModifiedDate":"2021-09-26"},{"lineNumber":75,"author":{"gitId":"WeiWei0721"},"content":"                //handle task with event type.","lastModifiedDate":"2021-09-26"},{"lineNumber":76,"author":{"gitId":"WeiWei0721"},"content":"                int num \u003d input.indexOf(\"/\");","lastModifiedDate":"2021-09-26"},{"lineNumber":77,"author":{"gitId":"WeiWei0721"},"content":"                String task \u003d input.substring(6, num - 1);","lastModifiedDate":"2021-09-26"},{"lineNumber":78,"author":{"gitId":"WeiWei0721"},"content":"                String at \u003d input.substring(num + 4);","lastModifiedDate":"2021-09-26"},{"lineNumber":79,"author":{"gitId":"WeiWei0721"},"content":"","lastModifiedDate":"2021-09-26"},{"lineNumber":80,"author":{"gitId":"WeiWei0721"},"content":"                //check task name","lastModifiedDate":"2021-09-26"},{"lineNumber":81,"author":{"gitId":"WeiWei0721"},"content":"                //System.out.println(\"check Task name: \" + task + \"\\nat: \"+ at);","lastModifiedDate":"2021-09-26"},{"lineNumber":82,"author":{"gitId":"WeiWei0721"},"content":"","lastModifiedDate":"2021-09-26"},{"lineNumber":83,"author":{"gitId":"WeiWei0721"},"content":"                System.out.println(line);","lastModifiedDate":"2021-09-26"},{"lineNumber":84,"author":{"gitId":"WeiWei0721"},"content":"                taskList.addTaskAsEvent(task, at);","lastModifiedDate":"2021-09-26"},{"lineNumber":85,"author":{"gitId":"WeiWei0721"},"content":"                System.out.println(line);","lastModifiedDate":"2021-09-26"},{"lineNumber":86,"author":{"gitId":"WeiWei0721"},"content":"","lastModifiedDate":"2021-09-26"},{"lineNumber":87,"author":{"gitId":"WeiWei0721"},"content":"","lastModifiedDate":"2021-09-26"},{"lineNumber":88,"author":{"gitId":"WeiWei0721"},"content":"            } else {","lastModifiedDate":"2021-09-23"},{"lineNumber":89,"author":{"gitId":"WeiWei0721"},"content":"                // add new task into arraylist.","lastModifiedDate":"2021-09-22"},{"lineNumber":90,"author":{"gitId":"WeiWei0721"},"content":"                System.out.println(line);","lastModifiedDate":"2021-09-22"},{"lineNumber":91,"author":{"gitId":"WeiWei0721"},"content":"                taskList.addTask(input);","lastModifiedDate":"2021-09-22"},{"lineNumber":92,"author":{"gitId":"WeiWei0721"},"content":"                System.out.println(line);","lastModifiedDate":"2021-09-22"},{"lineNumber":93,"author":{"gitId":"WeiWei0721"},"content":"            }","lastModifiedDate":"2021-09-23"},{"lineNumber":94,"author":{"gitId":"WeiWei0721"},"content":"","lastModifiedDate":"2021-09-23"},{"lineNumber":95,"author":{"gitId":"WeiWei0721"},"content":"            //System.out.println(line + input + \"\\n\" + line);","lastModifiedDate":"2021-09-22"},{"lineNumber":96,"author":{"gitId":"WeiWei0721"},"content":"","lastModifiedDate":"2021-09-22"},{"lineNumber":97,"author":{"gitId":"-"},"content":"        }","lastModifiedDate":"2019-07-29"},{"lineNumber":98,"author":{"gitId":"WeiWei0721"},"content":"","lastModifiedDate":"2021-09-22"},{"lineNumber":99,"author":{"gitId":"WeiWei0721"},"content":"","lastModifiedDate":"2021-09-22"},{"lineNumber":100,"author":{"gitId":"-"},"content":"    }","lastModifiedDate":"2021-09-22"},{"lineNumber":101,"author":{"gitId":"-"},"content":"}","lastModifiedDate":"2021-09-22"},{"lineNumber":102,"author":{"gitId":"WeiWei0721"},"content":"","lastModifiedDate":"2021-09-22"}],"authorContributionMap":{"WeiWei0721":91,"-":11}},{"path":"src/main/java/Event.java","fileType":"java","lines":[{"lineNumber":1,"author":{"gitId":"WeiWei0721"},"content":"public class Event extends Task {","lastModifiedDate":"2021-09-26"},{"lineNumber":2,"author":{"gitId":"WeiWei0721"},"content":"","lastModifiedDate":"2021-09-26"},{"lineNumber":3,"author":{"gitId":"WeiWei0721"},"content":"    protected String at;","lastModifiedDate":"2021-09-26"},{"lineNumber":4,"author":{"gitId":"WeiWei0721"},"content":"","lastModifiedDate":"2021-09-26"},{"lineNumber":5,"author":{"gitId":"WeiWei0721"},"content":"    public Event(String description, String at) {","lastModifiedDate":"2021-09-26"},{"lineNumber":6,"author":{"gitId":"WeiWei0721"},"content":"        super(description);","lastModifiedDate":"2021-09-26"},{"lineNumber":7,"author":{"gitId":"WeiWei0721"},"content":"        this.at \u003d at;","lastModifiedDate":"2021-09-26"},{"lineNumber":8,"author":{"gitId":"WeiWei0721"},"content":"        this.type \u003d \"E\";","lastModifiedDate":"2021-09-26"},{"lineNumber":9,"author":{"gitId":"WeiWei0721"},"content":"    }","lastModifiedDate":"2021-09-26"},{"lineNumber":10,"author":{"gitId":"WeiWei0721"},"content":"","lastModifiedDate":"2021-09-26"},{"lineNumber":11,"author":{"gitId":"WeiWei0721"},"content":"    public String getAt() {","lastModifiedDate":"2021-09-26"},{"lineNumber":12,"author":{"gitId":"WeiWei0721"},"content":"        return at;","lastModifiedDate":"2021-09-26"},{"lineNumber":13,"author":{"gitId":"WeiWei0721"},"content":"    }","lastModifiedDate":"2021-09-26"},{"lineNumber":14,"author":{"gitId":"WeiWei0721"},"content":"","lastModifiedDate":"2021-09-26"},{"lineNumber":15,"author":{"gitId":"WeiWei0721"},"content":"    @Override","lastModifiedDate":"2021-09-26"},{"lineNumber":16,"author":{"gitId":"WeiWei0721"},"content":"    public String toString() {","lastModifiedDate":"2021-09-26"},{"lineNumber":17,"author":{"gitId":"WeiWei0721"},"content":"        return \"[E]\" + super.toString() + \" (at: \" + at + \")\";","lastModifiedDate":"2021-09-26"},{"lineNumber":18,"author":{"gitId":"WeiWei0721"},"content":"    }","lastModifiedDate":"2021-09-26"},{"lineNumber":19,"author":{"gitId":"WeiWei0721"},"content":"","lastModifiedDate":"2021-09-26"},{"lineNumber":20,"author":{"gitId":"WeiWei0721"},"content":"}","lastModifiedDate":"2021-09-26"}],"authorContributionMap":{"WeiWei0721":20}},{"path":"src/main/java/Task.java","fileType":"java","lines":[{"lineNumber":1,"author":{"gitId":"WeiWei0721"},"content":"public class Task {","lastModifiedDate":"2021-09-23"},{"lineNumber":2,"author":{"gitId":"WeiWei0721"},"content":"    protected String description;","lastModifiedDate":"2021-09-23"},{"lineNumber":3,"author":{"gitId":"WeiWei0721"},"content":"    protected boolean isDone;","lastModifiedDate":"2021-09-23"},{"lineNumber":4,"author":{"gitId":"WeiWei0721"},"content":"    protected String type;","lastModifiedDate":"2021-09-26"},{"lineNumber":5,"author":{"gitId":"WeiWei0721"},"content":"","lastModifiedDate":"2021-09-23"},{"lineNumber":6,"author":{"gitId":"WeiWei0721"},"content":"    public Task() {","lastModifiedDate":"2021-09-23"},{"lineNumber":7,"author":{"gitId":"WeiWei0721"},"content":"","lastModifiedDate":"2021-09-23"},{"lineNumber":8,"author":{"gitId":"WeiWei0721"},"content":"    }","lastModifiedDate":"2021-09-23"},{"lineNumber":9,"author":{"gitId":"WeiWei0721"},"content":"","lastModifiedDate":"2021-09-23"},{"lineNumber":10,"author":{"gitId":"WeiWei0721"},"content":"","lastModifiedDate":"2021-09-23"},{"lineNumber":11,"author":{"gitId":"WeiWei0721"},"content":"    public Task(String description) {","lastModifiedDate":"2021-09-23"},{"lineNumber":12,"author":{"gitId":"WeiWei0721"},"content":"        this.description \u003d description;","lastModifiedDate":"2021-09-23"},{"lineNumber":13,"author":{"gitId":"WeiWei0721"},"content":"        this.isDone \u003d false;","lastModifiedDate":"2021-09-23"},{"lineNumber":14,"author":{"gitId":"WeiWei0721"},"content":"        this.type \u003d null;","lastModifiedDate":"2021-09-26"},{"lineNumber":15,"author":{"gitId":"WeiWei0721"},"content":"    }","lastModifiedDate":"2021-09-23"},{"lineNumber":16,"author":{"gitId":"WeiWei0721"},"content":"","lastModifiedDate":"2021-09-23"},{"lineNumber":17,"author":{"gitId":"WeiWei0721"},"content":"    public String getStatusIcon() {","lastModifiedDate":"2021-09-23"},{"lineNumber":18,"author":{"gitId":"WeiWei0721"},"content":"        return (isDone ? \"X\" : \" \"); // mark done task with X","lastModifiedDate":"2021-09-23"},{"lineNumber":19,"author":{"gitId":"WeiWei0721"},"content":"    }","lastModifiedDate":"2021-09-23"},{"lineNumber":20,"author":{"gitId":"WeiWei0721"},"content":"","lastModifiedDate":"2021-09-23"},{"lineNumber":21,"author":{"gitId":"WeiWei0721"},"content":"    public String getDescription() {","lastModifiedDate":"2021-09-23"},{"lineNumber":22,"author":{"gitId":"WeiWei0721"},"content":"        return description;","lastModifiedDate":"2021-09-23"},{"lineNumber":23,"author":{"gitId":"WeiWei0721"},"content":"    }","lastModifiedDate":"2021-09-23"},{"lineNumber":24,"author":{"gitId":"WeiWei0721"},"content":"","lastModifiedDate":"2021-09-23"},{"lineNumber":25,"author":{"gitId":"WeiWei0721"},"content":"    public void setType(String type) {","lastModifiedDate":"2021-09-26"},{"lineNumber":26,"author":{"gitId":"WeiWei0721"},"content":"        this.type \u003d type;","lastModifiedDate":"2021-09-26"},{"lineNumber":27,"author":{"gitId":"WeiWei0721"},"content":"    }","lastModifiedDate":"2021-09-26"},{"lineNumber":28,"author":{"gitId":"WeiWei0721"},"content":"","lastModifiedDate":"2021-09-26"},{"lineNumber":29,"author":{"gitId":"WeiWei0721"},"content":"    public String getType() {","lastModifiedDate":"2021-09-26"},{"lineNumber":30,"author":{"gitId":"WeiWei0721"},"content":"        return type;","lastModifiedDate":"2021-09-26"},{"lineNumber":31,"author":{"gitId":"WeiWei0721"},"content":"    }","lastModifiedDate":"2021-09-26"},{"lineNumber":32,"author":{"gitId":"WeiWei0721"},"content":"","lastModifiedDate":"2021-09-26"},{"lineNumber":33,"author":{"gitId":"WeiWei0721"},"content":"","lastModifiedDate":"2021-09-26"},{"lineNumber":34,"author":{"gitId":"WeiWei0721"},"content":"//    public void description(String description){","lastModifiedDate":"2021-09-23"},{"lineNumber":35,"author":{"gitId":"WeiWei0721"},"content":"//        this.description \u003d description;","lastModifiedDate":"2021-09-23"},{"lineNumber":36,"author":{"gitId":"WeiWei0721"},"content":"//    }","lastModifiedDate":"2021-09-23"},{"lineNumber":37,"author":{"gitId":"WeiWei0721"},"content":"","lastModifiedDate":"2021-09-23"},{"lineNumber":38,"author":{"gitId":"WeiWei0721"},"content":"    public void markedAsDone() {","lastModifiedDate":"2021-09-23"},{"lineNumber":39,"author":{"gitId":"WeiWei0721"},"content":"        this.isDone \u003d true;","lastModifiedDate":"2021-09-23"},{"lineNumber":40,"author":{"gitId":"WeiWei0721"},"content":"","lastModifiedDate":"2021-09-23"},{"lineNumber":41,"author":{"gitId":"WeiWei0721"},"content":"    }","lastModifiedDate":"2021-09-23"},{"lineNumber":42,"author":{"gitId":"WeiWei0721"},"content":"","lastModifiedDate":"2021-09-23"},{"lineNumber":43,"author":{"gitId":"WeiWei0721"},"content":"    public String toString(){ // for toString in subclass","lastModifiedDate":"2021-09-26"},{"lineNumber":44,"author":{"gitId":"WeiWei0721"},"content":"        return \"[\" + this.getStatusIcon() + \"] \" + this.description;","lastModifiedDate":"2021-09-26"},{"lineNumber":45,"author":{"gitId":"WeiWei0721"},"content":"        //System.out.println(\"[\" + this.getStatusIcon() + \"] \" + this.description);","lastModifiedDate":"2021-09-26"},{"lineNumber":46,"author":{"gitId":"WeiWei0721"},"content":"    }","lastModifiedDate":"2021-09-26"},{"lineNumber":47,"author":{"gitId":"WeiWei0721"},"content":"","lastModifiedDate":"2021-09-26"},{"lineNumber":48,"author":{"gitId":"WeiWei0721"},"content":"}","lastModifiedDate":"2021-09-23"}],"authorContributionMap":{"WeiWei0721":48}},{"path":"src/main/java/TaskList.java","fileType":"java","lines":[{"lineNumber":1,"author":{"gitId":"WeiWei0721"},"content":"import java.util.ArrayList;","lastModifiedDate":"2021-09-23"},{"lineNumber":2,"author":{"gitId":"WeiWei0721"},"content":"import java.util.List;","lastModifiedDate":"2021-09-23"},{"lineNumber":3,"author":{"gitId":"WeiWei0721"},"content":"","lastModifiedDate":"2021-09-23"},{"lineNumber":4,"author":{"gitId":"WeiWei0721"},"content":"public class TaskList {","lastModifiedDate":"2021-09-26"},{"lineNumber":5,"author":{"gitId":"WeiWei0721"},"content":"    //public String[] taskList \u003d new String[100];","lastModifiedDate":"2021-09-23"},{"lineNumber":6,"author":{"gitId":"WeiWei0721"},"content":"","lastModifiedDate":"2021-09-23"},{"lineNumber":7,"author":{"gitId":"WeiWei0721"},"content":"    //create array tasklist with size of 100 tasks.","lastModifiedDate":"2021-09-23"},{"lineNumber":8,"author":{"gitId":"WeiWei0721"},"content":"    Task[] taskList \u003d new Task[100];","lastModifiedDate":"2021-09-23"},{"lineNumber":9,"author":{"gitId":"WeiWei0721"},"content":"    int count;","lastModifiedDate":"2021-09-22"},{"lineNumber":10,"author":{"gitId":"WeiWei0721"},"content":"","lastModifiedDate":"2021-09-22"},{"lineNumber":11,"author":{"gitId":"WeiWei0721"},"content":"    public TaskList() {","lastModifiedDate":"2021-09-22"},{"lineNumber":12,"author":{"gitId":"WeiWei0721"},"content":"        count \u003d 0;","lastModifiedDate":"2021-09-22"},{"lineNumber":13,"author":{"gitId":"WeiWei0721"},"content":"    }","lastModifiedDate":"2021-09-22"},{"lineNumber":14,"author":{"gitId":"WeiWei0721"},"content":"","lastModifiedDate":"2021-09-22"},{"lineNumber":15,"author":{"gitId":"WeiWei0721"},"content":"    public void addTask(String task) {","lastModifiedDate":"2021-09-22"},{"lineNumber":16,"author":{"gitId":"WeiWei0721"},"content":"        this.taskList[count] \u003d new Task(task);","lastModifiedDate":"2021-09-23"},{"lineNumber":17,"author":{"gitId":"WeiWei0721"},"content":"        this.count++;","lastModifiedDate":"2021-09-22"},{"lineNumber":18,"author":{"gitId":"WeiWei0721"},"content":"        System.out.println(\"Added: \" + task);","lastModifiedDate":"2021-09-22"},{"lineNumber":19,"author":{"gitId":"WeiWei0721"},"content":"    }","lastModifiedDate":"2021-09-22"},{"lineNumber":20,"author":{"gitId":"WeiWei0721"},"content":"","lastModifiedDate":"2021-09-22"},{"lineNumber":21,"author":{"gitId":"WeiWei0721"},"content":"    public void addTaskAsTodo(String task) {","lastModifiedDate":"2021-09-26"},{"lineNumber":22,"author":{"gitId":"WeiWei0721"},"content":"        this.taskList[count] \u003d new Todo(task);","lastModifiedDate":"2021-09-26"},{"lineNumber":23,"author":{"gitId":"WeiWei0721"},"content":"        //this.taskList[count].setType(\"T\");","lastModifiedDate":"2021-09-26"},{"lineNumber":24,"author":{"gitId":"WeiWei0721"},"content":"        this.count++;","lastModifiedDate":"2021-09-26"},{"lineNumber":25,"author":{"gitId":"WeiWei0721"},"content":"        System.out.println(\"Got it. I\u0027ve added this task: \\n\"","lastModifiedDate":"2021-09-26"},{"lineNumber":26,"author":{"gitId":"WeiWei0721"},"content":"                + \"\\t[T] [ ] \"","lastModifiedDate":"2021-09-26"},{"lineNumber":27,"author":{"gitId":"WeiWei0721"},"content":"                + task","lastModifiedDate":"2021-09-26"},{"lineNumber":28,"author":{"gitId":"WeiWei0721"},"content":"                + \"\\nNow you have \" + count + \" tasks in the list.\");","lastModifiedDate":"2021-09-26"},{"lineNumber":29,"author":{"gitId":"WeiWei0721"},"content":"","lastModifiedDate":"2021-09-26"},{"lineNumber":30,"author":{"gitId":"WeiWei0721"},"content":"    }","lastModifiedDate":"2021-09-26"},{"lineNumber":31,"author":{"gitId":"WeiWei0721"},"content":"","lastModifiedDate":"2021-09-26"},{"lineNumber":32,"author":{"gitId":"WeiWei0721"},"content":"    public void addTaskAsDeadline(String task, String by) {","lastModifiedDate":"2021-09-26"},{"lineNumber":33,"author":{"gitId":"WeiWei0721"},"content":"        this.taskList[count] \u003d new Deadline(task, by);","lastModifiedDate":"2021-09-26"},{"lineNumber":34,"author":{"gitId":"WeiWei0721"},"content":"        this.count++;","lastModifiedDate":"2021-09-26"},{"lineNumber":35,"author":{"gitId":"WeiWei0721"},"content":"        System.out.println(\"Got it. I\u0027ve added this task: \\n\"","lastModifiedDate":"2021-09-26"},{"lineNumber":36,"author":{"gitId":"WeiWei0721"},"content":"                + \"\\t[D] [ ] \"","lastModifiedDate":"2021-09-26"},{"lineNumber":37,"author":{"gitId":"WeiWei0721"},"content":"                + task","lastModifiedDate":"2021-09-26"},{"lineNumber":38,"author":{"gitId":"WeiWei0721"},"content":"                + \" (by: \" + by + \")\"","lastModifiedDate":"2021-09-26"},{"lineNumber":39,"author":{"gitId":"WeiWei0721"},"content":"                + \"\\nNow you have \" + count + \" tasks in the list.\");","lastModifiedDate":"2021-09-26"},{"lineNumber":40,"author":{"gitId":"WeiWei0721"},"content":"    }","lastModifiedDate":"2021-09-26"},{"lineNumber":41,"author":{"gitId":"WeiWei0721"},"content":"","lastModifiedDate":"2021-09-26"},{"lineNumber":42,"author":{"gitId":"WeiWei0721"},"content":"    public void addTaskAsEvent(String task, String at){","lastModifiedDate":"2021-09-26"},{"lineNumber":43,"author":{"gitId":"WeiWei0721"},"content":"        this.taskList[count] \u003d new Event(task,at);","lastModifiedDate":"2021-09-26"},{"lineNumber":44,"author":{"gitId":"WeiWei0721"},"content":"        this.count++;","lastModifiedDate":"2021-09-26"},{"lineNumber":45,"author":{"gitId":"WeiWei0721"},"content":"        System.out.println(\"Got it. I\u0027ve added this task: \\n\"","lastModifiedDate":"2021-09-26"},{"lineNumber":46,"author":{"gitId":"WeiWei0721"},"content":"                + \"\\t[E] [ ] \"","lastModifiedDate":"2021-09-26"},{"lineNumber":47,"author":{"gitId":"WeiWei0721"},"content":"                + task","lastModifiedDate":"2021-09-26"},{"lineNumber":48,"author":{"gitId":"WeiWei0721"},"content":"                + \" (at: \" + at + \")\"","lastModifiedDate":"2021-09-26"},{"lineNumber":49,"author":{"gitId":"WeiWei0721"},"content":"                + \"\\nNow you have \" + count + \" tasks in the list.\");","lastModifiedDate":"2021-09-26"},{"lineNumber":50,"author":{"gitId":"WeiWei0721"},"content":"","lastModifiedDate":"2021-09-26"},{"lineNumber":51,"author":{"gitId":"WeiWei0721"},"content":"    }","lastModifiedDate":"2021-09-26"},{"lineNumber":52,"author":{"gitId":"WeiWei0721"},"content":"","lastModifiedDate":"2021-09-26"},{"lineNumber":53,"author":{"gitId":"WeiWei0721"},"content":"","lastModifiedDate":"2021-09-22"},{"lineNumber":54,"author":{"gitId":"WeiWei0721"},"content":"    public void printList() {","lastModifiedDate":"2021-09-22"},{"lineNumber":55,"author":{"gitId":"WeiWei0721"},"content":"        System.out.println(\"Here are the tasks in your list:\");","lastModifiedDate":"2021-09-23"},{"lineNumber":56,"author":{"gitId":"WeiWei0721"},"content":"        for (int i \u003d 0; i \u003c count; i++) {","lastModifiedDate":"2021-09-22"},{"lineNumber":57,"author":{"gitId":"WeiWei0721"},"content":"","lastModifiedDate":"2021-09-26"},{"lineNumber":58,"author":{"gitId":"WeiWei0721"},"content":"            System.out.println(i + 1 + \". \" + this.taskList[i]);","lastModifiedDate":"2021-09-26"},{"lineNumber":59,"author":{"gitId":"WeiWei0721"},"content":"","lastModifiedDate":"2021-09-26"},{"lineNumber":60,"author":{"gitId":"WeiWei0721"},"content":"        }","lastModifiedDate":"2021-09-22"},{"lineNumber":61,"author":{"gitId":"WeiWei0721"},"content":"    }","lastModifiedDate":"2021-09-22"},{"lineNumber":62,"author":{"gitId":"WeiWei0721"},"content":"","lastModifiedDate":"2021-09-22"},{"lineNumber":63,"author":{"gitId":"WeiWei0721"},"content":"    //@Override","lastModifiedDate":"2021-09-23"},{"lineNumber":64,"author":{"gitId":"WeiWei0721"},"content":"    public void markedAsDone(int taskNo) {","lastModifiedDate":"2021-09-23"},{"lineNumber":65,"author":{"gitId":"WeiWei0721"},"content":"        this.taskList[taskNo].markedAsDone();","lastModifiedDate":"2021-09-23"},{"lineNumber":66,"author":{"gitId":"WeiWei0721"},"content":"        //System.out.println(\"____________________________________________________________\");","lastModifiedDate":"2021-09-23"},{"lineNumber":67,"author":{"gitId":"WeiWei0721"},"content":"//        System.out.println(\"Nice! I\u0027ve marked this task as done:\\n\"","lastModifiedDate":"2021-09-26"},{"lineNumber":68,"author":{"gitId":"WeiWei0721"},"content":"//                + \"[\" + this.taskList[taskNo].getStatusIcon() + \"] \"","lastModifiedDate":"2021-09-26"},{"lineNumber":69,"author":{"gitId":"WeiWei0721"},"content":"//                + this.taskList[taskNo].getDescription());","lastModifiedDate":"2021-09-26"},{"lineNumber":70,"author":{"gitId":"WeiWei0721"},"content":"","lastModifiedDate":"2021-09-26"},{"lineNumber":71,"author":{"gitId":"WeiWei0721"},"content":"        System.out.println(\"Nice! I\u0027ve marked this task as done:\\n\" + this.taskList[taskNo]);","lastModifiedDate":"2021-09-26"},{"lineNumber":72,"author":{"gitId":"WeiWei0721"},"content":"","lastModifiedDate":"2021-09-23"},{"lineNumber":73,"author":{"gitId":"WeiWei0721"},"content":"    }","lastModifiedDate":"2021-09-23"},{"lineNumber":74,"author":{"gitId":"WeiWei0721"},"content":"","lastModifiedDate":"2021-09-22"},{"lineNumber":75,"author":{"gitId":"WeiWei0721"},"content":"}","lastModifiedDate":"2021-09-22"}],"authorContributionMap":{"WeiWei0721":75}},{"path":"src/main/java/Todo.java","fileType":"java","lines":[{"lineNumber":1,"author":{"gitId":"WeiWei0721"},"content":"public class Todo extends Task {","lastModifiedDate":"2021-09-26"},{"lineNumber":2,"author":{"gitId":"WeiWei0721"},"content":"","lastModifiedDate":"2021-09-26"},{"lineNumber":3,"author":{"gitId":"WeiWei0721"},"content":"","lastModifiedDate":"2021-09-26"},{"lineNumber":4,"author":{"gitId":"WeiWei0721"},"content":"    public Todo(String description) {","lastModifiedDate":"2021-09-26"},{"lineNumber":5,"author":{"gitId":"WeiWei0721"},"content":"        super(description);","lastModifiedDate":"2021-09-26"},{"lineNumber":6,"author":{"gitId":"WeiWei0721"},"content":"        this.type \u003d \"T\";","lastModifiedDate":"2021-09-26"},{"lineNumber":7,"author":{"gitId":"WeiWei0721"},"content":"    }","lastModifiedDate":"2021-09-26"},{"lineNumber":8,"author":{"gitId":"WeiWei0721"},"content":"","lastModifiedDate":"2021-09-26"},{"lineNumber":9,"author":{"gitId":"WeiWei0721"},"content":"    @Override","lastModifiedDate":"2021-09-26"},{"lineNumber":10,"author":{"gitId":"WeiWei0721"},"content":"    public String toString() {","lastModifiedDate":"2021-09-26"},{"lineNumber":11,"author":{"gitId":"WeiWei0721"},"content":"        return \"[T]\" + super.toString();","lastModifiedDate":"2021-09-26"},{"lineNumber":12,"author":{"gitId":"WeiWei0721"},"content":"    }","lastModifiedDate":"2021-09-26"},{"lineNumber":13,"author":{"gitId":"WeiWei0721"},"content":"","lastModifiedDate":"2021-09-26"},{"lineNumber":14,"author":{"gitId":"WeiWei0721"},"content":"}","lastModifiedDate":"2021-09-26"}],"authorContributionMap":{"WeiWei0721":14}}]
