{"authorDailyContributionsMap":{"WeiWei0721":[{"date":"2021-09-22","commitResults":[{"hash":"0283d0173e09011e5fa37fb2d213ed3719166d5a","messageTitle":"no message","messageBody":"","tags":["leve1-2"],"fileTypesAndContributionMap":{"java":{"insertions":68,"deletions":0}}},{"hash":"d84e0c1bc5ad8d409f9cd00e329d916810de299a","messageTitle":"no message","messageBody":"","fileTypesAndContributionMap":{"java":{"insertions":1,"deletions":6}}}]},{"date":"2021-09-23","commitResults":[{"hash":"736ce088d965263c102b6d25efaae343a740d69e","messageTitle":"level 3 task","messageBody":"","fileTypesAndContributionMap":{"java":{"insertions":83,"deletions":13}}}]},{"date":"2021-09-26","commitResults":[{"hash":"abb348486fd900a74352f42c938943da454bbd02","messageTitle":"Level 4. ToDos, Events, Deadlines Add support for tracking three types of tasks:","messageBody":"1.ToDos: tasks without any date/time attached to it e.g., visit new theme park\n2.Deadlines: tasks that need to be done before a specific date/time e.g., submit report by 11/10/2019 5pm\n3.Events: tasks that start at a specific time and ends at a specific time e.g., team project meeting on 2/10/2019 2-4pm\n","fileTypesAndContributionMap":{"java":{"insertions":6,"deletions":0}}},{"hash":"c1efb29aca24cce9c97f313800c953eadd0259b1","messageTitle":"Level 4. ToDos, Events, Deadlines Add support for tracking three types of tasks:","messageBody":"ToDos: tasks without any date/time attached to it e.g., visit new theme park\nDeadlines: tasks that need to be done before a specific date/time e.g., submit report by 11/10/2019 5pm\nEvents: tasks that start at a specific time and ends at a specific time e.g., team project meeting on 2/10/2019 2-4pm\n","fileTypesAndContributionMap":{"java":{"insertions":152,"deletions":23}}}]}]},"authorFileTypeContributionMap":{"WeiWei0721":{"java":267,"md":0,"fxml":0,"sh":0,"bat":0,"gradle":0,"txt":0}},"authorContributionVariance":{"WeiWei0721":919.86426},"authorDisplayNameMap":{"WeiWei0721":"WEI .. WEI"}}
