{"authorDailyContributionsMap":{"WeiWei0721":[{"date":"2021-09-22","commitResults":[{"hash":"0283d0173e09011e5fa37fb2d213ed3719166d5a","messageTitle":"no message","messageBody":"","tags":["leve1-2"],"fileTypesAndContributionMap":{"java":{"insertions":68,"deletions":0}}},{"hash":"d84e0c1bc5ad8d409f9cd00e329d916810de299a","messageTitle":"no message","messageBody":"","fileTypesAndContributionMap":{"java":{"insertions":1,"deletions":6}}}]},{"date":"2021-09-23","commitResults":[{"hash":"736ce088d965263c102b6d25efaae343a740d69e","messageTitle":"level 3 task","messageBody":"","fileTypesAndContributionMap":{"java":{"insertions":83,"deletions":13}}}]},{"date":"2021-09-26","commitResults":[{"hash":"abb348486fd900a74352f42c938943da454bbd02","messageTitle":"Level 4. ToDos, Events, Deadlines Add support for tracking three types of tasks:","messageBody":"1.ToDos: tasks without any date/time attached to it e.g., visit new theme park\n2.Deadlines: tasks that need to be done before a specific date/time e.g., submit report by 11/10/2019 5pm\n3.Events: tasks that start at a specific time and ends at a specific time e.g., team project meeting on 2/10/2019 2-4pm\n","fileTypesAndContributionMap":{"java":{"insertions":6,"deletions":0}}},{"hash":"c1efb29aca24cce9c97f313800c953eadd0259b1","messageTitle":"Level 4. ToDos, Events, Deadlines Add support for tracking three types of tasks:","messageBody":"ToDos: tasks without any date/time attached to it e.g., visit new theme park\nDeadlines: tasks that need to be done before a specific date/time e.g., submit report by 11/10/2019 5pm\nEvents: tasks that start at a specific time and ends at a specific time e.g., team project meeting on 2/10/2019 2-4pm\n","fileTypesAndContributionMap":{"java":{"insertions":152,"deletions":23}}}]},{"date":"2021-10-13","commitResults":[{"hash":"fd672798a27a39dcff0fcd075d7f5a0d5d8b36a5","messageTitle":"Level 6. Delete","messageBody":"Add support for deleting tasks from the list.\n\nUse Java Collections classes for storing data. For example, you can use an ArrayList\u003cTask\u003e to store the tasks.\n","fileTypesAndContributionMap":{"java":{"insertions":52,"deletions":16}}}]},{"date":"2021-10-25","commitResults":[{"hash":"1b1716ecc1737cc10ab581bafe003b402938ce9b","messageTitle":"Implement increments Level-7, A-MoreOOP, A-Packages","messageBody":"","fileTypesAndContributionMap":{"java":{"insertions":51,"deletions":13}}},{"hash":"21b79798370300c5f2f5f5c00798603a8582cfea","messageTitle":"no message","messageBody":"","fileTypesAndContributionMap":{"java":{"insertions":956,"deletions":120}}}]}]},"authorFileTypeContributionMap":{"WeiWei0721":{"java":1184,"md":0,"fxml":0,"sh":0,"bat":0,"gradle":0,"txt":0}},"authorContributionVariance":{"WeiWei0721":16931.104},"authorDisplayNameMap":{"WeiWei0721":"WEI .. WEI"}}
