[{"path":"src/main/java/Duke.java","fileType":"java","lines":[{"lineNumber":1,"author":{"gitId":"metildachee"},"content":"import java.util.ArrayList;","lastModifiedDate":"2021-08-22"},{"lineNumber":2,"author":{"gitId":"metildachee"},"content":"import java.util.Locale;","lastModifiedDate":"2021-08-22"},{"lineNumber":3,"author":{"gitId":"metildachee"},"content":"import java.util.Scanner;","lastModifiedDate":"2021-08-22"},{"lineNumber":4,"author":{"gitId":"metildachee"},"content":"","lastModifiedDate":"2021-08-22"},{"lineNumber":5,"author":{"gitId":"metildachee"},"content":"","lastModifiedDate":"2021-08-22"},{"lineNumber":6,"author":{"gitId":"-"},"content":"public class Duke {","lastModifiedDate":"2019-07-29"},{"lineNumber":7,"author":{"gitId":"metildachee"},"content":"    private final static String DETECT_END \u003d \"bye\";","lastModifiedDate":"2021-08-22"},{"lineNumber":8,"author":{"gitId":"metildachee"},"content":"    private final static String DETECT_LIST \u003d \"list\";","lastModifiedDate":"2021-08-22"},{"lineNumber":9,"author":{"gitId":"metildachee"},"content":"    private final static String STMT_END \u003d \"Bye. Hope to see you again soon!\";","lastModifiedDate":"2021-08-22"},{"lineNumber":10,"author":{"gitId":"metildachee"},"content":"    private final static String STMT_START \u003d \"Hello! I\u0027m Duke\\nWhat can I do for you?\";","lastModifiedDate":"2021-08-22"},{"lineNumber":11,"author":{"gitId":"metildachee"},"content":"","lastModifiedDate":"2021-08-22"},{"lineNumber":12,"author":{"gitId":"-"},"content":"    public static void main(String[] args) {","lastModifiedDate":"2019-07-29"},{"lineNumber":13,"author":{"gitId":"metildachee"},"content":"","lastModifiedDate":"2021-08-22"},{"lineNumber":14,"author":{"gitId":"metildachee"},"content":"        System.out.println(STMT_START);","lastModifiedDate":"2021-08-22"},{"lineNumber":15,"author":{"gitId":"metildachee"},"content":"        Scanner in \u003d new Scanner(System.in);","lastModifiedDate":"2021-08-22"},{"lineNumber":16,"author":{"gitId":"metildachee"},"content":"        String input \u003d in.nextLine();","lastModifiedDate":"2021-08-22"},{"lineNumber":17,"author":{"gitId":"metildachee"},"content":"        ArrayList\u003cTask\u003e list \u003d new ArrayList\u003c\u003e();","lastModifiedDate":"2021-08-22"},{"lineNumber":18,"author":{"gitId":"metildachee"},"content":"","lastModifiedDate":"2021-08-22"},{"lineNumber":19,"author":{"gitId":"metildachee"},"content":"        while (!input.toLowerCase(Locale.ROOT).equals(DETECT_END)) {","lastModifiedDate":"2021-08-22"},{"lineNumber":20,"author":{"gitId":"metildachee"},"content":"            if (input.toLowerCase(Locale.ROOT).equals(DETECT_LIST)) {","lastModifiedDate":"2021-08-22"},{"lineNumber":21,"author":{"gitId":"metildachee"},"content":"                for (int i \u003d 0; i \u003c list.size(); i++) {","lastModifiedDate":"2021-08-22"},{"lineNumber":22,"author":{"gitId":"metildachee"},"content":"                    System.out.println(i + 1 + \". \" + list.get(i).toString());","lastModifiedDate":"2021-08-22"},{"lineNumber":23,"author":{"gitId":"metildachee"},"content":"                }","lastModifiedDate":"2021-08-22"},{"lineNumber":24,"author":{"gitId":"metildachee"},"content":"            } else {","lastModifiedDate":"2021-08-22"},{"lineNumber":25,"author":{"gitId":"metildachee"},"content":"                list.add(new Task(input));","lastModifiedDate":"2021-08-22"},{"lineNumber":26,"author":{"gitId":"metildachee"},"content":"                System.out.println(\"added: \" + input);","lastModifiedDate":"2021-08-22"},{"lineNumber":27,"author":{"gitId":"metildachee"},"content":"            }","lastModifiedDate":"2021-08-22"},{"lineNumber":28,"author":{"gitId":"metildachee"},"content":"            input \u003d in.nextLine();","lastModifiedDate":"2021-08-22"},{"lineNumber":29,"author":{"gitId":"metildachee"},"content":"        }","lastModifiedDate":"2021-08-22"},{"lineNumber":30,"author":{"gitId":"metildachee"},"content":"        System.out.println(STMT_END);","lastModifiedDate":"2021-08-22"},{"lineNumber":31,"author":{"gitId":"-"},"content":"    }","lastModifiedDate":"2019-07-29"},{"lineNumber":32,"author":{"gitId":"-"},"content":"}","lastModifiedDate":"2019-07-29"}],"authorContributionMap":{"metildachee":28,"-":4}},{"path":"src/main/java/Task.java","fileType":"java","lines":[{"lineNumber":1,"author":{"gitId":"metildachee"},"content":"public class Task {","lastModifiedDate":"2021-08-22"},{"lineNumber":2,"author":{"gitId":"metildachee"},"content":"    String description;","lastModifiedDate":"2021-08-22"},{"lineNumber":3,"author":{"gitId":"metildachee"},"content":"","lastModifiedDate":"2021-08-22"},{"lineNumber":4,"author":{"gitId":"metildachee"},"content":"    public Task(String description) {","lastModifiedDate":"2021-08-22"},{"lineNumber":5,"author":{"gitId":"metildachee"},"content":"        this.description \u003d description;","lastModifiedDate":"2021-08-22"},{"lineNumber":6,"author":{"gitId":"metildachee"},"content":"    }","lastModifiedDate":"2021-08-22"},{"lineNumber":7,"author":{"gitId":"metildachee"},"content":"","lastModifiedDate":"2021-08-22"},{"lineNumber":8,"author":{"gitId":"metildachee"},"content":"    public String getDescription() {","lastModifiedDate":"2021-08-22"},{"lineNumber":9,"author":{"gitId":"metildachee"},"content":"        return description;","lastModifiedDate":"2021-08-22"},{"lineNumber":10,"author":{"gitId":"metildachee"},"content":"    }","lastModifiedDate":"2021-08-22"},{"lineNumber":11,"author":{"gitId":"metildachee"},"content":"","lastModifiedDate":"2021-08-22"},{"lineNumber":12,"author":{"gitId":"metildachee"},"content":"    public void setDescription(String desc) {","lastModifiedDate":"2021-08-22"},{"lineNumber":13,"author":{"gitId":"metildachee"},"content":"        description \u003d desc;","lastModifiedDate":"2021-08-22"},{"lineNumber":14,"author":{"gitId":"metildachee"},"content":"    }","lastModifiedDate":"2021-08-22"},{"lineNumber":15,"author":{"gitId":"metildachee"},"content":"","lastModifiedDate":"2021-08-22"},{"lineNumber":16,"author":{"gitId":"metildachee"},"content":"    public String toString() {","lastModifiedDate":"2021-08-22"},{"lineNumber":17,"author":{"gitId":"metildachee"},"content":"        return description;","lastModifiedDate":"2021-08-22"},{"lineNumber":18,"author":{"gitId":"metildachee"},"content":"    }","lastModifiedDate":"2021-08-22"},{"lineNumber":19,"author":{"gitId":"metildachee"},"content":"}","lastModifiedDate":"2021-08-22"}],"authorContributionMap":{"metildachee":19}}]
