[{"path":"README.md","fileType":"md","lines":[{"lineNumber":1,"author":{"gitId":"-"},"content":"# Duke project template","lastModifiedDate":"2020-05-25"},{"lineNumber":2,"author":{"gitId":"-"},"content":"","lastModifiedDate":"2020-05-25"},{"lineNumber":3,"author":{"gitId":"metildachee"},"content":"Progress: [Trello board](https://trello.com/b/OP3BJpuz/duke_)","lastModifiedDate":"2021-09-18"}],"authorContributionMap":{"metildachee":1,"-":2}},{"path":"src/main/java/Deadline.java","fileType":"java","lines":[{"lineNumber":1,"author":{"gitId":"metildachee"},"content":"public class Deadline extends Todo {","lastModifiedDate":"2021-09-05"},{"lineNumber":2,"author":{"gitId":"metildachee"},"content":"    String by;","lastModifiedDate":"2021-09-05"},{"lineNumber":3,"author":{"gitId":"metildachee"},"content":"","lastModifiedDate":"2021-09-05"},{"lineNumber":4,"author":{"gitId":"metildachee"},"content":"    public Deadline(String description, String due, Integer id) {","lastModifiedDate":"2021-09-05"},{"lineNumber":5,"author":{"gitId":"metildachee"},"content":"        super(description, id);","lastModifiedDate":"2021-09-05"},{"lineNumber":6,"author":{"gitId":"metildachee"},"content":"        by \u003d due;","lastModifiedDate":"2021-09-05"},{"lineNumber":7,"author":{"gitId":"metildachee"},"content":"    }","lastModifiedDate":"2021-09-05"},{"lineNumber":8,"author":{"gitId":"metildachee"},"content":"","lastModifiedDate":"2021-09-05"},{"lineNumber":9,"author":{"gitId":"metildachee"},"content":"    public String getBy() {","lastModifiedDate":"2021-09-05"},{"lineNumber":10,"author":{"gitId":"metildachee"},"content":"        return by;","lastModifiedDate":"2021-09-05"},{"lineNumber":11,"author":{"gitId":"metildachee"},"content":"    }","lastModifiedDate":"2021-09-05"},{"lineNumber":12,"author":{"gitId":"metildachee"},"content":"","lastModifiedDate":"2021-09-05"},{"lineNumber":13,"author":{"gitId":"metildachee"},"content":"    public void setBy(String due) {","lastModifiedDate":"2021-09-05"},{"lineNumber":14,"author":{"gitId":"metildachee"},"content":"        by \u003d due;","lastModifiedDate":"2021-09-05"},{"lineNumber":15,"author":{"gitId":"metildachee"},"content":"    }","lastModifiedDate":"2021-09-05"},{"lineNumber":16,"author":{"gitId":"metildachee"},"content":"","lastModifiedDate":"2021-09-05"},{"lineNumber":17,"author":{"gitId":"metildachee"},"content":"    @Override","lastModifiedDate":"2021-09-05"},{"lineNumber":18,"author":{"gitId":"metildachee"},"content":"    public String toString() {","lastModifiedDate":"2021-09-05"},{"lineNumber":19,"author":{"gitId":"metildachee"},"content":"        String status \u003d isDone ? \"X\" : \" \";","lastModifiedDate":"2021-09-05"},{"lineNumber":20,"author":{"gitId":"metildachee"},"content":"        return id + \". [D][\" + status + \"] \" + super.getDescription() + \" (by: \" + by + \")\";","lastModifiedDate":"2021-09-18"},{"lineNumber":21,"author":{"gitId":"metildachee"},"content":"    }","lastModifiedDate":"2021-09-05"},{"lineNumber":22,"author":{"gitId":"metildachee"},"content":"}","lastModifiedDate":"2021-09-05"}],"authorContributionMap":{"metildachee":22}},{"path":"src/main/java/Duke.java","fileType":"java","lines":[{"lineNumber":1,"author":{"gitId":"metildachee"},"content":"import java.util.ArrayList;","lastModifiedDate":"2021-08-22"},{"lineNumber":2,"author":{"gitId":"metildachee"},"content":"import java.util.Arrays;","lastModifiedDate":"2021-09-05"},{"lineNumber":3,"author":{"gitId":"metildachee"},"content":"import java.util.Locale;","lastModifiedDate":"2021-08-22"},{"lineNumber":4,"author":{"gitId":"metildachee"},"content":"import java.util.Scanner;","lastModifiedDate":"2021-08-22"},{"lineNumber":5,"author":{"gitId":"metildachee"},"content":"","lastModifiedDate":"2021-08-22"},{"lineNumber":6,"author":{"gitId":"metildachee"},"content":"","lastModifiedDate":"2021-08-22"},{"lineNumber":7,"author":{"gitId":"-"},"content":"public class Duke {","lastModifiedDate":"2019-07-29"},{"lineNumber":8,"author":{"gitId":"metildachee"},"content":"    // TODO: Change these to enums","lastModifiedDate":"2021-09-18"},{"lineNumber":9,"author":{"gitId":"metildachee"},"content":"    private final static String DETECT_END \u003d \"bye\";","lastModifiedDate":"2021-08-22"},{"lineNumber":10,"author":{"gitId":"metildachee"},"content":"    private final static String DETECT_LIST \u003d \"list\";","lastModifiedDate":"2021-08-22"},{"lineNumber":11,"author":{"gitId":"metildachee"},"content":"    private final static String DETECT_DONE \u003d \"done\";","lastModifiedDate":"2021-09-05"},{"lineNumber":12,"author":{"gitId":"metildachee"},"content":"    private final static String DETECT_ADD_TODO \u003d \"todo\";","lastModifiedDate":"2021-09-05"},{"lineNumber":13,"author":{"gitId":"metildachee"},"content":"    private final static String DETECT_ADD_EVENT \u003d \"event\";","lastModifiedDate":"2021-09-05"},{"lineNumber":14,"author":{"gitId":"metildachee"},"content":"    private final static String DETECT_ADD_DEADLINE \u003d \"deadline\";","lastModifiedDate":"2021-09-05"},{"lineNumber":15,"author":{"gitId":"metildachee"},"content":"    private final static String DETECT_DELETE \u003d \"delete\";","lastModifiedDate":"2021-09-18"},{"lineNumber":16,"author":{"gitId":"metildachee"},"content":"","lastModifiedDate":"2021-09-18"},{"lineNumber":17,"author":{"gitId":"metildachee"},"content":"    private final static String STMT_END \u003d \"Bye. Hope to see you again soon!\";","lastModifiedDate":"2021-08-22"},{"lineNumber":18,"author":{"gitId":"metildachee"},"content":"    private final static String STMT_START \u003d \"Hello! I\u0027m Duke\\nWhat can I do for you?\";","lastModifiedDate":"2021-08-22"},{"lineNumber":19,"author":{"gitId":"metildachee"},"content":"    private final static String STMT_DONE \u003d \"Nice! I\u0027ve marked this task as done: \";","lastModifiedDate":"2021-09-05"},{"lineNumber":20,"author":{"gitId":"metildachee"},"content":"    private final static String STMT_DELETE \u003d \"Noted. I\u0027ve removed this task: \";","lastModifiedDate":"2021-09-18"},{"lineNumber":21,"author":{"gitId":"metildachee"},"content":"","lastModifiedDate":"2021-08-22"},{"lineNumber":22,"author":{"gitId":"metildachee"},"content":"    private final static String ERROR_PREFIX \u003d \"Oops I did not quite understand that.\";","lastModifiedDate":"2021-09-12"},{"lineNumber":23,"author":{"gitId":"metildachee"},"content":"","lastModifiedDate":"2021-09-12"},{"lineNumber":24,"author":{"gitId":"metildachee"},"content":"    public static void list(ArrayList\u003cTask\u003e list) throws Exception {","lastModifiedDate":"2021-09-18"},{"lineNumber":25,"author":{"gitId":"metildachee"},"content":"        list.forEach(l -\u003e System.out.println(l.toString()));","lastModifiedDate":"2021-09-05"},{"lineNumber":26,"author":{"gitId":"metildachee"},"content":"    }","lastModifiedDate":"2021-09-05"},{"lineNumber":27,"author":{"gitId":"metildachee"},"content":"","lastModifiedDate":"2021-09-05"},{"lineNumber":28,"author":{"gitId":"metildachee"},"content":"    public static void add(ArrayList\u003cTask\u003e list, Task todo) {","lastModifiedDate":"2021-09-05"},{"lineNumber":29,"author":{"gitId":"metildachee"},"content":"        list.add(todo);","lastModifiedDate":"2021-09-05"},{"lineNumber":30,"author":{"gitId":"metildachee"},"content":"        System.out.println(\"added: \" + todo.toString());","lastModifiedDate":"2021-09-12"},{"lineNumber":31,"author":{"gitId":"metildachee"},"content":"    }","lastModifiedDate":"2021-09-05"},{"lineNumber":32,"author":{"gitId":"metildachee"},"content":"","lastModifiedDate":"2021-09-05"},{"lineNumber":33,"author":{"gitId":"metildachee"},"content":"    public static void markDone(ArrayList\u003cTask\u003e list, Integer taskId) {","lastModifiedDate":"2021-09-05"},{"lineNumber":34,"author":{"gitId":"metildachee"},"content":"        list.stream().filter(t -\u003e t.getId().equals(taskId)).forEach(t -\u003e {","lastModifiedDate":"2021-09-05"},{"lineNumber":35,"author":{"gitId":"metildachee"},"content":"            System.out.println(STMT_DONE);","lastModifiedDate":"2021-09-05"},{"lineNumber":36,"author":{"gitId":"metildachee"},"content":"            Todo task \u003d (Todo) t;","lastModifiedDate":"2021-09-05"},{"lineNumber":37,"author":{"gitId":"metildachee"},"content":"            task.setDone(true);","lastModifiedDate":"2021-09-05"},{"lineNumber":38,"author":{"gitId":"metildachee"},"content":"            System.out.println(t.toString());","lastModifiedDate":"2021-09-05"},{"lineNumber":39,"author":{"gitId":"metildachee"},"content":"        });","lastModifiedDate":"2021-09-05"},{"lineNumber":40,"author":{"gitId":"metildachee"},"content":"    }","lastModifiedDate":"2021-09-05"},{"lineNumber":41,"author":{"gitId":"metildachee"},"content":"","lastModifiedDate":"2021-09-05"},{"lineNumber":42,"author":{"gitId":"metildachee"},"content":"    public static void markDelete(ArrayList\u003cTask\u003e list, Integer taskId) throws Exception {","lastModifiedDate":"2021-09-18"},{"lineNumber":43,"author":{"gitId":"metildachee"},"content":"        for (int i \u003d 0; i \u003c list.size(); i++) {","lastModifiedDate":"2021-09-18"},{"lineNumber":44,"author":{"gitId":"metildachee"},"content":"            if (list.get(i).getId() !\u003d null \u0026\u0026 list.get(i).getId().equals(taskId)) {","lastModifiedDate":"2021-09-18"},{"lineNumber":45,"author":{"gitId":"metildachee"},"content":"                System.out.println(STMT_DELETE);","lastModifiedDate":"2021-09-18"},{"lineNumber":46,"author":{"gitId":"metildachee"},"content":"                System.out.println(list.get(i).toString());","lastModifiedDate":"2021-09-18"},{"lineNumber":47,"author":{"gitId":"metildachee"},"content":"                list.remove(list.get(i));","lastModifiedDate":"2021-09-18"},{"lineNumber":48,"author":{"gitId":"metildachee"},"content":"                return;","lastModifiedDate":"2021-09-18"},{"lineNumber":49,"author":{"gitId":"metildachee"},"content":"            }","lastModifiedDate":"2021-09-18"},{"lineNumber":50,"author":{"gitId":"metildachee"},"content":"        }","lastModifiedDate":"2021-09-18"},{"lineNumber":51,"author":{"gitId":"metildachee"},"content":"    }","lastModifiedDate":"2021-09-18"},{"lineNumber":52,"author":{"gitId":"metildachee"},"content":"","lastModifiedDate":"2021-09-18"},{"lineNumber":53,"author":{"gitId":"metildachee"},"content":"    public static void printErrorMessage(Message m) {","lastModifiedDate":"2021-09-12"},{"lineNumber":54,"author":{"gitId":"metildachee"},"content":"        switch (m) {","lastModifiedDate":"2021-09-12"},{"lineNumber":55,"author":{"gitId":"metildachee"},"content":"            case ERROR_UNRECOGNISED:","lastModifiedDate":"2021-09-12"},{"lineNumber":56,"author":{"gitId":"metildachee"},"content":"                System.out.println(ERROR_PREFIX + \" Unrecognised operation.\");","lastModifiedDate":"2021-09-12"},{"lineNumber":57,"author":{"gitId":"metildachee"},"content":"                break;","lastModifiedDate":"2021-09-12"},{"lineNumber":58,"author":{"gitId":"metildachee"},"content":"            case ERROR_INVALID:","lastModifiedDate":"2021-09-12"},{"lineNumber":59,"author":{"gitId":"metildachee"},"content":"                System.out.println(ERROR_PREFIX + \" Invalid input.\");","lastModifiedDate":"2021-09-12"},{"lineNumber":60,"author":{"gitId":"metildachee"},"content":"                break;","lastModifiedDate":"2021-09-12"},{"lineNumber":61,"author":{"gitId":"metildachee"},"content":"            case EMPTY_LIST:","lastModifiedDate":"2021-09-18"},{"lineNumber":62,"author":{"gitId":"metildachee"},"content":"                System.out.println(ERROR_PREFIX + \" Empty list.\");","lastModifiedDate":"2021-09-18"},{"lineNumber":63,"author":{"gitId":"metildachee"},"content":"                break;","lastModifiedDate":"2021-09-18"},{"lineNumber":64,"author":{"gitId":"metildachee"},"content":"            case UNKNOWN_OBJECT:","lastModifiedDate":"2021-09-18"},{"lineNumber":65,"author":{"gitId":"metildachee"},"content":"                System.out.println(ERROR_PREFIX + \" Could not find resource.\");","lastModifiedDate":"2021-09-18"},{"lineNumber":66,"author":{"gitId":"metildachee"},"content":"                break;","lastModifiedDate":"2021-09-18"},{"lineNumber":67,"author":{"gitId":"metildachee"},"content":"        }","lastModifiedDate":"2021-09-12"},{"lineNumber":68,"author":{"gitId":"metildachee"},"content":"    }","lastModifiedDate":"2021-09-12"},{"lineNumber":69,"author":{"gitId":"metildachee"},"content":"","lastModifiedDate":"2021-09-12"},{"lineNumber":70,"author":{"gitId":"metildachee"},"content":"","lastModifiedDate":"2021-09-12"},{"lineNumber":71,"author":{"gitId":"-"},"content":"    public static void main(String[] args) {","lastModifiedDate":"2019-07-29"},{"lineNumber":72,"author":{"gitId":"metildachee"},"content":"        System.out.println(STMT_START);","lastModifiedDate":"2021-08-22"},{"lineNumber":73,"author":{"gitId":"metildachee"},"content":"        Scanner in \u003d new Scanner(System.in);","lastModifiedDate":"2021-08-22"},{"lineNumber":74,"author":{"gitId":"metildachee"},"content":"        ArrayList\u003cTask\u003e list \u003d new ArrayList\u003c\u003e();","lastModifiedDate":"2021-09-05"},{"lineNumber":75,"author":{"gitId":"metildachee"},"content":"        String input \u003d in.nextLine();","lastModifiedDate":"2021-08-22"},{"lineNumber":76,"author":{"gitId":"metildachee"},"content":"        ArrayList\u003cString\u003e tokens \u003d new ArrayList(Arrays.asList(input.split(\" \")));","lastModifiedDate":"2021-09-05"},{"lineNumber":77,"author":{"gitId":"metildachee"},"content":"        String instruction \u003d tokens.get(0);","lastModifiedDate":"2021-09-05"},{"lineNumber":78,"author":{"gitId":"metildachee"},"content":"        Integer id \u003d 0;","lastModifiedDate":"2021-09-05"},{"lineNumber":79,"author":{"gitId":"metildachee"},"content":"        String taskInfo \u003d tokens // TODO: Fix this (duh)","lastModifiedDate":"2021-09-18"},{"lineNumber":80,"author":{"gitId":"metildachee"},"content":"                .subList(1, tokens.size())","lastModifiedDate":"2021-09-18"},{"lineNumber":81,"author":{"gitId":"metildachee"},"content":"                .toString()","lastModifiedDate":"2021-09-18"},{"lineNumber":82,"author":{"gitId":"metildachee"},"content":"                .replace(\",\", \"\")","lastModifiedDate":"2021-09-18"},{"lineNumber":83,"author":{"gitId":"metildachee"},"content":"                .replace(\"[\", \"\")","lastModifiedDate":"2021-09-18"},{"lineNumber":84,"author":{"gitId":"metildachee"},"content":"                .replace(\"]\", \"\")","lastModifiedDate":"2021-09-18"},{"lineNumber":85,"author":{"gitId":"metildachee"},"content":"                .trim();","lastModifiedDate":"2021-09-18"},{"lineNumber":86,"author":{"gitId":"metildachee"},"content":"","lastModifiedDate":"2021-08-22"},{"lineNumber":87,"author":{"gitId":"metildachee"},"content":"        while (!instruction.toLowerCase(Locale.ROOT).equals(DETECT_END)) {","lastModifiedDate":"2021-09-05"},{"lineNumber":88,"author":{"gitId":"metildachee"},"content":"            if (instruction.toLowerCase(Locale.ROOT).equals(DETECT_LIST)) {","lastModifiedDate":"2021-09-05"},{"lineNumber":89,"author":{"gitId":"metildachee"},"content":"                try {","lastModifiedDate":"2021-09-18"},{"lineNumber":90,"author":{"gitId":"metildachee"},"content":"                    list(list);","lastModifiedDate":"2021-09-05"},{"lineNumber":91,"author":{"gitId":"metildachee"},"content":"                } catch (Exception e) {","lastModifiedDate":"2021-09-18"},{"lineNumber":92,"author":{"gitId":"metildachee"},"content":"                    printErrorMessage(Message.EMPTY_LIST);","lastModifiedDate":"2021-09-18"},{"lineNumber":93,"author":{"gitId":"metildachee"},"content":"                }","lastModifiedDate":"2021-09-18"},{"lineNumber":94,"author":{"gitId":"metildachee"},"content":"            } else if (instruction.toLowerCase(Locale.ROOT).equals(DETECT_DONE) \u0026\u0026 tokens.size() \u003e\u003d 2) {","lastModifiedDate":"2021-09-05"},{"lineNumber":95,"author":{"gitId":"metildachee"},"content":"                markDone(list, Integer.parseInt((tokens.get(1))));","lastModifiedDate":"2021-09-05"},{"lineNumber":96,"author":{"gitId":"metildachee"},"content":"            } else if (instruction.toLowerCase(Locale.ROOT).equals(DETECT_DELETE) \u0026\u0026 tokens.size() \u003e\u003d 2) {","lastModifiedDate":"2021-09-18"},{"lineNumber":97,"author":{"gitId":"metildachee"},"content":"                try {","lastModifiedDate":"2021-09-18"},{"lineNumber":98,"author":{"gitId":"metildachee"},"content":"                    markDelete(list, Integer.parseInt((tokens.get(1))));","lastModifiedDate":"2021-09-18"},{"lineNumber":99,"author":{"gitId":"metildachee"},"content":"                } catch (Exception e) {","lastModifiedDate":"2021-09-18"},{"lineNumber":100,"author":{"gitId":"metildachee"},"content":"                    printErrorMessage(Message.UNKNOWN_OBJECT);","lastModifiedDate":"2021-09-18"},{"lineNumber":101,"author":{"gitId":"metildachee"},"content":"                }","lastModifiedDate":"2021-09-18"},{"lineNumber":102,"author":{"gitId":"metildachee"},"content":"","lastModifiedDate":"2021-09-18"},{"lineNumber":103,"author":{"gitId":"metildachee"},"content":"            } else {","lastModifiedDate":"2021-08-22"},{"lineNumber":104,"author":{"gitId":"metildachee"},"content":"                Task task \u003d null;","lastModifiedDate":"2021-09-05"},{"lineNumber":105,"author":{"gitId":"metildachee"},"content":"                switch (instruction) {","lastModifiedDate":"2021-09-05"},{"lineNumber":106,"author":{"gitId":"metildachee"},"content":"                    case DETECT_ADD_TODO:","lastModifiedDate":"2021-09-05"},{"lineNumber":107,"author":{"gitId":"metildachee"},"content":"                        task \u003d new Todo(taskInfo, id);","lastModifiedDate":"2021-09-12"},{"lineNumber":108,"author":{"gitId":"metildachee"},"content":"                        break;","lastModifiedDate":"2021-09-05"},{"lineNumber":109,"author":{"gitId":"metildachee"},"content":"                    case DETECT_ADD_EVENT:","lastModifiedDate":"2021-09-05"},{"lineNumber":110,"author":{"gitId":"metildachee"},"content":"                        ArrayList\u003cString\u003e addInfo \u003d new ArrayList(Arrays.asList(taskInfo.split(\"/at\")));","lastModifiedDate":"2021-09-12"},{"lineNumber":111,"author":{"gitId":"metildachee"},"content":"                        task \u003d new Event(addInfo.get(0), addInfo.get(1), id);","lastModifiedDate":"2021-09-12"},{"lineNumber":112,"author":{"gitId":"metildachee"},"content":"                        break;","lastModifiedDate":"2021-09-05"},{"lineNumber":113,"author":{"gitId":"metildachee"},"content":"                    case DETECT_ADD_DEADLINE:","lastModifiedDate":"2021-09-05"},{"lineNumber":114,"author":{"gitId":"metildachee"},"content":"                        ArrayList\u003cString\u003e deadlineInfo \u003d new ArrayList(Arrays.asList(taskInfo.split(\"/by\")));","lastModifiedDate":"2021-09-12"},{"lineNumber":115,"author":{"gitId":"metildachee"},"content":"                        task \u003d new Deadline(deadlineInfo.get(0), deadlineInfo.get(1), id);","lastModifiedDate":"2021-09-12"},{"lineNumber":116,"author":{"gitId":"metildachee"},"content":"                        break;","lastModifiedDate":"2021-09-05"},{"lineNumber":117,"author":{"gitId":"metildachee"},"content":"                }","lastModifiedDate":"2021-09-05"},{"lineNumber":118,"author":{"gitId":"metildachee"},"content":"","lastModifiedDate":"2021-09-12"},{"lineNumber":119,"author":{"gitId":"metildachee"},"content":"                try {","lastModifiedDate":"2021-09-18"},{"lineNumber":120,"author":{"gitId":"metildachee"},"content":"                    add(list, task);","lastModifiedDate":"2021-09-18"},{"lineNumber":121,"author":{"gitId":"metildachee"},"content":"                } catch (Exception e) {","lastModifiedDate":"2021-09-18"},{"lineNumber":122,"author":{"gitId":"metildachee"},"content":"                    printErrorMessage(Message.ERROR_UNRECOGNISED);","lastModifiedDate":"2021-09-12"},{"lineNumber":123,"author":{"gitId":"metildachee"},"content":"                }","lastModifiedDate":"2021-09-12"},{"lineNumber":124,"author":{"gitId":"metildachee"},"content":"            }","lastModifiedDate":"2021-08-22"},{"lineNumber":125,"author":{"gitId":"metildachee"},"content":"","lastModifiedDate":"2021-09-05"},{"lineNumber":126,"author":{"gitId":"metildachee"},"content":"            input \u003d in.nextLine();","lastModifiedDate":"2021-08-22"},{"lineNumber":127,"author":{"gitId":"metildachee"},"content":"            System.out.println(\"input: \" + input);","lastModifiedDate":"2021-09-18"},{"lineNumber":128,"author":{"gitId":"metildachee"},"content":"            tokens \u003d new ArrayList(Arrays.asList(input.split(\" \")));","lastModifiedDate":"2021-09-05"},{"lineNumber":129,"author":{"gitId":"metildachee"},"content":"            instruction \u003d tokens.get(0);","lastModifiedDate":"2021-09-05"},{"lineNumber":130,"author":{"gitId":"metildachee"},"content":"            System.out.println(\"instruction: \" + instruction);","lastModifiedDate":"2021-09-18"},{"lineNumber":131,"author":{"gitId":"metildachee"},"content":"            taskInfo \u003d tokens","lastModifiedDate":"2021-09-18"},{"lineNumber":132,"author":{"gitId":"metildachee"},"content":"                    .subList(1, tokens.size())","lastModifiedDate":"2021-09-18"},{"lineNumber":133,"author":{"gitId":"metildachee"},"content":"                    .toString()","lastModifiedDate":"2021-09-18"},{"lineNumber":134,"author":{"gitId":"metildachee"},"content":"                    .replace(\",\", \"\")","lastModifiedDate":"2021-09-18"},{"lineNumber":135,"author":{"gitId":"metildachee"},"content":"                    .replace(\"[\", \"\")","lastModifiedDate":"2021-09-18"},{"lineNumber":136,"author":{"gitId":"metildachee"},"content":"                    .replace(\"]\", \"\")","lastModifiedDate":"2021-09-18"},{"lineNumber":137,"author":{"gitId":"metildachee"},"content":"                    .trim();","lastModifiedDate":"2021-09-18"},{"lineNumber":138,"author":{"gitId":"metildachee"},"content":"            System.out.println(\"task info:\" + taskInfo);","lastModifiedDate":"2021-09-18"},{"lineNumber":139,"author":{"gitId":"metildachee"},"content":"            id \u003d list.size();","lastModifiedDate":"2021-09-05"},{"lineNumber":140,"author":{"gitId":"metildachee"},"content":"        }","lastModifiedDate":"2021-08-22"},{"lineNumber":141,"author":{"gitId":"metildachee"},"content":"        System.out.println(STMT_END);","lastModifiedDate":"2021-08-22"},{"lineNumber":142,"author":{"gitId":"-"},"content":"    }","lastModifiedDate":"2019-07-29"},{"lineNumber":143,"author":{"gitId":"-"},"content":"}","lastModifiedDate":"2019-07-29"}],"authorContributionMap":{"metildachee":139,"-":4}},{"path":"src/main/java/Event.java","fileType":"java","lines":[{"lineNumber":1,"author":{"gitId":"metildachee"},"content":"public class Event extends Todo {","lastModifiedDate":"2021-09-05"},{"lineNumber":2,"author":{"gitId":"metildachee"},"content":"    String at;","lastModifiedDate":"2021-09-05"},{"lineNumber":3,"author":{"gitId":"metildachee"},"content":"","lastModifiedDate":"2021-09-05"},{"lineNumber":4,"author":{"gitId":"metildachee"},"content":"    public Event(String description, String start, Integer id) {","lastModifiedDate":"2021-09-05"},{"lineNumber":5,"author":{"gitId":"metildachee"},"content":"        super(description, id);","lastModifiedDate":"2021-09-05"},{"lineNumber":6,"author":{"gitId":"metildachee"},"content":"        at \u003d start;","lastModifiedDate":"2021-09-05"},{"lineNumber":7,"author":{"gitId":"metildachee"},"content":"    }","lastModifiedDate":"2021-09-05"},{"lineNumber":8,"author":{"gitId":"metildachee"},"content":"","lastModifiedDate":"2021-09-05"},{"lineNumber":9,"author":{"gitId":"metildachee"},"content":"    public String getAt() {","lastModifiedDate":"2021-09-05"},{"lineNumber":10,"author":{"gitId":"metildachee"},"content":"        return at;","lastModifiedDate":"2021-09-05"},{"lineNumber":11,"author":{"gitId":"metildachee"},"content":"    }","lastModifiedDate":"2021-09-05"},{"lineNumber":12,"author":{"gitId":"metildachee"},"content":"","lastModifiedDate":"2021-09-05"},{"lineNumber":13,"author":{"gitId":"metildachee"},"content":"    public void setAt(String start) {","lastModifiedDate":"2021-09-05"},{"lineNumber":14,"author":{"gitId":"metildachee"},"content":"        at \u003d start;","lastModifiedDate":"2021-09-05"},{"lineNumber":15,"author":{"gitId":"metildachee"},"content":"    }","lastModifiedDate":"2021-09-05"},{"lineNumber":16,"author":{"gitId":"metildachee"},"content":"","lastModifiedDate":"2021-09-05"},{"lineNumber":17,"author":{"gitId":"metildachee"},"content":"    @Override","lastModifiedDate":"2021-09-05"},{"lineNumber":18,"author":{"gitId":"metildachee"},"content":"    public String toString() {","lastModifiedDate":"2021-09-05"},{"lineNumber":19,"author":{"gitId":"metildachee"},"content":"        String status \u003d isDone ? \"X\" : \" \";","lastModifiedDate":"2021-09-05"},{"lineNumber":20,"author":{"gitId":"metildachee"},"content":"        return id + \". [E][\" + status + \"] \" + super.getDescription() + \" (at: \" + at + \")\";","lastModifiedDate":"2021-09-18"},{"lineNumber":21,"author":{"gitId":"metildachee"},"content":"    }","lastModifiedDate":"2021-09-05"},{"lineNumber":22,"author":{"gitId":"metildachee"},"content":"}","lastModifiedDate":"2021-09-05"}],"authorContributionMap":{"metildachee":22}},{"path":"src/main/java/Message.java","fileType":"java","lines":[{"lineNumber":1,"author":{"gitId":"metildachee"},"content":"public enum Message {","lastModifiedDate":"2021-09-12"},{"lineNumber":2,"author":{"gitId":"metildachee"},"content":"    ERROR_UNRECOGNISED,","lastModifiedDate":"2021-09-12"},{"lineNumber":3,"author":{"gitId":"metildachee"},"content":"    ERROR_INVALID,","lastModifiedDate":"2021-09-18"},{"lineNumber":4,"author":{"gitId":"metildachee"},"content":"    EMPTY_LIST,","lastModifiedDate":"2021-09-18"},{"lineNumber":5,"author":{"gitId":"metildachee"},"content":"    UNKNOWN_OBJECT,","lastModifiedDate":"2021-09-18"},{"lineNumber":6,"author":{"gitId":"metildachee"},"content":"}","lastModifiedDate":"2021-09-12"}],"authorContributionMap":{"metildachee":6}},{"path":"src/main/java/Task.java","fileType":"java","lines":[{"lineNumber":1,"author":{"gitId":"metildachee"},"content":"public class Task {","lastModifiedDate":"2021-08-22"},{"lineNumber":2,"author":{"gitId":"metildachee"},"content":"    String description;","lastModifiedDate":"2021-08-22"},{"lineNumber":3,"author":{"gitId":"metildachee"},"content":"    Integer id;","lastModifiedDate":"2021-09-05"},{"lineNumber":4,"author":{"gitId":"metildachee"},"content":"","lastModifiedDate":"2021-08-22"},{"lineNumber":5,"author":{"gitId":"metildachee"},"content":"    public Task(String description, Integer id) {","lastModifiedDate":"2021-09-05"},{"lineNumber":6,"author":{"gitId":"metildachee"},"content":"        System.out.println(\"set task: \" + description + id);","lastModifiedDate":"2021-09-12"},{"lineNumber":7,"author":{"gitId":"metildachee"},"content":"        this.id \u003d id;","lastModifiedDate":"2021-09-05"},{"lineNumber":8,"author":{"gitId":"metildachee"},"content":"        this.description \u003d description;","lastModifiedDate":"2021-08-22"},{"lineNumber":9,"author":{"gitId":"metildachee"},"content":"    }","lastModifiedDate":"2021-08-22"},{"lineNumber":10,"author":{"gitId":"metildachee"},"content":"","lastModifiedDate":"2021-08-22"},{"lineNumber":11,"author":{"gitId":"metildachee"},"content":"    public Integer getId() {","lastModifiedDate":"2021-09-05"},{"lineNumber":12,"author":{"gitId":"metildachee"},"content":"        return id;","lastModifiedDate":"2021-09-05"},{"lineNumber":13,"author":{"gitId":"metildachee"},"content":"    }","lastModifiedDate":"2021-09-05"},{"lineNumber":14,"author":{"gitId":"metildachee"},"content":"","lastModifiedDate":"2021-09-05"},{"lineNumber":15,"author":{"gitId":"metildachee"},"content":"    public String getDescription() {","lastModifiedDate":"2021-08-22"},{"lineNumber":16,"author":{"gitId":"metildachee"},"content":"        return description;","lastModifiedDate":"2021-08-22"},{"lineNumber":17,"author":{"gitId":"metildachee"},"content":"    }","lastModifiedDate":"2021-08-22"},{"lineNumber":18,"author":{"gitId":"metildachee"},"content":"","lastModifiedDate":"2021-08-22"},{"lineNumber":19,"author":{"gitId":"metildachee"},"content":"    public void setDescription(String desc) {","lastModifiedDate":"2021-08-22"},{"lineNumber":20,"author":{"gitId":"metildachee"},"content":"        description \u003d desc;","lastModifiedDate":"2021-08-22"},{"lineNumber":21,"author":{"gitId":"metildachee"},"content":"    }","lastModifiedDate":"2021-08-22"},{"lineNumber":22,"author":{"gitId":"metildachee"},"content":"","lastModifiedDate":"2021-08-22"},{"lineNumber":23,"author":{"gitId":"metildachee"},"content":"    public String toString() {","lastModifiedDate":"2021-08-22"},{"lineNumber":24,"author":{"gitId":"metildachee"},"content":"        return description;","lastModifiedDate":"2021-08-22"},{"lineNumber":25,"author":{"gitId":"metildachee"},"content":"    }","lastModifiedDate":"2021-08-22"},{"lineNumber":26,"author":{"gitId":"metildachee"},"content":"}","lastModifiedDate":"2021-08-22"},{"lineNumber":27,"author":{"gitId":"metildachee"},"content":"","lastModifiedDate":"2021-09-05"}],"authorContributionMap":{"metildachee":27}},{"path":"src/main/java/Todo.java","fileType":"java","lines":[{"lineNumber":1,"author":{"gitId":"metildachee"},"content":"public class   Todo extends Task {","lastModifiedDate":"2021-09-05"},{"lineNumber":2,"author":{"gitId":"metildachee"},"content":"    public boolean isDone;","lastModifiedDate":"2021-09-05"},{"lineNumber":3,"author":{"gitId":"metildachee"},"content":"","lastModifiedDate":"2021-09-05"},{"lineNumber":4,"author":{"gitId":"metildachee"},"content":"    public Todo(String desc, Integer id) {","lastModifiedDate":"2021-09-05"},{"lineNumber":5,"author":{"gitId":"metildachee"},"content":"        super(desc, id);","lastModifiedDate":"2021-09-05"},{"lineNumber":6,"author":{"gitId":"metildachee"},"content":"        isDone \u003d false;","lastModifiedDate":"2021-09-05"},{"lineNumber":7,"author":{"gitId":"metildachee"},"content":"    }","lastModifiedDate":"2021-09-05"},{"lineNumber":8,"author":{"gitId":"metildachee"},"content":"","lastModifiedDate":"2021-09-05"},{"lineNumber":9,"author":{"gitId":"metildachee"},"content":"    public void setDone(boolean done) {","lastModifiedDate":"2021-09-05"},{"lineNumber":10,"author":{"gitId":"metildachee"},"content":"        isDone \u003d done;","lastModifiedDate":"2021-09-05"},{"lineNumber":11,"author":{"gitId":"metildachee"},"content":"    }","lastModifiedDate":"2021-09-05"},{"lineNumber":12,"author":{"gitId":"metildachee"},"content":"","lastModifiedDate":"2021-09-05"},{"lineNumber":13,"author":{"gitId":"metildachee"},"content":"    public boolean isDone() {","lastModifiedDate":"2021-09-05"},{"lineNumber":14,"author":{"gitId":"metildachee"},"content":"        return isDone;","lastModifiedDate":"2021-09-05"},{"lineNumber":15,"author":{"gitId":"metildachee"},"content":"    }","lastModifiedDate":"2021-09-05"},{"lineNumber":16,"author":{"gitId":"metildachee"},"content":"","lastModifiedDate":"2021-09-05"},{"lineNumber":17,"author":{"gitId":"metildachee"},"content":"    @Override","lastModifiedDate":"2021-09-05"},{"lineNumber":18,"author":{"gitId":"metildachee"},"content":"    public String toString() {","lastModifiedDate":"2021-09-05"},{"lineNumber":19,"author":{"gitId":"metildachee"},"content":"        String status \u003d isDone ? \"X\" : \" \";","lastModifiedDate":"2021-09-05"},{"lineNumber":20,"author":{"gitId":"metildachee"},"content":"        return id + \". [T][\" + status + \"] \" + super.toString();","lastModifiedDate":"2021-09-05"},{"lineNumber":21,"author":{"gitId":"metildachee"},"content":"    }","lastModifiedDate":"2021-09-05"},{"lineNumber":22,"author":{"gitId":"metildachee"},"content":"}","lastModifiedDate":"2021-09-05"}],"authorContributionMap":{"metildachee":22}},{"path":"src/test/java/TestTodoCases.java","fileType":"java","lines":[{"lineNumber":1,"author":{"gitId":"metildachee"},"content":"import static org.junit.Assert.*;","lastModifiedDate":"2021-09-18"},{"lineNumber":2,"author":{"gitId":"metildachee"},"content":"","lastModifiedDate":"2021-09-18"},{"lineNumber":3,"author":{"gitId":"metildachee"},"content":"public class TestTodoCases {","lastModifiedDate":"2021-09-18"},{"lineNumber":4,"author":{"gitId":"metildachee"},"content":"    Todo todo \u003d new Todo();","lastModifiedDate":"2021-09-18"},{"lineNumber":5,"author":{"gitId":"metildachee"},"content":"","lastModifiedDate":"2021-09-18"},{"lineNumber":6,"author":{"gitId":"metildachee"},"content":"    @Test","lastModifiedDate":"2021-09-18"},{"lineNumber":7,"author":{"gitId":"metildachee"},"content":"    public void testTodoCreate() {","lastModifiedDate":"2021-09-18"},{"lineNumber":8,"author":{"gitId":"metildachee"},"content":"    }","lastModifiedDate":"2021-09-18"},{"lineNumber":9,"author":{"gitId":"metildachee"},"content":"}","lastModifiedDate":"2021-09-18"}],"authorContributionMap":{"metildachee":9}}]
