{"authorDailyContributionsMap":{"metildachee":[{"date":"2021-08-22","commitResults":[{"hash":"80fcbc1e39c0575a223e4a68fc525b0fe561091f","messageTitle":"Finish echo","messageBody":"","fileTypesAndContributionMap":{"java":{"insertions":15,"deletions":6}}},{"hash":"742f1dafa1241062c0d6c98d2127155375087f76","messageTitle":"Add better finals","messageBody":"","fileTypesAndContributionMap":{"java":{"insertions":4,"deletions":3}}},{"hash":"2b350e7335e8e6cc7248c362fed5ca44672142f7","messageTitle":"Add Task class","messageBody":"","fileTypesAndContributionMap":{"java":{"insertions":38,"deletions":7}}},{"hash":"f5980dcdce7de7e6946c35a1da8417061765afea","messageTitle":"Reshuffle","messageBody":"","fileTypesAndContributionMap":{"java":{"insertions":1,"deletions":1}}}]},{"date":"2021-09-05","commitResults":[{"hash":"7ccc73616c4267f9153791ceb27caf295933c0ce","messageTitle":"Some small refactor","messageBody":"","fileTypesAndContributionMap":{"java":{"insertions":13,"deletions":5}}},{"hash":"2447249fa6934c9a807504aafd18450c90efcf6b","messageTitle":"Finish Level 3 - Mark as done","messageBody":"","fileTypesAndContributionMap":{"java":{"insertions":57,"deletions":13}}},{"hash":"91bb2451295b398bfe25b12527b21b1bc917f81b","messageTitle":"Finish level 4 - Todos, Events and Deadlines","messageBody":"","fileTypesAndContributionMap":{"java":{"insertions":74,"deletions":8}}}]},{"date":"2021-09-12","commitResults":[{"hash":"80bb7920bbb045e957fa7c37a8563dab691c52a4","messageTitle":"Add ,essage class","messageBody":"","fileTypesAndContributionMap":{"java":{"insertions":32,"deletions":8}}}]},{"date":"2021-09-18","commitResults":[{"hash":"bbd5f6ff259e51ad6b517bff7d3e373c5dec3351","messageTitle":"Add maven support","messageBody":"","fileTypesAndContributionMap":{"java":{"insertions":20,"deletions":8}}},{"hash":"a839ab311a470fb1edc2bf4e0fbf9adbb639166d","messageTitle":"Fix .toString() bug (finally)","messageBody":"","fileTypesAndContributionMap":{"java":{"insertions":16,"deletions":6}}},{"hash":"16e5ce64b9a4e09d98da58c1324d5ceaa7590cce","messageTitle":"Add delete functionality","messageBody":"","fileTypesAndContributionMap":{"java":{"insertions":37,"deletions":1}}},{"hash":"569f44710af88b4818abe2a9c08d57c6f4f6c0aa","messageTitle":"Update readme","messageBody":"","fileTypesAndContributionMap":{"md":{"insertions":1,"deletions":22}}}]},{"date":"2021-10-25","commitResults":[{"hash":"921e18e4650cef38fc0a87cd7fbbbaea58dd5c60","messageTitle":"Refactor based createTask","messageBody":"","fileTypesAndContributionMap":{"java":{"insertions":124,"deletions":18}}},{"hash":"642a5ab7fe7b28fbc29dbc2f652ddce88dbe2909","messageTitle":"Add TaskFile to save","messageBody":"","fileTypesAndContributionMap":{"java":{"insertions":19,"deletions":17}}},{"hash":"3bf24247aff8f67775dc72dc29bc4034c8e89586","messageTitle":"Update checkpoint","messageBody":"","fileTypesAndContributionMap":{"java":{"insertions":12,"deletions":6}}}]},{"date":"2021-11-03","commitResults":[{"hash":"2dfc2d211dd154eca24b158372a419c5a2fce13b","messageTitle":"Add save function","messageBody":"","fileTypesAndContributionMap":{"java":{"insertions":55,"deletions":26}}},{"hash":"82fea0c1ff47de65f5c9ef7aa3519049911f240e","messageTitle":"Finish save feature","messageBody":"","fileTypesAndContributionMap":{"txt":{"insertions":9,"deletions":0},"java":{"insertions":152,"deletions":81}}}]},{"date":"2021-11-04","commitResults":[{"hash":"d71918f7b316f34653cdc480f014405f482413e6","messageTitle":"Add Gradle support and add create test cases","messageBody":"","fileTypesAndContributionMap":{"gradle":{"insertions":46,"deletions":0},"java":{"insertions":34,"deletions":0}}},{"hash":"e3624d0df519cd399a0a5e6808f11604cbc7c996","messageTitle":"Delete logs","messageBody":"","fileTypesAndContributionMap":{"txt":{"insertions":0,"deletions":8},"java":{"insertions":1,"deletions":1}}},{"hash":"17d467541fe8a648d68adbf6563a9fb0356fac0e","messageTitle":"Finalise gradle support","messageBody":"","fileTypesAndContributionMap":{"gradle":{"insertions":9,"deletions":14},"txt":{"insertions":3,"deletions":1},"java":{"insertions":11,"deletions":1},"bat":{"insertions":89,"deletions":0}}},{"hash":"db8a4506162b8e8705c5a0addcd11c205536977e","messageTitle":"Finish test cases","messageBody":"","fileTypesAndContributionMap":{"java":{"insertions":3,"deletions":1}}},{"hash":"faf62b322b4f2af7cb455c76b5db339ddc050730","messageTitle":"Add parser and date, time in Event","messageBody":"","fileTypesAndContributionMap":{"java":{"insertions":29,"deletions":16}}},{"hash":"31cb0862deafb9321598b9d41c8b744e10c6bfb3","messageTitle":"Update toString() method for Event","messageBody":"","fileTypesAndContributionMap":{"java":{"insertions":2,"deletions":1}}},{"hash":"7474172a0b57d02145af9e67903eae1865a64b45","messageTitle":"Rebuild Deadline class","messageBody":"","fileTypesAndContributionMap":{"java":{"insertions":104,"deletions":42}}},{"hash":"bb39e18d3d480c91922feed5f53075241cc21cd4","messageTitle":"Finish test cases for deadline and events","messageBody":"","fileTypesAndContributionMap":{"java":{"insertions":45,"deletions":11}}},{"hash":"fdfef0b1061e129f1ea04adfe97ad5f74c8d1b95","messageTitle":"Finish find function","messageBody":"","fileTypesAndContributionMap":{"txt":{"insertions":3,"deletions":0},"java":{"insertions":118,"deletions":40}}},{"hash":"d95d6922eb18f19be4ec052f41ca666a9b296b41","messageTitle":"Add individual feature - view based on schedule","messageBody":"","fileTypesAndContributionMap":{"txt":{"insertions":6,"deletions":6},"java":{"insertions":113,"deletions":27}}}]}]},"authorFileTypeContributionMap":{"metildachee":{"java":782,"md":1,"fxml":0,"sh":0,"bat":89,"gradle":41,"txt":6}},"authorContributionVariance":{"metildachee":8801.99},"authorDisplayNameMap":{"metildachee":"CHEE..ILDA"}}
