{"authorDailyContributionsMap":{"metildachee":[{"date":"2021-08-22","commitResults":[{"hash":"80fcbc1e39c0575a223e4a68fc525b0fe561091f","messageTitle":"Finish echo","messageBody":"","fileTypesAndContributionMap":{"java":{"insertions":15,"deletions":6}}},{"hash":"742f1dafa1241062c0d6c98d2127155375087f76","messageTitle":"Add better finals","messageBody":"","fileTypesAndContributionMap":{"java":{"insertions":4,"deletions":3}}},{"hash":"2b350e7335e8e6cc7248c362fed5ca44672142f7","messageTitle":"Add Task class","messageBody":"","fileTypesAndContributionMap":{"java":{"insertions":38,"deletions":7}}},{"hash":"f5980dcdce7de7e6946c35a1da8417061765afea","messageTitle":"Reshuffle","messageBody":"","fileTypesAndContributionMap":{"java":{"insertions":1,"deletions":1}}}]},{"date":"2021-09-05","commitResults":[{"hash":"7ccc73616c4267f9153791ceb27caf295933c0ce","messageTitle":"Some small refactor","messageBody":"","fileTypesAndContributionMap":{"java":{"insertions":13,"deletions":5}}},{"hash":"2447249fa6934c9a807504aafd18450c90efcf6b","messageTitle":"Finish Level 3 - Mark as done","messageBody":"","fileTypesAndContributionMap":{"java":{"insertions":57,"deletions":13}}},{"hash":"91bb2451295b398bfe25b12527b21b1bc917f81b","messageTitle":"Finish level 4 - Todos, Events and Deadlines","messageBody":"","fileTypesAndContributionMap":{"java":{"insertions":74,"deletions":8}}}]},{"date":"2021-09-12","commitResults":[{"hash":"80bb7920bbb045e957fa7c37a8563dab691c52a4","messageTitle":"Add ,essage class","messageBody":"","fileTypesAndContributionMap":{"java":{"insertions":32,"deletions":8}}}]},{"date":"2021-09-18","commitResults":[{"hash":"bbd5f6ff259e51ad6b517bff7d3e373c5dec3351","messageTitle":"Add maven support","messageBody":"","fileTypesAndContributionMap":{"java":{"insertions":20,"deletions":8}}},{"hash":"a839ab311a470fb1edc2bf4e0fbf9adbb639166d","messageTitle":"Fix .toString() bug (finally)","messageBody":"","fileTypesAndContributionMap":{"java":{"insertions":16,"deletions":6}}},{"hash":"16e5ce64b9a4e09d98da58c1324d5ceaa7590cce","messageTitle":"Add delete functionality","messageBody":"","fileTypesAndContributionMap":{"java":{"insertions":37,"deletions":1}}},{"hash":"569f44710af88b4818abe2a9c08d57c6f4f6c0aa","messageTitle":"Update readme","messageBody":"","fileTypesAndContributionMap":{"md":{"insertions":1,"deletions":22}}}]},{"date":"2021-10-25","commitResults":[{"hash":"921e18e4650cef38fc0a87cd7fbbbaea58dd5c60","messageTitle":"Refactor based createTask","messageBody":"","fileTypesAndContributionMap":{"java":{"insertions":124,"deletions":18}}},{"hash":"642a5ab7fe7b28fbc29dbc2f652ddce88dbe2909","messageTitle":"Add TaskFile to save","messageBody":"","fileTypesAndContributionMap":{"java":{"insertions":19,"deletions":17}}},{"hash":"3bf24247aff8f67775dc72dc29bc4034c8e89586","messageTitle":"Update checkpoint","messageBody":"","fileTypesAndContributionMap":{"java":{"insertions":12,"deletions":6}}}]},{"date":"2021-11-03","commitResults":[{"hash":"2dfc2d211dd154eca24b158372a419c5a2fce13b","messageTitle":"Add save function","messageBody":"","fileTypesAndContributionMap":{"java":{"insertions":55,"deletions":26}}},{"hash":"82fea0c1ff47de65f5c9ef7aa3519049911f240e","messageTitle":"Finish save feature","messageBody":"","fileTypesAndContributionMap":{"txt":{"insertions":9,"deletions":0},"java":{"insertions":152,"deletions":81}}}]}]},"authorFileTypeContributionMap":{"metildachee":{"java":462,"md":1,"fxml":0,"sh":0,"bat":0,"gradle":0,"txt":9}},"authorContributionVariance":{"metildachee":2086.9854},"authorDisplayNameMap":{"metildachee":"CHEE..ILDA"}}
