{"authorDailyContributionsMap":{"metildachee":[{"date":"2021-08-22","commitResults":[{"hash":"80fcbc1e39c0575a223e4a68fc525b0fe561091f","messageTitle":"Finish echo","messageBody":"","fileTypesAndContributionMap":{"java":{"insertions":15,"deletions":6}}},{"hash":"742f1dafa1241062c0d6c98d2127155375087f76","messageTitle":"Add better finals","messageBody":"","fileTypesAndContributionMap":{"java":{"insertions":4,"deletions":3}}},{"hash":"2b350e7335e8e6cc7248c362fed5ca44672142f7","messageTitle":"Add Task class","messageBody":"","fileTypesAndContributionMap":{"java":{"insertions":38,"deletions":7}}},{"hash":"f5980dcdce7de7e6946c35a1da8417061765afea","messageTitle":"Reshuffle","messageBody":"","fileTypesAndContributionMap":{"java":{"insertions":1,"deletions":1}}}]},{"date":"2021-09-05","commitResults":[{"hash":"7ccc73616c4267f9153791ceb27caf295933c0ce","messageTitle":"Some small refactor","messageBody":"","fileTypesAndContributionMap":{"java":{"insertions":13,"deletions":5}}},{"hash":"2447249fa6934c9a807504aafd18450c90efcf6b","messageTitle":"Finish Level 3 - Mark as done","messageBody":"","fileTypesAndContributionMap":{"java":{"insertions":57,"deletions":13}}},{"hash":"91bb2451295b398bfe25b12527b21b1bc917f81b","messageTitle":"Finish level 4 - Todos, Events and Deadlines","messageBody":"","fileTypesAndContributionMap":{"java":{"insertions":74,"deletions":8}}}]}]},"authorFileTypeContributionMap":{"metildachee":{"java":153,"md":0,"fxml":0,"sh":0,"bat":0,"gradle":0,"txt":0}},"authorContributionVariance":{"metildachee":1156.4733},"authorDisplayNameMap":{"metildachee":"CHEE..ILDA"}}
