{"authorDailyContributionsMap":{"metildachee":[{"date":"2021-08-22","commitResults":[{"hash":"80fcbc1e39c0575a223e4a68fc525b0fe561091f","messageTitle":"Finish echo","messageBody":"","fileTypesAndContributionMap":{"java":{"insertions":15,"deletions":6}}},{"hash":"742f1dafa1241062c0d6c98d2127155375087f76","messageTitle":"Add better finals","messageBody":"","fileTypesAndContributionMap":{"java":{"insertions":4,"deletions":3}}},{"hash":"2b350e7335e8e6cc7248c362fed5ca44672142f7","messageTitle":"Add Task class","messageBody":"","fileTypesAndContributionMap":{"java":{"insertions":38,"deletions":7}}},{"hash":"f5980dcdce7de7e6946c35a1da8417061765afea","messageTitle":"Reshuffle","messageBody":"","fileTypesAndContributionMap":{"java":{"insertions":1,"deletions":1}}}]}]},"authorFileTypeContributionMap":{"metildachee":{"java":47,"md":0,"fxml":0,"sh":0,"bat":0,"gradle":0,"txt":0}},"authorContributionVariance":{"metildachee":373.08676},"authorDisplayNameMap":{"metildachee":"CHEE..ILDA"}}
