[{"path":"src/main/java/duke/BotMessage.java","fileType":"java","lines":[{"lineNumber":1,"author":{"gitId":"vrhuvarkelvin"},"content":"package duke;","lastModifiedDate":"2021-11-05"},{"lineNumber":2,"author":{"gitId":"vrhuvarkelvin"},"content":"","lastModifiedDate":"2021-11-05"},{"lineNumber":3,"author":{"gitId":"vrhuvarkelvin"},"content":"import task.TaskList;","lastModifiedDate":"2021-11-05"},{"lineNumber":4,"author":{"gitId":"vrhuvarkelvin"},"content":"import task.TaskType;","lastModifiedDate":"2021-11-05"},{"lineNumber":5,"author":{"gitId":"vrhuvarkelvin"},"content":"","lastModifiedDate":"2021-11-05"},{"lineNumber":6,"author":{"gitId":"vrhuvarkelvin"},"content":"public class BotMessage {","lastModifiedDate":"2021-11-04"},{"lineNumber":7,"author":{"gitId":"vrhuvarkelvin"},"content":"    public static void msgWelcome() {","lastModifiedDate":"2021-11-04"},{"lineNumber":8,"author":{"gitId":"vrhuvarkelvin"},"content":"        String logo \u003d \" ____        _        \\n\"","lastModifiedDate":"2021-11-04"},{"lineNumber":9,"author":{"gitId":"vrhuvarkelvin"},"content":"                + \"|  _ \\\\ _   _| | _____ \\n\"","lastModifiedDate":"2021-11-04"},{"lineNumber":10,"author":{"gitId":"vrhuvarkelvin"},"content":"                + \"| | | | | | | |/ / _ \\\\\\n\"","lastModifiedDate":"2021-11-04"},{"lineNumber":11,"author":{"gitId":"vrhuvarkelvin"},"content":"                + \"| |_| | |_| |   \u003c  __/\\n\"","lastModifiedDate":"2021-11-04"},{"lineNumber":12,"author":{"gitId":"vrhuvarkelvin"},"content":"                + \"|____/ \\\\__,_|_|\\\\_\\\\___|\\n\";","lastModifiedDate":"2021-11-04"},{"lineNumber":13,"author":{"gitId":"vrhuvarkelvin"},"content":"        System.out.println((\"Hello from\\n\" + logo));","lastModifiedDate":"2021-11-04"},{"lineNumber":14,"author":{"gitId":"vrhuvarkelvin"},"content":"        System.out.println(\"Hello! I\u0027m Duke.Duke\");","lastModifiedDate":"2021-11-05"},{"lineNumber":15,"author":{"gitId":"vrhuvarkelvin"},"content":"        System.out.println(\"What can I do for you?\");","lastModifiedDate":"2021-11-04"},{"lineNumber":16,"author":{"gitId":"vrhuvarkelvin"},"content":"    }","lastModifiedDate":"2021-11-04"},{"lineNumber":17,"author":{"gitId":"vrhuvarkelvin"},"content":"","lastModifiedDate":"2021-11-04"},{"lineNumber":18,"author":{"gitId":"vrhuvarkelvin"},"content":"    public static void msgBye(){","lastModifiedDate":"2021-11-04"},{"lineNumber":19,"author":{"gitId":"vrhuvarkelvin"},"content":"        System.out.println(\"Bye. Hope to see you again soon!\");","lastModifiedDate":"2021-11-04"},{"lineNumber":20,"author":{"gitId":"vrhuvarkelvin"},"content":"    }","lastModifiedDate":"2021-11-04"},{"lineNumber":21,"author":{"gitId":"vrhuvarkelvin"},"content":"","lastModifiedDate":"2021-11-04"},{"lineNumber":22,"author":{"gitId":"vrhuvarkelvin"},"content":"    public static void msgResponse(String s){","lastModifiedDate":"2021-11-04"},{"lineNumber":23,"author":{"gitId":"vrhuvarkelvin"},"content":"        System.out.println(\"added: \" + s);","lastModifiedDate":"2021-11-04"},{"lineNumber":24,"author":{"gitId":"vrhuvarkelvin"},"content":"    }","lastModifiedDate":"2021-11-04"},{"lineNumber":25,"author":{"gitId":"vrhuvarkelvin"},"content":"","lastModifiedDate":"2021-11-04"},{"lineNumber":26,"author":{"gitId":"vrhuvarkelvin"},"content":"","lastModifiedDate":"2021-11-05"},{"lineNumber":27,"author":{"gitId":"vrhuvarkelvin"},"content":"","lastModifiedDate":"2021-11-04"},{"lineNumber":28,"author":{"gitId":"vrhuvarkelvin"},"content":"    public static void msgForList(TaskList myList){","lastModifiedDate":"2021-11-04"},{"lineNumber":29,"author":{"gitId":"vrhuvarkelvin"},"content":"        System.out.println(\"Here are the tasks in your list:\");","lastModifiedDate":"2021-11-04"},{"lineNumber":30,"author":{"gitId":"vrhuvarkelvin"},"content":"","lastModifiedDate":"2021-11-04"},{"lineNumber":31,"author":{"gitId":"vrhuvarkelvin"},"content":"        for (int i \u003d 0; i \u003c myList.getNumOfTotalItem(); i++) {","lastModifiedDate":"2021-11-04"},{"lineNumber":32,"author":{"gitId":"vrhuvarkelvin"},"content":"            TaskType typeOfTask \u003d myList.getTypeOfTask(i);","lastModifiedDate":"2021-11-04"},{"lineNumber":33,"author":{"gitId":"vrhuvarkelvin"},"content":"            boolean isDone \u003d myList.getTaskStatus(i);","lastModifiedDate":"2021-11-04"},{"lineNumber":34,"author":{"gitId":"vrhuvarkelvin"},"content":"","lastModifiedDate":"2021-11-04"},{"lineNumber":35,"author":{"gitId":"vrhuvarkelvin"},"content":"            String taskTypeStringMsg \u003d TaskType.toStringTaskType(typeOfTask);","lastModifiedDate":"2021-11-04"},{"lineNumber":36,"author":{"gitId":"vrhuvarkelvin"},"content":"            String isDoneStringMsg \u003d (isDone ? \"X\" : \"\");","lastModifiedDate":"2021-11-04"},{"lineNumber":37,"author":{"gitId":"vrhuvarkelvin"},"content":"            String taskDescriptionMsg \u003d myList.getTaskDescription(i);","lastModifiedDate":"2021-11-04"},{"lineNumber":38,"author":{"gitId":"vrhuvarkelvin"},"content":"","lastModifiedDate":"2021-11-04"},{"lineNumber":39,"author":{"gitId":"vrhuvarkelvin"},"content":"            switch (typeOfTask){","lastModifiedDate":"2021-11-04"},{"lineNumber":40,"author":{"gitId":"vrhuvarkelvin"},"content":"            case TODOS:","lastModifiedDate":"2021-11-04"},{"lineNumber":41,"author":{"gitId":"vrhuvarkelvin"},"content":"                System.out.println(Integer.toString(i + 1) + \".[\" + taskTypeStringMsg + \"][\" + isDoneStringMsg +","lastModifiedDate":"2021-11-04"},{"lineNumber":42,"author":{"gitId":"vrhuvarkelvin"},"content":"                        \"] \" + taskDescriptionMsg);","lastModifiedDate":"2021-11-04"},{"lineNumber":43,"author":{"gitId":"vrhuvarkelvin"},"content":"                break;","lastModifiedDate":"2021-11-04"},{"lineNumber":44,"author":{"gitId":"vrhuvarkelvin"},"content":"            case DEADLINE:","lastModifiedDate":"2021-11-04"},{"lineNumber":45,"author":{"gitId":"vrhuvarkelvin"},"content":"                String taskDeadlineInStringMsg \u003d myList.getTaskDeadlineInString(i);","lastModifiedDate":"2021-11-04"},{"lineNumber":46,"author":{"gitId":"vrhuvarkelvin"},"content":"                System.out.println(Integer.toString(i + 1) + \".[\" + taskTypeStringMsg + \"][\" + isDoneStringMsg +","lastModifiedDate":"2021-11-04"},{"lineNumber":47,"author":{"gitId":"vrhuvarkelvin"},"content":"                        \"] \" + taskDescriptionMsg + \"(by: \" + taskDeadlineInStringMsg + \")\" );","lastModifiedDate":"2021-11-04"},{"lineNumber":48,"author":{"gitId":"vrhuvarkelvin"},"content":"                break;","lastModifiedDate":"2021-11-04"},{"lineNumber":49,"author":{"gitId":"vrhuvarkelvin"},"content":"            case EVENT:","lastModifiedDate":"2021-11-04"},{"lineNumber":50,"author":{"gitId":"vrhuvarkelvin"},"content":"                String taskEventPeriod \u003d myList.getTaskEventTimePeriodInString(i);","lastModifiedDate":"2021-11-04"},{"lineNumber":51,"author":{"gitId":"vrhuvarkelvin"},"content":"                System.out.println(Integer.toString(i + 1) + \".[\" + taskTypeStringMsg + \"][\" + isDoneStringMsg +","lastModifiedDate":"2021-11-04"},{"lineNumber":52,"author":{"gitId":"vrhuvarkelvin"},"content":"                        \"] \" + taskDescriptionMsg + \"(at: \" + taskEventPeriod + \")\" );","lastModifiedDate":"2021-11-04"},{"lineNumber":53,"author":{"gitId":"vrhuvarkelvin"},"content":"                break;","lastModifiedDate":"2021-11-04"},{"lineNumber":54,"author":{"gitId":"vrhuvarkelvin"},"content":"            }","lastModifiedDate":"2021-11-04"},{"lineNumber":55,"author":{"gitId":"vrhuvarkelvin"},"content":"        }","lastModifiedDate":"2021-11-04"},{"lineNumber":56,"author":{"gitId":"vrhuvarkelvin"},"content":"    }","lastModifiedDate":"2021-11-04"},{"lineNumber":57,"author":{"gitId":"vrhuvarkelvin"},"content":"","lastModifiedDate":"2021-11-04"},{"lineNumber":58,"author":{"gitId":"vrhuvarkelvin"},"content":"    public static void msgMarkDone(TaskList myList, int index){","lastModifiedDate":"2021-11-04"},{"lineNumber":59,"author":{"gitId":"vrhuvarkelvin"},"content":"        String taskDescriptionMsg \u003d myList.getTaskDescription(index);","lastModifiedDate":"2021-11-04"},{"lineNumber":60,"author":{"gitId":"vrhuvarkelvin"},"content":"","lastModifiedDate":"2021-11-04"},{"lineNumber":61,"author":{"gitId":"vrhuvarkelvin"},"content":"        System.out.println(\"Nice! I\u0027ve marked this task as done:\");","lastModifiedDate":"2021-11-04"},{"lineNumber":62,"author":{"gitId":"vrhuvarkelvin"},"content":"        System.out.println(\"    \" + \"[X] \" + taskDescriptionMsg);","lastModifiedDate":"2021-11-04"},{"lineNumber":63,"author":{"gitId":"vrhuvarkelvin"},"content":"    }","lastModifiedDate":"2021-11-04"},{"lineNumber":64,"author":{"gitId":"vrhuvarkelvin"},"content":"","lastModifiedDate":"2021-11-04"},{"lineNumber":65,"author":{"gitId":"vrhuvarkelvin"},"content":"    public static void msgForToDo(TaskList myList, int index){","lastModifiedDate":"2021-11-04"},{"lineNumber":66,"author":{"gitId":"vrhuvarkelvin"},"content":"        TaskType typeOfTask \u003d myList.getTypeOfTask(index);","lastModifiedDate":"2021-11-04"},{"lineNumber":67,"author":{"gitId":"vrhuvarkelvin"},"content":"        boolean isDone \u003d myList.getTaskStatus(index);","lastModifiedDate":"2021-11-04"},{"lineNumber":68,"author":{"gitId":"vrhuvarkelvin"},"content":"","lastModifiedDate":"2021-11-04"},{"lineNumber":69,"author":{"gitId":"vrhuvarkelvin"},"content":"        String taskTypeStringMsg \u003d TaskType.toStringTaskType(typeOfTask);","lastModifiedDate":"2021-11-04"},{"lineNumber":70,"author":{"gitId":"vrhuvarkelvin"},"content":"        String isDoneStringMsg \u003d (isDone ? \"X\" : \"\");","lastModifiedDate":"2021-11-04"},{"lineNumber":71,"author":{"gitId":"vrhuvarkelvin"},"content":"        String taskDescriptionMsg \u003d myList.getTaskDescription(index);","lastModifiedDate":"2021-11-04"},{"lineNumber":72,"author":{"gitId":"vrhuvarkelvin"},"content":"","lastModifiedDate":"2021-11-04"},{"lineNumber":73,"author":{"gitId":"vrhuvarkelvin"},"content":"        System.out.println(\"Got it, I\u0027ve added this task:\");","lastModifiedDate":"2021-11-04"},{"lineNumber":74,"author":{"gitId":"vrhuvarkelvin"},"content":"        System.out.println(\"   [\" + taskTypeStringMsg + \"][\" + isDoneStringMsg + \"] \" + taskDescriptionMsg);","lastModifiedDate":"2021-11-04"},{"lineNumber":75,"author":{"gitId":"vrhuvarkelvin"},"content":"        System.out.println(\"Now you have \" + myList.getNumOfTotalItem() + \" tasks in the list.\");","lastModifiedDate":"2021-11-04"},{"lineNumber":76,"author":{"gitId":"vrhuvarkelvin"},"content":"    }","lastModifiedDate":"2021-11-04"},{"lineNumber":77,"author":{"gitId":"vrhuvarkelvin"},"content":"","lastModifiedDate":"2021-11-04"},{"lineNumber":78,"author":{"gitId":"vrhuvarkelvin"},"content":"    public static void msgForDeadline(TaskList myList, int index){","lastModifiedDate":"2021-11-04"},{"lineNumber":79,"author":{"gitId":"vrhuvarkelvin"},"content":"        TaskType typeOfTask \u003d myList.getTypeOfTask(index);","lastModifiedDate":"2021-11-04"},{"lineNumber":80,"author":{"gitId":"vrhuvarkelvin"},"content":"        boolean isDone \u003d myList.getTaskStatus(index);","lastModifiedDate":"2021-11-04"},{"lineNumber":81,"author":{"gitId":"vrhuvarkelvin"},"content":"","lastModifiedDate":"2021-11-04"},{"lineNumber":82,"author":{"gitId":"vrhuvarkelvin"},"content":"        String taskTypeStringMsg \u003d TaskType.toStringTaskType(typeOfTask);","lastModifiedDate":"2021-11-04"},{"lineNumber":83,"author":{"gitId":"vrhuvarkelvin"},"content":"        String isDoneStringMsg \u003d (isDone ? \"X\" : \"\");","lastModifiedDate":"2021-11-04"},{"lineNumber":84,"author":{"gitId":"vrhuvarkelvin"},"content":"        String taskDescriptionMsg \u003d myList.getTaskDescription(index);","lastModifiedDate":"2021-11-04"},{"lineNumber":85,"author":{"gitId":"vrhuvarkelvin"},"content":"        String taskDeadlineInStringMsg \u003d myList.getTaskDeadlineInString(index);","lastModifiedDate":"2021-11-04"},{"lineNumber":86,"author":{"gitId":"vrhuvarkelvin"},"content":"","lastModifiedDate":"2021-11-04"},{"lineNumber":87,"author":{"gitId":"vrhuvarkelvin"},"content":"        System.out.println(\"Got it, I\u0027ve added this task:\");","lastModifiedDate":"2021-11-04"},{"lineNumber":88,"author":{"gitId":"vrhuvarkelvin"},"content":"        System.out.println(\"   [\" + taskTypeStringMsg + \"][\" + isDoneStringMsg + \"] \" + taskDescriptionMsg + \"(by: \" + taskDeadlineInStringMsg + \")\");","lastModifiedDate":"2021-11-04"},{"lineNumber":89,"author":{"gitId":"vrhuvarkelvin"},"content":"        System.out.println(\"Now you have \" + myList.getNumOfTotalItem() + \" tasks in the list.\");","lastModifiedDate":"2021-11-04"},{"lineNumber":90,"author":{"gitId":"vrhuvarkelvin"},"content":"    }","lastModifiedDate":"2021-11-04"},{"lineNumber":91,"author":{"gitId":"vrhuvarkelvin"},"content":"","lastModifiedDate":"2021-11-04"},{"lineNumber":92,"author":{"gitId":"vrhuvarkelvin"},"content":"    public static void msgForEvents(TaskList myList, int index){","lastModifiedDate":"2021-11-04"},{"lineNumber":93,"author":{"gitId":"vrhuvarkelvin"},"content":"        TaskType typeOfTask \u003d myList.getTypeOfTask(index);","lastModifiedDate":"2021-11-04"},{"lineNumber":94,"author":{"gitId":"vrhuvarkelvin"},"content":"        boolean isDone \u003d myList.getTaskStatus(index);","lastModifiedDate":"2021-11-04"},{"lineNumber":95,"author":{"gitId":"vrhuvarkelvin"},"content":"","lastModifiedDate":"2021-11-04"},{"lineNumber":96,"author":{"gitId":"vrhuvarkelvin"},"content":"        String taskTypeStringMsg \u003d TaskType.toStringTaskType(typeOfTask);","lastModifiedDate":"2021-11-04"},{"lineNumber":97,"author":{"gitId":"vrhuvarkelvin"},"content":"        String isDoneStringMsg \u003d (isDone ? \"X\" : \"\");","lastModifiedDate":"2021-11-04"},{"lineNumber":98,"author":{"gitId":"vrhuvarkelvin"},"content":"        String taskDescriptionMsg \u003d myList.getTaskDescription(index);","lastModifiedDate":"2021-11-04"},{"lineNumber":99,"author":{"gitId":"vrhuvarkelvin"},"content":"        String taskEventPeriod \u003d myList.getTaskEventTimePeriodInString(index);","lastModifiedDate":"2021-11-04"},{"lineNumber":100,"author":{"gitId":"vrhuvarkelvin"},"content":"","lastModifiedDate":"2021-11-04"},{"lineNumber":101,"author":{"gitId":"vrhuvarkelvin"},"content":"        System.out.println(\"Got it, I\u0027ve added this task:\");","lastModifiedDate":"2021-11-04"},{"lineNumber":102,"author":{"gitId":"vrhuvarkelvin"},"content":"        System.out.println(\"   [\" + taskTypeStringMsg + \"][\" + isDoneStringMsg + \"] \" + taskDescriptionMsg + \"(at: \" + taskEventPeriod + \")\");","lastModifiedDate":"2021-11-04"},{"lineNumber":103,"author":{"gitId":"vrhuvarkelvin"},"content":"        System.out.println(\"Now you have \" + myList.getNumOfTotalItem() + \" tasks in the list.\");","lastModifiedDate":"2021-11-04"},{"lineNumber":104,"author":{"gitId":"vrhuvarkelvin"},"content":"    }","lastModifiedDate":"2021-11-04"},{"lineNumber":105,"author":{"gitId":"vrhuvarkelvin"},"content":"","lastModifiedDate":"2021-11-05"},{"lineNumber":106,"author":{"gitId":"vrhuvarkelvin"},"content":"}","lastModifiedDate":"2021-11-04"}],"authorContributionMap":{"vrhuvarkelvin":106}},{"path":"src/main/java/duke/Duke.java","fileType":"java","lines":[{"lineNumber":1,"author":{"gitId":"vrhuvarkelvin"},"content":"package duke;","lastModifiedDate":"2021-11-05"},{"lineNumber":2,"author":{"gitId":"vrhuvarkelvin"},"content":"","lastModifiedDate":"2021-11-05"},{"lineNumber":3,"author":{"gitId":"vrhuvarkelvin"},"content":"import task.TaskList;","lastModifiedDate":"2021-11-05"},{"lineNumber":4,"author":{"gitId":"vrhuvarkelvin"},"content":"import error.*;","lastModifiedDate":"2021-11-05"},{"lineNumber":5,"author":{"gitId":"vrhuvarkelvin"},"content":"","lastModifiedDate":"2021-11-05"},{"lineNumber":6,"author":{"gitId":"vrhuvarkelvin"},"content":"import java.util.Scanner;","lastModifiedDate":"2021-09-07"},{"lineNumber":7,"author":{"gitId":"vrhuvarkelvin"},"content":"","lastModifiedDate":"2021-09-07"},{"lineNumber":8,"author":{"gitId":"-"},"content":"public class Duke {","lastModifiedDate":"2019-07-29"},{"lineNumber":9,"author":{"gitId":"vrhuvarkelvin"},"content":"","lastModifiedDate":"2021-09-07"},{"lineNumber":10,"author":{"gitId":"vrhuvarkelvin"},"content":"    public static void main(String[] args) throws InvalidInputException, MissingDescException {","lastModifiedDate":"2021-11-05"},{"lineNumber":11,"author":{"gitId":"vrhuvarkelvin"},"content":"        BotMessage.msgWelcome();","lastModifiedDate":"2021-11-04"},{"lineNumber":12,"author":{"gitId":"vrhuvarkelvin"},"content":"","lastModifiedDate":"2021-09-07"},{"lineNumber":13,"author":{"gitId":"vrhuvarkelvin"},"content":"        boolean toQuit \u003d false;","lastModifiedDate":"2021-10-30"},{"lineNumber":14,"author":{"gitId":"vrhuvarkelvin"},"content":"        String line;","lastModifiedDate":"2021-09-07"},{"lineNumber":15,"author":{"gitId":"vrhuvarkelvin"},"content":"        Scanner in \u003d new Scanner(System.in);","lastModifiedDate":"2021-09-07"},{"lineNumber":16,"author":{"gitId":"vrhuvarkelvin"},"content":"","lastModifiedDate":"2021-09-07"},{"lineNumber":17,"author":{"gitId":"vrhuvarkelvin"},"content":"        TaskList myList \u003d new TaskList();","lastModifiedDate":"2021-10-30"},{"lineNumber":18,"author":{"gitId":"vrhuvarkelvin"},"content":"","lastModifiedDate":"2021-09-07"},{"lineNumber":19,"author":{"gitId":"vrhuvarkelvin"},"content":"        while (toQuit \u003d\u003d false){","lastModifiedDate":"2021-10-30"},{"lineNumber":20,"author":{"gitId":"vrhuvarkelvin"},"content":"            line \u003d in.nextLine();","lastModifiedDate":"2021-09-07"},{"lineNumber":21,"author":{"gitId":"vrhuvarkelvin"},"content":"","lastModifiedDate":"2021-11-05"},{"lineNumber":22,"author":{"gitId":"vrhuvarkelvin"},"content":"            if (line.equals(\"list\")){","lastModifiedDate":"2021-09-07"},{"lineNumber":23,"author":{"gitId":"vrhuvarkelvin"},"content":"                BotMessage.msgForList(myList);","lastModifiedDate":"2021-11-04"},{"lineNumber":24,"author":{"gitId":"vrhuvarkelvin"},"content":"","lastModifiedDate":"2021-11-04"},{"lineNumber":25,"author":{"gitId":"vrhuvarkelvin"},"content":"            } else if (line.equals(\"bye\")){","lastModifiedDate":"2021-11-04"},{"lineNumber":26,"author":{"gitId":"vrhuvarkelvin"},"content":"                toQuit \u003d true;","lastModifiedDate":"2021-10-30"},{"lineNumber":27,"author":{"gitId":"vrhuvarkelvin"},"content":"","lastModifiedDate":"2021-11-04"},{"lineNumber":28,"author":{"gitId":"vrhuvarkelvin"},"content":"            } else if (line.contains(\"done\")){","lastModifiedDate":"2021-11-04"},{"lineNumber":29,"author":{"gitId":"vrhuvarkelvin"},"content":"                if(line.length()\u003c\u003d 5){","lastModifiedDate":"2021-11-05"},{"lineNumber":30,"author":{"gitId":"vrhuvarkelvin"},"content":"                    throw new MissingDescException(\"done\");","lastModifiedDate":"2021-11-05"},{"lineNumber":31,"author":{"gitId":"vrhuvarkelvin"},"content":"                }","lastModifiedDate":"2021-11-05"},{"lineNumber":32,"author":{"gitId":"vrhuvarkelvin"},"content":"                Integer index \u003d Integer.parseInt(line.substring(5)) -1;","lastModifiedDate":"2021-10-30"},{"lineNumber":33,"author":{"gitId":"vrhuvarkelvin"},"content":"                myList.setTaskDone(index);","lastModifiedDate":"2021-10-30"},{"lineNumber":34,"author":{"gitId":"vrhuvarkelvin"},"content":"                BotMessage.msgMarkDone(myList, index);","lastModifiedDate":"2021-11-04"},{"lineNumber":35,"author":{"gitId":"vrhuvarkelvin"},"content":"","lastModifiedDate":"2021-11-04"},{"lineNumber":36,"author":{"gitId":"vrhuvarkelvin"},"content":"            }else if (line.contains(\"todo\")) {","lastModifiedDate":"2021-11-04"},{"lineNumber":37,"author":{"gitId":"vrhuvarkelvin"},"content":"                if(line.length()\u003c\u003d 5){","lastModifiedDate":"2021-11-05"},{"lineNumber":38,"author":{"gitId":"vrhuvarkelvin"},"content":"                    throw new MissingDescException(\"todo\");","lastModifiedDate":"2021-11-05"},{"lineNumber":39,"author":{"gitId":"vrhuvarkelvin"},"content":"                }","lastModifiedDate":"2021-11-05"},{"lineNumber":40,"author":{"gitId":"vrhuvarkelvin"},"content":"                myList.addItemToDo(line.substring(5));","lastModifiedDate":"2021-11-04"},{"lineNumber":41,"author":{"gitId":"vrhuvarkelvin"},"content":"                BotMessage.msgForToDo(myList, myList.getNumOfTotalItem() - 1);","lastModifiedDate":"2021-11-04"},{"lineNumber":42,"author":{"gitId":"vrhuvarkelvin"},"content":"","lastModifiedDate":"2021-11-04"},{"lineNumber":43,"author":{"gitId":"vrhuvarkelvin"},"content":"            } else if (line.contains(\"deadline\")) {","lastModifiedDate":"2021-11-04"},{"lineNumber":44,"author":{"gitId":"vrhuvarkelvin"},"content":"                if(line.length()\u003c\u003d 9){","lastModifiedDate":"2021-11-05"},{"lineNumber":45,"author":{"gitId":"vrhuvarkelvin"},"content":"                    throw new MissingDescException(\"deadline\");","lastModifiedDate":"2021-11-05"},{"lineNumber":46,"author":{"gitId":"vrhuvarkelvin"},"content":"                }","lastModifiedDate":"2021-11-05"},{"lineNumber":47,"author":{"gitId":"vrhuvarkelvin"},"content":"                String taskDescription \u003d line.substring(9, line.indexOf(\"/\"));","lastModifiedDate":"2021-11-04"},{"lineNumber":48,"author":{"gitId":"vrhuvarkelvin"},"content":"                String deadlineDate \u003d line.substring(line.indexOf(\"/\") + 4);","lastModifiedDate":"2021-11-04"},{"lineNumber":49,"author":{"gitId":"vrhuvarkelvin"},"content":"","lastModifiedDate":"2021-11-04"},{"lineNumber":50,"author":{"gitId":"vrhuvarkelvin"},"content":"                myList.addItemToDeadline(taskDescription, deadlineDate);","lastModifiedDate":"2021-11-04"},{"lineNumber":51,"author":{"gitId":"vrhuvarkelvin"},"content":"                BotMessage.msgForDeadline(myList, myList.getNumOfTotalItem() - 1);","lastModifiedDate":"2021-11-04"},{"lineNumber":52,"author":{"gitId":"vrhuvarkelvin"},"content":"","lastModifiedDate":"2021-11-04"},{"lineNumber":53,"author":{"gitId":"vrhuvarkelvin"},"content":"            } else if (line.contains(\"event\")){","lastModifiedDate":"2021-11-04"},{"lineNumber":54,"author":{"gitId":"vrhuvarkelvin"},"content":"                if(line.length()\u003c\u003d 6){","lastModifiedDate":"2021-11-05"},{"lineNumber":55,"author":{"gitId":"vrhuvarkelvin"},"content":"                    throw new MissingDescException(\"event\");","lastModifiedDate":"2021-11-05"},{"lineNumber":56,"author":{"gitId":"vrhuvarkelvin"},"content":"                }","lastModifiedDate":"2021-11-05"},{"lineNumber":57,"author":{"gitId":"vrhuvarkelvin"},"content":"                String taskDescription \u003d line.substring(6, line.indexOf(\"/\"));","lastModifiedDate":"2021-11-04"},{"lineNumber":58,"author":{"gitId":"vrhuvarkelvin"},"content":"                String eventPeriod \u003d line.substring(line.indexOf(\"/\") + 4);","lastModifiedDate":"2021-11-04"},{"lineNumber":59,"author":{"gitId":"vrhuvarkelvin"},"content":"","lastModifiedDate":"2021-11-04"},{"lineNumber":60,"author":{"gitId":"vrhuvarkelvin"},"content":"                myList.addItemToEvents(taskDescription, eventPeriod);","lastModifiedDate":"2021-11-04"},{"lineNumber":61,"author":{"gitId":"vrhuvarkelvin"},"content":"                BotMessage.msgForEvents(myList, myList.getNumOfTotalItem()-1);","lastModifiedDate":"2021-11-04"},{"lineNumber":62,"author":{"gitId":"vrhuvarkelvin"},"content":"","lastModifiedDate":"2021-11-04"},{"lineNumber":63,"author":{"gitId":"vrhuvarkelvin"},"content":"            } else {","lastModifiedDate":"2021-11-04"},{"lineNumber":64,"author":{"gitId":"vrhuvarkelvin"},"content":"                throw new InvalidInputException();","lastModifiedDate":"2021-11-05"},{"lineNumber":65,"author":{"gitId":"vrhuvarkelvin"},"content":"            }","lastModifiedDate":"2021-09-07"},{"lineNumber":66,"author":{"gitId":"vrhuvarkelvin"},"content":"        }","lastModifiedDate":"2021-09-07"},{"lineNumber":67,"author":{"gitId":"vrhuvarkelvin"},"content":"        in.close();","lastModifiedDate":"2021-10-30"},{"lineNumber":68,"author":{"gitId":"vrhuvarkelvin"},"content":"        BotMessage.msgBye();","lastModifiedDate":"2021-11-04"},{"lineNumber":69,"author":{"gitId":"-"},"content":"    }","lastModifiedDate":"2019-07-29"},{"lineNumber":70,"author":{"gitId":"vrhuvarkelvin"},"content":"","lastModifiedDate":"2021-11-05"},{"lineNumber":71,"author":{"gitId":"-"},"content":"}","lastModifiedDate":"2019-07-29"}],"authorContributionMap":{"vrhuvarkelvin":68,"-":3}},{"path":"src/main/java/error/InvalidInputException.java","fileType":"java","lines":[{"lineNumber":1,"author":{"gitId":"vrhuvarkelvin"},"content":"package error;","lastModifiedDate":"2021-11-05"},{"lineNumber":2,"author":{"gitId":"vrhuvarkelvin"},"content":"","lastModifiedDate":"2021-11-05"},{"lineNumber":3,"author":{"gitId":"vrhuvarkelvin"},"content":"public class InvalidInputException extends Exception{","lastModifiedDate":"2021-11-05"},{"lineNumber":4,"author":{"gitId":"vrhuvarkelvin"},"content":"","lastModifiedDate":"2021-11-05"},{"lineNumber":5,"author":{"gitId":"vrhuvarkelvin"},"content":"","lastModifiedDate":"2021-11-05"},{"lineNumber":6,"author":{"gitId":"vrhuvarkelvin"},"content":"}","lastModifiedDate":"2021-11-05"}],"authorContributionMap":{"vrhuvarkelvin":6}},{"path":"src/main/java/error/MissingDescException.java","fileType":"java","lines":[{"lineNumber":1,"author":{"gitId":"vrhuvarkelvin"},"content":"package error;","lastModifiedDate":"2021-11-05"},{"lineNumber":2,"author":{"gitId":"vrhuvarkelvin"},"content":"","lastModifiedDate":"2021-11-05"},{"lineNumber":3,"author":{"gitId":"vrhuvarkelvin"},"content":"public class MissingDescException extends Exception{","lastModifiedDate":"2021-11-05"},{"lineNumber":4,"author":{"gitId":"vrhuvarkelvin"},"content":"","lastModifiedDate":"2021-11-05"},{"lineNumber":5,"author":{"gitId":"vrhuvarkelvin"},"content":"    public MissingDescException(String errorMsg) {","lastModifiedDate":"2021-11-05"},{"lineNumber":6,"author":{"gitId":"vrhuvarkelvin"},"content":"        super(errorMsg);","lastModifiedDate":"2021-11-05"},{"lineNumber":7,"author":{"gitId":"vrhuvarkelvin"},"content":"    }","lastModifiedDate":"2021-11-05"},{"lineNumber":8,"author":{"gitId":"vrhuvarkelvin"},"content":"}","lastModifiedDate":"2021-11-05"}],"authorContributionMap":{"vrhuvarkelvin":8}},{"path":"src/main/java/task/Task.java","fileType":"java","lines":[{"lineNumber":1,"author":{"gitId":"vrhuvarkelvin"},"content":"package task;","lastModifiedDate":"2021-11-05"},{"lineNumber":2,"author":{"gitId":"vrhuvarkelvin"},"content":"","lastModifiedDate":"2021-11-05"},{"lineNumber":3,"author":{"gitId":"vrhuvarkelvin"},"content":"public abstract class Task {","lastModifiedDate":"2021-11-04"},{"lineNumber":4,"author":{"gitId":"vrhuvarkelvin"},"content":"    protected String taskDescription;","lastModifiedDate":"2021-11-04"},{"lineNumber":5,"author":{"gitId":"vrhuvarkelvin"},"content":"    protected boolean isDone;","lastModifiedDate":"2021-10-30"},{"lineNumber":6,"author":{"gitId":"vrhuvarkelvin"},"content":"    protected TaskType typeOfTask;","lastModifiedDate":"2021-11-04"},{"lineNumber":7,"author":{"gitId":"vrhuvarkelvin"},"content":"","lastModifiedDate":"2021-10-30"},{"lineNumber":8,"author":{"gitId":"vrhuvarkelvin"},"content":"    public Task(String description) {","lastModifiedDate":"2021-10-30"},{"lineNumber":9,"author":{"gitId":"vrhuvarkelvin"},"content":"        this.taskDescription \u003d description;","lastModifiedDate":"2021-11-04"},{"lineNumber":10,"author":{"gitId":"vrhuvarkelvin"},"content":"    }","lastModifiedDate":"2021-10-30"},{"lineNumber":11,"author":{"gitId":"vrhuvarkelvin"},"content":"","lastModifiedDate":"2021-10-30"},{"lineNumber":12,"author":{"gitId":"vrhuvarkelvin"},"content":"    public String getTask(){","lastModifiedDate":"2021-10-30"},{"lineNumber":13,"author":{"gitId":"vrhuvarkelvin"},"content":"        return taskDescription;","lastModifiedDate":"2021-11-04"},{"lineNumber":14,"author":{"gitId":"vrhuvarkelvin"},"content":"    }","lastModifiedDate":"2021-10-30"},{"lineNumber":15,"author":{"gitId":"vrhuvarkelvin"},"content":"","lastModifiedDate":"2021-10-30"},{"lineNumber":16,"author":{"gitId":"vrhuvarkelvin"},"content":"    public Boolean getStatus() {","lastModifiedDate":"2021-10-30"},{"lineNumber":17,"author":{"gitId":"vrhuvarkelvin"},"content":"        return isDone;","lastModifiedDate":"2021-10-30"},{"lineNumber":18,"author":{"gitId":"vrhuvarkelvin"},"content":"    }","lastModifiedDate":"2021-10-30"},{"lineNumber":19,"author":{"gitId":"vrhuvarkelvin"},"content":"","lastModifiedDate":"2021-10-30"},{"lineNumber":20,"author":{"gitId":"vrhuvarkelvin"},"content":"    public TaskType getTypeOfTask() {","lastModifiedDate":"2021-11-04"},{"lineNumber":21,"author":{"gitId":"vrhuvarkelvin"},"content":"        return typeOfTask;","lastModifiedDate":"2021-11-04"},{"lineNumber":22,"author":{"gitId":"vrhuvarkelvin"},"content":"    }","lastModifiedDate":"2021-11-04"},{"lineNumber":23,"author":{"gitId":"vrhuvarkelvin"},"content":"","lastModifiedDate":"2021-11-04"},{"lineNumber":24,"author":{"gitId":"vrhuvarkelvin"},"content":"    public void setTask(String newTaskDetails){","lastModifiedDate":"2021-10-30"},{"lineNumber":25,"author":{"gitId":"vrhuvarkelvin"},"content":"        taskDescription \u003d newTaskDetails;","lastModifiedDate":"2021-11-04"},{"lineNumber":26,"author":{"gitId":"vrhuvarkelvin"},"content":"    }","lastModifiedDate":"2021-10-30"},{"lineNumber":27,"author":{"gitId":"vrhuvarkelvin"},"content":"","lastModifiedDate":"2021-10-30"},{"lineNumber":28,"author":{"gitId":"vrhuvarkelvin"},"content":"    public void setTaskDone(){","lastModifiedDate":"2021-10-30"},{"lineNumber":29,"author":{"gitId":"vrhuvarkelvin"},"content":"        isDone \u003d true;","lastModifiedDate":"2021-10-30"},{"lineNumber":30,"author":{"gitId":"vrhuvarkelvin"},"content":"    }","lastModifiedDate":"2021-10-30"},{"lineNumber":31,"author":{"gitId":"vrhuvarkelvin"},"content":"","lastModifiedDate":"2021-10-30"},{"lineNumber":32,"author":{"gitId":"vrhuvarkelvin"},"content":"    public void setTypeOfTask(TaskType typeOfTask){","lastModifiedDate":"2021-11-04"},{"lineNumber":33,"author":{"gitId":"vrhuvarkelvin"},"content":"        this.typeOfTask \u003d typeOfTask;","lastModifiedDate":"2021-11-04"},{"lineNumber":34,"author":{"gitId":"vrhuvarkelvin"},"content":"    }","lastModifiedDate":"2021-11-04"},{"lineNumber":35,"author":{"gitId":"vrhuvarkelvin"},"content":"","lastModifiedDate":"2021-11-04"},{"lineNumber":36,"author":{"gitId":"vrhuvarkelvin"},"content":"}","lastModifiedDate":"2021-10-30"}],"authorContributionMap":{"vrhuvarkelvin":36}},{"path":"src/main/java/task/TaskDeadline.java","fileType":"java","lines":[{"lineNumber":1,"author":{"gitId":"vrhuvarkelvin"},"content":"package task;","lastModifiedDate":"2021-11-05"},{"lineNumber":2,"author":{"gitId":"vrhuvarkelvin"},"content":"","lastModifiedDate":"2021-11-05"},{"lineNumber":3,"author":{"gitId":"vrhuvarkelvin"},"content":"public class TaskDeadline extends Task {","lastModifiedDate":"2021-11-04"},{"lineNumber":4,"author":{"gitId":"vrhuvarkelvin"},"content":"    private String dateInString;","lastModifiedDate":"2021-11-04"},{"lineNumber":5,"author":{"gitId":"vrhuvarkelvin"},"content":"","lastModifiedDate":"2021-11-04"},{"lineNumber":6,"author":{"gitId":"vrhuvarkelvin"},"content":"    public TaskDeadline(String TaskDescription, String dateInString){","lastModifiedDate":"2021-11-04"},{"lineNumber":7,"author":{"gitId":"vrhuvarkelvin"},"content":"        super(TaskDescription);","lastModifiedDate":"2021-11-04"},{"lineNumber":8,"author":{"gitId":"vrhuvarkelvin"},"content":"        this.isDone \u003d false;","lastModifiedDate":"2021-11-04"},{"lineNumber":9,"author":{"gitId":"vrhuvarkelvin"},"content":"        this.typeOfTask \u003d TaskType.DEADLINE;","lastModifiedDate":"2021-11-04"},{"lineNumber":10,"author":{"gitId":"vrhuvarkelvin"},"content":"        this.dateInString \u003d dateInString;","lastModifiedDate":"2021-11-04"},{"lineNumber":11,"author":{"gitId":"vrhuvarkelvin"},"content":"    }","lastModifiedDate":"2021-11-04"},{"lineNumber":12,"author":{"gitId":"vrhuvarkelvin"},"content":"","lastModifiedDate":"2021-11-04"},{"lineNumber":13,"author":{"gitId":"vrhuvarkelvin"},"content":"    public String getDateInString(){","lastModifiedDate":"2021-11-04"},{"lineNumber":14,"author":{"gitId":"vrhuvarkelvin"},"content":"        return dateInString;","lastModifiedDate":"2021-11-04"},{"lineNumber":15,"author":{"gitId":"vrhuvarkelvin"},"content":"    }","lastModifiedDate":"2021-11-04"},{"lineNumber":16,"author":{"gitId":"vrhuvarkelvin"},"content":"}","lastModifiedDate":"2021-11-04"}],"authorContributionMap":{"vrhuvarkelvin":16}},{"path":"src/main/java/task/TaskEvents.java","fileType":"java","lines":[{"lineNumber":1,"author":{"gitId":"vrhuvarkelvin"},"content":"package task;","lastModifiedDate":"2021-11-05"},{"lineNumber":2,"author":{"gitId":"vrhuvarkelvin"},"content":"","lastModifiedDate":"2021-11-05"},{"lineNumber":3,"author":{"gitId":"vrhuvarkelvin"},"content":"public class TaskEvents extends Task{","lastModifiedDate":"2021-11-04"},{"lineNumber":4,"author":{"gitId":"vrhuvarkelvin"},"content":"    private String timePeriod;","lastModifiedDate":"2021-11-04"},{"lineNumber":5,"author":{"gitId":"vrhuvarkelvin"},"content":"","lastModifiedDate":"2021-11-04"},{"lineNumber":6,"author":{"gitId":"vrhuvarkelvin"},"content":"    public TaskEvents(String taskDescription, String timePeriod){","lastModifiedDate":"2021-11-04"},{"lineNumber":7,"author":{"gitId":"vrhuvarkelvin"},"content":"        super(taskDescription);","lastModifiedDate":"2021-11-04"},{"lineNumber":8,"author":{"gitId":"vrhuvarkelvin"},"content":"        this.isDone \u003d false;","lastModifiedDate":"2021-11-04"},{"lineNumber":9,"author":{"gitId":"vrhuvarkelvin"},"content":"        this.typeOfTask \u003d TaskType.EVENT;","lastModifiedDate":"2021-11-04"},{"lineNumber":10,"author":{"gitId":"vrhuvarkelvin"},"content":"        this.timePeriod \u003d timePeriod;","lastModifiedDate":"2021-11-04"},{"lineNumber":11,"author":{"gitId":"vrhuvarkelvin"},"content":"    }","lastModifiedDate":"2021-11-04"},{"lineNumber":12,"author":{"gitId":"vrhuvarkelvin"},"content":"","lastModifiedDate":"2021-11-04"},{"lineNumber":13,"author":{"gitId":"vrhuvarkelvin"},"content":"    public String getTimePeriod(){","lastModifiedDate":"2021-11-04"},{"lineNumber":14,"author":{"gitId":"vrhuvarkelvin"},"content":"        return timePeriod;","lastModifiedDate":"2021-11-04"},{"lineNumber":15,"author":{"gitId":"vrhuvarkelvin"},"content":"    }","lastModifiedDate":"2021-11-04"},{"lineNumber":16,"author":{"gitId":"vrhuvarkelvin"},"content":"}","lastModifiedDate":"2021-11-04"}],"authorContributionMap":{"vrhuvarkelvin":16}},{"path":"src/main/java/task/TaskList.java","fileType":"java","lines":[{"lineNumber":1,"author":{"gitId":"vrhuvarkelvin"},"content":"package task;","lastModifiedDate":"2021-11-05"},{"lineNumber":2,"author":{"gitId":"vrhuvarkelvin"},"content":"","lastModifiedDate":"2021-11-04"},{"lineNumber":3,"author":{"gitId":"vrhuvarkelvin"},"content":"import java.util.ArrayList;","lastModifiedDate":"2021-10-30"},{"lineNumber":4,"author":{"gitId":"vrhuvarkelvin"},"content":"","lastModifiedDate":"2021-10-30"},{"lineNumber":5,"author":{"gitId":"vrhuvarkelvin"},"content":"public class TaskList {","lastModifiedDate":"2021-10-30"},{"lineNumber":6,"author":{"gitId":"vrhuvarkelvin"},"content":"    private ArrayList\u003cTask\u003e list;","lastModifiedDate":"2021-10-30"},{"lineNumber":7,"author":{"gitId":"vrhuvarkelvin"},"content":"","lastModifiedDate":"2021-10-30"},{"lineNumber":8,"author":{"gitId":"vrhuvarkelvin"},"content":"","lastModifiedDate":"2021-10-30"},{"lineNumber":9,"author":{"gitId":"vrhuvarkelvin"},"content":"    public TaskList() {","lastModifiedDate":"2021-10-30"},{"lineNumber":10,"author":{"gitId":"vrhuvarkelvin"},"content":"        list \u003d new ArrayList\u003cTask\u003e();","lastModifiedDate":"2021-10-30"},{"lineNumber":11,"author":{"gitId":"vrhuvarkelvin"},"content":"    }","lastModifiedDate":"2021-10-30"},{"lineNumber":12,"author":{"gitId":"vrhuvarkelvin"},"content":"","lastModifiedDate":"2021-10-30"},{"lineNumber":13,"author":{"gitId":"vrhuvarkelvin"},"content":"    public void addItemToDo(String taskDescription) {","lastModifiedDate":"2021-11-04"},{"lineNumber":14,"author":{"gitId":"vrhuvarkelvin"},"content":"        list.add(new TaskToDo(taskDescription));","lastModifiedDate":"2021-11-04"},{"lineNumber":15,"author":{"gitId":"vrhuvarkelvin"},"content":"    }","lastModifiedDate":"2021-11-04"},{"lineNumber":16,"author":{"gitId":"vrhuvarkelvin"},"content":"","lastModifiedDate":"2021-11-04"},{"lineNumber":17,"author":{"gitId":"vrhuvarkelvin"},"content":"    public void addItemToDeadline(String taskDescription, String dateInString){","lastModifiedDate":"2021-11-04"},{"lineNumber":18,"author":{"gitId":"vrhuvarkelvin"},"content":"        list.add(new TaskDeadline(taskDescription,dateInString));","lastModifiedDate":"2021-11-04"},{"lineNumber":19,"author":{"gitId":"vrhuvarkelvin"},"content":"    }","lastModifiedDate":"2021-11-04"},{"lineNumber":20,"author":{"gitId":"vrhuvarkelvin"},"content":"    public void addItemToEvents(String taskDescription, String timePeriod){","lastModifiedDate":"2021-11-04"},{"lineNumber":21,"author":{"gitId":"vrhuvarkelvin"},"content":"        list.add(new TaskEvents(taskDescription,timePeriod));","lastModifiedDate":"2021-11-04"},{"lineNumber":22,"author":{"gitId":"vrhuvarkelvin"},"content":"    }","lastModifiedDate":"2021-10-30"},{"lineNumber":23,"author":{"gitId":"vrhuvarkelvin"},"content":"","lastModifiedDate":"2021-10-30"},{"lineNumber":24,"author":{"gitId":"vrhuvarkelvin"},"content":"    public void removeItem(int index) {","lastModifiedDate":"2021-10-30"},{"lineNumber":25,"author":{"gitId":"vrhuvarkelvin"},"content":"        list.remove(index);","lastModifiedDate":"2021-10-30"},{"lineNumber":26,"author":{"gitId":"vrhuvarkelvin"},"content":"    }","lastModifiedDate":"2021-10-30"},{"lineNumber":27,"author":{"gitId":"vrhuvarkelvin"},"content":"","lastModifiedDate":"2021-10-30"},{"lineNumber":28,"author":{"gitId":"vrhuvarkelvin"},"content":"    public Task getTask(int index) {","lastModifiedDate":"2021-10-30"},{"lineNumber":29,"author":{"gitId":"vrhuvarkelvin"},"content":"        return list.get(index);","lastModifiedDate":"2021-10-30"},{"lineNumber":30,"author":{"gitId":"vrhuvarkelvin"},"content":"    }","lastModifiedDate":"2021-10-30"},{"lineNumber":31,"author":{"gitId":"vrhuvarkelvin"},"content":"","lastModifiedDate":"2021-10-30"},{"lineNumber":32,"author":{"gitId":"vrhuvarkelvin"},"content":"    public boolean getTaskStatus(int index){","lastModifiedDate":"2021-10-30"},{"lineNumber":33,"author":{"gitId":"vrhuvarkelvin"},"content":"        Task task \u003d list.get(index);","lastModifiedDate":"2021-10-30"},{"lineNumber":34,"author":{"gitId":"vrhuvarkelvin"},"content":"        return task.getStatus();","lastModifiedDate":"2021-10-30"},{"lineNumber":35,"author":{"gitId":"vrhuvarkelvin"},"content":"    }","lastModifiedDate":"2021-10-30"},{"lineNumber":36,"author":{"gitId":"vrhuvarkelvin"},"content":"","lastModifiedDate":"2021-10-30"},{"lineNumber":37,"author":{"gitId":"vrhuvarkelvin"},"content":"    public int getNumOfTotalItem() {","lastModifiedDate":"2021-10-30"},{"lineNumber":38,"author":{"gitId":"vrhuvarkelvin"},"content":"        return list.size();","lastModifiedDate":"2021-10-30"},{"lineNumber":39,"author":{"gitId":"vrhuvarkelvin"},"content":"    }","lastModifiedDate":"2021-10-30"},{"lineNumber":40,"author":{"gitId":"vrhuvarkelvin"},"content":"","lastModifiedDate":"2021-10-30"},{"lineNumber":41,"author":{"gitId":"vrhuvarkelvin"},"content":"    public TaskType getTypeOfTask(int index){","lastModifiedDate":"2021-11-04"},{"lineNumber":42,"author":{"gitId":"vrhuvarkelvin"},"content":"        Task task \u003d list.get(index);","lastModifiedDate":"2021-11-04"},{"lineNumber":43,"author":{"gitId":"vrhuvarkelvin"},"content":"        return task.getTypeOfTask();","lastModifiedDate":"2021-11-04"},{"lineNumber":44,"author":{"gitId":"vrhuvarkelvin"},"content":"    }","lastModifiedDate":"2021-11-04"},{"lineNumber":45,"author":{"gitId":"vrhuvarkelvin"},"content":"","lastModifiedDate":"2021-11-04"},{"lineNumber":46,"author":{"gitId":"vrhuvarkelvin"},"content":"    public String getTaskDescription(int index){","lastModifiedDate":"2021-11-04"},{"lineNumber":47,"author":{"gitId":"vrhuvarkelvin"},"content":"        Task task \u003d list.get(index);","lastModifiedDate":"2021-11-04"},{"lineNumber":48,"author":{"gitId":"vrhuvarkelvin"},"content":"        return task.getTask();","lastModifiedDate":"2021-11-04"},{"lineNumber":49,"author":{"gitId":"vrhuvarkelvin"},"content":"    }","lastModifiedDate":"2021-11-04"},{"lineNumber":50,"author":{"gitId":"vrhuvarkelvin"},"content":"","lastModifiedDate":"2021-11-04"},{"lineNumber":51,"author":{"gitId":"vrhuvarkelvin"},"content":"    public String getTaskDeadlineInString(int index){","lastModifiedDate":"2021-11-04"},{"lineNumber":52,"author":{"gitId":"vrhuvarkelvin"},"content":"        TaskDeadline task \u003d (TaskDeadline) list.get(index);","lastModifiedDate":"2021-11-04"},{"lineNumber":53,"author":{"gitId":"vrhuvarkelvin"},"content":"        return task.getDateInString();","lastModifiedDate":"2021-11-04"},{"lineNumber":54,"author":{"gitId":"vrhuvarkelvin"},"content":"    }","lastModifiedDate":"2021-11-04"},{"lineNumber":55,"author":{"gitId":"vrhuvarkelvin"},"content":"","lastModifiedDate":"2021-11-04"},{"lineNumber":56,"author":{"gitId":"vrhuvarkelvin"},"content":"    public String getTaskEventTimePeriodInString(int index){","lastModifiedDate":"2021-11-04"},{"lineNumber":57,"author":{"gitId":"vrhuvarkelvin"},"content":"        TaskEvents task \u003d (TaskEvents) list.get(index);","lastModifiedDate":"2021-11-04"},{"lineNumber":58,"author":{"gitId":"vrhuvarkelvin"},"content":"        return task.getTimePeriod();","lastModifiedDate":"2021-11-04"},{"lineNumber":59,"author":{"gitId":"vrhuvarkelvin"},"content":"    }","lastModifiedDate":"2021-11-04"},{"lineNumber":60,"author":{"gitId":"vrhuvarkelvin"},"content":"","lastModifiedDate":"2021-11-04"},{"lineNumber":61,"author":{"gitId":"vrhuvarkelvin"},"content":"    public void setTaskDone(int index){","lastModifiedDate":"2021-10-30"},{"lineNumber":62,"author":{"gitId":"vrhuvarkelvin"},"content":"        Task task \u003d list.get(index);","lastModifiedDate":"2021-10-30"},{"lineNumber":63,"author":{"gitId":"vrhuvarkelvin"},"content":"        task.setTaskDone();","lastModifiedDate":"2021-10-30"},{"lineNumber":64,"author":{"gitId":"vrhuvarkelvin"},"content":"    }","lastModifiedDate":"2021-10-30"},{"lineNumber":65,"author":{"gitId":"vrhuvarkelvin"},"content":"}","lastModifiedDate":"2021-10-30"}],"authorContributionMap":{"vrhuvarkelvin":65}},{"path":"src/main/java/task/TaskToDo.java","fileType":"java","lines":[{"lineNumber":1,"author":{"gitId":"vrhuvarkelvin"},"content":"package task;","lastModifiedDate":"2021-11-05"},{"lineNumber":2,"author":{"gitId":"vrhuvarkelvin"},"content":"","lastModifiedDate":"2021-11-05"},{"lineNumber":3,"author":{"gitId":"vrhuvarkelvin"},"content":"public class TaskToDo extends Task {","lastModifiedDate":"2021-11-04"},{"lineNumber":4,"author":{"gitId":"vrhuvarkelvin"},"content":"","lastModifiedDate":"2021-11-04"},{"lineNumber":5,"author":{"gitId":"vrhuvarkelvin"},"content":"    public TaskToDo (String taskDescription){","lastModifiedDate":"2021-11-04"},{"lineNumber":6,"author":{"gitId":"vrhuvarkelvin"},"content":"        super(taskDescription);","lastModifiedDate":"2021-11-04"},{"lineNumber":7,"author":{"gitId":"vrhuvarkelvin"},"content":"        this.isDone \u003d false;","lastModifiedDate":"2021-11-04"},{"lineNumber":8,"author":{"gitId":"vrhuvarkelvin"},"content":"        this.typeOfTask \u003d TaskType.TODOS;","lastModifiedDate":"2021-11-04"},{"lineNumber":9,"author":{"gitId":"vrhuvarkelvin"},"content":"    }","lastModifiedDate":"2021-11-04"},{"lineNumber":10,"author":{"gitId":"vrhuvarkelvin"},"content":"}","lastModifiedDate":"2021-11-04"}],"authorContributionMap":{"vrhuvarkelvin":10}},{"path":"src/main/java/task/TaskType.java","fileType":"java","lines":[{"lineNumber":1,"author":{"gitId":"vrhuvarkelvin"},"content":"package task;","lastModifiedDate":"2021-11-05"},{"lineNumber":2,"author":{"gitId":"vrhuvarkelvin"},"content":"","lastModifiedDate":"2021-11-05"},{"lineNumber":3,"author":{"gitId":"vrhuvarkelvin"},"content":"public enum TaskType {","lastModifiedDate":"2021-11-04"},{"lineNumber":4,"author":{"gitId":"vrhuvarkelvin"},"content":"    TODOS, DEADLINE, EVENT;","lastModifiedDate":"2021-11-04"},{"lineNumber":5,"author":{"gitId":"vrhuvarkelvin"},"content":"","lastModifiedDate":"2021-11-04"},{"lineNumber":6,"author":{"gitId":"vrhuvarkelvin"},"content":"    public static String toStringTaskType(TaskType typeOfTask){","lastModifiedDate":"2021-11-04"},{"lineNumber":7,"author":{"gitId":"vrhuvarkelvin"},"content":"        String taskType \u003d \"\";","lastModifiedDate":"2021-11-04"},{"lineNumber":8,"author":{"gitId":"vrhuvarkelvin"},"content":"        switch (typeOfTask){","lastModifiedDate":"2021-11-04"},{"lineNumber":9,"author":{"gitId":"vrhuvarkelvin"},"content":"        case TODOS:","lastModifiedDate":"2021-11-04"},{"lineNumber":10,"author":{"gitId":"vrhuvarkelvin"},"content":"            taskType \u003d \"T\";","lastModifiedDate":"2021-11-04"},{"lineNumber":11,"author":{"gitId":"vrhuvarkelvin"},"content":"            break;","lastModifiedDate":"2021-11-04"},{"lineNumber":12,"author":{"gitId":"vrhuvarkelvin"},"content":"        case DEADLINE:","lastModifiedDate":"2021-11-04"},{"lineNumber":13,"author":{"gitId":"vrhuvarkelvin"},"content":"            taskType \u003d \"D\";","lastModifiedDate":"2021-11-04"},{"lineNumber":14,"author":{"gitId":"vrhuvarkelvin"},"content":"            break;","lastModifiedDate":"2021-11-04"},{"lineNumber":15,"author":{"gitId":"vrhuvarkelvin"},"content":"        case EVENT:","lastModifiedDate":"2021-11-04"},{"lineNumber":16,"author":{"gitId":"vrhuvarkelvin"},"content":"            taskType \u003d \"E\";","lastModifiedDate":"2021-11-04"},{"lineNumber":17,"author":{"gitId":"vrhuvarkelvin"},"content":"            break;","lastModifiedDate":"2021-11-04"},{"lineNumber":18,"author":{"gitId":"vrhuvarkelvin"},"content":"        }","lastModifiedDate":"2021-11-04"},{"lineNumber":19,"author":{"gitId":"vrhuvarkelvin"},"content":"        return taskType;","lastModifiedDate":"2021-11-04"},{"lineNumber":20,"author":{"gitId":"vrhuvarkelvin"},"content":"    }","lastModifiedDate":"2021-11-04"},{"lineNumber":21,"author":{"gitId":"vrhuvarkelvin"},"content":"}","lastModifiedDate":"2021-11-04"}],"authorContributionMap":{"vrhuvarkelvin":21}}]
