[{"path":"src/main/java/Duke.java","fileType":"java","lines":[{"lineNumber":1,"author":{"gitId":"vrhuvarkelvin"},"content":"import java.util.Scanner;","lastModifiedDate":"2021-09-07"},{"lineNumber":2,"author":{"gitId":"vrhuvarkelvin"},"content":"","lastModifiedDate":"2021-09-07"},{"lineNumber":3,"author":{"gitId":"-"},"content":"public class Duke {","lastModifiedDate":"2019-07-29"},{"lineNumber":4,"author":{"gitId":"vrhuvarkelvin"},"content":"    public static void msgGreet() {","lastModifiedDate":"2021-09-07"},{"lineNumber":5,"author":{"gitId":"-"},"content":"        String logo \u003d \" ____        _        \\n\"","lastModifiedDate":"2019-07-29"},{"lineNumber":6,"author":{"gitId":"-"},"content":"                + \"|  _ \\\\ _   _| | _____ \\n\"","lastModifiedDate":"2019-07-29"},{"lineNumber":7,"author":{"gitId":"-"},"content":"                + \"| | | | | | | |/ / _ \\\\\\n\"","lastModifiedDate":"2019-07-29"},{"lineNumber":8,"author":{"gitId":"-"},"content":"                + \"| |_| | |_| |   \u003c  __/\\n\"","lastModifiedDate":"2019-07-29"},{"lineNumber":9,"author":{"gitId":"-"},"content":"                + \"|____/ \\\\__,_|_|\\\\_\\\\___|\\n\";","lastModifiedDate":"2019-07-29"},{"lineNumber":10,"author":{"gitId":"vrhuvarkelvin"},"content":"        System.out.println((\"Hello from\\n\" + logo));","lastModifiedDate":"2021-09-07"},{"lineNumber":11,"author":{"gitId":"vrhuvarkelvin"},"content":"        System.out.println(\"Hello! I\u0027m Duke\");","lastModifiedDate":"2021-09-07"},{"lineNumber":12,"author":{"gitId":"vrhuvarkelvin"},"content":"        System.out.println(\"What can I do for you?\");","lastModifiedDate":"2021-09-07"},{"lineNumber":13,"author":{"gitId":"vrhuvarkelvin"},"content":"    }","lastModifiedDate":"2021-09-07"},{"lineNumber":14,"author":{"gitId":"vrhuvarkelvin"},"content":"","lastModifiedDate":"2021-09-07"},{"lineNumber":15,"author":{"gitId":"vrhuvarkelvin"},"content":"    public static void msgBye(){","lastModifiedDate":"2021-09-07"},{"lineNumber":16,"author":{"gitId":"vrhuvarkelvin"},"content":"        System.out.println(\"Bye. Hope to see you again soon!\");","lastModifiedDate":"2021-09-07"},{"lineNumber":17,"author":{"gitId":"vrhuvarkelvin"},"content":"    }","lastModifiedDate":"2021-09-07"},{"lineNumber":18,"author":{"gitId":"vrhuvarkelvin"},"content":"","lastModifiedDate":"2021-09-07"},{"lineNumber":19,"author":{"gitId":"vrhuvarkelvin"},"content":"    public static void echo(String s){","lastModifiedDate":"2021-09-07"},{"lineNumber":20,"author":{"gitId":"vrhuvarkelvin"},"content":"        System.out.println(\"added: \" + s);","lastModifiedDate":"2021-09-07"},{"lineNumber":21,"author":{"gitId":"vrhuvarkelvin"},"content":"    }","lastModifiedDate":"2021-09-07"},{"lineNumber":22,"author":{"gitId":"vrhuvarkelvin"},"content":"","lastModifiedDate":"2021-09-07"},{"lineNumber":23,"author":{"gitId":"vrhuvarkelvin"},"content":"    public static void main(String[] args){","lastModifiedDate":"2021-09-07"},{"lineNumber":24,"author":{"gitId":"vrhuvarkelvin"},"content":"        msgGreet();","lastModifiedDate":"2021-09-07"},{"lineNumber":25,"author":{"gitId":"vrhuvarkelvin"},"content":"","lastModifiedDate":"2021-09-07"},{"lineNumber":26,"author":{"gitId":"vrhuvarkelvin"},"content":"        boolean bye \u003d false;","lastModifiedDate":"2021-09-07"},{"lineNumber":27,"author":{"gitId":"vrhuvarkelvin"},"content":"        String line;","lastModifiedDate":"2021-09-07"},{"lineNumber":28,"author":{"gitId":"vrhuvarkelvin"},"content":"        Scanner in \u003d new Scanner(System.in);","lastModifiedDate":"2021-09-07"},{"lineNumber":29,"author":{"gitId":"vrhuvarkelvin"},"content":"","lastModifiedDate":"2021-09-07"},{"lineNumber":30,"author":{"gitId":"vrhuvarkelvin"},"content":"        List myList \u003d new List();","lastModifiedDate":"2021-09-07"},{"lineNumber":31,"author":{"gitId":"vrhuvarkelvin"},"content":"","lastModifiedDate":"2021-09-07"},{"lineNumber":32,"author":{"gitId":"vrhuvarkelvin"},"content":"        while (bye \u003d\u003d false){","lastModifiedDate":"2021-09-07"},{"lineNumber":33,"author":{"gitId":"vrhuvarkelvin"},"content":"            line \u003d in.nextLine();","lastModifiedDate":"2021-09-07"},{"lineNumber":34,"author":{"gitId":"vrhuvarkelvin"},"content":"            if (line.equals(\"list\")){","lastModifiedDate":"2021-09-07"},{"lineNumber":35,"author":{"gitId":"vrhuvarkelvin"},"content":"                for (int i \u003d 0; i \u003cmyList.getNumOfItem(); i++){","lastModifiedDate":"2021-09-07"},{"lineNumber":36,"author":{"gitId":"vrhuvarkelvin"},"content":"                    System.out.println(Integer.toString(i+1) + \": \" + myList.getItem(i));","lastModifiedDate":"2021-09-07"},{"lineNumber":37,"author":{"gitId":"vrhuvarkelvin"},"content":"                }","lastModifiedDate":"2021-09-07"},{"lineNumber":38,"author":{"gitId":"vrhuvarkelvin"},"content":"            }","lastModifiedDate":"2021-09-07"},{"lineNumber":39,"author":{"gitId":"vrhuvarkelvin"},"content":"            else if (line.equals(\"bye\")){","lastModifiedDate":"2021-09-07"},{"lineNumber":40,"author":{"gitId":"vrhuvarkelvin"},"content":"                msgBye();","lastModifiedDate":"2021-09-07"},{"lineNumber":41,"author":{"gitId":"vrhuvarkelvin"},"content":"                bye \u003d true;","lastModifiedDate":"2021-09-07"},{"lineNumber":42,"author":{"gitId":"vrhuvarkelvin"},"content":"            }","lastModifiedDate":"2021-09-07"},{"lineNumber":43,"author":{"gitId":"vrhuvarkelvin"},"content":"            else {","lastModifiedDate":"2021-09-07"},{"lineNumber":44,"author":{"gitId":"vrhuvarkelvin"},"content":"                myList.addItem(line);","lastModifiedDate":"2021-09-07"},{"lineNumber":45,"author":{"gitId":"vrhuvarkelvin"},"content":"                echo(line);","lastModifiedDate":"2021-09-07"},{"lineNumber":46,"author":{"gitId":"vrhuvarkelvin"},"content":"            }","lastModifiedDate":"2021-09-07"},{"lineNumber":47,"author":{"gitId":"vrhuvarkelvin"},"content":"        }","lastModifiedDate":"2021-09-07"},{"lineNumber":48,"author":{"gitId":"-"},"content":"    }","lastModifiedDate":"2019-07-29"},{"lineNumber":49,"author":{"gitId":"-"},"content":"}","lastModifiedDate":"2019-07-29"}],"authorContributionMap":{"vrhuvarkelvin":41,"-":8}},{"path":"src/main/java/List.java","fileType":"java","lines":[{"lineNumber":1,"author":{"gitId":"vrhuvarkelvin"},"content":"public class List {","lastModifiedDate":"2021-09-07"},{"lineNumber":2,"author":{"gitId":"vrhuvarkelvin"},"content":"    private String[] list \u003d new String[100];","lastModifiedDate":"2021-09-07"},{"lineNumber":3,"author":{"gitId":"vrhuvarkelvin"},"content":"    private static int numOfItems;","lastModifiedDate":"2021-09-07"},{"lineNumber":4,"author":{"gitId":"vrhuvarkelvin"},"content":"","lastModifiedDate":"2021-09-07"},{"lineNumber":5,"author":{"gitId":"vrhuvarkelvin"},"content":"    public List() {","lastModifiedDate":"2021-09-07"},{"lineNumber":6,"author":{"gitId":"vrhuvarkelvin"},"content":"        numOfItems \u003d 0;","lastModifiedDate":"2021-09-07"},{"lineNumber":7,"author":{"gitId":"vrhuvarkelvin"},"content":"    }","lastModifiedDate":"2021-09-07"},{"lineNumber":8,"author":{"gitId":"vrhuvarkelvin"},"content":"","lastModifiedDate":"2021-09-07"},{"lineNumber":9,"author":{"gitId":"vrhuvarkelvin"},"content":"    public void addItem(String s) {","lastModifiedDate":"2021-09-07"},{"lineNumber":10,"author":{"gitId":"vrhuvarkelvin"},"content":"        list[numOfItems] \u003d s;","lastModifiedDate":"2021-09-07"},{"lineNumber":11,"author":{"gitId":"vrhuvarkelvin"},"content":"        numOfItems++;","lastModifiedDate":"2021-09-07"},{"lineNumber":12,"author":{"gitId":"vrhuvarkelvin"},"content":"    }","lastModifiedDate":"2021-09-07"},{"lineNumber":13,"author":{"gitId":"vrhuvarkelvin"},"content":"","lastModifiedDate":"2021-09-07"},{"lineNumber":14,"author":{"gitId":"vrhuvarkelvin"},"content":"    public void removeItem() {","lastModifiedDate":"2021-09-07"},{"lineNumber":15,"author":{"gitId":"vrhuvarkelvin"},"content":"        numOfItems--;","lastModifiedDate":"2021-09-07"},{"lineNumber":16,"author":{"gitId":"vrhuvarkelvin"},"content":"        list[numOfItems] \u003d \"\";","lastModifiedDate":"2021-09-07"},{"lineNumber":17,"author":{"gitId":"vrhuvarkelvin"},"content":"    }","lastModifiedDate":"2021-09-07"},{"lineNumber":18,"author":{"gitId":"vrhuvarkelvin"},"content":"","lastModifiedDate":"2021-09-07"},{"lineNumber":19,"author":{"gitId":"vrhuvarkelvin"},"content":"    public String getItem(int i) {","lastModifiedDate":"2021-09-07"},{"lineNumber":20,"author":{"gitId":"vrhuvarkelvin"},"content":"        return list[i];","lastModifiedDate":"2021-09-07"},{"lineNumber":21,"author":{"gitId":"vrhuvarkelvin"},"content":"    }","lastModifiedDate":"2021-09-07"},{"lineNumber":22,"author":{"gitId":"vrhuvarkelvin"},"content":"","lastModifiedDate":"2021-09-07"},{"lineNumber":23,"author":{"gitId":"vrhuvarkelvin"},"content":"    public int getNumOfItem() {","lastModifiedDate":"2021-09-07"},{"lineNumber":24,"author":{"gitId":"vrhuvarkelvin"},"content":"        return numOfItems;","lastModifiedDate":"2021-09-07"},{"lineNumber":25,"author":{"gitId":"vrhuvarkelvin"},"content":"    }","lastModifiedDate":"2021-09-07"},{"lineNumber":26,"author":{"gitId":"vrhuvarkelvin"},"content":"}","lastModifiedDate":"2021-09-07"}],"authorContributionMap":{"vrhuvarkelvin":26}}]
