{"authorDailyContributionsMap":{"vrhuvarkelvin":[{"date":"2021-09-07","commitResults":[{"hash":"c1cdabd66848ca357ba282f498a284bc9611012d","messageTitle":"add Level-1","messageBody":"","tags":["Level-1"],"fileTypesAndContributionMap":{"java":{"insertions":33,"deletions":2}}},{"hash":"c7c50c7435a704ae5753012c7a6092345fb049f4","messageTitle":"add Level-2 - Add, List","messageBody":"","tags":["Level-2"],"fileTypesAndContributionMap":{"java":{"insertions":36,"deletions":2}}}]}]},"authorFileTypeContributionMap":{"vrhuvarkelvin":{"java":67,"md":0,"fxml":0,"sh":0,"bat":0,"gradle":0,"txt":0}},"authorContributionVariance":{"vrhuvarkelvin":171.71222},"authorDisplayNameMap":{"vrhuvarkelvin":"CHAN.. WEN"}}
