{"authorDailyContributionsMap":{"vrhuvarkelvin":[{"date":"2021-09-07","commitResults":[{"hash":"c1cdabd66848ca357ba282f498a284bc9611012d","messageTitle":"add Level-1","messageBody":"","tags":["Level-1"],"fileTypesAndContributionMap":{"java":{"insertions":33,"deletions":2}}},{"hash":"c7c50c7435a704ae5753012c7a6092345fb049f4","messageTitle":"add Level-2 - Add, List","messageBody":"","tags":["Level-2"],"fileTypesAndContributionMap":{"java":{"insertions":36,"deletions":2}}}]},{"date":"2021-10-30","commitResults":[{"hash":"26c4ef071ee7bdf74924ee6e11f58b47a37a09e2","messageTitle":"add Level 3 - Mark as Done","messageBody":"","tags":["Level-3"],"fileTypesAndContributionMap":{"java":{"insertions":119,"deletions":54}}}]},{"date":"2021-11-04","commitResults":[{"hash":"f010ca66310c22c3eabb36d5a0ac3a9a4b45702d","messageTitle":"add Level 4 - ToDos, Events, Deadlines","messageBody":"","tags":["Level-4"],"fileTypesAndContributionMap":{"java":{"insertions":233,"deletions":61}}}]},{"date":"2021-11-05","commitResults":[{"hash":"f450926cc7001d4df60236ad59d8e929311667b0","messageTitle":"add Level-5 Handle Errors","messageBody":"","tags":["Level-5"],"fileTypesAndContributionMap":{"java":{"insertions":54,"deletions":11}}},{"hash":"472c97974e89025b4d347564e2f7acc6fc03b5e7","messageTitle":"add Level-6 Delete","messageBody":"","tags":["Level-6"],"fileTypesAndContributionMap":{"java":{"insertions":45,"deletions":30}}}]}]},"authorFileTypeContributionMap":{"vrhuvarkelvin":{"java":367,"md":0,"fxml":0,"sh":0,"bat":0,"gradle":0,"txt":0}},"authorContributionVariance":{"vrhuvarkelvin":1529.1967},"authorDisplayNameMap":{"vrhuvarkelvin":"CHAN.. WEN"}}
