[{"path":".github/workflows/run-deployment-test.sh","fileType":"sh","lines":[{"lineNumber":1,"author":{"gitId":"noellimx"},"content":"#!/bin/sh","lastModifiedDate":"2021-09-21"},{"lineNumber":2,"author":{"gitId":"noellimx"},"content":"","lastModifiedDate":"2021-09-21"},{"lineNumber":3,"author":{"gitId":"noellimx"},"content":"# clean build dir","lastModifiedDate":"2021-09-21"},{"lineNumber":4,"author":{"gitId":"noellimx"},"content":"rm -rf target","lastModifiedDate":"2021-09-21"},{"lineNumber":5,"author":{"gitId":"noellimx"},"content":"","lastModifiedDate":"2021-09-21"},{"lineNumber":6,"author":{"gitId":"noellimx"},"content":"","lastModifiedDate":"2021-09-21"},{"lineNumber":7,"author":{"gitId":"noellimx"},"content":"curl -sL https://www-eu.apache.org/dist/maven/maven-3/3.6.3/binaries/apache-maven-3.6.3-bin.zip -o maven.zip","lastModifiedDate":"2021-09-21"},{"lineNumber":8,"author":{"gitId":"noellimx"},"content":"sudo apt-get update","lastModifiedDate":"2021-09-21"},{"lineNumber":9,"author":{"gitId":"noellimx"},"content":"sudo apt-get -y install unzip","lastModifiedDate":"2021-09-21"},{"lineNumber":10,"author":{"gitId":"noellimx"},"content":"unzip -d /usr/share maven.zip","lastModifiedDate":"2021-09-21"},{"lineNumber":11,"author":{"gitId":"noellimx"},"content":"rm maven.zip","lastModifiedDate":"2021-09-21"},{"lineNumber":12,"author":{"gitId":"noellimx"},"content":"","lastModifiedDate":"2021-09-21"},{"lineNumber":13,"author":{"gitId":"noellimx"},"content":"mvnlnk\u003d/usr/bin/mvn","lastModifiedDate":"2021-09-21"},{"lineNumber":14,"author":{"gitId":"noellimx"},"content":"if [ ! -L $(mvnlnk) ]; then","lastModifiedDate":"2021-09-21"},{"lineNumber":15,"author":{"gitId":"noellimx"},"content":"  sudo rm $(mvnlnk)","lastModifiedDate":"2021-09-21"},{"lineNumber":16,"author":{"gitId":"noellimx"},"content":"fi","lastModifiedDate":"2021-09-21"},{"lineNumber":17,"author":{"gitId":"noellimx"},"content":"","lastModifiedDate":"2021-09-21"},{"lineNumber":18,"author":{"gitId":"noellimx"},"content":"sudo ln -s /usr/share/apache-maven-3.6.3/bin/mvn /usr/bin/mvn","lastModifiedDate":"2021-09-21"},{"lineNumber":19,"author":{"gitId":"noellimx"},"content":"echo \"M2_HOME\u003d/usr/share/apache-maven-3.6.3\" | sudo tee -a /etc/environment","lastModifiedDate":"2021-09-21"},{"lineNumber":20,"author":{"gitId":"noellimx"},"content":"","lastModifiedDate":"2021-09-21"},{"lineNumber":21,"author":{"gitId":"noellimx"},"content":"# source code test","lastModifiedDate":"2021-09-21"},{"lineNumber":22,"author":{"gitId":"noellimx"},"content":"mvn install","lastModifiedDate":"2021-09-21"},{"lineNumber":23,"author":{"gitId":"noellimx"},"content":"mvn compile","lastModifiedDate":"2021-09-21"},{"lineNumber":24,"author":{"gitId":"noellimx"},"content":"mvn test","lastModifiedDate":"2021-09-21"},{"lineNumber":25,"author":{"gitId":"noellimx"},"content":"","lastModifiedDate":"2021-09-21"},{"lineNumber":26,"author":{"gitId":"noellimx"},"content":"# package into jar","lastModifiedDate":"2021-09-21"},{"lineNumber":27,"author":{"gitId":"noellimx"},"content":"mvn package","lastModifiedDate":"2021-09-21"},{"lineNumber":28,"author":{"gitId":"noellimx"},"content":"","lastModifiedDate":"2021-09-21"},{"lineNumber":29,"author":{"gitId":"noellimx"},"content":"# test jar output","lastModifiedDate":"2021-09-21"},{"lineNumber":30,"author":{"gitId":"noellimx"},"content":"java -jar target/Duke.jar \u003c ./src/test/resources/test-input/input.txt \u003e ./src/test/resources/test-output/actual.txt","lastModifiedDate":"2021-09-21"},{"lineNumber":31,"author":{"gitId":"noellimx"},"content":"","lastModifiedDate":"2021-09-21"},{"lineNumber":32,"author":{"gitId":"noellimx"},"content":"cmp ./src/test/resources/test-output/actual.txt ./src/test/resources/test-output/expected.txt","lastModifiedDate":"2021-09-21"},{"lineNumber":33,"author":{"gitId":"noellimx"},"content":"if [ $? -eq 0 ]","lastModifiedDate":"2021-09-21"},{"lineNumber":34,"author":{"gitId":"noellimx"},"content":"then","lastModifiedDate":"2021-09-21"},{"lineNumber":35,"author":{"gitId":"noellimx"},"content":"    echo \"Test result: PASSED\"","lastModifiedDate":"2021-09-21"},{"lineNumber":36,"author":{"gitId":"noellimx"},"content":"    exit 0","lastModifiedDate":"2021-09-21"},{"lineNumber":37,"author":{"gitId":"noellimx"},"content":"else","lastModifiedDate":"2021-09-21"},{"lineNumber":38,"author":{"gitId":"noellimx"},"content":"    echo \"Test result: FAILED\"","lastModifiedDate":"2021-09-21"},{"lineNumber":39,"author":{"gitId":"noellimx"},"content":"    exit 1","lastModifiedDate":"2021-09-21"},{"lineNumber":40,"author":{"gitId":"noellimx"},"content":"fi","lastModifiedDate":"2021-09-21"}],"authorContributionMap":{"noellimx":40}},{"path":"README.md","fileType":"md","lines":[{"lineNumber":1,"author":{"gitId":"noellimx"},"content":"[Current](./docs/CHANGELOG.md#feature-level-1)","lastModifiedDate":"2021-09-21"},{"lineNumber":2,"author":{"gitId":"-"},"content":"","lastModifiedDate":"2021-09-01"},{"lineNumber":3,"author":{"gitId":"noellimx"},"content":"# Run","lastModifiedDate":"2021-09-21"},{"lineNumber":4,"author":{"gitId":"-"},"content":"","lastModifiedDate":"2021-09-01"},{"lineNumber":5,"author":{"gitId":"noellimx"},"content":"```act``` test \\","lastModifiedDate":"2021-09-21"},{"lineNumber":6,"author":{"gitId":"noellimx"},"content":"```mvn package``` package \\","lastModifiedDate":"2021-09-21"},{"lineNumber":7,"author":{"gitId":"noellimx"},"content":"```./target/Duke.jar``` generated jar \\","lastModifiedDate":"2021-09-21"},{"lineNumber":8,"author":{"gitId":"noellimx"},"content":"```java -jar ./target/Duke.jar``` run package","lastModifiedDate":"2021-09-21"},{"lineNumber":9,"author":{"gitId":"-"},"content":"","lastModifiedDate":"2021-09-21"}],"authorContributionMap":{"noellimx":6,"-":3}},{"path":"docs/CHANGELOG.md","fileType":"md","lines":[{"lineNumber":1,"author":{"gitId":"noellimx"},"content":"Changelog","lastModifiedDate":"2021-09-21"},{"lineNumber":2,"author":{"gitId":"-"},"content":"","lastModifiedDate":"2019-07-29"},{"lineNumber":3,"author":{"gitId":"noellimx"},"content":"## Feature Level 0","lastModifiedDate":"2021-09-01"},{"lineNumber":4,"author":{"gitId":"noellimx"},"content":"","lastModifiedDate":"2021-09-01"},{"lineNumber":5,"author":{"gitId":"noellimx"},"content":"Implement an initial skeletal version of the Duke that simply greets the user and exits. \\","lastModifiedDate":"2021-09-01"},{"lineNumber":6,"author":{"gitId":"noellimx"},"content":"![level 0](/docs/screenshots/branch-level-0.png)","lastModifiedDate":"2021-09-21"},{"lineNumber":7,"author":{"gitId":"noellimx"},"content":"","lastModifiedDate":"2021-09-21"},{"lineNumber":8,"author":{"gitId":"noellimx"},"content":"## Feature Level 1","lastModifiedDate":"2021-09-21"},{"lineNumber":9,"author":{"gitId":"noellimx"},"content":"","lastModifiedDate":"2021-09-21"},{"lineNumber":10,"author":{"gitId":"noellimx"},"content":"Implement an initial skeletal version of the Duke that simply greets the user and exits. \\","lastModifiedDate":"2021-09-21"},{"lineNumber":11,"author":{"gitId":"noellimx"},"content":"![level 1](/docs/screenshots/branch-level-1.gif)","lastModifiedDate":"2021-09-21"}],"authorContributionMap":{"noellimx":10,"-":1}},{"path":"docs/TODO.md","fileType":"md","lines":[{"lineNumber":1,"author":{"gitId":"noellimx"},"content":"for development tracking of project","lastModifiedDate":"2021-09-21"},{"lineNumber":2,"author":{"gitId":"noellimx"},"content":"","lastModifiedDate":"2021-08-31"},{"lineNumber":3,"author":{"gitId":"noellimx"},"content":"# See [Epic](https://www.notion.so/Duke-Coronet-fc4c509a3abd42ffa0d7bcbd93a8114c)","lastModifiedDate":"2021-08-31"},{"lineNumber":4,"author":{"gitId":"noellimx"},"content":"","lastModifiedDate":"2021-08-31"},{"lineNumber":5,"author":{"gitId":"noellimx"},"content":"# Routine Task","lastModifiedDate":"2021-08-31"},{"lineNumber":6,"author":{"gitId":"noellimx"},"content":"- [ ] progressive documentation","lastModifiedDate":"2021-08-31"},{"lineNumber":7,"author":{"gitId":"noellimx"},"content":"","lastModifiedDate":"2021-08-31"},{"lineNumber":8,"author":{"gitId":"noellimx"},"content":"# [Feature Level 0](https://www.notion.so/Level-0-Greet-71a7be8614a440169e7041813d1f943e)","lastModifiedDate":"2021-09-21"},{"lineNumber":9,"author":{"gitId":"noellimx"},"content":"","lastModifiedDate":"2021-08-31"},{"lineNumber":10,"author":{"gitId":"noellimx"},"content":"- [x] entry message","lastModifiedDate":"2021-09-21"},{"lineNumber":11,"author":{"gitId":"noellimx"},"content":"- [x] exit message","lastModifiedDate":"2021-09-21"},{"lineNumber":12,"author":{"gitId":"noellimx"},"content":"- [x] exits gently","lastModifiedDate":"2021-09-21"}],"authorContributionMap":{"noellimx":12}},{"path":"src/main/java/duke/Main.java","fileType":"java","lines":[{"lineNumber":1,"author":{"gitId":"noellimx"},"content":"package duke;","lastModifiedDate":"2021-09-21"},{"lineNumber":2,"author":{"gitId":"noellimx"},"content":"","lastModifiedDate":"2021-09-21"},{"lineNumber":3,"author":{"gitId":"noellimx"},"content":"","lastModifiedDate":"2021-09-21"},{"lineNumber":4,"author":{"gitId":"noellimx"},"content":"import duke.command.Command;","lastModifiedDate":"2021-09-21"},{"lineNumber":5,"author":{"gitId":"noellimx"},"content":"import duke.command.commandFactory.UiCommandFactory;","lastModifiedDate":"2021-09-21"},{"lineNumber":6,"author":{"gitId":"noellimx"},"content":"import duke.command.errorCommand.CommandExecutionError;","lastModifiedDate":"2021-09-21"},{"lineNumber":7,"author":{"gitId":"noellimx"},"content":"","lastModifiedDate":"2021-09-21"},{"lineNumber":8,"author":{"gitId":"noellimx"},"content":"import java.io.PrintStream;","lastModifiedDate":"2021-09-21"},{"lineNumber":9,"author":{"gitId":"noellimx"},"content":"","lastModifiedDate":"2021-09-21"},{"lineNumber":10,"author":{"gitId":"noellimx"},"content":"import static duke.dukeUtility.validator.TextCommandValidator.isRequestExitLoop;","lastModifiedDate":"2021-09-21"},{"lineNumber":11,"author":{"gitId":"noellimx"},"content":"","lastModifiedDate":"2021-09-21"},{"lineNumber":12,"author":{"gitId":"noellimx"},"content":"public class Main {","lastModifiedDate":"2021-09-21"},{"lineNumber":13,"author":{"gitId":"noellimx"},"content":"","lastModifiedDate":"2021-09-21"},{"lineNumber":14,"author":{"gitId":"noellimx"},"content":"    public static void main(String[] args) throws Exception {","lastModifiedDate":"2021-09-21"},{"lineNumber":15,"author":{"gitId":"noellimx"},"content":"        Main.run(System.out);","lastModifiedDate":"2021-09-21"},{"lineNumber":16,"author":{"gitId":"noellimx"},"content":"    }","lastModifiedDate":"2021-09-21"},{"lineNumber":17,"author":{"gitId":"noellimx"},"content":"","lastModifiedDate":"2021-09-21"},{"lineNumber":18,"author":{"gitId":"noellimx"},"content":"    public static void run(PrintStream out) throws Exception{","lastModifiedDate":"2021-09-21"},{"lineNumber":19,"author":{"gitId":"noellimx"},"content":"        Ui ui \u003d new Ui(out);","lastModifiedDate":"2021-09-21"},{"lineNumber":20,"author":{"gitId":"noellimx"},"content":"        ui.setUiCommandFactory(new UiCommandFactory(){","lastModifiedDate":"2021-09-21"},{"lineNumber":21,"author":{"gitId":"noellimx"},"content":"            @Override","lastModifiedDate":"2021-09-21"},{"lineNumber":22,"author":{"gitId":"noellimx"},"content":"            public Command executeTextCommand(String text) {","lastModifiedDate":"2021-09-21"},{"lineNumber":23,"author":{"gitId":"noellimx"},"content":"                try {","lastModifiedDate":"2021-09-21"},{"lineNumber":24,"author":{"gitId":"noellimx"},"content":"                    if (isRequestExitLoop(text)) {","lastModifiedDate":"2021-09-21"},{"lineNumber":25,"author":{"gitId":"noellimx"},"content":"                        return this.executeCommandExitLoop();","lastModifiedDate":"2021-09-21"},{"lineNumber":26,"author":{"gitId":"noellimx"},"content":"                    } else {","lastModifiedDate":"2021-09-21"},{"lineNumber":27,"author":{"gitId":"noellimx"},"content":"                        return this.executeCommandEcho(text);","lastModifiedDate":"2021-09-21"},{"lineNumber":28,"author":{"gitId":"noellimx"},"content":"                    }","lastModifiedDate":"2021-09-21"},{"lineNumber":29,"author":{"gitId":"noellimx"},"content":"                } catch (Exception e) {","lastModifiedDate":"2021-09-21"},{"lineNumber":30,"author":{"gitId":"noellimx"},"content":"                    return new CommandExecutionError(e, \"command execution @ cli\");","lastModifiedDate":"2021-09-21"},{"lineNumber":31,"author":{"gitId":"noellimx"},"content":"                }","lastModifiedDate":"2021-09-21"},{"lineNumber":32,"author":{"gitId":"noellimx"},"content":"            }","lastModifiedDate":"2021-09-21"},{"lineNumber":33,"author":{"gitId":"noellimx"},"content":"        });","lastModifiedDate":"2021-09-21"},{"lineNumber":34,"author":{"gitId":"noellimx"},"content":"        ui.printEntryMessage();","lastModifiedDate":"2021-09-21"},{"lineNumber":35,"author":{"gitId":"noellimx"},"content":"        ui.textCommandLoop();","lastModifiedDate":"2021-09-21"},{"lineNumber":36,"author":{"gitId":"noellimx"},"content":"        ui.printTerminateMessage();","lastModifiedDate":"2021-09-21"},{"lineNumber":37,"author":{"gitId":"noellimx"},"content":"    }","lastModifiedDate":"2021-09-21"},{"lineNumber":38,"author":{"gitId":"noellimx"},"content":"}","lastModifiedDate":"2021-09-21"}],"authorContributionMap":{"noellimx":38}},{"path":"src/main/java/duke/Ui.java","fileType":"java","lines":[{"lineNumber":1,"author":{"gitId":"noellimx"},"content":"package duke;","lastModifiedDate":"2021-09-21"},{"lineNumber":2,"author":{"gitId":"noellimx"},"content":"","lastModifiedDate":"2021-09-21"},{"lineNumber":3,"author":{"gitId":"noellimx"},"content":"","lastModifiedDate":"2021-09-21"},{"lineNumber":4,"author":{"gitId":"noellimx"},"content":"import duke.command.Command;","lastModifiedDate":"2021-09-21"},{"lineNumber":5,"author":{"gitId":"noellimx"},"content":"import duke.command.commandFactory.UiCommandFactory;","lastModifiedDate":"2021-09-21"},{"lineNumber":6,"author":{"gitId":"noellimx"},"content":"import duke.dukeUtility.enums.ResponseType;","lastModifiedDate":"2021-09-21"},{"lineNumber":7,"author":{"gitId":"noellimx"},"content":"","lastModifiedDate":"2021-09-21"},{"lineNumber":8,"author":{"gitId":"noellimx"},"content":"import java.io.PrintStream;","lastModifiedDate":"2021-09-21"},{"lineNumber":9,"author":{"gitId":"noellimx"},"content":"import java.util.Scanner;","lastModifiedDate":"2021-09-21"},{"lineNumber":10,"author":{"gitId":"noellimx"},"content":"","lastModifiedDate":"2021-09-21"},{"lineNumber":11,"author":{"gitId":"noellimx"},"content":"","lastModifiedDate":"2021-09-21"},{"lineNumber":12,"author":{"gitId":"noellimx"},"content":"/**","lastModifiedDate":"2021-09-21"},{"lineNumber":13,"author":{"gitId":"noellimx"},"content":" * Handles terminal display.","lastModifiedDate":"2021-09-21"},{"lineNumber":14,"author":{"gitId":"noellimx"},"content":" */","lastModifiedDate":"2021-09-21"},{"lineNumber":15,"author":{"gitId":"noellimx"},"content":"public class Ui {","lastModifiedDate":"2021-09-21"},{"lineNumber":16,"author":{"gitId":"noellimx"},"content":"","lastModifiedDate":"2021-09-21"},{"lineNumber":17,"author":{"gitId":"noellimx"},"content":"    private PrintStream _out;","lastModifiedDate":"2021-09-21"},{"lineNumber":18,"author":{"gitId":"noellimx"},"content":"    private Boolean _loop \u003d true;","lastModifiedDate":"2021-09-21"},{"lineNumber":19,"author":{"gitId":"noellimx"},"content":"    private UiCommandFactory _UiCommandFactory \u003d new UiCommandFactory(){","lastModifiedDate":"2021-09-21"},{"lineNumber":20,"author":{"gitId":"noellimx"},"content":"        @Override","lastModifiedDate":"2021-09-21"},{"lineNumber":21,"author":{"gitId":"noellimx"},"content":"        public Command executeTextCommand(String text){","lastModifiedDate":"2021-09-21"},{"lineNumber":22,"author":{"gitId":"noellimx"},"content":"            return null;","lastModifiedDate":"2021-09-21"},{"lineNumber":23,"author":{"gitId":"noellimx"},"content":"        }","lastModifiedDate":"2021-09-21"},{"lineNumber":24,"author":{"gitId":"noellimx"},"content":"    };","lastModifiedDate":"2021-09-21"},{"lineNumber":25,"author":{"gitId":"noellimx"},"content":"    private Ui() {","lastModifiedDate":"2021-09-21"},{"lineNumber":26,"author":{"gitId":"noellimx"},"content":"    }","lastModifiedDate":"2021-09-21"},{"lineNumber":27,"author":{"gitId":"noellimx"},"content":"","lastModifiedDate":"2021-09-21"},{"lineNumber":28,"author":{"gitId":"noellimx"},"content":"    public Ui(PrintStream ps) {","lastModifiedDate":"2021-09-21"},{"lineNumber":29,"author":{"gitId":"noellimx"},"content":"        this.setPrintStream(ps);","lastModifiedDate":"2021-09-21"},{"lineNumber":30,"author":{"gitId":"noellimx"},"content":"    }","lastModifiedDate":"2021-09-21"},{"lineNumber":31,"author":{"gitId":"noellimx"},"content":"","lastModifiedDate":"2021-09-21"},{"lineNumber":32,"author":{"gitId":"noellimx"},"content":"    private PrintStream getPrintStream() {","lastModifiedDate":"2021-09-21"},{"lineNumber":33,"author":{"gitId":"noellimx"},"content":"        return this._out;","lastModifiedDate":"2021-09-21"},{"lineNumber":34,"author":{"gitId":"noellimx"},"content":"    }","lastModifiedDate":"2021-09-21"},{"lineNumber":35,"author":{"gitId":"noellimx"},"content":"    public void setPrintStream(PrintStream ps) {","lastModifiedDate":"2021-09-21"},{"lineNumber":36,"author":{"gitId":"noellimx"},"content":"        this._out \u003d ps;","lastModifiedDate":"2021-09-21"},{"lineNumber":37,"author":{"gitId":"noellimx"},"content":"    }","lastModifiedDate":"2021-09-21"},{"lineNumber":38,"author":{"gitId":"noellimx"},"content":"","lastModifiedDate":"2021-09-21"},{"lineNumber":39,"author":{"gitId":"noellimx"},"content":"    public Ui printEntryMessage() {","lastModifiedDate":"2021-09-21"},{"lineNumber":40,"author":{"gitId":"noellimx"},"content":"        String logo \u003d \" _                   _                                _             \\n\"","lastModifiedDate":"2021-09-21"},{"lineNumber":41,"author":{"gitId":"noellimx"},"content":"                + \"| |                 | |                              | |                \\n\"","lastModifiedDate":"2021-09-21"},{"lineNumber":42,"author":{"gitId":"noellimx"},"content":"                + \"| |_    __ _   ___  | | __  _ __ ___     __ _   ___  | |_    ___   _ __ \\n\"","lastModifiedDate":"2021-09-21"},{"lineNumber":43,"author":{"gitId":"noellimx"},"content":"                + \"| __|  / _` | / __| | |/ / | \u0027_ ` _ \\\\   / _` | / __| | __|  / _ \\\\ | \u0027__|\\n\"","lastModifiedDate":"2021-09-21"},{"lineNumber":44,"author":{"gitId":"noellimx"},"content":"                + \"| |_  | (_| | \\\\__ \\\\ |   \u003c  | | | | | | | (_| | \\\\__ \\\\ | |_  |  __/ | |   \\n\"","lastModifiedDate":"2021-09-21"},{"lineNumber":45,"author":{"gitId":"noellimx"},"content":"                + \" \\\\__|  \\\\__,_| |___/ |_|\\\\_\\\\ |_| |_| |_|  \\\\__,_| |___/  \\\\__|  \\\\___| |_|  \\n\";","lastModifiedDate":"2021-09-21"},{"lineNumber":46,"author":{"gitId":"noellimx"},"content":"        this.getPrintStream().print(\"Hello from\\n\" + logo);","lastModifiedDate":"2021-09-21"},{"lineNumber":47,"author":{"gitId":"noellimx"},"content":"        return this;","lastModifiedDate":"2021-09-21"},{"lineNumber":48,"author":{"gitId":"noellimx"},"content":"    }","lastModifiedDate":"2021-09-21"},{"lineNumber":49,"author":{"gitId":"noellimx"},"content":"    public void printBeginInputLoop() {","lastModifiedDate":"2021-09-21"},{"lineNumber":50,"author":{"gitId":"noellimx"},"content":"        this.getPrintStream().print(\"How can i help you? (See docs for usage)\\n\");","lastModifiedDate":"2021-09-21"},{"lineNumber":51,"author":{"gitId":"noellimx"},"content":"    }","lastModifiedDate":"2021-09-21"},{"lineNumber":52,"author":{"gitId":"noellimx"},"content":"    public void printExitLoopMessage() {","lastModifiedDate":"2021-09-21"},{"lineNumber":53,"author":{"gitId":"noellimx"},"content":"        this.getPrintStream().print(\"ok bye\" + System.lineSeparator());","lastModifiedDate":"2021-09-21"},{"lineNumber":54,"author":{"gitId":"noellimx"},"content":"    }","lastModifiedDate":"2021-09-21"},{"lineNumber":55,"author":{"gitId":"noellimx"},"content":"    public void printEchoMessage(String text) {","lastModifiedDate":"2021-09-21"},{"lineNumber":56,"author":{"gitId":"noellimx"},"content":"        this.getPrintStream().print(\"Echoed after you: \" + text + System.lineSeparator());","lastModifiedDate":"2021-09-21"},{"lineNumber":57,"author":{"gitId":"noellimx"},"content":"    }","lastModifiedDate":"2021-09-21"},{"lineNumber":58,"author":{"gitId":"noellimx"},"content":"    public void setUiCommandFactory(UiCommandFactory _UiCommandFactory) {","lastModifiedDate":"2021-09-21"},{"lineNumber":59,"author":{"gitId":"noellimx"},"content":"        this._UiCommandFactory \u003d _UiCommandFactory;","lastModifiedDate":"2021-09-21"},{"lineNumber":60,"author":{"gitId":"noellimx"},"content":"    }","lastModifiedDate":"2021-09-21"},{"lineNumber":61,"author":{"gitId":"noellimx"},"content":"    private UiCommandFactory getUiCommandFactory() {","lastModifiedDate":"2021-09-21"},{"lineNumber":62,"author":{"gitId":"noellimx"},"content":"        return this._UiCommandFactory;","lastModifiedDate":"2021-09-21"},{"lineNumber":63,"author":{"gitId":"noellimx"},"content":"    }","lastModifiedDate":"2021-09-21"},{"lineNumber":64,"author":{"gitId":"noellimx"},"content":"","lastModifiedDate":"2021-09-21"},{"lineNumber":65,"author":{"gitId":"noellimx"},"content":"    public void textCommandLoop() throws Exception {","lastModifiedDate":"2021-09-21"},{"lineNumber":66,"author":{"gitId":"noellimx"},"content":"        this.printBeginInputLoop();","lastModifiedDate":"2021-09-21"},{"lineNumber":67,"author":{"gitId":"noellimx"},"content":"        String textCommand;","lastModifiedDate":"2021-09-21"},{"lineNumber":68,"author":{"gitId":"noellimx"},"content":"        Scanner in \u003d new Scanner(System.in);","lastModifiedDate":"2021-09-21"},{"lineNumber":69,"author":{"gitId":"noellimx"},"content":"        do {","lastModifiedDate":"2021-09-21"},{"lineNumber":70,"author":{"gitId":"noellimx"},"content":"            textCommand \u003d in.nextLine();","lastModifiedDate":"2021-09-21"},{"lineNumber":71,"author":{"gitId":"noellimx"},"content":"            Command command \u003d this.getUiCommandFactory().executeTextCommand(textCommand);","lastModifiedDate":"2021-09-21"},{"lineNumber":72,"author":{"gitId":"noellimx"},"content":"            this.displayCommandResponse(command);","lastModifiedDate":"2021-09-21"},{"lineNumber":73,"author":{"gitId":"noellimx"},"content":"            this.getPrintStream().print(\"\\t\\t\\t\\t\\t\\t\\t\\t -\" + System.lineSeparator());","lastModifiedDate":"2021-09-21"},{"lineNumber":74,"author":{"gitId":"noellimx"},"content":"        } while (this._loop);","lastModifiedDate":"2021-09-21"},{"lineNumber":75,"author":{"gitId":"noellimx"},"content":"    }","lastModifiedDate":"2021-09-21"},{"lineNumber":76,"author":{"gitId":"noellimx"},"content":"    protected void displayCommandResponse(Command c) throws Exception {","lastModifiedDate":"2021-09-21"},{"lineNumber":77,"author":{"gitId":"noellimx"},"content":"        ResponseType rt \u003d c.getResponseType();","lastModifiedDate":"2021-09-21"},{"lineNumber":78,"author":{"gitId":"noellimx"},"content":"        if (rt \u003d\u003d ResponseType.EXIT_LOOP) {","lastModifiedDate":"2021-09-21"},{"lineNumber":79,"author":{"gitId":"noellimx"},"content":"            this._loop \u003d false;","lastModifiedDate":"2021-09-21"},{"lineNumber":80,"author":{"gitId":"noellimx"},"content":"            this.printExitLoopMessage();","lastModifiedDate":"2021-09-21"},{"lineNumber":81,"author":{"gitId":"noellimx"},"content":"        } else if (rt \u003d\u003d ResponseType.ECHO) {","lastModifiedDate":"2021-09-21"},{"lineNumber":82,"author":{"gitId":"noellimx"},"content":"            this.printEchoMessage(c.getArgs().get(1));","lastModifiedDate":"2021-09-21"},{"lineNumber":83,"author":{"gitId":"noellimx"},"content":"        }  else if (rt \u003d\u003d ResponseType.ERROR_COMMAND_EXECUTION) {","lastModifiedDate":"2021-09-21"},{"lineNumber":84,"author":{"gitId":"noellimx"},"content":"            this.getPrintStream().print(c.getArgs().get(2));","lastModifiedDate":"2021-09-21"},{"lineNumber":85,"author":{"gitId":"noellimx"},"content":"        }  else {","lastModifiedDate":"2021-09-21"},{"lineNumber":86,"author":{"gitId":"noellimx"},"content":"            throw new Exception(\"Unhandled response type [\" + rt +  \"].\");","lastModifiedDate":"2021-09-21"},{"lineNumber":87,"author":{"gitId":"noellimx"},"content":"        }","lastModifiedDate":"2021-09-21"},{"lineNumber":88,"author":{"gitId":"noellimx"},"content":"    }","lastModifiedDate":"2021-09-21"},{"lineNumber":89,"author":{"gitId":"noellimx"},"content":"    public void printTerminateMessage() {","lastModifiedDate":"2021-09-21"},{"lineNumber":90,"author":{"gitId":"noellimx"},"content":"        this.getPrintStream().print(\"See you again!\\n\");","lastModifiedDate":"2021-09-21"},{"lineNumber":91,"author":{"gitId":"noellimx"},"content":"    }","lastModifiedDate":"2021-09-21"},{"lineNumber":92,"author":{"gitId":"noellimx"},"content":"}","lastModifiedDate":"2021-09-21"}],"authorContributionMap":{"noellimx":92}},{"path":"src/main/java/duke/command/Command.java","fileType":"java","lines":[{"lineNumber":1,"author":{"gitId":"noellimx"},"content":"package duke.command;","lastModifiedDate":"2021-09-21"},{"lineNumber":2,"author":{"gitId":"noellimx"},"content":"","lastModifiedDate":"2021-09-02"},{"lineNumber":3,"author":{"gitId":"noellimx"},"content":"import duke.dukeUtility.enums.ResponseType;","lastModifiedDate":"2021-09-21"},{"lineNumber":4,"author":{"gitId":"noellimx"},"content":"","lastModifiedDate":"2021-09-02"},{"lineNumber":5,"author":{"gitId":"noellimx"},"content":"import java.util.List;","lastModifiedDate":"2021-09-02"},{"lineNumber":6,"author":{"gitId":"noellimx"},"content":"","lastModifiedDate":"2021-09-02"},{"lineNumber":7,"author":{"gitId":"noellimx"},"content":"/**","lastModifiedDate":"2021-09-02"},{"lineNumber":8,"author":{"gitId":"noellimx"},"content":" * Abstract Class for commands.","lastModifiedDate":"2021-09-02"},{"lineNumber":9,"author":{"gitId":"noellimx"},"content":" * Commands executes core behaviors and resultant value(s) are stored for future use.","lastModifiedDate":"2021-09-02"},{"lineNumber":10,"author":{"gitId":"noellimx"},"content":" */","lastModifiedDate":"2021-09-02"},{"lineNumber":11,"author":{"gitId":"noellimx"},"content":"public abstract class Command {","lastModifiedDate":"2021-09-02"},{"lineNumber":12,"author":{"gitId":"noellimx"},"content":"    /* Array of args to record parameters and results for task creation. */","lastModifiedDate":"2021-09-02"},{"lineNumber":13,"author":{"gitId":"noellimx"},"content":"    private List\u003cString\u003e _args;","lastModifiedDate":"2021-09-02"},{"lineNumber":14,"author":{"gitId":"noellimx"},"content":"    /* Response type for users to identify the behavior that was executed in the command */","lastModifiedDate":"2021-09-02"},{"lineNumber":15,"author":{"gitId":"noellimx"},"content":"    private ResponseType _responseType;","lastModifiedDate":"2021-09-02"},{"lineNumber":16,"author":{"gitId":"noellimx"},"content":"","lastModifiedDate":"2021-09-02"},{"lineNumber":17,"author":{"gitId":"noellimx"},"content":"    protected Command(ResponseType rt, List\u003cString\u003e args) {","lastModifiedDate":"2021-09-02"},{"lineNumber":18,"author":{"gitId":"noellimx"},"content":"        this.setResponseType(rt);","lastModifiedDate":"2021-09-02"},{"lineNumber":19,"author":{"gitId":"noellimx"},"content":"        this.setArgs(args);","lastModifiedDate":"2021-09-02"},{"lineNumber":20,"author":{"gitId":"noellimx"},"content":"    }","lastModifiedDate":"2021-09-02"},{"lineNumber":21,"author":{"gitId":"noellimx"},"content":"    private Command() {","lastModifiedDate":"2021-09-02"},{"lineNumber":22,"author":{"gitId":"noellimx"},"content":"    }","lastModifiedDate":"2021-09-02"},{"lineNumber":23,"author":{"gitId":"noellimx"},"content":"    public ResponseType getResponseType() {","lastModifiedDate":"2021-09-02"},{"lineNumber":24,"author":{"gitId":"noellimx"},"content":"        return _responseType;","lastModifiedDate":"2021-09-02"},{"lineNumber":25,"author":{"gitId":"noellimx"},"content":"    }","lastModifiedDate":"2021-09-02"},{"lineNumber":26,"author":{"gitId":"noellimx"},"content":"    protected void setResponseType(ResponseType rt) {","lastModifiedDate":"2021-09-02"},{"lineNumber":27,"author":{"gitId":"noellimx"},"content":"        _responseType \u003d rt;","lastModifiedDate":"2021-09-02"},{"lineNumber":28,"author":{"gitId":"noellimx"},"content":"    }","lastModifiedDate":"2021-09-02"},{"lineNumber":29,"author":{"gitId":"noellimx"},"content":"    public List\u003cString\u003e getArgs() {","lastModifiedDate":"2021-09-02"},{"lineNumber":30,"author":{"gitId":"noellimx"},"content":"        return this._args;","lastModifiedDate":"2021-09-02"},{"lineNumber":31,"author":{"gitId":"noellimx"},"content":"    }","lastModifiedDate":"2021-09-02"},{"lineNumber":32,"author":{"gitId":"noellimx"},"content":"    private void setArgs(List\u003cString\u003e _args) {","lastModifiedDate":"2021-09-02"},{"lineNumber":33,"author":{"gitId":"noellimx"},"content":"        this._args \u003d _args;","lastModifiedDate":"2021-09-02"},{"lineNumber":34,"author":{"gitId":"noellimx"},"content":"    }","lastModifiedDate":"2021-09-02"},{"lineNumber":35,"author":{"gitId":"noellimx"},"content":"}","lastModifiedDate":"2021-09-02"}],"authorContributionMap":{"noellimx":35}},{"path":"src/main/java/duke/command/commandFactory/CommandFactory.java","fileType":"java","lines":[{"lineNumber":1,"author":{"gitId":"noellimx"},"content":"package duke.command.commandFactory;","lastModifiedDate":"2021-09-21"},{"lineNumber":2,"author":{"gitId":"noellimx"},"content":"","lastModifiedDate":"2021-09-21"},{"lineNumber":3,"author":{"gitId":"noellimx"},"content":"/**","lastModifiedDate":"2021-09-21"},{"lineNumber":4,"author":{"gitId":"noellimx"},"content":" * @see duke.command.Command","lastModifiedDate":"2021-09-21"},{"lineNumber":5,"author":{"gitId":"noellimx"},"content":" */","lastModifiedDate":"2021-09-21"},{"lineNumber":6,"author":{"gitId":"noellimx"},"content":"public abstract class CommandFactory {","lastModifiedDate":"2021-09-21"},{"lineNumber":7,"author":{"gitId":"noellimx"},"content":"}","lastModifiedDate":"2021-09-21"}],"authorContributionMap":{"noellimx":7}},{"path":"src/main/java/duke/command/commandFactory/UiCommandFactory.java","fileType":"java","lines":[{"lineNumber":1,"author":{"gitId":"noellimx"},"content":"package duke.command.commandFactory;","lastModifiedDate":"2021-09-21"},{"lineNumber":2,"author":{"gitId":"noellimx"},"content":"","lastModifiedDate":"2021-09-21"},{"lineNumber":3,"author":{"gitId":"noellimx"},"content":"import duke.command.Command;","lastModifiedDate":"2021-09-21"},{"lineNumber":4,"author":{"gitId":"noellimx"},"content":"","lastModifiedDate":"2021-09-21"},{"lineNumber":5,"author":{"gitId":"noellimx"},"content":"import duke.command.systemCommand.CommandEcho;","lastModifiedDate":"2021-09-21"},{"lineNumber":6,"author":{"gitId":"noellimx"},"content":"import duke.command.systemCommand.CommandExit;","lastModifiedDate":"2021-09-21"},{"lineNumber":7,"author":{"gitId":"noellimx"},"content":"","lastModifiedDate":"2021-09-21"},{"lineNumber":8,"author":{"gitId":"noellimx"},"content":"import static duke.dukeUtility.definition.CommandPromptsAndOptions.*;","lastModifiedDate":"2021-09-21"},{"lineNumber":9,"author":{"gitId":"noellimx"},"content":"","lastModifiedDate":"2021-09-21"},{"lineNumber":10,"author":{"gitId":"noellimx"},"content":"public abstract class UiCommandFactory extends CommandFactory {","lastModifiedDate":"2021-09-21"},{"lineNumber":11,"author":{"gitId":"noellimx"},"content":"    protected Command executeCommandEcho(String text) {","lastModifiedDate":"2021-09-21"},{"lineNumber":12,"author":{"gitId":"noellimx"},"content":"        return new CommandEcho(text);","lastModifiedDate":"2021-09-21"},{"lineNumber":13,"author":{"gitId":"noellimx"},"content":"    }","lastModifiedDate":"2021-09-21"},{"lineNumber":14,"author":{"gitId":"noellimx"},"content":"    protected Command executeCommandExitLoop() {","lastModifiedDate":"2021-09-21"},{"lineNumber":15,"author":{"gitId":"noellimx"},"content":"        return new CommandExit(PROMPT_EXIT);","lastModifiedDate":"2021-09-21"},{"lineNumber":16,"author":{"gitId":"noellimx"},"content":"    }","lastModifiedDate":"2021-09-21"},{"lineNumber":17,"author":{"gitId":"noellimx"},"content":"    public abstract Command executeTextCommand(String text);","lastModifiedDate":"2021-09-21"},{"lineNumber":18,"author":{"gitId":"noellimx"},"content":"}","lastModifiedDate":"2021-09-21"}],"authorContributionMap":{"noellimx":18}},{"path":"src/main/java/duke/command/errorCommand/CommandExecutionError.java","fileType":"java","lines":[{"lineNumber":1,"author":{"gitId":"noellimx"},"content":"package duke.command.errorCommand;","lastModifiedDate":"2021-09-21"},{"lineNumber":2,"author":{"gitId":"noellimx"},"content":"","lastModifiedDate":"2021-09-02"},{"lineNumber":3,"author":{"gitId":"noellimx"},"content":"import duke.command.Command;","lastModifiedDate":"2021-09-21"},{"lineNumber":4,"author":{"gitId":"noellimx"},"content":"import duke.dukeUtility.enums.ResponseType;","lastModifiedDate":"2021-09-21"},{"lineNumber":5,"author":{"gitId":"noellimx"},"content":"","lastModifiedDate":"2021-09-02"},{"lineNumber":6,"author":{"gitId":"noellimx"},"content":"import java.util.List;","lastModifiedDate":"2021-09-02"},{"lineNumber":7,"author":{"gitId":"noellimx"},"content":"","lastModifiedDate":"2021-09-02"},{"lineNumber":8,"author":{"gitId":"noellimx"},"content":"public class CommandExecutionError extends Command {","lastModifiedDate":"2021-09-02"},{"lineNumber":9,"author":{"gitId":"noellimx"},"content":"    public CommandExecutionError(Exception e, String when) {","lastModifiedDate":"2021-09-02"},{"lineNumber":10,"author":{"gitId":"noellimx"},"content":"        super(ResponseType.ERROR_COMMAND_EXECUTION, List.of(\"Error during execution of command \", when, e.toString()));","lastModifiedDate":"2021-09-02"},{"lineNumber":11,"author":{"gitId":"noellimx"},"content":"    }","lastModifiedDate":"2021-09-02"},{"lineNumber":12,"author":{"gitId":"noellimx"},"content":"}","lastModifiedDate":"2021-09-02"}],"authorContributionMap":{"noellimx":12}},{"path":"src/main/java/duke/command/systemCommand/CommandEcho.java","fileType":"java","lines":[{"lineNumber":1,"author":{"gitId":"noellimx"},"content":"package duke.command.systemCommand;","lastModifiedDate":"2021-09-21"},{"lineNumber":2,"author":{"gitId":"noellimx"},"content":"","lastModifiedDate":"2021-09-02"},{"lineNumber":3,"author":{"gitId":"noellimx"},"content":"import duke.command.Command;","lastModifiedDate":"2021-09-21"},{"lineNumber":4,"author":{"gitId":"noellimx"},"content":"import duke.dukeUtility.enums.ResponseType;","lastModifiedDate":"2021-09-21"},{"lineNumber":5,"author":{"gitId":"noellimx"},"content":"","lastModifiedDate":"2021-09-02"},{"lineNumber":6,"author":{"gitId":"noellimx"},"content":"import java.util.List;","lastModifiedDate":"2021-09-02"},{"lineNumber":7,"author":{"gitId":"noellimx"},"content":"","lastModifiedDate":"2021-09-02"},{"lineNumber":8,"author":{"gitId":"noellimx"},"content":"public class CommandEcho extends Command {","lastModifiedDate":"2021-09-02"},{"lineNumber":9,"author":{"gitId":"noellimx"},"content":"    public CommandEcho(String text) {","lastModifiedDate":"2021-09-02"},{"lineNumber":10,"author":{"gitId":"noellimx"},"content":"        super(ResponseType.ECHO, List.of(\"echo\", text));","lastModifiedDate":"2021-09-02"},{"lineNumber":11,"author":{"gitId":"noellimx"},"content":"    }","lastModifiedDate":"2021-09-02"},{"lineNumber":12,"author":{"gitId":"noellimx"},"content":"}","lastModifiedDate":"2021-09-02"}],"authorContributionMap":{"noellimx":12}},{"path":"src/main/java/duke/command/systemCommand/CommandExit.java","fileType":"java","lines":[{"lineNumber":1,"author":{"gitId":"noellimx"},"content":"package duke.command.systemCommand;","lastModifiedDate":"2021-09-21"},{"lineNumber":2,"author":{"gitId":"noellimx"},"content":"","lastModifiedDate":"2021-09-02"},{"lineNumber":3,"author":{"gitId":"noellimx"},"content":"import duke.command.Command;","lastModifiedDate":"2021-09-21"},{"lineNumber":4,"author":{"gitId":"noellimx"},"content":"import duke.dukeUtility.enums.ResponseType;","lastModifiedDate":"2021-09-21"},{"lineNumber":5,"author":{"gitId":"noellimx"},"content":"","lastModifiedDate":"2021-09-02"},{"lineNumber":6,"author":{"gitId":"noellimx"},"content":"import java.util.List;","lastModifiedDate":"2021-09-02"},{"lineNumber":7,"author":{"gitId":"noellimx"},"content":"","lastModifiedDate":"2021-09-02"},{"lineNumber":8,"author":{"gitId":"noellimx"},"content":"public class CommandExit extends Command {","lastModifiedDate":"2021-09-02"},{"lineNumber":9,"author":{"gitId":"noellimx"},"content":"    public CommandExit(String invocation) {","lastModifiedDate":"2021-09-02"},{"lineNumber":10,"author":{"gitId":"noellimx"},"content":"        super(ResponseType.EXIT_LOOP, List.of(invocation));","lastModifiedDate":"2021-09-02"},{"lineNumber":11,"author":{"gitId":"noellimx"},"content":"    }","lastModifiedDate":"2021-09-02"},{"lineNumber":12,"author":{"gitId":"noellimx"},"content":"}","lastModifiedDate":"2021-09-02"}],"authorContributionMap":{"noellimx":12}},{"path":"src/main/java/duke/dukeUtility/definition/CommandPromptsAndOptions.java","fileType":"java","lines":[{"lineNumber":1,"author":{"gitId":"noellimx"},"content":"package duke.dukeUtility.definition;","lastModifiedDate":"2021-09-21"},{"lineNumber":2,"author":{"gitId":"noellimx"},"content":"","lastModifiedDate":"2021-09-02"},{"lineNumber":3,"author":{"gitId":"noellimx"},"content":"public class CommandPromptsAndOptions {","lastModifiedDate":"2021-09-02"},{"lineNumber":4,"author":{"gitId":"noellimx"},"content":"    public static final String PROMPT_EXIT \u003d \"bye\";","lastModifiedDate":"2021-09-02"},{"lineNumber":5,"author":{"gitId":"noellimx"},"content":"}","lastModifiedDate":"2021-09-02"}],"authorContributionMap":{"noellimx":5}},{"path":"src/main/java/duke/dukeUtility/enums/ResponseType.java","fileType":"java","lines":[{"lineNumber":1,"author":{"gitId":"noellimx"},"content":"package duke.dukeUtility.enums;","lastModifiedDate":"2021-09-21"},{"lineNumber":2,"author":{"gitId":"noellimx"},"content":"","lastModifiedDate":"2021-09-02"},{"lineNumber":3,"author":{"gitId":"noellimx"},"content":"/**","lastModifiedDate":"2021-09-02"},{"lineNumber":4,"author":{"gitId":"noellimx"},"content":" * @see duke.command.Command","lastModifiedDate":"2021-09-21"},{"lineNumber":5,"author":{"gitId":"noellimx"},"content":" */","lastModifiedDate":"2021-09-02"},{"lineNumber":6,"author":{"gitId":"noellimx"},"content":"public enum ResponseType {","lastModifiedDate":"2021-09-02"},{"lineNumber":7,"author":{"gitId":"noellimx"},"content":"    ECHO,","lastModifiedDate":"2021-09-02"},{"lineNumber":8,"author":{"gitId":"noellimx"},"content":"    EXIT_LOOP,","lastModifiedDate":"2021-09-02"},{"lineNumber":9,"author":{"gitId":"noellimx"},"content":"    ERROR_COMMAND_EXECUTION","lastModifiedDate":"2021-09-02"},{"lineNumber":10,"author":{"gitId":"noellimx"},"content":"}","lastModifiedDate":"2021-09-02"}],"authorContributionMap":{"noellimx":10}},{"path":"src/main/java/duke/dukeUtility/validator/TextCommandValidator.java","fileType":"java","lines":[{"lineNumber":1,"author":{"gitId":"noellimx"},"content":"package duke.dukeUtility.validator;","lastModifiedDate":"2021-09-21"},{"lineNumber":2,"author":{"gitId":"noellimx"},"content":"","lastModifiedDate":"2021-09-02"},{"lineNumber":3,"author":{"gitId":"noellimx"},"content":"import static duke.dukeUtility.definition.CommandPromptsAndOptions.*;","lastModifiedDate":"2021-09-21"},{"lineNumber":4,"author":{"gitId":"noellimx"},"content":"/**","lastModifiedDate":"2021-09-02"},{"lineNumber":5,"author":{"gitId":"noellimx"},"content":" * Text Command Validation methods","lastModifiedDate":"2021-09-02"},{"lineNumber":6,"author":{"gitId":"noellimx"},"content":" */","lastModifiedDate":"2021-09-02"},{"lineNumber":7,"author":{"gitId":"noellimx"},"content":"public class TextCommandValidator {","lastModifiedDate":"2021-09-02"},{"lineNumber":8,"author":{"gitId":"noellimx"},"content":"    public static Boolean isRequestExitLoop(String text) {","lastModifiedDate":"2021-09-02"},{"lineNumber":9,"author":{"gitId":"noellimx"},"content":"        return text.equals(PROMPT_EXIT);","lastModifiedDate":"2021-09-02"},{"lineNumber":10,"author":{"gitId":"noellimx"},"content":"    }","lastModifiedDate":"2021-09-02"},{"lineNumber":11,"author":{"gitId":"noellimx"},"content":"}","lastModifiedDate":"2021-09-02"}],"authorContributionMap":{"noellimx":11}},{"path":"src/test/java/duke/level/Increment_00_Test.java","fileType":"java","lines":[{"lineNumber":1,"author":{"gitId":"noellimx"},"content":"","lastModifiedDate":"2021-09-21"},{"lineNumber":2,"author":{"gitId":"noellimx"},"content":"","lastModifiedDate":"2021-09-21"},{"lineNumber":3,"author":{"gitId":"noellimx"},"content":"package duke.level;","lastModifiedDate":"2021-09-21"},{"lineNumber":4,"author":{"gitId":"noellimx"},"content":"","lastModifiedDate":"2021-09-21"},{"lineNumber":5,"author":{"gitId":"noellimx"},"content":"import duke.Ui;","lastModifiedDate":"2021-09-21"},{"lineNumber":6,"author":{"gitId":"noellimx"},"content":"import duke.testHelper.TestStream;","lastModifiedDate":"2021-09-21"},{"lineNumber":7,"author":{"gitId":"noellimx"},"content":"import duke.testHelper.help.OutputUnderTest;","lastModifiedDate":"2021-09-21"},{"lineNumber":8,"author":{"gitId":"noellimx"},"content":"import org.junit.jupiter.api.Test;","lastModifiedDate":"2021-09-21"},{"lineNumber":9,"author":{"gitId":"noellimx"},"content":"","lastModifiedDate":"2021-09-21"},{"lineNumber":10,"author":{"gitId":"noellimx"},"content":"import static org.junit.jupiter.api.Assertions.assertEquals;","lastModifiedDate":"2021-09-21"},{"lineNumber":11,"author":{"gitId":"noellimx"},"content":"","lastModifiedDate":"2021-09-21"},{"lineNumber":12,"author":{"gitId":"noellimx"},"content":"/**","lastModifiedDate":"2021-09-21"},{"lineNumber":13,"author":{"gitId":"noellimx"},"content":" * Implement an initial skeletal version of the Duke that simply greets the user and exits.","lastModifiedDate":"2021-09-21"},{"lineNumber":14,"author":{"gitId":"noellimx"},"content":" * \u003cp\u003e","lastModifiedDate":"2021-09-21"},{"lineNumber":15,"author":{"gitId":"noellimx"},"content":" *","lastModifiedDate":"2021-09-21"},{"lineNumber":16,"author":{"gitId":"noellimx"},"content":" * @see \u003ca href\u003d\"https://nus-tic2002-2021.github.io/website/se-book-adapted/projectDuke/index.html#level-0-greet\"\u003eLevel-0\u003c/a\u003e","lastModifiedDate":"2021-09-21"},{"lineNumber":17,"author":{"gitId":"noellimx"},"content":" */","lastModifiedDate":"2021-09-21"},{"lineNumber":18,"author":{"gitId":"noellimx"},"content":"","lastModifiedDate":"2021-09-21"},{"lineNumber":19,"author":{"gitId":"noellimx"},"content":"public class Increment_00_Test extends TestStream {","lastModifiedDate":"2021-09-21"},{"lineNumber":20,"author":{"gitId":"noellimx"},"content":"    /**","lastModifiedDate":"2021-09-21"},{"lineNumber":21,"author":{"gitId":"noellimx"},"content":"     * Orchestrator should display entry and exit message and terminates gently.","lastModifiedDate":"2021-09-21"},{"lineNumber":22,"author":{"gitId":"noellimx"},"content":"     */","lastModifiedDate":"2021-09-21"},{"lineNumber":23,"author":{"gitId":"noellimx"},"content":"    @Test","lastModifiedDate":"2021-09-21"},{"lineNumber":24,"author":{"gitId":"noellimx"},"content":"    public void TestGreetAndExit() {","lastModifiedDate":"2021-09-21"},{"lineNumber":25,"author":{"gitId":"noellimx"},"content":"        String expectedEntryMessage \u003d OutputUnderTest.getMsgUnderTestEntry();","lastModifiedDate":"2021-09-21"},{"lineNumber":26,"author":{"gitId":"noellimx"},"content":"        String expectedExitMessage \u003d OutputUnderTest.getMsgUnderTestTerminate();","lastModifiedDate":"2021-09-21"},{"lineNumber":27,"author":{"gitId":"noellimx"},"content":"        String expectedOutput \u003d expectedEntryMessage + expectedExitMessage;","lastModifiedDate":"2021-09-21"},{"lineNumber":28,"author":{"gitId":"noellimx"},"content":"        Ui ui \u003d new Ui(this.getPrintStream());","lastModifiedDate":"2021-09-21"},{"lineNumber":29,"author":{"gitId":"noellimx"},"content":"        ui.printEntryMessage();","lastModifiedDate":"2021-09-21"},{"lineNumber":30,"author":{"gitId":"noellimx"},"content":"        ui.printTerminateMessage();","lastModifiedDate":"2021-09-21"},{"lineNumber":31,"author":{"gitId":"noellimx"},"content":"        assertEquals(expectedOutput, this.getOutput());","lastModifiedDate":"2021-09-21"},{"lineNumber":32,"author":{"gitId":"noellimx"},"content":"    }","lastModifiedDate":"2021-09-21"},{"lineNumber":33,"author":{"gitId":"noellimx"},"content":"","lastModifiedDate":"2021-09-21"},{"lineNumber":34,"author":{"gitId":"noellimx"},"content":"}","lastModifiedDate":"2021-09-21"}],"authorContributionMap":{"noellimx":34}},{"path":"src/test/java/duke/level/Increment_01_Test.java","fileType":"java","lines":[{"lineNumber":1,"author":{"gitId":"noellimx"},"content":"package duke.level;","lastModifiedDate":"2021-09-21"},{"lineNumber":2,"author":{"gitId":"noellimx"},"content":"","lastModifiedDate":"2021-09-02"},{"lineNumber":3,"author":{"gitId":"noellimx"},"content":"import duke.Main;","lastModifiedDate":"2021-09-21"},{"lineNumber":4,"author":{"gitId":"noellimx"},"content":"import duke.Ui;","lastModifiedDate":"2021-09-21"},{"lineNumber":5,"author":{"gitId":"noellimx"},"content":"import duke.testHelper.TestStream;","lastModifiedDate":"2021-09-21"},{"lineNumber":6,"author":{"gitId":"noellimx"},"content":"import org.junit.jupiter.api.Test;","lastModifiedDate":"2021-09-21"},{"lineNumber":7,"author":{"gitId":"noellimx"},"content":"","lastModifiedDate":"2021-09-21"},{"lineNumber":8,"author":{"gitId":"noellimx"},"content":"import java.io.ByteArrayInputStream;","lastModifiedDate":"2021-09-02"},{"lineNumber":9,"author":{"gitId":"noellimx"},"content":"","lastModifiedDate":"2021-09-02"},{"lineNumber":10,"author":{"gitId":"noellimx"},"content":"import static duke.testHelper.help.TextCommandUnderTest.*;","lastModifiedDate":"2021-09-21"},{"lineNumber":11,"author":{"gitId":"noellimx"},"content":"import static duke.testHelper.help.OutputUnderTest.*;","lastModifiedDate":"2021-09-21"},{"lineNumber":12,"author":{"gitId":"noellimx"},"content":"import static org.junit.jupiter.api.Assertions.assertEquals;","lastModifiedDate":"2021-09-21"},{"lineNumber":13,"author":{"gitId":"noellimx"},"content":"","lastModifiedDate":"2021-09-02"},{"lineNumber":14,"author":{"gitId":"noellimx"},"content":"/**","lastModifiedDate":"2021-09-02"},{"lineNumber":15,"author":{"gitId":"noellimx"},"content":" * Implement a skeletal version of Duke that starts by greeting the user,","lastModifiedDate":"2021-09-02"},{"lineNumber":16,"author":{"gitId":"noellimx"},"content":" * simply echos commands entered by the user, and exits when the user types bye.","lastModifiedDate":"2021-09-02"},{"lineNumber":17,"author":{"gitId":"noellimx"},"content":" * \u003cp\u003e","lastModifiedDate":"2021-09-02"},{"lineNumber":18,"author":{"gitId":"noellimx"},"content":" *","lastModifiedDate":"2021-09-02"},{"lineNumber":19,"author":{"gitId":"noellimx"},"content":" * @see \u003ca href\u003d\"https://nus-tic2002-2021.github.io/website/se-book-adapted/projectDuke/index.html#level-1-greet-echo-exit\"\u003eLevel-1\u003c/a\u003e","lastModifiedDate":"2021-09-02"},{"lineNumber":20,"author":{"gitId":"noellimx"},"content":" */","lastModifiedDate":"2021-09-02"},{"lineNumber":21,"author":{"gitId":"noellimx"},"content":"public class Increment_01_Test extends TestStream {","lastModifiedDate":"2021-09-02"},{"lineNumber":22,"author":{"gitId":"noellimx"},"content":"","lastModifiedDate":"2021-09-21"},{"lineNumber":23,"author":{"gitId":"noellimx"},"content":"    @Test","lastModifiedDate":"2021-09-02"},{"lineNumber":24,"author":{"gitId":"noellimx"},"content":"    public void TestLevel1GreetEchoExit() throws Exception {","lastModifiedDate":"2021-09-02"},{"lineNumber":25,"author":{"gitId":"noellimx"},"content":"        StringBuilder commandBuilder \u003d new StringBuilder();","lastModifiedDate":"2021-09-02"},{"lineNumber":26,"author":{"gitId":"noellimx"},"content":"","lastModifiedDate":"2021-09-02"},{"lineNumber":27,"author":{"gitId":"noellimx"},"content":"        String echoText1 \u003d \"shouldEchoThisBack\";","lastModifiedDate":"2021-09-02"},{"lineNumber":28,"author":{"gitId":"noellimx"},"content":"        String echoText2 \u003d \"shouldECHOTHISBACK\";","lastModifiedDate":"2021-09-02"},{"lineNumber":29,"author":{"gitId":"noellimx"},"content":"","lastModifiedDate":"2021-09-02"},{"lineNumber":30,"author":{"gitId":"noellimx"},"content":"        String echoCommand1 \u003d generateTextCommandFullTextAsEcho(echoText1);","lastModifiedDate":"2021-09-02"},{"lineNumber":31,"author":{"gitId":"noellimx"},"content":"        String echoCommand2 \u003d generateTextCommandFullTextAsEcho(echoText2);","lastModifiedDate":"2021-09-02"},{"lineNumber":32,"author":{"gitId":"noellimx"},"content":"        String exitCommand \u003d generateTextCommandExit(PROMPT_UNDER_TEST_EXIT_LOOP);","lastModifiedDate":"2021-09-02"},{"lineNumber":33,"author":{"gitId":"noellimx"},"content":"","lastModifiedDate":"2021-09-02"},{"lineNumber":34,"author":{"gitId":"noellimx"},"content":"        commandBuilder.append(echoCommand1);","lastModifiedDate":"2021-09-02"},{"lineNumber":35,"author":{"gitId":"noellimx"},"content":"        commandBuilder.append(echoCommand2);","lastModifiedDate":"2021-09-02"},{"lineNumber":36,"author":{"gitId":"noellimx"},"content":"        commandBuilder.append(exitCommand);","lastModifiedDate":"2021-09-02"},{"lineNumber":37,"author":{"gitId":"noellimx"},"content":"        System.setIn(new ByteArrayInputStream(commandBuilder.toString().getBytes()));","lastModifiedDate":"2021-09-02"},{"lineNumber":38,"author":{"gitId":"noellimx"},"content":"","lastModifiedDate":"2021-09-02"},{"lineNumber":39,"author":{"gitId":"noellimx"},"content":"        String expectedExitMessage \u003d getMsgUnderTestTerminate();","lastModifiedDate":"2021-09-02"},{"lineNumber":40,"author":{"gitId":"noellimx"},"content":"","lastModifiedDate":"2021-09-02"},{"lineNumber":41,"author":{"gitId":"noellimx"},"content":"        String expectedOutputResponse \u003d getMsgUnderTestEntry() + getMsgUnderTestBeginInputLoop() + getMsgUnderTestResponseEcho(echoText1) + getMsgUnderTestResponseEcho(echoText2) + getMsgUnderTestExitLoop() + expectedExitMessage;","lastModifiedDate":"2021-09-02"},{"lineNumber":42,"author":{"gitId":"noellimx"},"content":"        Main.run(this.getPrintStream());","lastModifiedDate":"2021-09-21"},{"lineNumber":43,"author":{"gitId":"noellimx"},"content":"","lastModifiedDate":"2021-09-21"},{"lineNumber":44,"author":{"gitId":"noellimx"},"content":"        assertEquals(expectedOutputResponse, this.getOutput());","lastModifiedDate":"2021-09-02"},{"lineNumber":45,"author":{"gitId":"noellimx"},"content":"    }","lastModifiedDate":"2021-09-02"},{"lineNumber":46,"author":{"gitId":"noellimx"},"content":"}","lastModifiedDate":"2021-09-02"}],"authorContributionMap":{"noellimx":46}},{"path":"src/test/java/duke/testHelper/TestStream.java","fileType":"java","lines":[{"lineNumber":1,"author":{"gitId":"noellimx"},"content":"package duke.testHelper;","lastModifiedDate":"2021-09-21"},{"lineNumber":2,"author":{"gitId":"noellimx"},"content":"","lastModifiedDate":"2021-09-21"},{"lineNumber":3,"author":{"gitId":"noellimx"},"content":"","lastModifiedDate":"2021-09-21"},{"lineNumber":4,"author":{"gitId":"noellimx"},"content":"","lastModifiedDate":"2021-09-21"},{"lineNumber":5,"author":{"gitId":"noellimx"},"content":"import java.io.ByteArrayOutputStream;","lastModifiedDate":"2021-09-21"},{"lineNumber":6,"author":{"gitId":"noellimx"},"content":"import java.io.PrintStream;","lastModifiedDate":"2021-09-21"},{"lineNumber":7,"author":{"gitId":"noellimx"},"content":"","lastModifiedDate":"2021-09-21"},{"lineNumber":8,"author":{"gitId":"noellimx"},"content":"import org.junit.jupiter.api.AfterEach;","lastModifiedDate":"2021-09-21"},{"lineNumber":9,"author":{"gitId":"noellimx"},"content":"import org.junit.jupiter.api.BeforeEach;","lastModifiedDate":"2021-09-21"},{"lineNumber":10,"author":{"gitId":"noellimx"},"content":"","lastModifiedDate":"2021-09-21"},{"lineNumber":11,"author":{"gitId":"noellimx"},"content":"public class TestStream {","lastModifiedDate":"2021-09-21"},{"lineNumber":12,"author":{"gitId":"noellimx"},"content":"","lastModifiedDate":"2021-09-21"},{"lineNumber":13,"author":{"gitId":"noellimx"},"content":"    private ByteArrayOutputStream outputStreamCaptor;","lastModifiedDate":"2021-09-21"},{"lineNumber":14,"author":{"gitId":"noellimx"},"content":"    private PrintStream printStream;","lastModifiedDate":"2021-09-21"},{"lineNumber":15,"author":{"gitId":"noellimx"},"content":"","lastModifiedDate":"2021-09-21"},{"lineNumber":16,"author":{"gitId":"noellimx"},"content":"    protected PrintStream getPrintStream() {","lastModifiedDate":"2021-09-21"},{"lineNumber":17,"author":{"gitId":"noellimx"},"content":"        return this.printStream;","lastModifiedDate":"2021-09-21"},{"lineNumber":18,"author":{"gitId":"noellimx"},"content":"    }","lastModifiedDate":"2021-09-21"},{"lineNumber":19,"author":{"gitId":"noellimx"},"content":"","lastModifiedDate":"2021-09-21"},{"lineNumber":20,"author":{"gitId":"noellimx"},"content":"    protected void setPrintStream(PrintStream ps) {","lastModifiedDate":"2021-09-21"},{"lineNumber":21,"author":{"gitId":"noellimx"},"content":"        this.printStream \u003d ps;","lastModifiedDate":"2021-09-21"},{"lineNumber":22,"author":{"gitId":"noellimx"},"content":"    }","lastModifiedDate":"2021-09-21"},{"lineNumber":23,"author":{"gitId":"noellimx"},"content":"","lastModifiedDate":"2021-09-21"},{"lineNumber":24,"author":{"gitId":"noellimx"},"content":"    protected void setOutputStreamCaptor(ByteArrayOutputStream baos) {","lastModifiedDate":"2021-09-21"},{"lineNumber":25,"author":{"gitId":"noellimx"},"content":"        this.outputStreamCaptor \u003d baos;","lastModifiedDate":"2021-09-21"},{"lineNumber":26,"author":{"gitId":"noellimx"},"content":"    }","lastModifiedDate":"2021-09-21"},{"lineNumber":27,"author":{"gitId":"noellimx"},"content":"","lastModifiedDate":"2021-09-21"},{"lineNumber":28,"author":{"gitId":"noellimx"},"content":"    protected ByteArrayOutputStream getOutputStreamCaptor() {","lastModifiedDate":"2021-09-21"},{"lineNumber":29,"author":{"gitId":"noellimx"},"content":"        return this.outputStreamCaptor;","lastModifiedDate":"2021-09-21"},{"lineNumber":30,"author":{"gitId":"noellimx"},"content":"    }","lastModifiedDate":"2021-09-21"},{"lineNumber":31,"author":{"gitId":"noellimx"},"content":"","lastModifiedDate":"2021-09-21"},{"lineNumber":32,"author":{"gitId":"noellimx"},"content":"    // helper class","lastModifiedDate":"2021-09-21"},{"lineNumber":33,"author":{"gitId":"noellimx"},"content":"    protected String getOutput() {","lastModifiedDate":"2021-09-21"},{"lineNumber":34,"author":{"gitId":"noellimx"},"content":"        return this.outputStreamCaptor.toString();","lastModifiedDate":"2021-09-21"},{"lineNumber":35,"author":{"gitId":"noellimx"},"content":"    }","lastModifiedDate":"2021-09-21"},{"lineNumber":36,"author":{"gitId":"noellimx"},"content":"","lastModifiedDate":"2021-09-21"},{"lineNumber":37,"author":{"gitId":"noellimx"},"content":"    @BeforeEach","lastModifiedDate":"2021-09-21"},{"lineNumber":38,"author":{"gitId":"noellimx"},"content":"    public void setOutputStream() {","lastModifiedDate":"2021-09-21"},{"lineNumber":39,"author":{"gitId":"noellimx"},"content":"        this.setOutputStreamCaptor(new ByteArrayOutputStream());","lastModifiedDate":"2021-09-21"},{"lineNumber":40,"author":{"gitId":"noellimx"},"content":"        this.setPrintStream(new PrintStream(this.getOutputStreamCaptor()));","lastModifiedDate":"2021-09-21"},{"lineNumber":41,"author":{"gitId":"noellimx"},"content":"    }","lastModifiedDate":"2021-09-21"},{"lineNumber":42,"author":{"gitId":"noellimx"},"content":"","lastModifiedDate":"2021-09-21"},{"lineNumber":43,"author":{"gitId":"noellimx"},"content":"    @AfterEach","lastModifiedDate":"2021-09-21"},{"lineNumber":44,"author":{"gitId":"noellimx"},"content":"    public void unsetStreams() {","lastModifiedDate":"2021-09-21"},{"lineNumber":45,"author":{"gitId":"noellimx"},"content":"        this.setOutputStreamCaptor(null);","lastModifiedDate":"2021-09-21"},{"lineNumber":46,"author":{"gitId":"noellimx"},"content":"        this.setPrintStream(null);","lastModifiedDate":"2021-09-21"},{"lineNumber":47,"author":{"gitId":"noellimx"},"content":"    }","lastModifiedDate":"2021-09-21"},{"lineNumber":48,"author":{"gitId":"noellimx"},"content":"}","lastModifiedDate":"2021-09-21"}],"authorContributionMap":{"noellimx":48}},{"path":"src/test/java/duke/testHelper/help/OutputUnderTest.java","fileType":"java","lines":[{"lineNumber":1,"author":{"gitId":"noellimx"},"content":"package duke.testHelper.help;","lastModifiedDate":"2021-09-21"},{"lineNumber":2,"author":{"gitId":"noellimx"},"content":"","lastModifiedDate":"2021-09-21"},{"lineNumber":3,"author":{"gitId":"noellimx"},"content":"public class OutputUnderTest {","lastModifiedDate":"2021-09-21"},{"lineNumber":4,"author":{"gitId":"noellimx"},"content":"    private static String LOGO \u003d \" _                   _                                _             \"","lastModifiedDate":"2021-09-21"},{"lineNumber":5,"author":{"gitId":"noellimx"},"content":"            + System.lineSeparator()","lastModifiedDate":"2021-09-21"},{"lineNumber":6,"author":{"gitId":"noellimx"},"content":"            + \"| |                 | |                              | |                \"","lastModifiedDate":"2021-09-21"},{"lineNumber":7,"author":{"gitId":"noellimx"},"content":"            + System.lineSeparator()","lastModifiedDate":"2021-09-21"},{"lineNumber":8,"author":{"gitId":"noellimx"},"content":"            + \"| |_    __ _   ___  | | __  _ __ ___     __ _   ___  | |_    ___   _ __ \"","lastModifiedDate":"2021-09-21"},{"lineNumber":9,"author":{"gitId":"noellimx"},"content":"            + System.lineSeparator()","lastModifiedDate":"2021-09-21"},{"lineNumber":10,"author":{"gitId":"noellimx"},"content":"            + \"| __|  / _` | / __| | |/ / | \u0027_ ` _ \\\\   / _` | / __| | __|  / _ \\\\ | \u0027__|\"","lastModifiedDate":"2021-09-21"},{"lineNumber":11,"author":{"gitId":"noellimx"},"content":"            + System.lineSeparator()","lastModifiedDate":"2021-09-21"},{"lineNumber":12,"author":{"gitId":"noellimx"},"content":"            + \"| |_  | (_| | \\\\__ \\\\ |   \u003c  | | | | | | | (_| | \\\\__ \\\\ | |_  |  __/ | |   \"","lastModifiedDate":"2021-09-21"},{"lineNumber":13,"author":{"gitId":"noellimx"},"content":"            + System.lineSeparator()","lastModifiedDate":"2021-09-21"},{"lineNumber":14,"author":{"gitId":"noellimx"},"content":"            + \" \\\\__|  \\\\__,_| |___/ |_|\\\\_\\\\ |_| |_| |_|  \\\\__,_| |___/  \\\\__|  \\\\___| |_|  \"","lastModifiedDate":"2021-09-21"},{"lineNumber":15,"author":{"gitId":"noellimx"},"content":"            + System.lineSeparator();","lastModifiedDate":"2021-09-21"},{"lineNumber":16,"author":{"gitId":"noellimx"},"content":"","lastModifiedDate":"2021-09-21"},{"lineNumber":17,"author":{"gitId":"noellimx"},"content":"    private static String PREFIX_ECHO \u003d \"Echoed after you: \";","lastModifiedDate":"2021-09-21"},{"lineNumber":18,"author":{"gitId":"noellimx"},"content":"    private static String PREFIX_ADDED_TO_DO \u003d \"Added To Do: \";","lastModifiedDate":"2021-09-21"},{"lineNumber":19,"author":{"gitId":"noellimx"},"content":"    private static String RESPONSE_TERMINATOR_UNDER_TEST \u003d \"\\t\\t\\t\\t\\t\\t\\t\\t -\" + System.lineSeparator();","lastModifiedDate":"2021-09-21"},{"lineNumber":20,"author":{"gitId":"noellimx"},"content":"","lastModifiedDate":"2021-09-21"},{"lineNumber":21,"author":{"gitId":"noellimx"},"content":"    public static String getMsgUnderTestEntry() {","lastModifiedDate":"2021-09-21"},{"lineNumber":22,"author":{"gitId":"noellimx"},"content":"        return \"Hello from\" + System.lineSeparator() + LOGO;","lastModifiedDate":"2021-09-21"},{"lineNumber":23,"author":{"gitId":"noellimx"},"content":"    }","lastModifiedDate":"2021-09-21"},{"lineNumber":24,"author":{"gitId":"noellimx"},"content":"    public static String getMsgUnderTestTerminate() {","lastModifiedDate":"2021-09-21"},{"lineNumber":25,"author":{"gitId":"noellimx"},"content":"        return \"See you again!\" + System.lineSeparator();","lastModifiedDate":"2021-09-21"},{"lineNumber":26,"author":{"gitId":"noellimx"},"content":"    }","lastModifiedDate":"2021-09-21"},{"lineNumber":27,"author":{"gitId":"noellimx"},"content":"    public static String getMsgUnderTestBeginInputLoop() {","lastModifiedDate":"2021-09-21"},{"lineNumber":28,"author":{"gitId":"noellimx"},"content":"        return \"How can i help you? (See docs for usage)\" + System.lineSeparator();","lastModifiedDate":"2021-09-21"},{"lineNumber":29,"author":{"gitId":"noellimx"},"content":"    }","lastModifiedDate":"2021-09-21"},{"lineNumber":30,"author":{"gitId":"noellimx"},"content":"    public static String getMsgUnderTestResponseEcho(String echoText) {","lastModifiedDate":"2021-09-21"},{"lineNumber":31,"author":{"gitId":"noellimx"},"content":"        return PREFIX_ECHO + echoText + System.lineSeparator() + RESPONSE_TERMINATOR_UNDER_TEST;","lastModifiedDate":"2021-09-21"},{"lineNumber":32,"author":{"gitId":"noellimx"},"content":"    }","lastModifiedDate":"2021-09-21"},{"lineNumber":33,"author":{"gitId":"noellimx"},"content":"    public static String getMsgUnderTestExitLoop() {","lastModifiedDate":"2021-09-21"},{"lineNumber":34,"author":{"gitId":"noellimx"},"content":"        return \"ok bye\" + System.lineSeparator() + RESPONSE_TERMINATOR_UNDER_TEST;","lastModifiedDate":"2021-09-21"},{"lineNumber":35,"author":{"gitId":"noellimx"},"content":"    }","lastModifiedDate":"2021-09-21"},{"lineNumber":36,"author":{"gitId":"noellimx"},"content":"}","lastModifiedDate":"2021-09-21"}],"authorContributionMap":{"noellimx":36}},{"path":"src/test/java/duke/testHelper/help/TextCommandUnderTest.java","fileType":"java","lines":[{"lineNumber":1,"author":{"gitId":"noellimx"},"content":"package duke.testHelper.help;","lastModifiedDate":"2021-09-21"},{"lineNumber":2,"author":{"gitId":"noellimx"},"content":"","lastModifiedDate":"2021-09-21"},{"lineNumber":3,"author":{"gitId":"noellimx"},"content":"public class TextCommandUnderTest {","lastModifiedDate":"2021-09-21"},{"lineNumber":4,"author":{"gitId":"noellimx"},"content":"    public static final String PROMPT_UNDER_TEST_EXIT_LOOP \u003d \"bye\";","lastModifiedDate":"2021-09-21"},{"lineNumber":5,"author":{"gitId":"noellimx"},"content":"","lastModifiedDate":"2021-09-21"},{"lineNumber":6,"author":{"gitId":"noellimx"},"content":"    private static String singleArgumentCommand(String text) {","lastModifiedDate":"2021-09-21"},{"lineNumber":7,"author":{"gitId":"noellimx"},"content":"        return text + System.lineSeparator();","lastModifiedDate":"2021-09-21"},{"lineNumber":8,"author":{"gitId":"noellimx"},"content":"    }","lastModifiedDate":"2021-09-21"},{"lineNumber":9,"author":{"gitId":"noellimx"},"content":"","lastModifiedDate":"2021-09-21"},{"lineNumber":10,"author":{"gitId":"noellimx"},"content":"    public static String generateTextCommandExit(String invoke) {","lastModifiedDate":"2021-09-21"},{"lineNumber":11,"author":{"gitId":"noellimx"},"content":"        return singleArgumentCommand(invoke);","lastModifiedDate":"2021-09-21"},{"lineNumber":12,"author":{"gitId":"noellimx"},"content":"    }","lastModifiedDate":"2021-09-21"},{"lineNumber":13,"author":{"gitId":"noellimx"},"content":"    public static String generateTextCommandFullTextAsEcho(String text) {","lastModifiedDate":"2021-09-21"},{"lineNumber":14,"author":{"gitId":"noellimx"},"content":"        return singleArgumentCommand(text);","lastModifiedDate":"2021-09-21"},{"lineNumber":15,"author":{"gitId":"noellimx"},"content":"    }","lastModifiedDate":"2021-09-21"},{"lineNumber":16,"author":{"gitId":"noellimx"},"content":"}","lastModifiedDate":"2021-09-21"}],"authorContributionMap":{"noellimx":16}},{"path":"src/test/resources/test-input/input.txt","fileType":"txt","lines":[{"lineNumber":1,"author":{"gitId":"noellimx"},"content":"shouldEchoThisBackaa","lastModifiedDate":"2021-09-21"},{"lineNumber":2,"author":{"gitId":"noellimx"},"content":"shouldECHOTHISBACK","lastModifiedDate":"2021-09-21"},{"lineNumber":3,"author":{"gitId":"noellimx"},"content":"bye","lastModifiedDate":"2021-09-21"}],"authorContributionMap":{"noellimx":3}},{"path":"src/test/resources/test-output/expected.txt","fileType":"txt","lines":[{"lineNumber":1,"author":{"gitId":"noellimx"},"content":"Hello from","lastModifiedDate":"2021-09-21"},{"lineNumber":2,"author":{"gitId":"noellimx"},"content":" _                   _                                _             ","lastModifiedDate":"2021-09-21"},{"lineNumber":3,"author":{"gitId":"noellimx"},"content":"| |                 | |                              | |                ","lastModifiedDate":"2021-09-21"},{"lineNumber":4,"author":{"gitId":"noellimx"},"content":"| |_    __ _   ___  | | __  _ __ ___     __ _   ___  | |_    ___   _ __ ","lastModifiedDate":"2021-09-21"},{"lineNumber":5,"author":{"gitId":"noellimx"},"content":"| __|  / _` | / __| | |/ / | \u0027_ ` _ \\   / _` | / __| | __|  / _ \\ | \u0027__|","lastModifiedDate":"2021-09-21"},{"lineNumber":6,"author":{"gitId":"noellimx"},"content":"| |_  | (_| | \\__ \\ |   \u003c  | | | | | | | (_| | \\__ \\ | |_  |  __/ | |   ","lastModifiedDate":"2021-09-21"},{"lineNumber":7,"author":{"gitId":"noellimx"},"content":" \\__|  \\__,_| |___/ |_|\\_\\ |_| |_| |_|  \\__,_| |___/  \\__|  \\___| |_|  ","lastModifiedDate":"2021-09-21"},{"lineNumber":8,"author":{"gitId":"noellimx"},"content":"How can i help you? (See docs for usage)","lastModifiedDate":"2021-09-21"},{"lineNumber":9,"author":{"gitId":"noellimx"},"content":"Echoed after you: shouldEchoThisBackaa","lastModifiedDate":"2021-09-21"},{"lineNumber":10,"author":{"gitId":"noellimx"},"content":"\t\t\t\t\t\t\t\t -","lastModifiedDate":"2021-09-21"},{"lineNumber":11,"author":{"gitId":"noellimx"},"content":"Echoed after you: shouldECHOTHISBACK","lastModifiedDate":"2021-09-21"},{"lineNumber":12,"author":{"gitId":"noellimx"},"content":"\t\t\t\t\t\t\t\t -","lastModifiedDate":"2021-09-21"},{"lineNumber":13,"author":{"gitId":"noellimx"},"content":"ok bye","lastModifiedDate":"2021-09-21"},{"lineNumber":14,"author":{"gitId":"noellimx"},"content":"\t\t\t\t\t\t\t\t -","lastModifiedDate":"2021-09-21"},{"lineNumber":15,"author":{"gitId":"noellimx"},"content":"See you again!","lastModifiedDate":"2021-09-21"}],"authorContributionMap":{"noellimx":15}}]
