{"authorDailyContributionsMap":{"noellimx":[{"date":"2021-08-31","commitResults":[{"hash":"0d1c263b1cc2df5a813da989758796946eedc3ed","messageTitle":"First pull - Add maven support - File Tree skeleton - basic readme","messageBody":"","fileTypesAndContributionMap":{"txt":{"insertions":0,"deletions":0},"java":{"insertions":8,"deletions":10},"bat":{"insertions":0,"deletions":21},"sh":{"insertions":0,"deletions":38},"md":{"insertions":86,"deletions":50}}}]},{"date":"2021-09-01","commitResults":[{"hash":"6dc07a9b948047b0040bc561e9973b7524313681","messageTitle":"- update READMEs - remove CHANGELOG.md - update todo objectives","messageBody":"","fileTypesAndContributionMap":{"md":{"insertions":34,"deletions":4}}},{"hash":"2d1a28be1e590d8ec37731a638d13cec81dbda71","messageTitle":"- setup test","messageBody":"","fileTypesAndContributionMap":{"java":{"insertions":103,"deletions":0}}},{"hash":"956e85ecdc54a27ef4974e5ead6c687bbcf6df38","messageTitle":"- + managers (composite of orchestrator class)","messageBody":"","fileTypesAndContributionMap":{"java":{"insertions":47,"deletions":0}}},{"hash":"922d92959e3328079b8d14562ae1041203775245","messageTitle":"- + orchestrator level 0","messageBody":"","fileTypesAndContributionMap":{"java":{"insertions":67,"deletions":0}}},{"hash":"dd55782215e5c1d00ad51f16a17490c6b71bcaf0","messageTitle":"- tidy up","messageBody":"","fileTypesAndContributionMap":{"java":{"insertions":7,"deletions":1},"md":{"insertions":3,"deletions":3}}}]},{"date":"2021-09-02","commitResults":[{"hash":"1943663eb34874f4cb63ef3b8ba79f35613948ca","messageTitle":"level-01 - set objectives - rename /docs/README.md \u003e /docs/CHANGELOG.md - update /README.md","messageBody":"","fileTypesAndContributionMap":{"md":{"insertions":13,"deletions":6}}},{"hash":"7a12ae7ca5e07c4f009b5452035bee201e3215bc","messageTitle":"level-01 - setup test","messageBody":"","fileTypesAndContributionMap":{"java":{"insertions":75,"deletions":0}}},{"hash":"b73440b940f2281db18e13d43f094c8a0f025220","messageTitle":"level-01 - Add Command Class. Operates on constructor arguments and stores result.","messageBody":"","fileTypesAndContributionMap":{"java":{"insertions":81,"deletions":0}}},{"hash":"b6a454270746efedaaf650066a3392bfcb1bc5bd","messageTitle":"level-01 - Add UxCommandFactory class. Assist managers (primarily UxManager) in executing commands.","messageBody":"","fileTypesAndContributionMap":{"java":{"insertions":43,"deletions":0}}},{"hash":"80e0c2cbb706c33c8078bef6c524e2773f792e61","messageTitle":"level-01 - Add class UxManager. Manages input and output streams.","messageBody":"","fileTypesAndContributionMap":{"java":{"insertions":67,"deletions":11}}},{"hash":"6e5f9c80b9d8789fbd91bc6cc803337de1e698fc","messageTitle":"level-01 - Add class OrchestratorLevel01. Entry point for level-01.","messageBody":"","fileTypesAndContributionMap":{"java":{"insertions":51,"deletions":0}}}]},{"date":"2021-09-04","commitResults":[{"hash":"04c7ab836a629296976bae2cce6bbac953411663","messageTitle":"level-01 - respell userInput -\u003e textCommand to reflect input stream can be from other source - tick off todo - update changelog","messageBody":"","tags":["tag-level-1"],"fileTypesAndContributionMap":{"java":{"insertions":5,"deletions":5},"md":{"insertions":7,"deletions":4}}}]},{"date":"2021-09-07","commitResults":[{"hash":"6c2dc4ac6ab68e8ba418bffec53cc52ccb7c71be","messageTitle":"level-02 - set objectives","messageBody":"","fileTypesAndContributionMap":{"md":{"insertions":10,"deletions":3}}},{"hash":"d154cc5a1e0fbf2068494cd09acfa574e75ca4c6","messageTitle":"level-02 - add tests","messageBody":"","fileTypesAndContributionMap":{"java":{"insertions":194,"deletions":0}}},{"hash":"d692440ac681dfcefceeba9d737db437943cdf5c","messageTitle":"level-02 - add ToDo extends Task - add TaskManager with:   - TaskList as object attribute of TaskManager to store collection of tasks   - create new ToDos object","messageBody":"","fileTypesAndContributionMap":{"java":{"insertions":167,"deletions":0}}},{"hash":"545a3086f157660a3cd1435aa4c3be60b2dbea2f","messageTitle":"level-02 - add Command (and its response) capability for:  - adding task  - list tasks of taskManagers","messageBody":"","fileTypesAndContributionMap":{"java":{"insertions":146,"deletions":1}}},{"hash":"43d81ed34feeff4e8b3891c87f509f5a1d65b9ae","messageTitle":"level-02 - UxManager  - add support for new reponse type 1) add todo and 2) list tasks - Custom Command Factory to interprete textCommand","messageBody":"","fileTypesAndContributionMap":{"java":{"insertions":54,"deletions":1}}},{"hash":"71163fd47d4b9a3857665f51193af024c3b9a5aa","messageTitle":"level-02 - tick off todo - update changelog","messageBody":"","fileTypesAndContributionMap":{"java":{"insertions":0,"deletions":1},"md":{"insertions":9,"deletions":5}}},{"hash":"5c8a1b65db709adf4a9336f62162089bead78b06","messageTitle":"level-02 - edit doc","messageBody":"","fileTypesAndContributionMap":{"md":{"insertions":5,"deletions":16}}},{"hash":"d3a72837bdcac97843922e66c1dcfc1e7cd86a6f","messageTitle":"level-03 - set objectives","messageBody":"","fileTypesAndContributionMap":{"md":{"insertions":7,"deletions":6}}},{"hash":"188d0fa210fd195e6e04260b0895789ae55fd7e7","messageTitle":"level-03 - setup test","messageBody":"","fileTypesAndContributionMap":{"java":{"insertions":113,"deletions":1}}},{"hash":"6741444a5c737d3a39f3045d76759a6dba76e5fb","messageTitle":"level-03 - add command capabilities for 1) mark tasks stored in TaskManager objects as done 2) task not found response","messageBody":"","fileTypesAndContributionMap":{"java":{"insertions":62,"deletions":0}}},{"hash":"f916ae30d253e50c489ccc19486da2fa84eba5ca","messageTitle":"level-03 - add support for:  - task update done status response  - validating textCommand requests for 1) mark tasks as done 2) add task todo  - OrchestratorLevel03 with customised CommandFactory","messageBody":"","fileTypesAndContributionMap":{"java":{"insertions":61,"deletions":0}}},{"hash":"6be27be9830b5c96ecc318766f1355a7a451c575","messageTitle":"level-03 - tick off todo, update changelog","messageBody":"","fileTypesAndContributionMap":{"md":{"insertions":7,"deletions":2}}}]},{"date":"2021-09-21","commitResults":[{"hash":"7fec9e99f6ee0390b3fd86b7a24b1d867bd34921","messageTitle":"-","messageBody":"","fileTypesAndContributionMap":{"txt":{"insertions":8,"deletions":0},"java":{"insertions":156,"deletions":8},"sh":{"insertions":40,"deletions":0},"md":{"insertions":17,"deletions":80}}},{"hash":"0c87a3e948e7b164637c227e9c0fdfb2caa95b28","messageTitle":"change test dir and test dependencies","messageBody":"","fileTypesAndContributionMap":{"java":{"insertions":19,"deletions":135}}},{"hash":"f37df7044b7a4323c0b69fefbae3d8dbdfc14eb0","messageTitle":"remove duke.coronet package","messageBody":"","fileTypesAndContributionMap":{"java":{"insertions":0,"deletions":227}}},{"hash":"2b4306dfcbdfa7c41c07ab6fdf902911c91ec96a","messageTitle":"duke.coronet.dukeUtility -\u003e duke.dukeUtility","messageBody":"","fileTypesAndContributionMap":{"java":{"insertions":5,"deletions":5}}},{"hash":"80a4d37fb312eb6c4e0c37c485d33df2941d9775","messageTitle":"duke.coronet.command -\u003e duke.command","messageBody":"","fileTypesAndContributionMap":{"java":{"insertions":36,"deletions":38}}},{"hash":"87227e7c0562fa862a7d908b280e42466350e4d8","messageTitle":"test","messageBody":"","fileTypesAndContributionMap":{"txt":{"insertions":10,"deletions":0},"java":{"insertions":104,"deletions":12}}},{"hash":"e82790b8a8a3e11a0162bea23507174c7b499787","messageTitle":"update docs","messageBody":"","fileTypesAndContributionMap":{"md":{"insertions":9,"deletions":3}}}]},{"date":"2021-09-22","commitResults":[{"hash":"ca4e3f672115dc64884656395279c372b9a04e52","messageTitle":"refactor with core test functionality maintained.","messageBody":"","tags":["branch-level-2-conf"],"fileTypesAndContributionMap":{"txt":{"insertions":24,"deletions":0},"java":{"insertions":441,"deletions":640},"sh":{"insertions":40,"deletions":0},"md":{"insertions":25,"deletions":92}}},{"hash":"a77772a565fe4f97d60e1750855251e486a122f2","messageTitle":"- from ca4e3f672115dc64884656395279c372b9a04e52 as merge removed files","messageBody":"","fileTypesAndContributionMap":{"java":{"insertions":65,"deletions":0}}},{"hash":"b9f22283994b131f13ea4bf4c6c010d3175dfbcb","messageTitle":"- add changelog","messageBody":"","fileTypesAndContributionMap":{"md":{"insertions":11,"deletions":1}}},{"hash":"6a89a57958967e6a0c133bf4f76940a621ce0866","messageTitle":"- add test - change task representation as object instead of primitive string (field done flag required)","messageBody":"","fileTypesAndContributionMap":{"java":{"insertions":147,"deletions":19}}},{"hash":"2627c46c59ddebda2efe8fe615c7339a735d60fb","messageTitle":"- comply to test","messageBody":"","fileTypesAndContributionMap":{"java":{"insertions":124,"deletions":40}}},{"hash":"9bd44b06d74f4ce0fadbf7a5c847f86b891f2ad6","messageTitle":"- update readme and todo","messageBody":"","fileTypesAndContributionMap":{"md":{"insertions":9,"deletions":2}}},{"hash":"66a7cbd4d47538076f82914f0506382fe1907058","messageTitle":"- update package level test","messageBody":"","tags":["tag-level-3"],"fileTypesAndContributionMap":{"txt":{"insertions":5,"deletions":2}}}]}]},"authorFileTypeContributionMap":{"noellimx":{"java":1112,"md":75,"fxml":0,"sh":40,"bat":0,"gradle":0,"txt":27}},"authorContributionVariance":{"noellimx":94671.42},"authorDisplayNameMap":{"noellimx":"NOEL..XIAN"}}
