{"authorDailyContributionsMap":{"noellimx":[{"date":"2021-08-31","commitResults":[{"hash":"0d1c263b1cc2df5a813da989758796946eedc3ed","messageTitle":"First pull - Add maven support - File Tree skeleton - basic readme","messageBody":"","fileTypesAndContributionMap":{"txt":{"insertions":0,"deletions":0},"java":{"insertions":8,"deletions":10},"bat":{"insertions":0,"deletions":21},"sh":{"insertions":0,"deletions":38},"md":{"insertions":86,"deletions":50}}}]},{"date":"2021-09-01","commitResults":[{"hash":"6dc07a9b948047b0040bc561e9973b7524313681","messageTitle":"- update READMEs - remove CHANGELOG.md - update todo objectives","messageBody":"","fileTypesAndContributionMap":{"md":{"insertions":34,"deletions":4}}},{"hash":"2d1a28be1e590d8ec37731a638d13cec81dbda71","messageTitle":"- setup test","messageBody":"","fileTypesAndContributionMap":{"java":{"insertions":103,"deletions":0}}},{"hash":"956e85ecdc54a27ef4974e5ead6c687bbcf6df38","messageTitle":"- + managers (composite of orchestrator class)","messageBody":"","fileTypesAndContributionMap":{"java":{"insertions":47,"deletions":0}}},{"hash":"922d92959e3328079b8d14562ae1041203775245","messageTitle":"- + orchestrator level 0","messageBody":"","fileTypesAndContributionMap":{"java":{"insertions":67,"deletions":0}}},{"hash":"dd55782215e5c1d00ad51f16a17490c6b71bcaf0","messageTitle":"- tidy up","messageBody":"","fileTypesAndContributionMap":{"java":{"insertions":7,"deletions":1},"md":{"insertions":3,"deletions":3}}}]},{"date":"2021-09-20","commitResults":[{"hash":"293894f961a0585bc522310dbb9601db6e993354","messageTitle":"level-00","messageBody":"- Simplifying models\n - remove Orchestrator Class\n","fileTypesAndContributionMap":{"java":{"insertions":0,"deletions":78}}},{"hash":"d3e1acd485fe584847ef5d6cea51f763a900f894","messageTitle":"omit tracking list of future increments","messageBody":"","fileTypesAndContributionMap":{"md":{"insertions":2,"deletions":74}}},{"hash":"b9cdcb824b4000a32a920628eeabcf48a4b718d9","messageTitle":"- rename class UxManager -\u003e Ui - rename package duke.coronet -\u003e duke","messageBody":"","fileTypesAndContributionMap":{"java":{"insertions":30,"deletions":26},"md":{"insertions":1,"deletions":1}}},{"hash":"242920268d1c507f6457c206dbf2a967be94eaaa","messageTitle":"- add run script, update readme","messageBody":"","fileTypesAndContributionMap":{"sh":{"insertions":7,"deletions":0},"md":{"insertions":4,"deletions":9}}},{"hash":"dea74cdf3b135542d2d7011477a66ef2395eed62","messageTitle":"- rename package","messageBody":"","fileTypesAndContributionMap":{"sh":{"insertions":5,"deletions":1}}},{"hash":"8127ebf66ea70baa35fd254f8a9f5e676969ddd8","messageTitle":"jUnit v4 -\u003e v5","messageBody":"","fileTypesAndContributionMap":{"java":{"insertions":9,"deletions":6}}},{"hash":"da5b4f8145083ae84b7ef44c8fe17bd651254338","messageTitle":"jUnit v4 -\u003e v5","messageBody":"","fileTypesAndContributionMap":{"java":{"insertions":0,"deletions":1}}},{"hash":"14fd93851f58bed984f8ec4b80cf5b944a4e7d1d","messageTitle":"update deployment test","messageBody":"","fileTypesAndContributionMap":{"txt":{"insertions":8,"deletions":0},"sh":{"insertions":26,"deletions":11},"md":{"insertions":1,"deletions":1}}},{"hash":"4671752087e8f7c813aaebf10ba7c406774e74bf","messageTitle":"update deployment test","messageBody":"","fileTypesAndContributionMap":{"md":{"insertions":3,"deletions":3}}},{"hash":"b8b9a21a3dd0879b96c3429d35d308ea1cd96382","messageTitle":"update deployment test","messageBody":"","fileTypesAndContributionMap":{"sh":{"insertions":15,"deletions":1}}},{"hash":"e97bc9f20e6b5dbca94c0f7bc36662ea9a389fd2","messageTitle":"move Ui class to root dir","messageBody":"","fileTypesAndContributionMap":{"java":{"insertions":3,"deletions":6}}},{"hash":"b75685c686c2a963a2f483ecccbf441d7a5fbfda","messageTitle":"update readme","messageBody":"","fileTypesAndContributionMap":{"md":{"insertions":2,"deletions":15}}},{"hash":"956663760f6623d4f3e7ae76ea7d3e53a0107c47","messageTitle":"update changelog","messageBody":"","fileTypesAndContributionMap":{"md":{"insertions":1,"deletions":5}}},{"hash":"7b249eb60bafc64be80621c81a2775638c95e558","messageTitle":"update changelog","messageBody":"","fileTypesAndContributionMap":{"md":{"insertions":1,"deletions":1}}},{"hash":"c83c696879bdfd3ba6d88ec50d8274378700a713","messageTitle":"update readme","messageBody":"","tags":["tag-level-0"],"fileTypesAndContributionMap":{"md":{"insertions":3,"deletions":2}}}]}]},"authorFileTypeContributionMap":{"noellimx":{"java":156,"md":23,"fxml":0,"sh":40,"bat":0,"gradle":0,"txt":8}},"authorContributionVariance":{"noellimx":5400.1885},"authorDisplayNameMap":{"noellimx":"NOEL..XIAN"}}
