{"authorDailyContributionsMap":{"noellimx":[{"date":"2021-08-31","commitResults":[{"hash":"0d1c263b1cc2df5a813da989758796946eedc3ed","messageTitle":"First pull - Add maven support - File Tree skeleton - basic readme","messageBody":"","tags":["first-pull-request"],"fileTypesAndContributionMap":{"txt":{"insertions":0,"deletions":0},"java":{"insertions":8,"deletions":10},"bat":{"insertions":0,"deletions":21},"sh":{"insertions":0,"deletions":38},"md":{"insertions":86,"deletions":50}}}]},{"date":"2021-09-01","commitResults":[{"hash":"6dc07a9b948047b0040bc561e9973b7524313681","messageTitle":"- update READMEs - remove CHANGELOG.md - update todo objectives","messageBody":"","fileTypesAndContributionMap":{"md":{"insertions":34,"deletions":4}}},{"hash":"2d1a28be1e590d8ec37731a638d13cec81dbda71","messageTitle":"- setup test","messageBody":"","fileTypesAndContributionMap":{"java":{"insertions":103,"deletions":0}}},{"hash":"956e85ecdc54a27ef4974e5ead6c687bbcf6df38","messageTitle":"- + managers (composite of orchestrator class)","messageBody":"","fileTypesAndContributionMap":{"java":{"insertions":47,"deletions":0}}},{"hash":"922d92959e3328079b8d14562ae1041203775245","messageTitle":"- + orchestrator level 0","messageBody":"","fileTypesAndContributionMap":{"java":{"insertions":67,"deletions":0}}},{"hash":"dd55782215e5c1d00ad51f16a17490c6b71bcaf0","messageTitle":"- tidy up","messageBody":"","fileTypesAndContributionMap":{"java":{"insertions":7,"deletions":1},"md":{"insertions":3,"deletions":3}}}]},{"date":"2021-09-02","commitResults":[{"hash":"1943663eb34874f4cb63ef3b8ba79f35613948ca","messageTitle":"level-01 - set objectives - rename /docs/README.md \u003e /docs/CHANGELOG.md - update /README.md","messageBody":"","fileTypesAndContributionMap":{"md":{"insertions":13,"deletions":6}}},{"hash":"7a12ae7ca5e07c4f009b5452035bee201e3215bc","messageTitle":"level-01 - setup test","messageBody":"","fileTypesAndContributionMap":{"java":{"insertions":75,"deletions":0}}},{"hash":"b73440b940f2281db18e13d43f094c8a0f025220","messageTitle":"level-01 - Add Command Class. Operates on constructor arguments and stores result.","messageBody":"","fileTypesAndContributionMap":{"java":{"insertions":81,"deletions":0}}},{"hash":"b6a454270746efedaaf650066a3392bfcb1bc5bd","messageTitle":"level-01 - Add UxCommandFactory class. Assist managers (primarily UxManager) in executing commands.","messageBody":"","fileTypesAndContributionMap":{"java":{"insertions":43,"deletions":0}}},{"hash":"80e0c2cbb706c33c8078bef6c524e2773f792e61","messageTitle":"level-01 - Add class UxManager. Manages input and output streams.","messageBody":"","fileTypesAndContributionMap":{"java":{"insertions":67,"deletions":11}}},{"hash":"6e5f9c80b9d8789fbd91bc6cc803337de1e698fc","messageTitle":"level-01 - Add class OrchestratorLevel01. Entry point for level-01.","messageBody":"","fileTypesAndContributionMap":{"java":{"insertions":51,"deletions":0}}}]},{"date":"2021-09-04","commitResults":[{"hash":"04c7ab836a629296976bae2cce6bbac953411663","messageTitle":"level-01 - respell userInput -\u003e textCommand to reflect input stream can be from other source - tick off todo - update changelog","messageBody":"","tags":["tag-level-1"],"fileTypesAndContributionMap":{"java":{"insertions":5,"deletions":5},"md":{"insertions":7,"deletions":4}}}]},{"date":"2021-09-07","commitResults":[{"hash":"6c2dc4ac6ab68e8ba418bffec53cc52ccb7c71be","messageTitle":"level-02 - set objectives","messageBody":"","fileTypesAndContributionMap":{"md":{"insertions":10,"deletions":3}}},{"hash":"d154cc5a1e0fbf2068494cd09acfa574e75ca4c6","messageTitle":"level-02 - add tests","messageBody":"","fileTypesAndContributionMap":{"java":{"insertions":194,"deletions":0}}},{"hash":"d692440ac681dfcefceeba9d737db437943cdf5c","messageTitle":"level-02 - add ToDo extends Task - add TaskManager with:   - TaskList as object attribute of TaskManager to store collection of tasks   - create new ToDos object","messageBody":"","fileTypesAndContributionMap":{"java":{"insertions":167,"deletions":0}}},{"hash":"545a3086f157660a3cd1435aa4c3be60b2dbea2f","messageTitle":"level-02 - add Command (and its response) capability for:  - adding task  - list tasks of taskManagers","messageBody":"","fileTypesAndContributionMap":{"java":{"insertions":146,"deletions":1}}},{"hash":"43d81ed34feeff4e8b3891c87f509f5a1d65b9ae","messageTitle":"level-02 - UxManager  - add support for new reponse type 1) add todo and 2) list tasks - Custom Command Factory to interprete textCommand","messageBody":"","fileTypesAndContributionMap":{"java":{"insertions":54,"deletions":1}}},{"hash":"71163fd47d4b9a3857665f51193af024c3b9a5aa","messageTitle":"level-02 - tick off todo - update changelog","messageBody":"","fileTypesAndContributionMap":{"java":{"insertions":0,"deletions":1},"md":{"insertions":9,"deletions":5}}},{"hash":"5c8a1b65db709adf4a9336f62162089bead78b06","messageTitle":"level-02 - edit doc","messageBody":"","tags":["tag-level-2"],"fileTypesAndContributionMap":{"md":{"insertions":5,"deletions":16}}}]}]},"authorFileTypeContributionMap":{"noellimx":{"java":1095,"md":127,"fxml":0,"sh":0,"bat":0,"gradle":0,"txt":0}},"authorContributionVariance":{"noellimx":18062.53},"authorDisplayNameMap":{"noellimx":"NOEL..XIAN"}}
