{"authorDailyContributionsMap":{"noellimx":[{"date":"2021-08-31","commitResults":[{"hash":"0d1c263b1cc2df5a813da989758796946eedc3ed","messageTitle":"First pull - Add maven support - File Tree skeleton - basic readme","messageBody":"","fileTypesAndContributionMap":{"txt":{"insertions":0,"deletions":0},"java":{"insertions":8,"deletions":10},"bat":{"insertions":0,"deletions":21},"sh":{"insertions":0,"deletions":38},"md":{"insertions":86,"deletions":50}}}]},{"date":"2021-09-01","commitResults":[{"hash":"6dc07a9b948047b0040bc561e9973b7524313681","messageTitle":"- update READMEs - remove CHANGELOG.md - update todo objectives","messageBody":"","fileTypesAndContributionMap":{"md":{"insertions":34,"deletions":4}}},{"hash":"2d1a28be1e590d8ec37731a638d13cec81dbda71","messageTitle":"- setup test","messageBody":"","fileTypesAndContributionMap":{"java":{"insertions":103,"deletions":0}}},{"hash":"956e85ecdc54a27ef4974e5ead6c687bbcf6df38","messageTitle":"- + managers (composite of orchestrator class)","messageBody":"","fileTypesAndContributionMap":{"java":{"insertions":47,"deletions":0}}},{"hash":"922d92959e3328079b8d14562ae1041203775245","messageTitle":"- + orchestrator level 0","messageBody":"","fileTypesAndContributionMap":{"java":{"insertions":67,"deletions":0}}},{"hash":"dd55782215e5c1d00ad51f16a17490c6b71bcaf0","messageTitle":"- tidy up","messageBody":"","fileTypesAndContributionMap":{"java":{"insertions":7,"deletions":1},"md":{"insertions":3,"deletions":3}}}]},{"date":"2021-09-02","commitResults":[{"hash":"1943663eb34874f4cb63ef3b8ba79f35613948ca","messageTitle":"level-01 - set objectives - rename /docs/README.md \u003e /docs/CHANGELOG.md - update /README.md","messageBody":"","fileTypesAndContributionMap":{"md":{"insertions":13,"deletions":6}}},{"hash":"7a12ae7ca5e07c4f009b5452035bee201e3215bc","messageTitle":"level-01 - setup test","messageBody":"","fileTypesAndContributionMap":{"java":{"insertions":75,"deletions":0}}},{"hash":"b73440b940f2281db18e13d43f094c8a0f025220","messageTitle":"level-01 - Add Command Class. Operates on constructor arguments and stores result.","messageBody":"","fileTypesAndContributionMap":{"java":{"insertions":81,"deletions":0}}},{"hash":"b6a454270746efedaaf650066a3392bfcb1bc5bd","messageTitle":"level-01 - Add UxCommandFactory class. Assist managers (primarily UxManager) in executing commands.","messageBody":"","fileTypesAndContributionMap":{"java":{"insertions":43,"deletions":0}}},{"hash":"80e0c2cbb706c33c8078bef6c524e2773f792e61","messageTitle":"level-01 - Add class UxManager. Manages input and output streams.","messageBody":"","fileTypesAndContributionMap":{"java":{"insertions":67,"deletions":11}}},{"hash":"6e5f9c80b9d8789fbd91bc6cc803337de1e698fc","messageTitle":"level-01 - Add class OrchestratorLevel01. Entry point for level-01.","messageBody":"","fileTypesAndContributionMap":{"java":{"insertions":51,"deletions":0}}}]},{"date":"2021-09-04","commitResults":[{"hash":"04c7ab836a629296976bae2cce6bbac953411663","messageTitle":"level-01 - respell userInput -\u003e textCommand to reflect input stream can be from other source - tick off todo - update changelog","messageBody":"","fileTypesAndContributionMap":{"java":{"insertions":5,"deletions":5},"md":{"insertions":7,"deletions":4}}}]},{"date":"2021-09-07","commitResults":[{"hash":"6c2dc4ac6ab68e8ba418bffec53cc52ccb7c71be","messageTitle":"level-02 - set objectives","messageBody":"","fileTypesAndContributionMap":{"md":{"insertions":10,"deletions":3}}},{"hash":"d154cc5a1e0fbf2068494cd09acfa574e75ca4c6","messageTitle":"level-02 - add tests","messageBody":"","fileTypesAndContributionMap":{"java":{"insertions":194,"deletions":0}}},{"hash":"d692440ac681dfcefceeba9d737db437943cdf5c","messageTitle":"level-02 - add ToDo extends Task - add TaskManager with:   - TaskList as object attribute of TaskManager to store collection of tasks   - create new ToDos object","messageBody":"","fileTypesAndContributionMap":{"java":{"insertions":167,"deletions":0}}},{"hash":"545a3086f157660a3cd1435aa4c3be60b2dbea2f","messageTitle":"level-02 - add Command (and its response) capability for:  - adding task  - list tasks of taskManagers","messageBody":"","fileTypesAndContributionMap":{"java":{"insertions":146,"deletions":1}}},{"hash":"43d81ed34feeff4e8b3891c87f509f5a1d65b9ae","messageTitle":"level-02 - UxManager  - add support for new reponse type 1) add todo and 2) list tasks - Custom Command Factory to interprete textCommand","messageBody":"","fileTypesAndContributionMap":{"java":{"insertions":54,"deletions":1}}},{"hash":"71163fd47d4b9a3857665f51193af024c3b9a5aa","messageTitle":"level-02 - tick off todo - update changelog","messageBody":"","fileTypesAndContributionMap":{"java":{"insertions":0,"deletions":1},"md":{"insertions":9,"deletions":5}}},{"hash":"5c8a1b65db709adf4a9336f62162089bead78b06","messageTitle":"level-02 - edit doc","messageBody":"","fileTypesAndContributionMap":{"md":{"insertions":5,"deletions":16}}},{"hash":"d3a72837bdcac97843922e66c1dcfc1e7cd86a6f","messageTitle":"level-03 - set objectives","messageBody":"","fileTypesAndContributionMap":{"md":{"insertions":7,"deletions":6}}},{"hash":"188d0fa210fd195e6e04260b0895789ae55fd7e7","messageTitle":"level-03 - setup test","messageBody":"","fileTypesAndContributionMap":{"java":{"insertions":113,"deletions":1}}},{"hash":"6741444a5c737d3a39f3045d76759a6dba76e5fb","messageTitle":"level-03 - add command capabilities for 1) mark tasks stored in TaskManager objects as done 2) task not found response","messageBody":"","fileTypesAndContributionMap":{"java":{"insertions":62,"deletions":0}}},{"hash":"f916ae30d253e50c489ccc19486da2fa84eba5ca","messageTitle":"level-03 - add support for:  - task update done status response  - validating textCommand requests for 1) mark tasks as done 2) add task todo  - OrchestratorLevel03 with customised CommandFactory","messageBody":"","fileTypesAndContributionMap":{"java":{"insertions":61,"deletions":0}}},{"hash":"6be27be9830b5c96ecc318766f1355a7a451c575","messageTitle":"level-03 - tick off todo, update changelog","messageBody":"","fileTypesAndContributionMap":{"md":{"insertions":7,"deletions":2}}},{"hash":"0b8bfcddfea55178472a1cdd7f078506683da0cc","messageTitle":"level-04 - set objectives","messageBody":"","fileTypesAndContributionMap":{"md":{"insertions":4,"deletions":5}}},{"hash":"c42fe4a8a1cd9c4dc937b187424a1fb934187d07","messageTitle":"level-04 - setup test skeleton","messageBody":"","fileTypesAndContributionMap":{"java":{"insertions":170,"deletions":0}}},{"hash":"baf09ebd41c2339bcfd6b4ea12b617bf404f6b3f","messageTitle":"level-04 - mark add a ToDo as done","messageBody":"","fileTypesAndContributionMap":{"md":{"insertions":1,"deletions":1}}},{"hash":"8b9b7fd8ab9412ff0e1e9203f0b5827af77970af","messageTitle":"level-04 - setup test for adding deadline","messageBody":"","fileTypesAndContributionMap":{"java":{"insertions":110,"deletions":8}}},{"hash":"eb62de99e36b5108281aa36fec90032762fe5175","messageTitle":"level-04 - add deadline extends Task","messageBody":"","fileTypesAndContributionMap":{"java":{"insertions":50,"deletions":0}}},{"hash":"d124feac0abf3436d00950b6131a99cb7ba08ab2","messageTitle":"level-04 - add command support for creating deadlines","messageBody":"","fileTypesAndContributionMap":{"java":{"insertions":87,"deletions":3}}},{"hash":"dff796d618d72482e150f882171a7ac6ed6ab4c0","messageTitle":"level-04 - add response for adding deadline - add support for validating add deadline request","messageBody":"","fileTypesAndContributionMap":{"java":{"insertions":5,"deletions":5}}},{"hash":"4b529087c00cdd3986ea7495e9d8f1283e629f0a","messageTitle":"level-04 - setup test for adding event - add Event extends Task - add command support for creating event - add response for adding event - add support for validating add event request","messageBody":"","fileTypesAndContributionMap":{"java":{"insertions":200,"deletions":12}}},{"hash":"b1bbab80f7ebe607f0c0448ef900105fcb1b6763","messageTitle":"level-04 - setup test for default command - CommandUnknownRequest - unrecognised command will execute CommandUnknownRequest","messageBody":"","fileTypesAndContributionMap":{"java":{"insertions":47,"deletions":3}}},{"hash":"a08d6b4b6c83feb9ae0114f19fb22c3e63ec57e4","messageTitle":"fix - added clarity: terminate means process ends, exit loop means scanner will stop scanning for next command.","messageBody":"","fileTypesAndContributionMap":{"java":{"insertions":26,"deletions":26}}},{"hash":"526aa62bbfb21fc001eb81b86508d79777cbf457","messageTitle":"level-04 - tick off todos - update changelog and readme","messageBody":"","fileTypesAndContributionMap":{"md":{"insertions":15,"deletions":6}}},{"hash":"789483b78d4cec4add979f9406752ac6ade67a6c","messageTitle":"add changelog","messageBody":"","fileTypesAndContributionMap":{"md":{"insertions":19,"deletions":0}}}]},{"date":"2021-09-21","commitResults":[{"hash":"7fec9e99f6ee0390b3fd86b7a24b1d867bd34921","messageTitle":"-","messageBody":"","fileTypesAndContributionMap":{"txt":{"insertions":8,"deletions":0},"java":{"insertions":156,"deletions":8},"sh":{"insertions":40,"deletions":0},"md":{"insertions":17,"deletions":80}}},{"hash":"0c87a3e948e7b164637c227e9c0fdfb2caa95b28","messageTitle":"change test dir and test dependencies","messageBody":"","fileTypesAndContributionMap":{"java":{"insertions":19,"deletions":135}}},{"hash":"f37df7044b7a4323c0b69fefbae3d8dbdfc14eb0","messageTitle":"remove duke.coronet package","messageBody":"","fileTypesAndContributionMap":{"java":{"insertions":0,"deletions":227}}},{"hash":"2b4306dfcbdfa7c41c07ab6fdf902911c91ec96a","messageTitle":"duke.coronet.dukeUtility -\u003e duke.dukeUtility","messageBody":"","fileTypesAndContributionMap":{"java":{"insertions":5,"deletions":5}}},{"hash":"80a4d37fb312eb6c4e0c37c485d33df2941d9775","messageTitle":"duke.coronet.command -\u003e duke.command","messageBody":"","fileTypesAndContributionMap":{"java":{"insertions":36,"deletions":38}}},{"hash":"87227e7c0562fa862a7d908b280e42466350e4d8","messageTitle":"test","messageBody":"","fileTypesAndContributionMap":{"txt":{"insertions":10,"deletions":0},"java":{"insertions":104,"deletions":12}}},{"hash":"e82790b8a8a3e11a0162bea23507174c7b499787","messageTitle":"update docs","messageBody":"","fileTypesAndContributionMap":{"md":{"insertions":9,"deletions":3}}}]},{"date":"2021-09-22","commitResults":[{"hash":"ca4e3f672115dc64884656395279c372b9a04e52","messageTitle":"refactor with core test functionality maintained.","messageBody":"","fileTypesAndContributionMap":{"txt":{"insertions":24,"deletions":0},"java":{"insertions":441,"deletions":640},"sh":{"insertions":40,"deletions":0},"md":{"insertions":25,"deletions":92}}},{"hash":"a77772a565fe4f97d60e1750855251e486a122f2","messageTitle":"- from ca4e3f672115dc64884656395279c372b9a04e52 as merge removed files","messageBody":"","fileTypesAndContributionMap":{"java":{"insertions":65,"deletions":0}}},{"hash":"b9f22283994b131f13ea4bf4c6c010d3175dfbcb","messageTitle":"- add changelog","messageBody":"","fileTypesAndContributionMap":{"md":{"insertions":11,"deletions":1}}},{"hash":"6a89a57958967e6a0c133bf4f76940a621ce0866","messageTitle":"- add test - change task representation as object instead of primitive string (field done flag required)","messageBody":"","fileTypesAndContributionMap":{"java":{"insertions":147,"deletions":19}}},{"hash":"2627c46c59ddebda2efe8fe615c7339a735d60fb","messageTitle":"- comply to test","messageBody":"","fileTypesAndContributionMap":{"java":{"insertions":124,"deletions":40}}},{"hash":"9bd44b06d74f4ce0fadbf7a5c847f86b891f2ad6","messageTitle":"- update readme and todo","messageBody":"","fileTypesAndContributionMap":{"md":{"insertions":9,"deletions":2}}},{"hash":"66a7cbd4d47538076f82914f0506382fe1907058","messageTitle":"- update package level test","messageBody":"","fileTypesAndContributionMap":{"txt":{"insertions":5,"deletions":2}}}]},{"date":"2021-09-23","commitResults":[{"hash":"0a7d3ade64cbe65126a46d6a8daaea5ec3e00019","messageTitle":"- refactor test   - mock Task - remove OrchestratorLevel04.java","messageBody":"","fileTypesAndContributionMap":{"java":{"insertions":69,"deletions":27}}},{"hash":"b210b6427c944faf6780b095872397b8e079b1d1","messageTitle":"remove whitespace","messageBody":"","fileTypesAndContributionMap":{"java":{"insertions":4,"deletions":16}}},{"hash":"a96f5ad65c6fcb43571ea01d54f6c1b20dc920a1","messageTitle":"rename test","messageBody":"","fileTypesAndContributionMap":{"java":{"insertions":1,"deletions":1}}},{"hash":"bcd860b38f0c1a630eb67331c0f721cf1c678376","messageTitle":"- test for adding event","messageBody":"","fileTypesAndContributionMap":{"java":{"insertions":171,"deletions":7}}},{"hash":"555332c8a04103ceb6d1301dce6196fc0f563592","messageTitle":"- test    - add deadline    - add todo then event then deadline","messageBody":"","fileTypesAndContributionMap":{"java":{"insertions":230,"deletions":1}}},{"hash":"d1d63d462f3abc384900271ced5a69163f447db5","messageTitle":"- fix test environment (maven requires surefire plugin for junit 5)","messageBody":"","fileTypesAndContributionMap":{"java":{"insertions":1,"deletions":3}}},{"hash":"c81623fd999c603e814fd11268986a8baa5b28a7","messageTitle":"- fix package-level test","messageBody":"","fileTypesAndContributionMap":{"txt":{"insertions":13,"deletions":9}}}]},{"date":"2021-10-08","commitResults":[{"hash":"17d07f9e599b390b8d5ceb45754e12511bfd96e0","messageTitle":"Task 5   - clean up   - add changelog   - default Ui._UiCommandFactory will be for current iteration. not required to set custom UiCommandFactory after Ui object is created","messageBody":"","fileTypesAndContributionMap":{"java":{"insertions":27,"deletions":76},"md":{"insertions":11,"deletions":1}}},{"hash":"3e99b162145e0ad703c4cbdb27a8e3b774ad2704","messageTitle":"add todo list","messageBody":"","fileTypesAndContributionMap":{"md":{"insertions":18,"deletions":0}}}]},{"date":"2021-10-09","commitResults":[{"hash":"e98bf98c6257d32afa06e36fe63befac5f0ad601","messageTitle":"- add support for delete command","messageBody":"","fileTypesAndContributionMap":{"java":{"insertions":251,"deletions":29}}},{"hash":"bed2efe20c691b0688c98215a89b19c4f594a54d","messageTitle":"- add test","messageBody":"","fileTypesAndContributionMap":{"java":{"insertions":12,"deletions":3}}},{"hash":"25f8a5b7d1ce775ed09aa7ccde23b1ab8593627f","messageTitle":"- add test","messageBody":"","fileTypesAndContributionMap":{"txt":{"insertions":14,"deletions":5}}},{"hash":"78bf95554fb238a9e27d8ab2d27ab85a02d6fb27","messageTitle":"fix typo","messageBody":"","fileTypesAndContributionMap":{"md":{"insertions":1,"deletions":1}}},{"hash":"1a6e7f214f15712fbdd1659a596dbfaecc0d0f8c","messageTitle":"- readme: update and fix","messageBody":"","fileTypesAndContributionMap":{"md":{"insertions":29,"deletions":6}}},{"hash":"2848e1f66242b06e48658ce66a19c7f05bb83293","messageTitle":"- add support for export","messageBody":"","fileTypesAndContributionMap":{"java":{"insertions":205,"deletions":1}}},{"hash":"dd97ea6493e8f74062b4cee8eb52c717134c2eda","messageTitle":"- add test for export","messageBody":"","fileTypesAndContributionMap":{"java":{"insertions":48,"deletions":0}}},{"hash":"4a5d7a13fc7c551047390755ad89d2380790a22d","messageTitle":"- add support for import","messageBody":"","fileTypesAndContributionMap":{"java":{"insertions":267,"deletions":1}}},{"hash":"30550060ee36f20ae38b4472bf12675e77af2317","messageTitle":"- add text commands for import","messageBody":"","fileTypesAndContributionMap":{"java":{"insertions":145,"deletions":9}}},{"hash":"27197d675d7825861f67cd9041ee3c47688f7c2e","messageTitle":"- add tests for import","messageBody":"","fileTypesAndContributionMap":{"java":{"insertions":142,"deletions":10}}},{"hash":"d77235fbba39a334c408f42f8ec89908d3ac13ed","messageTitle":"- fix tests to inject FileResourceManager object. FileResourceManager is required to run the program. - Program will attempt to load json file by default","messageBody":"","fileTypesAndContributionMap":{"txt":{"insertions":2,"deletions":0},"java":{"insertions":60,"deletions":18}}},{"hash":"4edf1c8aa5d34af83d467ac5ba6893d84674cc02","messageTitle":"fix test","messageBody":"","fileTypesAndContributionMap":{"txt":{"insertions":2,"deletions":2},"java":{"insertions":2,"deletions":2}}},{"hash":"d51ced6815e1766a9ca5c73075b2e3d844321fff","messageTitle":"show more verbose error","messageBody":"","fileTypesAndContributionMap":{"sh":{"insertions":2,"deletions":0}}},{"hash":"f11609fe9ac3cebcfc9dbf2e8ea8b778ee707bbe","messageTitle":"- fix test with linux environment.","messageBody":"","fileTypesAndContributionMap":{"txt":{"insertions":1,"deletions":1},"sh":{"insertions":2,"deletions":3}}},{"hash":"24d29666b8edac11b6833119c03b9c5901c25e3c","messageTitle":"- fix test with linux environment.","messageBody":"","fileTypesAndContributionMap":{"sh":{"insertions":2,"deletions":2}}},{"hash":"4d0c963259e66456d7a091fa186e2b93ce0eca5e","messageTitle":"a","messageBody":"","fileTypesAndContributionMap":{"txt":{"insertions":0,"deletions":0}}},{"hash":"a3e0096731ae040863d003dcd205d02458ec7675","messageTitle":"-","messageBody":"","fileTypesAndContributionMap":{"txt":{"insertions":1,"deletions":1}}},{"hash":"f7d2d9dcef2983c89fc5ede434b13c53a9ff7b92","messageTitle":"-","messageBody":"","fileTypesAndContributionMap":{"txt":{"insertions":1,"deletions":1}}},{"hash":"37edb43c84a3aa51cc7e6e408534496fcc4515f0","messageTitle":"-","messageBody":"","fileTypesAndContributionMap":{"txt":{"insertions":0,"deletions":33}}},{"hash":"6fdce4278b251ff719401c00793158ce909e5db1","messageTitle":"- fix test with linux environment. - remove whitespace after period","messageBody":"","fileTypesAndContributionMap":{"txt":{"insertions":33,"deletions":0},"java":{"insertions":2,"deletions":2}}},{"hash":"1cc341b89c25c300994e418527d48abeb514b624","messageTitle":"- fix test with environment.","messageBody":"","fileTypesAndContributionMap":{"txt":{"insertions":1,"deletions":33},"java":{"insertions":25,"deletions":1}}},{"hash":"754574048a3d16d218dcbe678fa8b96df33bb3ce","messageTitle":"- fix test with environment.","messageBody":"","fileTypesAndContributionMap":{"java":{"insertions":8,"deletions":1}}},{"hash":"cd13f85c7e831f0c3151381ab725891221aaa473","messageTitle":"- fix test with environment.","messageBody":"","fileTypesAndContributionMap":{"java":{"insertions":6,"deletions":2}}},{"hash":"c8484317cca204bdd99dd334f675cb7e71dc9e1e","messageTitle":"- fix test with environment.","messageBody":"","fileTypesAndContributionMap":{"java":{"insertions":2,"deletions":2}}}]},{"date":"2021-10-21","commitResults":[{"hash":"571e4725cbd6d96f0293791b97de8d63c61d95ce","messageTitle":"add readme","messageBody":"","fileTypesAndContributionMap":{"md":{"insertions":20,"deletions":0}}},{"hash":"864a7b00bb28a7699c827044950ec237a28cdbd3","messageTitle":"update changelog","messageBody":"","fileTypesAndContributionMap":{"md":{"insertions":35,"deletions":11}}},{"hash":"e11bf61070ad7f1664a97741689bb4d7b52a536f","messageTitle":"- create tests","messageBody":"","fileTypesAndContributionMap":{"java":{"insertions":66,"deletions":0}}},{"hash":"b3e7ca8867ba2d1d2885a03d7bc605759288735d","messageTitle":"change Event._from to DateTime","messageBody":"","fileTypesAndContributionMap":{"java":{"insertions":108,"deletions":33}}},{"hash":"0838ea511aeb81d8a8f5c28752899c8a87a5c1d3","messageTitle":"change Event._to to type DateTime","messageBody":"","fileTypesAndContributionMap":{"java":{"insertions":49,"deletions":38}}},{"hash":"08fa65f892570e456d6a5edd307aa4c1563380a1","messageTitle":"change deadline.by to type DateTime","messageBody":"","fileTypesAndContributionMap":{"java":{"insertions":31,"deletions":22}}},{"hash":"8951a47193322e7b089a24710ec5a46c062aa8a7","messageTitle":"update readme","messageBody":"","fileTypesAndContributionMap":{"md":{"insertions":30,"deletions":1}}},{"hash":"7f7cf8e6d037656af00c8081d125c7890ae3281c","messageTitle":"TaskManager - add feature to find tasks with keyword in description","messageBody":"","fileTypesAndContributionMap":{"java":{"insertions":38,"deletions":1}}}]},{"date":"2021-10-22","commitResults":[{"hash":"416c075e9fb21aa9774117d20686759e4cebc53d","messageTitle":"add test","messageBody":"","fileTypesAndContributionMap":{"java":{"insertions":102,"deletions":12}}},{"hash":"2fba906fe0b4f9f365bff6823d01f7bd1460f7eb","messageTitle":"pass test level 9","messageBody":"","fileTypesAndContributionMap":{"java":{"insertions":173,"deletions":15},"md":{"insertions":1,"deletions":1}}},{"hash":"66d08956e217120881b9d1acd20b6d70623eef5a","messageTitle":"rename Test","messageBody":"","fileTypesAndContributionMap":{"java":{"insertions":1,"deletions":2}}},{"hash":"74b0434777eac71380c40129299f8d9efd823ea3","messageTitle":"refactor","messageBody":"","fileTypesAndContributionMap":{"java":{"insertions":138,"deletions":164}}},{"hash":"cd6ed180d0d44989f014518d3c16d00913608446","messageTitle":"refactor","messageBody":"","fileTypesAndContributionMap":{"java":{"insertions":39,"deletions":68}}},{"hash":"0561f47449a16827c812a0463e2ccb4b4a8e4f78","messageTitle":"refactor export test","messageBody":"","fileTypesAndContributionMap":{"java":{"insertions":38,"deletions":18}}},{"hash":"6c23f3a85c734a4370c5d956b6d6394a8c7e1765","messageTitle":"refactor export test","messageBody":"","fileTypesAndContributionMap":{"java":{"insertions":114,"deletions":121}}},{"hash":"5d646b74e2992434df18c87f00c470c7ecbe6cd3","messageTitle":"Refactor test - decouple expected output from main code.","messageBody":"","fileTypesAndContributionMap":{"txt":{"insertions":7,"deletions":8},"java":{"insertions":113,"deletions":21}}},{"hash":"7f3ab117dbe763e35aedc4b43629a2adfd7db41d","messageTitle":"Refactor test - decouple expected output from main code.","messageBody":"","fileTypesAndContributionMap":{"txt":{"insertions":0,"deletions":9},"java":{"insertions":25,"deletions":26}}},{"hash":"83be78536885d0ca14ff53afdd2e071edeacc64e","messageTitle":"Refactor test - use helper","messageBody":"","fileTypesAndContributionMap":{"java":{"insertions":33,"deletions":62}}},{"hash":"c05ab3822e23379c547e050e0018f70d4e6f5db7","messageTitle":"Refactor UiCommandFactory from abstract to normal class.","messageBody":"","fileTypesAndContributionMap":{"java":{"insertions":32,"deletions":36}}},{"hash":"8574fcd5d8cc652d8aa2f573f77521762ee4d3f3","messageTitle":"Refactor improve output helpers","messageBody":"","fileTypesAndContributionMap":{"java":{"insertions":56,"deletions":47}}}]},{"date":"2021-10-23","commitResults":[{"hash":"173cb082082dbdc2fc692cf6bbd151dea4306996","messageTitle":"Refactor improve output helpers","messageBody":"","fileTypesAndContributionMap":{"java":{"insertions":37,"deletions":15}}},{"hash":"90cd9492d0f94ba642727ea994f6ffd18317eeb1","messageTitle":"Refactor reorganise test cases","messageBody":"","fileTypesAndContributionMap":{"java":{"insertions":43,"deletions":32}}},{"hash":"fe907691e5dcea82e89e33c37121957630e9c3de","messageTitle":"Refactor reorganise test cases","messageBody":"","fileTypesAndContributionMap":{"java":{"insertions":28,"deletions":26}}},{"hash":"2c349c3dcc4a92b341642595e237ec70fe18a462","messageTitle":"conform to checkstyle","messageBody":"","fileTypesAndContributionMap":{"java":{"insertions":10,"deletions":9}}},{"hash":"5f9fb64e6dd03026f88b784a93c109ef2cbfd16d","messageTitle":"partial refactor to comply checkstyle","messageBody":"","fileTypesAndContributionMap":{"java":{"insertions":92,"deletions":84}}},{"hash":"523e5df5d087a37e3ea5acf4647d6b93d5b304da","messageTitle":"change object method parameter name to avoid conflict with object field","messageBody":"","fileTypesAndContributionMap":{"java":{"insertions":3,"deletions":2}}},{"hash":"bc90ec5acdaab5123e506b5516ad07ff86f84164","messageTitle":"checkstyle Compliance - imports ordering","messageBody":"","fileTypesAndContributionMap":{"java":{"insertions":3,"deletions":4}}},{"hash":"57bc27db7ab031f3e60897ea3a2c6d6faa44800b","messageTitle":"checkstyle Compliance - CommandAddNewDeadline - imports ordering, line length, docs","messageBody":"","fileTypesAndContributionMap":{"java":{"insertions":9,"deletions":2}}},{"hash":"bd589c3be55e3dcccd3799f27f1c0308e307e281","messageTitle":"checkstyle Compliance - package naming","messageBody":"","fileTypesAndContributionMap":{"java":{"insertions":20,"deletions":20}}},{"hash":"bfb0b3ede86fd5d90f0c831823a66be940c37e64","messageTitle":"checkstyle Compliance - imports ordering Change argument position for CommandAddNewEvent","messageBody":"","fileTypesAndContributionMap":{"java":{"insertions":6,"deletions":7}}},{"hash":"1ad04e18887c283ea10e89643453bd0007b6fe9f","messageTitle":"checkstyle Compliance - CommandAddNewToDo - imports ordering, javadoc","messageBody":"","fileTypesAndContributionMap":{"java":{"insertions":14,"deletions":6}}},{"hash":"2011b1c70a9b0d1a13b7aeb2b669f32c6fb69f97","messageTitle":"checkstyle Compliance - CommandDeleteTask - imports ordering, javadoc","messageBody":"","fileTypesAndContributionMap":{"java":{"insertions":23,"deletions":17}}},{"hash":"250a50d5cd6fd7dfb9faf5a4ba099d033303cf01","messageTitle":"checkstyle Compliance - CommandExecutionError: imports ordering","messageBody":"","fileTypesAndContributionMap":{"java":{"insertions":14,"deletions":15}}},{"hash":"4f7dbd4b674b31ae278f8ef4abd8ddf291911d9a","messageTitle":"checkstyle Compliance - CommandExitLoop: imports ordering - package renaming","messageBody":"","fileTypesAndContributionMap":{"java":{"insertions":9,"deletions":9}}},{"hash":"1087ec68db9b622bca89e04c048db565b07161cc","messageTitle":"checkstyle Compliance - CommandExportTasksToFile: imports ordering, javadocs","messageBody":"","fileTypesAndContributionMap":{"java":{"insertions":10,"deletions":4}}},{"hash":"92b6f3dea3524703277e61e1eeb458dc27ccdac7","messageTitle":"checkstyle Compliance - package renaming","messageBody":"","fileTypesAndContributionMap":{"java":{"insertions":10,"deletions":10}}},{"hash":"3bf58401531f979bdba81dad094d662776dbe7e2","messageTitle":"checkstyle Compliance - package renaming - CommandImportDeadline: javadocs","messageBody":"","fileTypesAndContributionMap":{"java":{"insertions":25,"deletions":20}}},{"hash":"31f512c9b5e03ef774f4c751c8d52b44163bc09d","messageTitle":"checkstyle Compliance - package renaming - CommandImportToDo: javadocs","messageBody":"","fileTypesAndContributionMap":{"java":{"insertions":19,"deletions":8}}},{"hash":"f15f845d0100a94cdb8a27660bcf023a9dbbf959","messageTitle":"checkstyle Compliance - import reordering","messageBody":"","fileTypesAndContributionMap":{"java":{"insertions":3,"deletions":3}}},{"hash":"41747378b96ba2c1ca3ee0f09e9e6e5046d2bcb7","messageTitle":"checkstyle Compliance - run formatting on test folder","messageBody":"","fileTypesAndContributionMap":{"java":{"insertions":433,"deletions":274}}},{"hash":"6780a3c29af42e5450c86eddc63f4c7569ddce2d","messageTitle":"checkstyle Compliance - run formatting on src/main folder","messageBody":"","fileTypesAndContributionMap":{"java":{"insertions":255,"deletions":180}}},{"hash":"efece8de7a2333276b5665451be7ddab72e5c097","messageTitle":"checkstyle Compliance - run formatting on src/main folder","messageBody":"","fileTypesAndContributionMap":{"java":{"insertions":159,"deletions":122}}},{"hash":"4e9adf533b0e1d84e83eee7f2db025b7fbbf4587","messageTitle":"checkstyle Compliance - run formatting","messageBody":"","fileTypesAndContributionMap":{"java":{"insertions":63,"deletions":30}}},{"hash":"0a4d0e5fd4ef061287dfc8b70c9e49e7d646a149","messageTitle":"checkstyle Compliance - run formatting","messageBody":"","fileTypesAndContributionMap":{"java":{"insertions":208,"deletions":202}}},{"hash":"a90a628dbc0a99a1a370dcb7100b09468ca2afca","messageTitle":"checkstyle Compliance - run formatting","messageBody":"","fileTypesAndContributionMap":{"java":{"insertions":212,"deletions":202}}},{"hash":"2a030a461cb8b1d7f95896e200ba54d6349bd379","messageTitle":"checkstyle Compliance - run formatting","messageBody":"","fileTypesAndContributionMap":{"java":{"insertions":103,"deletions":93}}},{"hash":"14f5d104d53b78b7438218281b6b4f52206d2e36","messageTitle":"checkstyle Compliance - add javadoc","messageBody":"","fileTypesAndContributionMap":{"java":{"insertions":173,"deletions":38}}},{"hash":"7b6e8c42734f9fe40e7d0570692cdd219e71b488","messageTitle":"checkstyle Compliance - add javadoc","messageBody":"","fileTypesAndContributionMap":{"java":{"insertions":59,"deletions":47}}},{"hash":"c96ed16abb0456e6117293bce0babad6b8a90958","messageTitle":"checkstyle Compliance - add javadoc, formatting","messageBody":"","fileTypesAndContributionMap":{"java":{"insertions":57,"deletions":29}}},{"hash":"5fd0a4b94316f3373a06a68dd225cf170bb1d374","messageTitle":"checkstyle Compliance - add javadoc, formatting","messageBody":"","fileTypesAndContributionMap":{"java":{"insertions":5,"deletions":3}}},{"hash":"3fbbcde0730913d64e4506d5364d464bfb2039ee","messageTitle":"refactor CommandExportTasksToFile - JsonWriter to be created in the command itself such that command will handle the write process. The command only need to be supplied with the data to be written and path to write to.","messageBody":"","fileTypesAndContributionMap":{"java":{"insertions":23,"deletions":13}}},{"hash":"954712321a5be6e8149b68fc502b0efeaa94d3e6","messageTitle":"Change output response of a successful save to show saved file path.","messageBody":"","fileTypesAndContributionMap":{"java":{"insertions":61,"deletions":3}}},{"hash":"0123e65cd9fcbb8ec3dd495a5598cc8a88b42e0f","messageTitle":"use helper","messageBody":"","fileTypesAndContributionMap":{"java":{"insertions":43,"deletions":32}}},{"hash":"d0cc6db01319c958e2a4cc9b187cb8431fea25f1","messageTitle":"use helper","messageBody":"","fileTypesAndContributionMap":{"java":{"insertions":1,"deletions":0}}},{"hash":"d37561f43a812474a5d27079129f4a2d998fe68e","messageTitle":"Show task id on todo and deadline creation","messageBody":"","fileTypesAndContributionMap":{"java":{"insertions":43,"deletions":35}}},{"hash":"911fd3fa46094b3e2ef86653094ddfd7bd98ee97","messageTitle":"Show task id on event creation","messageBody":"","fileTypesAndContributionMap":{"java":{"insertions":23,"deletions":15}}},{"hash":"930b8f1591b49a9ea3a9adc5c54728d161531ddb","messageTitle":"- Display task id on event creation - Display : add query keyword to find result","messageBody":"","fileTypesAndContributionMap":{"java":{"insertions":13,"deletions":3}}},{"hash":"b04c85f51173da531d66bf534d83d6453dbd7be7","messageTitle":"- text command syntax errors handled as commands instead of exceptions","messageBody":"","fileTypesAndContributionMap":{"java":{"insertions":9,"deletions":13}}},{"hash":"07c2404964749e2b40314f4c8f92dce2b0e5afea","messageTitle":"- change list header column id","messageBody":"","fileTypesAndContributionMap":{"java":{"insertions":2,"deletions":2}}},{"hash":"849c820e57852aaccae469ddca7511269e717c9a","messageTitle":"fix environment test","messageBody":"","fileTypesAndContributionMap":{"java":{"insertions":2,"deletions":1}}},{"hash":"5ca8c655f77e0cd9372bea4816b96d59e0596fa0","messageTitle":"- add test for toggle done status","messageBody":"","fileTypesAndContributionMap":{"java":{"insertions":43,"deletions":2}}},{"hash":"0b9292a5795dcb7951ec5926e65e9a8662bfe894","messageTitle":"- add feature to unmark task","messageBody":"","fileTypesAndContributionMap":{"java":{"insertions":170,"deletions":6}}},{"hash":"c79bdf8d608ae6ba58667f286f398122677885c6","messageTitle":"- update changelog","messageBody":"","fileTypesAndContributionMap":{"md":{"insertions":23,"deletions":1}}}]},{"date":"2021-10-24","commitResults":[{"hash":"80d9522ba04fab5e47c052055f0fa7a7466fed2f","messageTitle":"- text command date format errors handled as commands instead of exceptions","messageBody":"","fileTypesAndContributionMap":{"java":{"insertions":28,"deletions":18}}},{"hash":"536e77d5890caefa4c6c87e588bf2220013f3b00","messageTitle":"- update readme","messageBody":"","fileTypesAndContributionMap":{"md":{"insertions":5,"deletions":1}}},{"hash":"ead2f67783bd4cd39622bd73400e822e3b81a66e","messageTitle":"Feature - Projection for next 30 days","messageBody":"* Add failing test\n","fileTypesAndContributionMap":{"java":{"insertions":134,"deletions":4}}},{"hash":"63c0f13744fda78aa116a026e8cd7a89f7ab83aa","messageTitle":"Feature - Projection for next 30 days","messageBody":"* Pass the test project_withinNextDays_filteredAndSorted\n","fileTypesAndContributionMap":{"java":{"insertions":109,"deletions":19}}},{"hash":"6f31b96f8d431cf53f0e18a13c949fa6c86f7356","messageTitle":"update todo","messageBody":"","fileTypesAndContributionMap":{"md":{"insertions":1,"deletions":1}}},{"hash":"8ae3c01da685f9dd468146abf5ad1464a3fc9694","messageTitle":"Feature - Projection for next number of days","messageBody":"* update changelog and readme (projection for a dynamic range of period)\n","fileTypesAndContributionMap":{"md":{"insertions":2,"deletions":2}}},{"hash":"a1e7e2986df99898a22fe61038e0776cf4970795","messageTitle":"Update Feature - Find keyword in description * search now support case-blind","messageBody":"","fileTypesAndContributionMap":{"java":{"insertions":16,"deletions":11}}}]},{"date":"2021-10-26","commitResults":[{"hash":"f09feff503a36846f961d332b44ecaa7be9a0164","messageTitle":"update readme","messageBody":"","fileTypesAndContributionMap":{"md":{"insertions":5,"deletions":1}}}]},{"date":"2021-10-27","commitResults":[{"hash":"7efe9072c19a858e92ab5f32a01be81baaaf2cdc","messageTitle":"create failing test","messageBody":"","fileTypesAndContributionMap":{"java":{"insertions":128,"deletions":1}}},{"hash":"5959277f073b8f695cb26e8037f6d5705385537b","messageTitle":"refactor - group tests into unit / integration","messageBody":"","fileTypesAndContributionMap":{"java":{"insertions":20,"deletions":15}}},{"hash":"a77495268585cfb47868df1eeea77f97293ab543","messageTitle":"Feature - Statistics - add prettify function","messageBody":"","fileTypesAndContributionMap":{"java":{"insertions":105,"deletions":1}}},{"hash":"ba3fcac79f0db4cf284460a1314f9e9aa26c0189","messageTitle":"Feature - Statistics - pass test - update checklist","messageBody":"","fileTypesAndContributionMap":{"java":{"insertions":63,"deletions":18}}},{"hash":"8450cb2d3a250615e8f60771cfc9f3a610e2dd38","messageTitle":"Feature - Statistics - pass test - update checklist","messageBody":"","fileTypesAndContributionMap":{"md":{"insertions":1,"deletions":2}}},{"hash":"66790e7b6cb7778b9016920f685d890b4307a1ff","messageTitle":"Refactor Change signature as parameter is a constant.","messageBody":"","fileTypesAndContributionMap":{"java":{"insertions":21,"deletions":25}}},{"hash":"344f8385d60833500c41f0a9fc768ca98439e661","messageTitle":"Refactor Change signature as parameter is a constant.","messageBody":"","fileTypesAndContributionMap":{"java":{"insertions":15,"deletions":20}}},{"hash":"457d2670e924ee38f8bcbb53740ca4c4b3ed1fb9","messageTitle":"Refactor Change signature as parameter is a constant.","messageBody":"","fileTypesAndContributionMap":{"java":{"insertions":28,"deletions":38}}},{"hash":"6218c5ae882e69baa07d2f28cdf3955421238b6f","messageTitle":"Fix test update text command to set task incomplete","messageBody":"","fileTypesAndContributionMap":{"java":{"insertions":5,"deletions":1}}},{"hash":"37a51c1ef7e95d068e870da3b6255df97a479c2f","messageTitle":"Refactor Change signature as parameter is a constant.","messageBody":"","fileTypesAndContributionMap":{"java":{"insertions":16,"deletions":20}}}]},{"date":"2021-10-28","commitResults":[{"hash":"12b2cea36621eab854c686345351651e59cfea7e","messageTitle":"Feature - Scan update readme","messageBody":"","fileTypesAndContributionMap":{"java":{"insertions":1,"deletions":1},"md":{"insertions":4,"deletions":1}}},{"hash":"5802213dc4e52049cbf88828f194fdecad37ed8f","messageTitle":"Feature - Scan add failing test","messageBody":"","fileTypesAndContributionMap":{"java":{"insertions":34,"deletions":1}}},{"hash":"62aae417ff963dec89ed56ecec65807140d5ea87","messageTitle":"Feature - Scan pass test","messageBody":"","fileTypesAndContributionMap":{"java":{"insertions":78,"deletions":13}}},{"hash":"705908a71272d3bdd4f96bc2d929d6edf1a905bb","messageTitle":"set method as private","messageBody":"","fileTypesAndContributionMap":{"java":{"insertions":1,"deletions":1}}},{"hash":"6dea1dd2ab7c74ff4aed57ca430e344733927fdc","messageTitle":"update readme","messageBody":"","fileTypesAndContributionMap":{"md":{"insertions":1,"deletions":1}}}]},{"date":"2021-11-01","commitResults":[{"hash":"471dbf4c6af3938c6a78f9460b43063852fcd6c8","messageTitle":"Change build path to NoelLim","messageBody":"","fileTypesAndContributionMap":{"sh":{"insertions":1,"deletions":1}}}]},{"date":"2021-11-02","commitResults":[{"hash":"5277d65384d078f85e87f37bb76616d4f434aeab","messageTitle":"Change variable name","messageBody":"","fileTypesAndContributionMap":{"java":{"insertions":5,"deletions":5}}},{"hash":"bb5af2d36c026e369b3df429cd1e43b9a59e92e5","messageTitle":"Change class name","messageBody":"","fileTypesAndContributionMap":{"java":{"insertions":2,"deletions":2}}},{"hash":"49b7529a50510801a784e1e3aa4fd259de066729","messageTitle":"update readme","messageBody":"","fileTypesAndContributionMap":{"md":{"insertions":2,"deletions":2}}},{"hash":"5d2aabe3414a803340f0d0d4a4902af225477aa9","messageTitle":"rearrange conditions","messageBody":"","fileTypesAndContributionMap":{"java":{"insertions":24,"deletions":24}}},{"hash":"4630161fcae6c2097ba7f9239b0518feac2e02d6","messageTitle":"add a subclass CommandError","messageBody":"","fileTypesAndContributionMap":{"java":{"insertions":17,"deletions":0}}},{"hash":"bc950d718e7cc490a8fd35945a99c99ee76ff355","messageTitle":"use argument 1 for error commands","messageBody":"","fileTypesAndContributionMap":{"java":{"insertions":2,"deletions":2}}},{"hash":"3c80694995213f45425122966e314bae560428a0","messageTitle":"Refactor - Commands - all Commands to implement a getResponse() method for Ui to call.","messageBody":"","fileTypesAndContributionMap":{"java":{"insertions":161,"deletions":94}}},{"hash":"a4c456fb9affc057ec857b6bf6a8aa17fdf93200","messageTitle":"Refactor - duplicate code","messageBody":"","fileTypesAndContributionMap":{"java":{"insertions":22,"deletions":33}}},{"hash":"30e45b9aa9435d17d1dd528ed873afadead4aa05","messageTitle":"Refactor - Ui to call getResponse() from commands for output.","messageBody":"","fileTypesAndContributionMap":{"java":{"insertions":42,"deletions":74}}},{"hash":"b0a907cec80789fe5c5040a116f391b11f11f4de","messageTitle":"Refactor - rename output2 -\u003e output","messageBody":"","fileTypesAndContributionMap":{"java":{"insertions":4,"deletions":4}}},{"hash":"e68333c79e7c69cb614d828b1a96b58427705071","messageTitle":"remove unused class CommandError","messageBody":"","fileTypesAndContributionMap":{"java":{"insertions":0,"deletions":17}}}]},{"date":"2021-11-03","commitResults":[{"hash":"424e1be38b591bce241f43da452995330bd77f0a","messageTitle":"scan:duplicates - Change command output","messageBody":"","fileTypesAndContributionMap":{"java":{"insertions":2,"deletions":2}}},{"hash":"7ff5eed3c723cd4175526ce2ddf05d84bb0e92d4","messageTitle":"change prompt \"stats all\" to \"stats:all\"","messageBody":"","fileTypesAndContributionMap":{"java":{"insertions":2,"deletions":2},"md":{"insertions":1,"deletions":1}}},{"hash":"6b0ff07bac87d96fe58274699fd9ae2091b49e77","messageTitle":"clean build dir first","messageBody":"","fileTypesAndContributionMap":{"sh":{"insertions":1,"deletions":0}}},{"hash":"1bd9d5672a4dda80e992e085dafcbf0a039449d2","messageTitle":"Run formatter","messageBody":"","fileTypesAndContributionMap":{"java":{"insertions":48,"deletions":92}}}]},{"date":"2021-11-06","commitResults":[{"hash":"fac0e8321dabeac7af7dc2852421dbdf3a8e9149","messageTitle":"Refactor - TaskManager and TaskList - rearrange methods - dedupe importToDo, importDeadline, importEvent - TaskManager:: getTasksWithWord -\u003e getTasksWithKeywordInDescription","messageBody":"- TaskList:: map -\u003e container\n","fileTypesAndContributionMap":{"java":{"insertions":53,"deletions":78}}},{"hash":"511f879be03ca6f7f09262b9d2e3def78e17f2ed","messageTitle":"Refactor - remove Task::descContainsKeyword() Use helper isSubstring() instead of object method to check if desc contains keyword. its clearer this way for getTasksWithKeywordInDescription() to express we want to compare two lowercased strings.","messageBody":"","fileTypesAndContributionMap":{"java":{"insertions":19,"deletions":18}}},{"hash":"bc76dad7b4637fef2c2e05a17cec2abac5c87e22","messageTitle":"add docs","messageBody":"","fileTypesAndContributionMap":{"java":{"insertions":6,"deletions":0}}},{"hash":"e4a32994e62adb30c5f765609cf1a9c5c252806e","messageTitle":"rearrange","messageBody":"","fileTypesAndContributionMap":{"java":{"insertions":4,"deletions":3}}},{"hash":"1fc33ea76029bdf6582548bd1c5f46274c6e9277","messageTitle":"Refactor TaskManager::jsonTaskToPojo \u003d\u003e JsonTaskToObjectParser::jsonTaskToPojo - decouple parsing from TaskManager","messageBody":"","fileTypesAndContributionMap":{"java":{"insertions":45,"deletions":46}}},{"hash":"019585853510ab65e11d7d23c46be7eb495c37a6","messageTitle":"Refactor Rename","messageBody":"","fileTypesAndContributionMap":{"java":{"insertions":2,"deletions":2}}},{"hash":"faa84a32eb69e724c08f72a8b6098a2a20e11db2","messageTitle":"Refactor Rename","messageBody":"","fileTypesAndContributionMap":{"java":{"insertions":5,"deletions":5}}},{"hash":"4ccdf9f60006fff5905b40dd453ed7ff76cb271e","messageTitle":"Refactor Rearrange","messageBody":"","fileTypesAndContributionMap":{"java":{"insertions":32,"deletions":32}}},{"hash":"655d9c16cbd9507a98029b464c4e3c6abfc9be9b","messageTitle":"Refactor Rearrange","messageBody":"","fileTypesAndContributionMap":{"java":{"insertions":9,"deletions":10}}},{"hash":"eea402a7e60c63703259f254a34ceb4eaa5de67d","messageTitle":"Refactor Rearrange","messageBody":"","fileTypesAndContributionMap":{"java":{"insertions":6,"deletions":3}}},{"hash":"6c0a7776c9f92e81ea1dc11f9b4331e943eaa4a0","messageTitle":"Refactor Rename","messageBody":"","fileTypesAndContributionMap":{"java":{"insertions":4,"deletions":4}}},{"hash":"2f64448d692510e029b6980acefeaa2dfb7d91f0","messageTitle":"Refactor Rearrange","messageBody":"","fileTypesAndContributionMap":{"java":{"insertions":4,"deletions":4}}},{"hash":"eb856b4c2e64448f4b0f83c5b26dd945f7efeb27","messageTitle":"Refactor Methods can be combined.","messageBody":"","fileTypesAndContributionMap":{"java":{"insertions":1,"deletions":9}}},{"hash":"ac48d3a4f8cfe1f68f2491477a405b9ab8e2e793","messageTitle":"Refactor Class FileCommandFactory can be combined with ImportCommandFactory","messageBody":"","fileTypesAndContributionMap":{"java":{"insertions":35,"deletions":42}}},{"hash":"44dfa92a991ea5e65a76d38ef9128f3e930cd390","messageTitle":"Fix - ExportCommandFactory should be in commandfactory package","messageBody":"","fileTypesAndContributionMap":{"java":{"insertions":4,"deletions":3}}},{"hash":"6a06bd37404342a0be18c83fa5c6977476d5dadc","messageTitle":"Refactor - FileResourceManager::executeCommandSave","messageBody":"- As part of validation, FileResourceManager will create JsonWriter. JsonWriter is injected into command.\n- errors from this operation should not kill the program, so we just send a message to indicate success or failure\n- rearrange\n","fileTypesAndContributionMap":{"java":{"insertions":44,"deletions":29}}},{"hash":"508aa6160de55267420fd39280759f5245e6fa04","messageTitle":"Refactor Rearrange","messageBody":"","fileTypesAndContributionMap":{"java":{"insertions":10,"deletions":14}}},{"hash":"2f4156036665d30db8738d14ced45ad954b8c6bb","messageTitle":"Refactor Rename","messageBody":"","fileTypesAndContributionMap":{"java":{"insertions":5,"deletions":5}}},{"hash":"ab04ec5b0865d618df1e41a19529cb997b6dc10d","messageTitle":"formatting","messageBody":"","fileTypesAndContributionMap":{"java":{"insertions":4,"deletions":1}}},{"hash":"6bfbe6a3c626b82ca08f33515b95ab3299de5b48","messageTitle":"Refactor Remove ExportCommandFactory since factory generate one method only.","messageBody":"","fileTypesAndContributionMap":{"java":{"insertions":14,"deletions":33}}},{"hash":"9eef81778936ed9b025b7b6e53bf815691cdcb57","messageTitle":"Refactor Rearrange","messageBody":"","fileTypesAndContributionMap":{"java":{"insertions":18,"deletions":16}}},{"hash":"3002b083713707a8a3b10b765efd02c0761ca2df","messageTitle":"javadoc","messageBody":"","fileTypesAndContributionMap":{"java":{"insertions":8,"deletions":4}}},{"hash":"b5fa945980a8c5300aada30e5ab6d9f653dc3128","messageTitle":"javadoc","messageBody":"","fileTypesAndContributionMap":{"java":{"insertions":4,"deletions":2}}},{"hash":"39614c6f643c0def8006c20e1f72998f5f1cd9d7","messageTitle":"Refactor ::printCommandResponse should not have side effects.","messageBody":"","fileTypesAndContributionMap":{"java":{"insertions":1,"deletions":1}}},{"hash":"a1411f491752409d296cc9c04d5f736654482983","messageTitle":"javadoc","messageBody":"","fileTypesAndContributionMap":{"java":{"insertions":6,"deletions":4}}},{"hash":"efd0b2c8deff84d7253a39e8082005b91dc4c069","messageTitle":"javadoc","messageBody":"","fileTypesAndContributionMap":{"java":{"insertions":12,"deletions":5}}},{"hash":"7539320c3c686291d4f715efb9114e33f411d5e4","messageTitle":"add assertions","messageBody":"","fileTypesAndContributionMap":{"java":{"insertions":3,"deletions":0}}},{"hash":"a5675da6eb06fe0a2b0554b122e257a9e993801c","messageTitle":"Remove constant from method parameter","messageBody":"","fileTypesAndContributionMap":{"java":{"insertions":4,"deletions":3}}},{"hash":"102a4b89009610887144b8027fd5b5f02f533768","messageTitle":"Privatise object level helper method","messageBody":"","fileTypesAndContributionMap":{"java":{"insertions":11,"deletions":11}}},{"hash":"8fec1d12e35f455aa6611c942da1baeadc14c318","messageTitle":"Rename FileResourceManager::executeCommandSave -\u003e executeSave","messageBody":"","fileTypesAndContributionMap":{"java":{"insertions":4,"deletions":5}}}]},{"date":"2021-11-07","commitResults":[{"hash":"59c3e525b9cacedc7a66c6b9942bf420afa16072","messageTitle":"Changelog - Finalize command list.","messageBody":"","fileTypesAndContributionMap":{"md":{"insertions":11,"deletions":150}}},{"hash":"cc2b1f357233260d9e51adad5b6505f90cbe628f","messageTitle":"Docs - update readme and combine with CHANGELOG.md","messageBody":"","fileTypesAndContributionMap":{"md":{"insertions":50,"deletions":29}}},{"hash":"b0471e398bffffa11db07d8918152b518f35b499","messageTitle":"readme formatting","messageBody":"","fileTypesAndContributionMap":{"md":{"insertions":5,"deletions":6}}},{"hash":"8f854c2cbb0c9f910166a21cc8d3383c87ee8515","messageTitle":"readme format","messageBody":"","fileTypesAndContributionMap":{"md":{"insertions":1,"deletions":1}}},{"hash":"9e909a88c0ff43445ef0040471f08846a9c5c4d2","messageTitle":"readme format","messageBody":"","fileTypesAndContributionMap":{"md":{"insertions":1,"deletions":1}}},{"hash":"209323c835d245a43bdd51a8bddf6bb2df21531c","messageTitle":"readme format","messageBody":"","fileTypesAndContributionMap":{"md":{"insertions":1,"deletions":1}}},{"hash":"1ff5a1cd06626e5a68325388a6d4f7135eef2fb9","messageTitle":"Docs - javadoc","messageBody":"","fileTypesAndContributionMap":{"java":{"insertions":1,"deletions":1}}},{"hash":"3dba2708fb09e69015842433a04ae40fa640dbac","messageTitle":"typo","messageBody":"","fileTypesAndContributionMap":{"java":{"insertions":1,"deletions":1}}},{"hash":"467cabc7750ea43f1de87b1ed65fa752bbd6f49e","messageTitle":"Test Refine checking of error.","messageBody":"","fileTypesAndContributionMap":{"java":{"insertions":12,"deletions":5}}},{"hash":"aa6eb4dc2dba2d154239875d3cfcc1a56bbd6239","messageTitle":"Rename Test","messageBody":"","fileTypesAndContributionMap":{"java":{"insertions":1,"deletions":1}}},{"hash":"684fb9d4acf57e6d0259dad074035135d43ca142","messageTitle":"Add feature - See see one task at a time.","messageBody":"","fileTypesAndContributionMap":{"java":{"insertions":58,"deletions":0},"md":{"insertions":2,"deletions":0}}},{"hash":"7357c8994cb7ce69abe1045cd6291a08b252b82a","messageTitle":"Run formatting","messageBody":"","fileTypesAndContributionMap":{"java":{"insertions":11,"deletions":9}}},{"hash":"a85a0d0aa4228d737ecf9f730628e783ff3cd691","messageTitle":"Renaming","messageBody":"","fileTypesAndContributionMap":{"java":{"insertions":30,"deletions":21}}},{"hash":"9c21b8c4f18ba2a9513071465c109cfd205a65a0","messageTitle":"Add feature - projection filter by incomplete status","messageBody":"","fileTypesAndContributionMap":{"java":{"insertions":53,"deletions":2},"md":{"insertions":1,"deletions":0}}},{"hash":"4ee2e509c237cf3a42e4d44428cd169d0e4a019e","messageTitle":"Refactor - use lambda for custom callback filter in task selections","messageBody":"","fileTypesAndContributionMap":{"java":{"insertions":10,"deletions":17}}},{"hash":"144af5e3c056a38cae85c96111c2ae7c158d34fb","messageTitle":"update docs","messageBody":"","fileTypesAndContributionMap":{"java":{"insertions":2,"deletions":2}}},{"hash":"265bfb0f11b7ac13ba00b6a9779f1a2f2162d209","messageTitle":"readme - crlf","messageBody":"","fileTypesAndContributionMap":{"md":{"insertions":1,"deletions":1}}},{"hash":"aa73338266329e04ba38cf81fb45ef0a821b51f1","messageTitle":"javadocs - line breaks between import package statements","messageBody":"","tags":["final"],"fileTypesAndContributionMap":{"java":{"insertions":116,"deletions":12}}}]},{"date":"2021-11-09","commitResults":[{"hash":"632b01524b710ed0b984cdc91bb2cc0341f47445","messageTitle":"-","messageBody":"","fileTypesAndContributionMap":{"sh":{"insertions":2,"deletions":2}}}]}]},"authorFileTypeContributionMap":{"noellimx":{"java":4809,"md":146,"fxml":0,"sh":42,"bat":0,"gradle":0,"txt":0}},"authorContributionVariance":{"noellimx":300697.28},"authorDisplayNameMap":{"noellimx":"NOEL..XIAN"}}
