[{"path":"src/main/java/Duke.java","fileType":"java","lines":[{"lineNumber":1,"author":{"gitId":"Kwokcheong"},"content":"import java.util.ArrayList;","lastModifiedDate":"2021-09-10"},{"lineNumber":2,"author":{"gitId":"Kwokcheong"},"content":"import java.util.Arrays;","lastModifiedDate":"2021-09-10"},{"lineNumber":3,"author":{"gitId":"Kwokcheong"},"content":"import java.util.Scanner;","lastModifiedDate":"2021-09-10"},{"lineNumber":4,"author":{"gitId":"Kwokcheong"},"content":"import java.util.regex.Matcher;","lastModifiedDate":"2021-09-21"},{"lineNumber":5,"author":{"gitId":"Kwokcheong"},"content":"import java.util.regex.Pattern;","lastModifiedDate":"2021-09-21"},{"lineNumber":6,"author":{"gitId":"Kwokcheong"},"content":"","lastModifiedDate":"2021-09-10"},{"lineNumber":7,"author":{"gitId":"-"},"content":"public class Duke {","lastModifiedDate":"2019-07-29"},{"lineNumber":8,"author":{"gitId":"Kwokcheong"},"content":"    public static ArrayList\u003cTask\u003e storedTask \u003d new ArrayList\u003cTask\u003e();","lastModifiedDate":"2021-10-26"},{"lineNumber":9,"author":{"gitId":"Kwokcheong"},"content":"","lastModifiedDate":"2021-09-10"},{"lineNumber":10,"author":{"gitId":"Kwokcheong"},"content":"    public static void getList(){","lastModifiedDate":"2021-09-10"},{"lineNumber":11,"author":{"gitId":"Kwokcheong"},"content":"        if( storedTask.size() \u003c 1){","lastModifiedDate":"2021-10-26"},{"lineNumber":12,"author":{"gitId":"Kwokcheong"},"content":"            System.out.println(\"Todo list is empty. Try adding something by typing todo.\");","lastModifiedDate":"2021-10-26"},{"lineNumber":13,"author":{"gitId":"Kwokcheong"},"content":"        }","lastModifiedDate":"2021-10-26"},{"lineNumber":14,"author":{"gitId":"Kwokcheong"},"content":"        for (int i\u003d1; i\u003cstoredTask.size()+1; i++){","lastModifiedDate":"2021-10-26"},{"lineNumber":15,"author":{"gitId":"Kwokcheong"},"content":"            System.out.format(\"%d: \" + \"[\" + storedTask.get(i-1).getStatusIcon() +  \"] \" +","lastModifiedDate":"2021-10-26"},{"lineNumber":16,"author":{"gitId":"Kwokcheong"},"content":"                    storedTask.get(i-1).getDescription() + \"\\n\" , i);","lastModifiedDate":"2021-10-26"},{"lineNumber":17,"author":{"gitId":"Kwokcheong"},"content":"        }","lastModifiedDate":"2021-10-26"},{"lineNumber":18,"author":{"gitId":"Kwokcheong"},"content":"    }","lastModifiedDate":"2021-10-26"},{"lineNumber":19,"author":{"gitId":"Kwokcheong"},"content":"","lastModifiedDate":"2021-10-26"},{"lineNumber":20,"author":{"gitId":"Kwokcheong"},"content":"    public static void updateTaskStatus(String line){","lastModifiedDate":"2021-10-26"},{"lineNumber":21,"author":{"gitId":"Kwokcheong"},"content":"        boolean matched \u003d false;","lastModifiedDate":"2021-10-26"},{"lineNumber":22,"author":{"gitId":"Kwokcheong"},"content":"        for (int i\u003d0; i\u003cstoredTask.size(); i++) {","lastModifiedDate":"2021-10-26"},{"lineNumber":23,"author":{"gitId":"Kwokcheong"},"content":"            if (storedTask.get(i).getDescription().equals(line)) {","lastModifiedDate":"2021-10-26"},{"lineNumber":24,"author":{"gitId":"Kwokcheong"},"content":"                storedTask.get(i).markDone();","lastModifiedDate":"2021-10-26"},{"lineNumber":25,"author":{"gitId":"Kwokcheong"},"content":"                System.out.println(\"Great! I\u0027ve marked this task as done\" + \"\\n\"","lastModifiedDate":"2021-10-26"},{"lineNumber":26,"author":{"gitId":"Kwokcheong"},"content":"                        + \"[\" + storedTask.get(i).getStatusIcon() +  \"] \" + storedTask.get(i).getDescription());","lastModifiedDate":"2021-10-26"},{"lineNumber":27,"author":{"gitId":"Kwokcheong"},"content":"                matched \u003d true;","lastModifiedDate":"2021-10-26"},{"lineNumber":28,"author":{"gitId":"Kwokcheong"},"content":"                break;","lastModifiedDate":"2021-10-26"},{"lineNumber":29,"author":{"gitId":"Kwokcheong"},"content":"            }","lastModifiedDate":"2021-10-26"},{"lineNumber":30,"author":{"gitId":"Kwokcheong"},"content":"        }","lastModifiedDate":"2021-10-26"},{"lineNumber":31,"author":{"gitId":"Kwokcheong"},"content":"        if (!matched) {","lastModifiedDate":"2021-10-26"},{"lineNumber":32,"author":{"gitId":"Kwokcheong"},"content":"            System.out.println(\"Cannot find \" + \u0027\"\u0027 + line + \u0027\"\u0027 + \".\");","lastModifiedDate":"2021-10-26"},{"lineNumber":33,"author":{"gitId":"Kwokcheong"},"content":"        }","lastModifiedDate":"2021-09-10"},{"lineNumber":34,"author":{"gitId":"Kwokcheong"},"content":"    }","lastModifiedDate":"2021-09-10"},{"lineNumber":35,"author":{"gitId":"Kwokcheong"},"content":"","lastModifiedDate":"2021-09-10"},{"lineNumber":36,"author":{"gitId":"Kwokcheong"},"content":"    public static void response(String sentence){","lastModifiedDate":"2021-09-10"},{"lineNumber":37,"author":{"gitId":"Kwokcheong"},"content":"        switch (sentence) {","lastModifiedDate":"2021-09-10"},{"lineNumber":38,"author":{"gitId":"Kwokcheong"},"content":"            case \"bye\":","lastModifiedDate":"2021-09-10"},{"lineNumber":39,"author":{"gitId":"Kwokcheong"},"content":"                System.out.println(\"Bye. Hope to see you again soon!\");","lastModifiedDate":"2021-09-10"},{"lineNumber":40,"author":{"gitId":"Kwokcheong"},"content":"                break;","lastModifiedDate":"2021-09-10"},{"lineNumber":41,"author":{"gitId":"Kwokcheong"},"content":"            case \"hi\":","lastModifiedDate":"2021-09-10"},{"lineNumber":42,"author":{"gitId":"Kwokcheong"},"content":"                System.out.println(\"Hello\");","lastModifiedDate":"2021-09-10"},{"lineNumber":43,"author":{"gitId":"Kwokcheong"},"content":"                break;","lastModifiedDate":"2021-09-10"},{"lineNumber":44,"author":{"gitId":"Kwokcheong"},"content":"            case \"list\":","lastModifiedDate":"2021-09-10"},{"lineNumber":45,"author":{"gitId":"Kwokcheong"},"content":"                getList();","lastModifiedDate":"2021-09-10"},{"lineNumber":46,"author":{"gitId":"Kwokcheong"},"content":"                break;","lastModifiedDate":"2021-09-10"},{"lineNumber":47,"author":{"gitId":"Kwokcheong"},"content":"            default:","lastModifiedDate":"2021-09-10"},{"lineNumber":48,"author":{"gitId":"Kwokcheong"},"content":"                break;","lastModifiedDate":"2021-09-10"},{"lineNumber":49,"author":{"gitId":"Kwokcheong"},"content":"        }","lastModifiedDate":"2021-09-10"},{"lineNumber":50,"author":{"gitId":"Kwokcheong"},"content":"    }","lastModifiedDate":"2021-09-10"},{"lineNumber":51,"author":{"gitId":"Kwokcheong"},"content":"","lastModifiedDate":"2021-09-10"},{"lineNumber":52,"author":{"gitId":"-"},"content":"    public static void main(String[] args) {","lastModifiedDate":"2019-07-29"},{"lineNumber":53,"author":{"gitId":"Kwokcheong"},"content":"        String line;","lastModifiedDate":"2021-09-21"},{"lineNumber":54,"author":{"gitId":"Kwokcheong"},"content":"        String todo;","lastModifiedDate":"2021-10-26"},{"lineNumber":55,"author":{"gitId":"Kwokcheong"},"content":"        System.out.println(\"Hello! I\u0027m Duke\\nWhat can I do for you today?\");","lastModifiedDate":"2021-09-10"},{"lineNumber":56,"author":{"gitId":"Kwokcheong"},"content":"        do {","lastModifiedDate":"2021-09-10"},{"lineNumber":57,"author":{"gitId":"Kwokcheong"},"content":"            Scanner in \u003d new Scanner(System.in);","lastModifiedDate":"2021-09-10"},{"lineNumber":58,"author":{"gitId":"Kwokcheong"},"content":"            line \u003d in.nextLine();","lastModifiedDate":"2021-09-10"},{"lineNumber":59,"author":{"gitId":"Kwokcheong"},"content":"            Inspect userText \u003d new Inspect(line);","lastModifiedDate":"2021-09-21"},{"lineNumber":60,"author":{"gitId":"Kwokcheong"},"content":"            // Closing app takes precedence #1","lastModifiedDate":"2021-10-26"},{"lineNumber":61,"author":{"gitId":"Kwokcheong"},"content":"            if(userText.bye()) {","lastModifiedDate":"2021-09-21"},{"lineNumber":62,"author":{"gitId":"Kwokcheong"},"content":"              line \u003d \"bye\";","lastModifiedDate":"2021-09-21"},{"lineNumber":63,"author":{"gitId":"Kwokcheong"},"content":"            }","lastModifiedDate":"2021-09-21"},{"lineNumber":64,"author":{"gitId":"Kwokcheong"},"content":"            // Add task 2nd priority","lastModifiedDate":"2021-10-26"},{"lineNumber":65,"author":{"gitId":"Kwokcheong"},"content":"            if (userText.addTask()) {","lastModifiedDate":"2021-10-26"},{"lineNumber":66,"author":{"gitId":"Kwokcheong"},"content":"                System.out.println(\"Sure, what would you like add\");","lastModifiedDate":"2021-10-26"},{"lineNumber":67,"author":{"gitId":"Kwokcheong"},"content":"                Scanner scanner \u003d new Scanner(System.in);","lastModifiedDate":"2021-10-26"},{"lineNumber":68,"author":{"gitId":"Kwokcheong"},"content":"                todo \u003d scanner.nextLine();","lastModifiedDate":"2021-10-26"},{"lineNumber":69,"author":{"gitId":"Kwokcheong"},"content":"                Task record \u003d new Task(todo);","lastModifiedDate":"2021-10-26"},{"lineNumber":70,"author":{"gitId":"Kwokcheong"},"content":"                storedTask.add(record);","lastModifiedDate":"2021-10-26"},{"lineNumber":71,"author":{"gitId":"Kwokcheong"},"content":"                System.out.println(\"added\");","lastModifiedDate":"2021-10-26"},{"lineNumber":72,"author":{"gitId":"Kwokcheong"},"content":"            }","lastModifiedDate":"2021-10-26"},{"lineNumber":73,"author":{"gitId":"Kwokcheong"},"content":"            // Check if user says completed","lastModifiedDate":"2021-10-26"},{"lineNumber":74,"author":{"gitId":"Kwokcheong"},"content":"            if (userText.doneTask()){","lastModifiedDate":"2021-10-26"},{"lineNumber":75,"author":{"gitId":"Kwokcheong"},"content":"                String taskName \u003d line.replace(\"done\", \"\").strip();","lastModifiedDate":"2021-10-26"},{"lineNumber":76,"author":{"gitId":"Kwokcheong"},"content":"                taskName \u003d taskName.replace(\"completed\", \"\").strip();","lastModifiedDate":"2021-10-26"},{"lineNumber":77,"author":{"gitId":"Kwokcheong"},"content":"                updateTaskStatus(taskName);","lastModifiedDate":"2021-10-26"},{"lineNumber":78,"author":{"gitId":"Kwokcheong"},"content":"            }","lastModifiedDate":"2021-10-26"},{"lineNumber":79,"author":{"gitId":"Kwokcheong"},"content":"","lastModifiedDate":"2021-10-26"},{"lineNumber":80,"author":{"gitId":"Kwokcheong"},"content":"            response(line);","lastModifiedDate":"2021-09-10"},{"lineNumber":81,"author":{"gitId":"Kwokcheong"},"content":"        } while (!line.equals(\"bye\"));","lastModifiedDate":"2021-09-10"},{"lineNumber":82,"author":{"gitId":"-"},"content":"    }","lastModifiedDate":"2019-07-29"},{"lineNumber":83,"author":{"gitId":"-"},"content":"}","lastModifiedDate":"2019-07-29"}],"authorContributionMap":{"Kwokcheong":79,"-":4}},{"path":"src/main/java/Inspect.java","fileType":"java","lines":[{"lineNumber":1,"author":{"gitId":"Kwokcheong"},"content":"import java.util.regex.Matcher;","lastModifiedDate":"2021-09-21"},{"lineNumber":2,"author":{"gitId":"Kwokcheong"},"content":"import java.util.regex.Pattern;","lastModifiedDate":"2021-09-21"},{"lineNumber":3,"author":{"gitId":"Kwokcheong"},"content":"","lastModifiedDate":"2021-09-21"},{"lineNumber":4,"author":{"gitId":"Kwokcheong"},"content":"public class Inspect {","lastModifiedDate":"2021-09-21"},{"lineNumber":5,"author":{"gitId":"Kwokcheong"},"content":"    protected String text;","lastModifiedDate":"2021-09-21"},{"lineNumber":6,"author":{"gitId":"Kwokcheong"},"content":"    public Inspect(String text){","lastModifiedDate":"2021-09-21"},{"lineNumber":7,"author":{"gitId":"Kwokcheong"},"content":"        this.text \u003d text;","lastModifiedDate":"2021-09-21"},{"lineNumber":8,"author":{"gitId":"Kwokcheong"},"content":"    }","lastModifiedDate":"2021-09-21"},{"lineNumber":9,"author":{"gitId":"Kwokcheong"},"content":"","lastModifiedDate":"2021-09-21"},{"lineNumber":10,"author":{"gitId":"Kwokcheong"},"content":"    public Boolean bye(){","lastModifiedDate":"2021-09-21"},{"lineNumber":11,"author":{"gitId":"Kwokcheong"},"content":"        String[] words \u003d {\"bye\", \"cya\"};","lastModifiedDate":"2021-10-26"},{"lineNumber":12,"author":{"gitId":"Kwokcheong"},"content":"        boolean result \u003d false;","lastModifiedDate":"2021-10-26"},{"lineNumber":13,"author":{"gitId":"Kwokcheong"},"content":"        for (String i : words){","lastModifiedDate":"2021-10-26"},{"lineNumber":14,"author":{"gitId":"Kwokcheong"},"content":"            Pattern pattern \u003d Pattern.compile( i, Pattern.CASE_INSENSITIVE);","lastModifiedDate":"2021-10-26"},{"lineNumber":15,"author":{"gitId":"Kwokcheong"},"content":"            Matcher matcher \u003d pattern.matcher(this.text);","lastModifiedDate":"2021-10-26"},{"lineNumber":16,"author":{"gitId":"Kwokcheong"},"content":"            if(matcher.find()){","lastModifiedDate":"2021-10-26"},{"lineNumber":17,"author":{"gitId":"Kwokcheong"},"content":"                result \u003d true;","lastModifiedDate":"2021-10-26"},{"lineNumber":18,"author":{"gitId":"Kwokcheong"},"content":"                break;","lastModifiedDate":"2021-10-26"},{"lineNumber":19,"author":{"gitId":"Kwokcheong"},"content":"            }","lastModifiedDate":"2021-10-26"},{"lineNumber":20,"author":{"gitId":"Kwokcheong"},"content":"        }","lastModifiedDate":"2021-10-26"},{"lineNumber":21,"author":{"gitId":"Kwokcheong"},"content":"        return result;","lastModifiedDate":"2021-10-26"},{"lineNumber":22,"author":{"gitId":"Kwokcheong"},"content":"    }","lastModifiedDate":"2021-10-26"},{"lineNumber":23,"author":{"gitId":"Kwokcheong"},"content":"","lastModifiedDate":"2021-10-26"},{"lineNumber":24,"author":{"gitId":"Kwokcheong"},"content":"    public Boolean addTask(){","lastModifiedDate":"2021-10-26"},{"lineNumber":25,"author":{"gitId":"Kwokcheong"},"content":"        Pattern pattern \u003d Pattern.compile(\"todo\", Pattern.CASE_INSENSITIVE);","lastModifiedDate":"2021-10-26"},{"lineNumber":26,"author":{"gitId":"Kwokcheong"},"content":"        Matcher matcher \u003d pattern.matcher(this.text);","lastModifiedDate":"2021-09-21"},{"lineNumber":27,"author":{"gitId":"Kwokcheong"},"content":"        return matcher.find();","lastModifiedDate":"2021-09-21"},{"lineNumber":28,"author":{"gitId":"Kwokcheong"},"content":"    }","lastModifiedDate":"2021-09-21"},{"lineNumber":29,"author":{"gitId":"Kwokcheong"},"content":"","lastModifiedDate":"2021-10-26"},{"lineNumber":30,"author":{"gitId":"Kwokcheong"},"content":"    public Boolean doneTask(){","lastModifiedDate":"2021-10-26"},{"lineNumber":31,"author":{"gitId":"Kwokcheong"},"content":"        String[] words \u003d {\"done\", \"completed\"};","lastModifiedDate":"2021-10-26"},{"lineNumber":32,"author":{"gitId":"Kwokcheong"},"content":"        boolean result \u003d false;","lastModifiedDate":"2021-10-26"},{"lineNumber":33,"author":{"gitId":"Kwokcheong"},"content":"        for (String i : words){","lastModifiedDate":"2021-10-26"},{"lineNumber":34,"author":{"gitId":"Kwokcheong"},"content":"            Pattern pattern \u003d Pattern.compile( i, Pattern.CASE_INSENSITIVE);","lastModifiedDate":"2021-10-26"},{"lineNumber":35,"author":{"gitId":"Kwokcheong"},"content":"            Matcher matcher \u003d pattern.matcher(this.text);","lastModifiedDate":"2021-10-26"},{"lineNumber":36,"author":{"gitId":"Kwokcheong"},"content":"            if(matcher.find()){","lastModifiedDate":"2021-10-26"},{"lineNumber":37,"author":{"gitId":"Kwokcheong"},"content":"                result \u003d true;","lastModifiedDate":"2021-10-26"},{"lineNumber":38,"author":{"gitId":"Kwokcheong"},"content":"                break;","lastModifiedDate":"2021-10-26"},{"lineNumber":39,"author":{"gitId":"Kwokcheong"},"content":"            }","lastModifiedDate":"2021-10-26"},{"lineNumber":40,"author":{"gitId":"Kwokcheong"},"content":"        }","lastModifiedDate":"2021-10-26"},{"lineNumber":41,"author":{"gitId":"Kwokcheong"},"content":"        return result;","lastModifiedDate":"2021-10-26"},{"lineNumber":42,"author":{"gitId":"Kwokcheong"},"content":"    }","lastModifiedDate":"2021-09-21"},{"lineNumber":43,"author":{"gitId":"Kwokcheong"},"content":"}","lastModifiedDate":"2021-10-26"},{"lineNumber":44,"author":{"gitId":"Kwokcheong"},"content":"","lastModifiedDate":"2021-10-26"},{"lineNumber":45,"author":{"gitId":"Kwokcheong"},"content":"","lastModifiedDate":"2021-10-26"},{"lineNumber":46,"author":{"gitId":"Kwokcheong"},"content":"/* To Do list","lastModifiedDate":"2021-10-26"},{"lineNumber":47,"author":{"gitId":"Kwokcheong"},"content":"","lastModifiedDate":"2021-10-26"},{"lineNumber":48,"author":{"gitId":"Kwokcheong"},"content":"1. Add more matching keywords ie: \"Bring up my todo list\"","lastModifiedDate":"2021-10-26"},{"lineNumber":49,"author":{"gitId":"Kwokcheong"},"content":"2. Bag of words to study the text -\u003e what can we do to customize the replies?","lastModifiedDate":"2021-10-26"},{"lineNumber":50,"author":{"gitId":"Kwokcheong"},"content":"3. level 3 is todo, so need to do something about that","lastModifiedDate":"2021-10-26"},{"lineNumber":51,"author":{"gitId":"Kwokcheong"},"content":"","lastModifiedDate":"2021-10-26"},{"lineNumber":52,"author":{"gitId":"Kwokcheong"},"content":" */","lastModifiedDate":"2021-10-26"}],"authorContributionMap":{"Kwokcheong":52}},{"path":"src/main/java/Task.java","fileType":"java","lines":[{"lineNumber":1,"author":{"gitId":"Kwokcheong"},"content":"public class Task {","lastModifiedDate":"2021-09-21"},{"lineNumber":2,"author":{"gitId":"Kwokcheong"},"content":"    protected String description;","lastModifiedDate":"2021-09-21"},{"lineNumber":3,"author":{"gitId":"Kwokcheong"},"content":"    protected boolean isDone;","lastModifiedDate":"2021-09-21"},{"lineNumber":4,"author":{"gitId":"Kwokcheong"},"content":"","lastModifiedDate":"2021-09-21"},{"lineNumber":5,"author":{"gitId":"Kwokcheong"},"content":"    public Task (String description) {","lastModifiedDate":"2021-09-21"},{"lineNumber":6,"author":{"gitId":"Kwokcheong"},"content":"        this.description \u003d description;","lastModifiedDate":"2021-09-21"},{"lineNumber":7,"author":{"gitId":"Kwokcheong"},"content":"        this.isDone \u003d false;","lastModifiedDate":"2021-09-21"},{"lineNumber":8,"author":{"gitId":"Kwokcheong"},"content":"    }","lastModifiedDate":"2021-09-21"},{"lineNumber":9,"author":{"gitId":"Kwokcheong"},"content":"","lastModifiedDate":"2021-09-21"},{"lineNumber":10,"author":{"gitId":"Kwokcheong"},"content":"    public void markDone(){","lastModifiedDate":"2021-10-26"},{"lineNumber":11,"author":{"gitId":"Kwokcheong"},"content":"        this.isDone \u003d true;","lastModifiedDate":"2021-10-26"},{"lineNumber":12,"author":{"gitId":"Kwokcheong"},"content":"    }","lastModifiedDate":"2021-10-26"},{"lineNumber":13,"author":{"gitId":"Kwokcheong"},"content":"    public String getDescription() { return this.description; }","lastModifiedDate":"2021-10-26"},{"lineNumber":14,"author":{"gitId":"Kwokcheong"},"content":"","lastModifiedDate":"2021-10-26"},{"lineNumber":15,"author":{"gitId":"Kwokcheong"},"content":"    public String getStatusIcon() {","lastModifiedDate":"2021-09-21"},{"lineNumber":16,"author":{"gitId":"Kwokcheong"},"content":"        return (isDone ? \"X\" : \" \"); // mark done task with X","lastModifiedDate":"2021-09-21"},{"lineNumber":17,"author":{"gitId":"Kwokcheong"},"content":"    }","lastModifiedDate":"2021-09-21"},{"lineNumber":18,"author":{"gitId":"Kwokcheong"},"content":"}","lastModifiedDate":"2021-09-21"}],"authorContributionMap":{"Kwokcheong":18}}]
