[{"path":"build.gradle","fileType":"gradle","lines":[{"lineNumber":1,"author":{"gitId":"-"},"content":"plugins {","lastModifiedDate":"2020-05-25"},{"lineNumber":2,"author":{"gitId":"-"},"content":"    id \u0027java\u0027","lastModifiedDate":"2020-05-25"},{"lineNumber":3,"author":{"gitId":"-"},"content":"    id \u0027application\u0027","lastModifiedDate":"2020-05-25"},{"lineNumber":4,"author":{"gitId":"-"},"content":"    id \u0027checkstyle\u0027","lastModifiedDate":"2020-05-25"},{"lineNumber":5,"author":{"gitId":"-"},"content":"    id \u0027com.github.johnrengelman.shadow\u0027 version \u00275.1.0\u0027","lastModifiedDate":"2020-05-25"},{"lineNumber":6,"author":{"gitId":"-"},"content":"}","lastModifiedDate":"2020-05-25"},{"lineNumber":7,"author":{"gitId":"-"},"content":"","lastModifiedDate":"2020-05-25"},{"lineNumber":8,"author":{"gitId":"-"},"content":"repositories {","lastModifiedDate":"2020-05-25"},{"lineNumber":9,"author":{"gitId":"-"},"content":"    mavenCentral()","lastModifiedDate":"2020-05-25"},{"lineNumber":10,"author":{"gitId":"-"},"content":"}","lastModifiedDate":"2020-05-25"},{"lineNumber":11,"author":{"gitId":"-"},"content":"","lastModifiedDate":"2020-05-25"},{"lineNumber":12,"author":{"gitId":"-"},"content":"dependencies {","lastModifiedDate":"2020-05-25"},{"lineNumber":13,"author":{"gitId":"-"},"content":"    testImplementation group: \u0027org.junit.jupiter\u0027, name: \u0027junit-jupiter-api\u0027, version: \u00275.5.0\u0027","lastModifiedDate":"2020-05-25"},{"lineNumber":14,"author":{"gitId":"-"},"content":"    testRuntimeOnly group: \u0027org.junit.jupiter\u0027, name: \u0027junit-jupiter-engine\u0027, version: \u00275.5.0\u0027","lastModifiedDate":"2020-05-25"},{"lineNumber":15,"author":{"gitId":"-"},"content":"}","lastModifiedDate":"2020-05-25"},{"lineNumber":16,"author":{"gitId":"-"},"content":"","lastModifiedDate":"2020-05-25"},{"lineNumber":17,"author":{"gitId":"-"},"content":"test {","lastModifiedDate":"2020-05-25"},{"lineNumber":18,"author":{"gitId":"-"},"content":"    useJUnitPlatform()","lastModifiedDate":"2020-05-25"},{"lineNumber":19,"author":{"gitId":"-"},"content":"","lastModifiedDate":"2020-05-25"},{"lineNumber":20,"author":{"gitId":"-"},"content":"    testLogging {","lastModifiedDate":"2020-05-25"},{"lineNumber":21,"author":{"gitId":"-"},"content":"        events \"passed\", \"skipped\", \"failed\"","lastModifiedDate":"2020-05-25"},{"lineNumber":22,"author":{"gitId":"-"},"content":"","lastModifiedDate":"2020-05-25"},{"lineNumber":23,"author":{"gitId":"-"},"content":"        showExceptions true","lastModifiedDate":"2020-05-25"},{"lineNumber":24,"author":{"gitId":"-"},"content":"        exceptionFormat \"full\"","lastModifiedDate":"2020-05-25"},{"lineNumber":25,"author":{"gitId":"-"},"content":"        showCauses true","lastModifiedDate":"2020-05-25"},{"lineNumber":26,"author":{"gitId":"-"},"content":"        showStackTraces true","lastModifiedDate":"2020-05-25"},{"lineNumber":27,"author":{"gitId":"-"},"content":"        showStandardStreams \u003d false","lastModifiedDate":"2020-05-25"},{"lineNumber":28,"author":{"gitId":"-"},"content":"    }","lastModifiedDate":"2020-05-25"},{"lineNumber":29,"author":{"gitId":"-"},"content":"}","lastModifiedDate":"2020-05-25"},{"lineNumber":30,"author":{"gitId":"-"},"content":"","lastModifiedDate":"2020-05-25"},{"lineNumber":31,"author":{"gitId":"-"},"content":"application {","lastModifiedDate":"2020-05-25"},{"lineNumber":32,"author":{"gitId":"Kwokcheong"},"content":"    mainClassName \u003d \"Duke\"","lastModifiedDate":"2021-11-10"},{"lineNumber":33,"author":{"gitId":"-"},"content":"}","lastModifiedDate":"2020-05-25"},{"lineNumber":34,"author":{"gitId":"-"},"content":"","lastModifiedDate":"2020-05-25"},{"lineNumber":35,"author":{"gitId":"-"},"content":"shadowJar {","lastModifiedDate":"2020-05-25"},{"lineNumber":36,"author":{"gitId":"-"},"content":"    archiveBaseName \u003d \"duke\"","lastModifiedDate":"2020-05-25"},{"lineNumber":37,"author":{"gitId":"-"},"content":"    archiveClassifier \u003d null","lastModifiedDate":"2020-05-25"},{"lineNumber":38,"author":{"gitId":"-"},"content":"}","lastModifiedDate":"2020-05-25"},{"lineNumber":39,"author":{"gitId":"-"},"content":"","lastModifiedDate":"2020-05-25"},{"lineNumber":40,"author":{"gitId":"-"},"content":"checkstyle {","lastModifiedDate":"2020-05-25"},{"lineNumber":41,"author":{"gitId":"-"},"content":"    toolVersion \u003d \u00278.29\u0027","lastModifiedDate":"2020-05-25"},{"lineNumber":42,"author":{"gitId":"-"},"content":"}","lastModifiedDate":"2020-05-25"},{"lineNumber":43,"author":{"gitId":"-"},"content":"","lastModifiedDate":"2020-05-25"},{"lineNumber":44,"author":{"gitId":"-"},"content":"run{","lastModifiedDate":"2020-05-25"},{"lineNumber":45,"author":{"gitId":"-"},"content":"    standardInput \u003d System.in","lastModifiedDate":"2020-05-25"},{"lineNumber":46,"author":{"gitId":"-"},"content":"}","lastModifiedDate":"2020-05-25"}],"authorContributionMap":{"Kwokcheong":1,"-":45}},{"path":"data/duke.txt","fileType":"txt","lines":[{"lineNumber":1,"author":{"gitId":"Kwokcheong"},"content":"T|1|read book","lastModifiedDate":"2021-11-09"},{"lineNumber":2,"author":{"gitId":"Kwokcheong"},"content":"D|0|return book|June 6th","lastModifiedDate":"2021-11-09"},{"lineNumber":3,"author":{"gitId":"Kwokcheong"},"content":"E|0|project meeting|Aug 6th|2-4pm|","lastModifiedDate":"2021-11-09"}],"authorContributionMap":{"Kwokcheong":3}},{"path":"src/main/java/Deadline.java","fileType":"java","lines":[{"lineNumber":1,"author":{"gitId":"Kwokcheong"},"content":"public class Deadline extends Task {","lastModifiedDate":"2021-11-02"},{"lineNumber":2,"author":{"gitId":"Kwokcheong"},"content":"","lastModifiedDate":"2021-11-02"},{"lineNumber":3,"author":{"gitId":"Kwokcheong"},"content":"    protected String by;","lastModifiedDate":"2021-11-02"},{"lineNumber":4,"author":{"gitId":"Kwokcheong"},"content":"    protected String type;","lastModifiedDate":"2021-11-02"},{"lineNumber":5,"author":{"gitId":"Kwokcheong"},"content":"","lastModifiedDate":"2021-11-02"},{"lineNumber":6,"author":{"gitId":"Kwokcheong"},"content":"    public Deadline(String description, String by) {","lastModifiedDate":"2021-11-02"},{"lineNumber":7,"author":{"gitId":"Kwokcheong"},"content":"        //super allows us to grab from the super parent class task\u0027s description","lastModifiedDate":"2021-11-02"},{"lineNumber":8,"author":{"gitId":"Kwokcheong"},"content":"        super(description);","lastModifiedDate":"2021-11-02"},{"lineNumber":9,"author":{"gitId":"Kwokcheong"},"content":"        this.by \u003d by;","lastModifiedDate":"2021-11-02"},{"lineNumber":10,"author":{"gitId":"Kwokcheong"},"content":"        this.type \u003d \"D\";","lastModifiedDate":"2021-11-02"},{"lineNumber":11,"author":{"gitId":"Kwokcheong"},"content":"    }","lastModifiedDate":"2021-11-02"},{"lineNumber":12,"author":{"gitId":"Kwokcheong"},"content":"","lastModifiedDate":"2021-11-02"},{"lineNumber":13,"author":{"gitId":"Kwokcheong"},"content":"    public void setBy(String by) {","lastModifiedDate":"2021-11-02"},{"lineNumber":14,"author":{"gitId":"Kwokcheong"},"content":"        this.by \u003d by;","lastModifiedDate":"2021-11-02"},{"lineNumber":15,"author":{"gitId":"Kwokcheong"},"content":"    }","lastModifiedDate":"2021-11-02"},{"lineNumber":16,"author":{"gitId":"Kwokcheong"},"content":"    public String getBy() {","lastModifiedDate":"2021-11-02"},{"lineNumber":17,"author":{"gitId":"Kwokcheong"},"content":"        return by;","lastModifiedDate":"2021-11-02"},{"lineNumber":18,"author":{"gitId":"Kwokcheong"},"content":"    }","lastModifiedDate":"2021-11-02"},{"lineNumber":19,"author":{"gitId":"Kwokcheong"},"content":"","lastModifiedDate":"2021-11-02"},{"lineNumber":20,"author":{"gitId":"Kwokcheong"},"content":"    @Override","lastModifiedDate":"2021-11-02"},{"lineNumber":21,"author":{"gitId":"Kwokcheong"},"content":"    public String getType() { return this.type; }","lastModifiedDate":"2021-11-02"},{"lineNumber":22,"author":{"gitId":"Kwokcheong"},"content":"","lastModifiedDate":"2021-11-02"},{"lineNumber":23,"author":{"gitId":"Kwokcheong"},"content":"    @Override","lastModifiedDate":"2021-11-02"},{"lineNumber":24,"author":{"gitId":"Kwokcheong"},"content":"    public String toString() {","lastModifiedDate":"2021-11-02"},{"lineNumber":25,"author":{"gitId":"Kwokcheong"},"content":"        return super.toString() + \" (by: \" + by + \")\";","lastModifiedDate":"2021-11-02"},{"lineNumber":26,"author":{"gitId":"Kwokcheong"},"content":"    }","lastModifiedDate":"2021-11-02"},{"lineNumber":27,"author":{"gitId":"Kwokcheong"},"content":"}","lastModifiedDate":"2021-11-02"},{"lineNumber":28,"author":{"gitId":"Kwokcheong"},"content":"","lastModifiedDate":"2021-11-02"},{"lineNumber":29,"author":{"gitId":"Kwokcheong"},"content":"","lastModifiedDate":"2021-11-09"},{"lineNumber":30,"author":{"gitId":"Kwokcheong"},"content":"","lastModifiedDate":"2021-11-09"},{"lineNumber":31,"author":{"gitId":"Kwokcheong"},"content":"//Create","lastModifiedDate":"2021-11-09"},{"lineNumber":32,"author":{"gitId":"Kwokcheong"},"content":"//------------------------------------","lastModifiedDate":"2021-11-09"},{"lineNumber":33,"author":{"gitId":"Kwokcheong"},"content":"// edit the todo to be \"todo borrow book\"","lastModifiedDate":"2021-11-02"},{"lineNumber":34,"author":{"gitId":"Kwokcheong"},"content":"//","lastModifiedDate":"2021-11-09"},{"lineNumber":35,"author":{"gitId":"Kwokcheong"},"content":"// probably can do a enum for the days","lastModifiedDate":"2021-11-02"},{"lineNumber":36,"author":{"gitId":"Kwokcheong"},"content":"//     Got it. I\u0027ve added this task:","lastModifiedDate":"2021-11-02"},{"lineNumber":37,"author":{"gitId":"Kwokcheong"},"content":"//       [E][ ] project meeting (at: Mon 2-4pm)","lastModifiedDate":"2021-11-02"},{"lineNumber":38,"author":{"gitId":"Kwokcheong"},"content":"//     Now you have 7 tasks in the list.","lastModifiedDate":"2021-11-02"},{"lineNumber":39,"author":{"gitId":"Kwokcheong"},"content":"","lastModifiedDate":"2021-11-09"},{"lineNumber":40,"author":{"gitId":"Kwokcheong"},"content":"// Delete","lastModifiedDate":"2021-11-09"},{"lineNumber":41,"author":{"gitId":"Kwokcheong"},"content":"//-------------------------------------","lastModifiedDate":"2021-11-09"},{"lineNumber":42,"author":{"gitId":"Kwokcheong"},"content":"// allow to delete by description regex","lastModifiedDate":"2021-11-09"},{"lineNumber":43,"author":{"gitId":"Kwokcheong"},"content":"","lastModifiedDate":"2021-11-09"},{"lineNumber":44,"author":{"gitId":"Kwokcheong"},"content":"// Read","lastModifiedDate":"2021-11-09"},{"lineNumber":45,"author":{"gitId":"Kwokcheong"},"content":"// ------------------------------------","lastModifiedDate":"2021-11-09"},{"lineNumber":46,"author":{"gitId":"Kwokcheong"},"content":"// allow to save into txt file harddisk (LV7)","lastModifiedDate":"2021-11-09"},{"lineNumber":47,"author":{"gitId":"Kwokcheong"},"content":"// allow regex to search for current tasks","lastModifiedDate":"2021-11-09"},{"lineNumber":48,"author":{"gitId":"Kwokcheong"},"content":"","lastModifiedDate":"2021-11-09"},{"lineNumber":49,"author":{"gitId":"Kwokcheong"},"content":"// Error handle","lastModifiedDate":"2021-11-09"},{"lineNumber":50,"author":{"gitId":"Kwokcheong"},"content":"//-------------------------------------","lastModifiedDate":"2021-11-09"},{"lineNumber":51,"author":{"gitId":"Kwokcheong"},"content":"// todo","lastModifiedDate":"2021-11-09"},{"lineNumber":52,"author":{"gitId":"Kwokcheong"},"content":"// i see you want to make a todo, please add description","lastModifiedDate":"2021-11-09"},{"lineNumber":53,"author":{"gitId":"Kwokcheong"},"content":"","lastModifiedDate":"2021-11-09"},{"lineNumber":54,"author":{"gitId":"Kwokcheong"},"content":"","lastModifiedDate":"2021-11-09"},{"lineNumber":55,"author":{"gitId":"Kwokcheong"},"content":"","lastModifiedDate":"2021-11-09"},{"lineNumber":56,"author":{"gitId":"Kwokcheong"},"content":"// file reading","lastModifiedDate":"2021-11-09"},{"lineNumber":57,"author":{"gitId":"Kwokcheong"},"content":"// should read and pump the data into the site, welcome the user back","lastModifiedDate":"2021-11-09"},{"lineNumber":58,"author":{"gitId":"Kwokcheong"},"content":"// if no user, prompt for user","lastModifiedDate":"2021-11-09"}],"authorContributionMap":{"Kwokcheong":58}},{"path":"src/main/java/Duke.java","fileType":"java","lines":[{"lineNumber":1,"author":{"gitId":"Kwokcheong"},"content":"import java.nio.file.Paths;","lastModifiedDate":"2021-11-09"},{"lineNumber":2,"author":{"gitId":"Kwokcheong"},"content":"import java.util.ArrayList;","lastModifiedDate":"2021-09-10"},{"lineNumber":3,"author":{"gitId":"Kwokcheong"},"content":"import java.util.Arrays;","lastModifiedDate":"2021-09-10"},{"lineNumber":4,"author":{"gitId":"Kwokcheong"},"content":"import java.util.Locale;","lastModifiedDate":"2021-11-02"},{"lineNumber":5,"author":{"gitId":"Kwokcheong"},"content":"import java.util.Scanner;","lastModifiedDate":"2021-09-10"},{"lineNumber":6,"author":{"gitId":"Kwokcheong"},"content":"import java.util.regex.Matcher;","lastModifiedDate":"2021-09-21"},{"lineNumber":7,"author":{"gitId":"Kwokcheong"},"content":"import java.util.regex.Pattern;","lastModifiedDate":"2021-09-21"},{"lineNumber":8,"author":{"gitId":"Kwokcheong"},"content":"import java.io.FileReader;","lastModifiedDate":"2021-11-09"},{"lineNumber":9,"author":{"gitId":"Kwokcheong"},"content":"import java.io.FileWriter;","lastModifiedDate":"2021-11-09"},{"lineNumber":10,"author":{"gitId":"Kwokcheong"},"content":"import java.io.FileNotFoundException;","lastModifiedDate":"2021-11-09"},{"lineNumber":11,"author":{"gitId":"Kwokcheong"},"content":"import java.io.IOException;","lastModifiedDate":"2021-11-09"},{"lineNumber":12,"author":{"gitId":"Kwokcheong"},"content":"import java.io.BufferedReader;","lastModifiedDate":"2021-11-09"},{"lineNumber":13,"author":{"gitId":"Kwokcheong"},"content":"import java.io.BufferedWriter;","lastModifiedDate":"2021-11-09"},{"lineNumber":14,"author":{"gitId":"Kwokcheong"},"content":"","lastModifiedDate":"2021-09-10"},{"lineNumber":15,"author":{"gitId":"-"},"content":"public class Duke {","lastModifiedDate":"2019-07-29"},{"lineNumber":16,"author":{"gitId":"Kwokcheong"},"content":"","lastModifiedDate":"2021-11-09"},{"lineNumber":17,"author":{"gitId":"Kwokcheong"},"content":"    public static ArrayList\u003cTask\u003e storedTask \u003d new ArrayList\u003cTask\u003e();","lastModifiedDate":"2021-10-26"},{"lineNumber":18,"author":{"gitId":"Kwokcheong"},"content":"","lastModifiedDate":"2021-09-10"},{"lineNumber":19,"author":{"gitId":"Kwokcheong"},"content":"    public static void getList(){","lastModifiedDate":"2021-09-10"},{"lineNumber":20,"author":{"gitId":"Kwokcheong"},"content":"        if( storedTask.size() \u003c 1){","lastModifiedDate":"2021-10-26"},{"lineNumber":21,"author":{"gitId":"Kwokcheong"},"content":"            System.out.println(\"Todo list is empty. Try adding something by typing todo.\");","lastModifiedDate":"2021-10-26"},{"lineNumber":22,"author":{"gitId":"Kwokcheong"},"content":"        }","lastModifiedDate":"2021-10-26"},{"lineNumber":23,"author":{"gitId":"Kwokcheong"},"content":"        for (int i\u003d1; i\u003c\u003dstoredTask.size(); i++){","lastModifiedDate":"2021-11-03"},{"lineNumber":24,"author":{"gitId":"Kwokcheong"},"content":"            System.out.format(\"%d: \" + \"[\" + storedTask.get(i-1).getType() + \"]\" + storedTask.get(i-1).toString() + \"\\n\" , i);","lastModifiedDate":"2021-11-02"},{"lineNumber":25,"author":{"gitId":"Kwokcheong"},"content":"        }","lastModifiedDate":"2021-10-26"},{"lineNumber":26,"author":{"gitId":"Kwokcheong"},"content":"    }","lastModifiedDate":"2021-10-26"},{"lineNumber":27,"author":{"gitId":"Kwokcheong"},"content":"","lastModifiedDate":"2021-10-26"},{"lineNumber":28,"author":{"gitId":"Kwokcheong"},"content":"    public static void delete(int index){","lastModifiedDate":"2021-11-03"},{"lineNumber":29,"author":{"gitId":"Kwokcheong"},"content":"        ArrayList\u003cTask\u003e temp \u003d new ArrayList\u003cTask\u003e();","lastModifiedDate":"2021-11-03"},{"lineNumber":30,"author":{"gitId":"Kwokcheong"},"content":"        if( storedTask.size() \u003c 1){","lastModifiedDate":"2021-11-03"},{"lineNumber":31,"author":{"gitId":"Kwokcheong"},"content":"            System.out.println(\"nothing to delete\");","lastModifiedDate":"2021-11-03"},{"lineNumber":32,"author":{"gitId":"Kwokcheong"},"content":"        } else {","lastModifiedDate":"2021-11-03"},{"lineNumber":33,"author":{"gitId":"Kwokcheong"},"content":"            for (int i \u003d 0; i \u003c storedTask.size(); i++) {","lastModifiedDate":"2021-11-03"},{"lineNumber":34,"author":{"gitId":"Kwokcheong"},"content":"                if (i !\u003d index) {","lastModifiedDate":"2021-11-03"},{"lineNumber":35,"author":{"gitId":"Kwokcheong"},"content":"                    temp.add(storedTask.get(i));","lastModifiedDate":"2021-11-03"},{"lineNumber":36,"author":{"gitId":"Kwokcheong"},"content":"                }","lastModifiedDate":"2021-11-03"},{"lineNumber":37,"author":{"gitId":"Kwokcheong"},"content":"            }","lastModifiedDate":"2021-11-03"},{"lineNumber":38,"author":{"gitId":"Kwokcheong"},"content":"            storedTask \u003d temp;","lastModifiedDate":"2021-11-03"},{"lineNumber":39,"author":{"gitId":"Kwokcheong"},"content":"        }","lastModifiedDate":"2021-11-03"},{"lineNumber":40,"author":{"gitId":"Kwokcheong"},"content":"    }","lastModifiedDate":"2021-11-03"},{"lineNumber":41,"author":{"gitId":"Kwokcheong"},"content":"","lastModifiedDate":"2021-11-03"},{"lineNumber":42,"author":{"gitId":"Kwokcheong"},"content":"    public static void find(String searchFor){","lastModifiedDate":"2021-11-10"},{"lineNumber":43,"author":{"gitId":"Kwokcheong"},"content":"        ArrayList\u003cTask\u003e results \u003d new ArrayList\u003cTask\u003e();","lastModifiedDate":"2021-11-10"},{"lineNumber":44,"author":{"gitId":"Kwokcheong"},"content":"        for(int i\u003d0; i\u003cstoredTask.size(); i++){","lastModifiedDate":"2021-11-10"},{"lineNumber":45,"author":{"gitId":"Kwokcheong"},"content":"            Pattern pattern \u003d Pattern.compile(searchFor, Pattern.CASE_INSENSITIVE);","lastModifiedDate":"2021-11-10"},{"lineNumber":46,"author":{"gitId":"Kwokcheong"},"content":"            Matcher matcher \u003d pattern.matcher(storedTask.get(i).getDescription());","lastModifiedDate":"2021-11-10"},{"lineNumber":47,"author":{"gitId":"Kwokcheong"},"content":"            if(matcher.find()){","lastModifiedDate":"2021-11-10"},{"lineNumber":48,"author":{"gitId":"Kwokcheong"},"content":"                results.add(storedTask.get(i));","lastModifiedDate":"2021-11-10"},{"lineNumber":49,"author":{"gitId":"Kwokcheong"},"content":"            }","lastModifiedDate":"2021-11-10"},{"lineNumber":50,"author":{"gitId":"Kwokcheong"},"content":"        }","lastModifiedDate":"2021-11-10"},{"lineNumber":51,"author":{"gitId":"Kwokcheong"},"content":"        if( results.size() \u003c 1){","lastModifiedDate":"2021-11-10"},{"lineNumber":52,"author":{"gitId":"Kwokcheong"},"content":"            System.out.println(\"No matching tasks found.\");","lastModifiedDate":"2021-11-10"},{"lineNumber":53,"author":{"gitId":"Kwokcheong"},"content":"        } else{","lastModifiedDate":"2021-11-10"},{"lineNumber":54,"author":{"gitId":"Kwokcheong"},"content":"            System.out.println(\"We have found the following...\");","lastModifiedDate":"2021-11-10"},{"lineNumber":55,"author":{"gitId":"Kwokcheong"},"content":"            for (int i\u003d1; i\u003c\u003dresults.size(); i++) {","lastModifiedDate":"2021-11-10"},{"lineNumber":56,"author":{"gitId":"Kwokcheong"},"content":"                System.out.format(\"%d: \" + \"[\" + results.get(i - 1).getType() + \"]\" + results.get(i - 1).toString() + \"\\n\", i);","lastModifiedDate":"2021-11-10"},{"lineNumber":57,"author":{"gitId":"Kwokcheong"},"content":"            }","lastModifiedDate":"2021-11-10"},{"lineNumber":58,"author":{"gitId":"Kwokcheong"},"content":"        }","lastModifiedDate":"2021-11-10"},{"lineNumber":59,"author":{"gitId":"Kwokcheong"},"content":"    }","lastModifiedDate":"2021-11-10"},{"lineNumber":60,"author":{"gitId":"Kwokcheong"},"content":"","lastModifiedDate":"2021-11-10"},{"lineNumber":61,"author":{"gitId":"Kwokcheong"},"content":"    public static void updateTaskStatus(String line){","lastModifiedDate":"2021-10-26"},{"lineNumber":62,"author":{"gitId":"Kwokcheong"},"content":"        boolean matched \u003d false;","lastModifiedDate":"2021-10-26"},{"lineNumber":63,"author":{"gitId":"Kwokcheong"},"content":"        for (int i\u003d0; i\u003cstoredTask.size(); i++) {","lastModifiedDate":"2021-10-26"},{"lineNumber":64,"author":{"gitId":"Kwokcheong"},"content":"            if (storedTask.get(i).getDescription().equals(line)) {","lastModifiedDate":"2021-10-26"},{"lineNumber":65,"author":{"gitId":"Kwokcheong"},"content":"                storedTask.get(i).markDone();","lastModifiedDate":"2021-10-26"},{"lineNumber":66,"author":{"gitId":"Kwokcheong"},"content":"                System.out.println(\"Great! I\u0027ve marked this task as done\" + \"\\n\"","lastModifiedDate":"2021-10-26"},{"lineNumber":67,"author":{"gitId":"Kwokcheong"},"content":"                        + \"[\" + storedTask.get(i).getStatusIcon() +  \"] \" + storedTask.get(i).getDescription());","lastModifiedDate":"2021-10-26"},{"lineNumber":68,"author":{"gitId":"Kwokcheong"},"content":"                matched \u003d true;","lastModifiedDate":"2021-10-26"},{"lineNumber":69,"author":{"gitId":"Kwokcheong"},"content":"                break;","lastModifiedDate":"2021-10-26"},{"lineNumber":70,"author":{"gitId":"Kwokcheong"},"content":"            }","lastModifiedDate":"2021-10-26"},{"lineNumber":71,"author":{"gitId":"Kwokcheong"},"content":"        }","lastModifiedDate":"2021-10-26"},{"lineNumber":72,"author":{"gitId":"Kwokcheong"},"content":"        if (!matched) {","lastModifiedDate":"2021-10-26"},{"lineNumber":73,"author":{"gitId":"Kwokcheong"},"content":"            System.out.println(\"Cannot find \" + \u0027\"\u0027 + line + \u0027\"\u0027 + \".\");","lastModifiedDate":"2021-10-26"},{"lineNumber":74,"author":{"gitId":"Kwokcheong"},"content":"        }","lastModifiedDate":"2021-09-10"},{"lineNumber":75,"author":{"gitId":"Kwokcheong"},"content":"    }","lastModifiedDate":"2021-09-10"},{"lineNumber":76,"author":{"gitId":"Kwokcheong"},"content":"","lastModifiedDate":"2021-09-10"},{"lineNumber":77,"author":{"gitId":"Kwokcheong"},"content":"    public static void response(String sentence){","lastModifiedDate":"2021-09-10"},{"lineNumber":78,"author":{"gitId":"Kwokcheong"},"content":"        switch (sentence) {","lastModifiedDate":"2021-09-10"},{"lineNumber":79,"author":{"gitId":"Kwokcheong"},"content":"            case \"bye\":","lastModifiedDate":"2021-09-10"},{"lineNumber":80,"author":{"gitId":"Kwokcheong"},"content":"                try{","lastModifiedDate":"2021-11-09"},{"lineNumber":81,"author":{"gitId":"Kwokcheong"},"content":"                    FileWriter writer \u003d new FileWriter(\"data/duke.txt\");","lastModifiedDate":"2021-11-09"},{"lineNumber":82,"author":{"gitId":"Kwokcheong"},"content":"                    BufferedWriter buffer \u003d new BufferedWriter(writer);","lastModifiedDate":"2021-11-09"},{"lineNumber":83,"author":{"gitId":"Kwokcheong"},"content":"                    buffer.write(\"\");","lastModifiedDate":"2021-11-09"},{"lineNumber":84,"author":{"gitId":"Kwokcheong"},"content":"                }catch (IOException e) {","lastModifiedDate":"2021-11-09"},{"lineNumber":85,"author":{"gitId":"Kwokcheong"},"content":"                    e.printStackTrace();","lastModifiedDate":"2021-11-09"},{"lineNumber":86,"author":{"gitId":"Kwokcheong"},"content":"                }","lastModifiedDate":"2021-11-09"},{"lineNumber":87,"author":{"gitId":"Kwokcheong"},"content":"                saveCurrentTasks();","lastModifiedDate":"2021-11-09"},{"lineNumber":88,"author":{"gitId":"Kwokcheong"},"content":"                System.out.println(\"Bye. Your session has been saved. Hope to see you again soon!\");","lastModifiedDate":"2021-11-09"},{"lineNumber":89,"author":{"gitId":"Kwokcheong"},"content":"                break;","lastModifiedDate":"2021-09-10"},{"lineNumber":90,"author":{"gitId":"Kwokcheong"},"content":"            case \"hi\":","lastModifiedDate":"2021-09-10"},{"lineNumber":91,"author":{"gitId":"Kwokcheong"},"content":"                System.out.println(\"Hello\");","lastModifiedDate":"2021-09-10"},{"lineNumber":92,"author":{"gitId":"Kwokcheong"},"content":"                break;","lastModifiedDate":"2021-09-10"},{"lineNumber":93,"author":{"gitId":"Kwokcheong"},"content":"            default:","lastModifiedDate":"2021-09-10"},{"lineNumber":94,"author":{"gitId":"Kwokcheong"},"content":"                break;","lastModifiedDate":"2021-09-10"},{"lineNumber":95,"author":{"gitId":"Kwokcheong"},"content":"        }","lastModifiedDate":"2021-09-10"},{"lineNumber":96,"author":{"gitId":"Kwokcheong"},"content":"    }","lastModifiedDate":"2021-09-10"},{"lineNumber":97,"author":{"gitId":"Kwokcheong"},"content":"","lastModifiedDate":"2021-09-10"},{"lineNumber":98,"author":{"gitId":"Kwokcheong"},"content":"    public static String getCommand(String line){","lastModifiedDate":"2021-11-02"},{"lineNumber":99,"author":{"gitId":"Kwokcheong"},"content":"        int count \u003d 0;","lastModifiedDate":"2021-11-02"},{"lineNumber":100,"author":{"gitId":"Kwokcheong"},"content":"        String[] command \u003d new String[10];","lastModifiedDate":"2021-11-02"},{"lineNumber":101,"author":{"gitId":"Kwokcheong"},"content":"        String[] line2 \u003d line.split(\" \");","lastModifiedDate":"2021-11-02"},{"lineNumber":102,"author":{"gitId":"Kwokcheong"},"content":"        String[] keywords \u003d {\"todo\", \"deadline\", \"event\", \"done\", \"list\", \"delete\", \"find\"};","lastModifiedDate":"2021-11-10"},{"lineNumber":103,"author":{"gitId":"Kwokcheong"},"content":"        for(String i : line2 ){","lastModifiedDate":"2021-11-02"},{"lineNumber":104,"author":{"gitId":"Kwokcheong"},"content":"            if(Arrays.asList(keywords).contains(i)){","lastModifiedDate":"2021-11-02"},{"lineNumber":105,"author":{"gitId":"Kwokcheong"},"content":"                command[count] \u003d i;","lastModifiedDate":"2021-11-02"},{"lineNumber":106,"author":{"gitId":"Kwokcheong"},"content":"                count++;","lastModifiedDate":"2021-11-02"},{"lineNumber":107,"author":{"gitId":"Kwokcheong"},"content":"            }","lastModifiedDate":"2021-11-02"},{"lineNumber":108,"author":{"gitId":"Kwokcheong"},"content":"        }","lastModifiedDate":"2021-11-02"},{"lineNumber":109,"author":{"gitId":"Kwokcheong"},"content":"        if(count \u003e 1){","lastModifiedDate":"2021-11-02"},{"lineNumber":110,"author":{"gitId":"Kwokcheong"},"content":"            System.out.println(\"whoa! One at a time :) Did you mean to run \" + \"\u0027\" + command[0] + \"\u0027\" + \"?\" );","lastModifiedDate":"2021-11-02"},{"lineNumber":111,"author":{"gitId":"Kwokcheong"},"content":"            return \"unknown\";","lastModifiedDate":"2021-11-02"},{"lineNumber":112,"author":{"gitId":"Kwokcheong"},"content":"        }else if (count \u003d\u003d 1){","lastModifiedDate":"2021-11-02"},{"lineNumber":113,"author":{"gitId":"Kwokcheong"},"content":"            return command[0];","lastModifiedDate":"2021-11-02"},{"lineNumber":114,"author":{"gitId":"Kwokcheong"},"content":"        } else {","lastModifiedDate":"2021-11-02"},{"lineNumber":115,"author":{"gitId":"Kwokcheong"},"content":"            return \"no command\";","lastModifiedDate":"2021-11-02"},{"lineNumber":116,"author":{"gitId":"Kwokcheong"},"content":"        }","lastModifiedDate":"2021-11-02"},{"lineNumber":117,"author":{"gitId":"Kwokcheong"},"content":"    }","lastModifiedDate":"2021-11-02"},{"lineNumber":118,"author":{"gitId":"Kwokcheong"},"content":"","lastModifiedDate":"2021-11-02"},{"lineNumber":119,"author":{"gitId":"Kwokcheong"},"content":"    public static void generateTasks(String[] line){","lastModifiedDate":"2021-11-09"},{"lineNumber":120,"author":{"gitId":"Kwokcheong"},"content":"        switch(line[0]){","lastModifiedDate":"2021-11-09"},{"lineNumber":121,"author":{"gitId":"Kwokcheong"},"content":"            case \"T\":","lastModifiedDate":"2021-11-09"},{"lineNumber":122,"author":{"gitId":"Kwokcheong"},"content":"                Task task \u003d new Task(line[2]);","lastModifiedDate":"2021-11-09"},{"lineNumber":123,"author":{"gitId":"Kwokcheong"},"content":"                if(line[1].equals(\"1\")){","lastModifiedDate":"2021-11-09"},{"lineNumber":124,"author":{"gitId":"Kwokcheong"},"content":"                    task.markDone();","lastModifiedDate":"2021-11-09"},{"lineNumber":125,"author":{"gitId":"Kwokcheong"},"content":"                }","lastModifiedDate":"2021-11-09"},{"lineNumber":126,"author":{"gitId":"Kwokcheong"},"content":"                storedTask.add(task);","lastModifiedDate":"2021-11-09"},{"lineNumber":127,"author":{"gitId":"Kwokcheong"},"content":"                break;","lastModifiedDate":"2021-11-09"},{"lineNumber":128,"author":{"gitId":"Kwokcheong"},"content":"            case \"D\":","lastModifiedDate":"2021-11-09"},{"lineNumber":129,"author":{"gitId":"Kwokcheong"},"content":"                Task deadline \u003d new Deadline(line[2], line[3]);","lastModifiedDate":"2021-11-09"},{"lineNumber":130,"author":{"gitId":"Kwokcheong"},"content":"                if(line[1].equals(\"1\")){","lastModifiedDate":"2021-11-09"},{"lineNumber":131,"author":{"gitId":"Kwokcheong"},"content":"                    deadline.markDone();","lastModifiedDate":"2021-11-09"},{"lineNumber":132,"author":{"gitId":"Kwokcheong"},"content":"                }","lastModifiedDate":"2021-11-09"},{"lineNumber":133,"author":{"gitId":"Kwokcheong"},"content":"                storedTask.add(deadline);","lastModifiedDate":"2021-11-09"},{"lineNumber":134,"author":{"gitId":"Kwokcheong"},"content":"                break;","lastModifiedDate":"2021-11-09"},{"lineNumber":135,"author":{"gitId":"Kwokcheong"},"content":"            case \"E\":","lastModifiedDate":"2021-11-09"},{"lineNumber":136,"author":{"gitId":"Kwokcheong"},"content":"                Task event \u003d new Event(line[2], line[3], line[4]);","lastModifiedDate":"2021-11-09"},{"lineNumber":137,"author":{"gitId":"Kwokcheong"},"content":"                if(line[1].equals(\"1\")){","lastModifiedDate":"2021-11-09"},{"lineNumber":138,"author":{"gitId":"Kwokcheong"},"content":"                    event.markDone();","lastModifiedDate":"2021-11-09"},{"lineNumber":139,"author":{"gitId":"Kwokcheong"},"content":"                }","lastModifiedDate":"2021-11-09"},{"lineNumber":140,"author":{"gitId":"Kwokcheong"},"content":"                storedTask.add(event);","lastModifiedDate":"2021-11-09"},{"lineNumber":141,"author":{"gitId":"Kwokcheong"},"content":"                break;","lastModifiedDate":"2021-11-09"},{"lineNumber":142,"author":{"gitId":"Kwokcheong"},"content":"            default: break;","lastModifiedDate":"2021-11-09"},{"lineNumber":143,"author":{"gitId":"Kwokcheong"},"content":"        }","lastModifiedDate":"2021-11-09"},{"lineNumber":144,"author":{"gitId":"Kwokcheong"},"content":"    }","lastModifiedDate":"2021-11-09"},{"lineNumber":145,"author":{"gitId":"Kwokcheong"},"content":"","lastModifiedDate":"2021-11-09"},{"lineNumber":146,"author":{"gitId":"Kwokcheong"},"content":"    public static void saveCurrentTasks() {","lastModifiedDate":"2021-11-09"},{"lineNumber":147,"author":{"gitId":"Kwokcheong"},"content":"        try{","lastModifiedDate":"2021-11-09"},{"lineNumber":148,"author":{"gitId":"Kwokcheong"},"content":"            FileWriter writer \u003d new FileWriter(\"data/duke.txt\", true);","lastModifiedDate":"2021-11-09"},{"lineNumber":149,"author":{"gitId":"Kwokcheong"},"content":"            BufferedWriter buffer \u003d new BufferedWriter(writer);","lastModifiedDate":"2021-11-09"},{"lineNumber":150,"author":{"gitId":"Kwokcheong"},"content":"            for (int i \u003d 0; i \u003c storedTask.size(); i++) {","lastModifiedDate":"2021-11-09"},{"lineNumber":151,"author":{"gitId":"Kwokcheong"},"content":"                buffer.write(storedTask.get(i).getType() + \"|\");","lastModifiedDate":"2021-11-09"},{"lineNumber":152,"author":{"gitId":"Kwokcheong"},"content":"                buffer.write((storedTask.get(i).getStatusIcon().equals(\"X\") ? \"1\" : \"0\") + \"|\");","lastModifiedDate":"2021-11-09"},{"lineNumber":153,"author":{"gitId":"Kwokcheong"},"content":"                buffer.write(storedTask.get(i).getDescription());","lastModifiedDate":"2021-11-09"},{"lineNumber":154,"author":{"gitId":"Kwokcheong"},"content":"                if(storedTask.get(i).getType().equals(\"D\")){","lastModifiedDate":"2021-11-09"},{"lineNumber":155,"author":{"gitId":"Kwokcheong"},"content":"                    Deadline deadline \u003d(Deadline) storedTask.get(i);","lastModifiedDate":"2021-11-09"},{"lineNumber":156,"author":{"gitId":"Kwokcheong"},"content":"                    buffer.write(\"|\" + deadline.getBy());","lastModifiedDate":"2021-11-09"},{"lineNumber":157,"author":{"gitId":"Kwokcheong"},"content":"                }","lastModifiedDate":"2021-11-09"},{"lineNumber":158,"author":{"gitId":"Kwokcheong"},"content":"                if(storedTask.get(i).getType().equals(\"E\")){","lastModifiedDate":"2021-11-09"},{"lineNumber":159,"author":{"gitId":"Kwokcheong"},"content":"                    Event event \u003d (Event) storedTask.get(i);","lastModifiedDate":"2021-11-09"},{"lineNumber":160,"author":{"gitId":"Kwokcheong"},"content":"                    buffer.write(\"|\" + event.getAt() + \"|\");","lastModifiedDate":"2021-11-09"},{"lineNumber":161,"author":{"gitId":"Kwokcheong"},"content":"                    buffer.write(event.getTime() + \"|\");","lastModifiedDate":"2021-11-09"},{"lineNumber":162,"author":{"gitId":"Kwokcheong"},"content":"                }","lastModifiedDate":"2021-11-09"},{"lineNumber":163,"author":{"gitId":"Kwokcheong"},"content":"                buffer.newLine();","lastModifiedDate":"2021-11-09"},{"lineNumber":164,"author":{"gitId":"Kwokcheong"},"content":"            }","lastModifiedDate":"2021-11-09"},{"lineNumber":165,"author":{"gitId":"Kwokcheong"},"content":"            buffer.close();","lastModifiedDate":"2021-11-09"},{"lineNumber":166,"author":{"gitId":"Kwokcheong"},"content":"        } catch (IOException e) {","lastModifiedDate":"2021-11-09"},{"lineNumber":167,"author":{"gitId":"Kwokcheong"},"content":"            e.printStackTrace();","lastModifiedDate":"2021-11-09"},{"lineNumber":168,"author":{"gitId":"Kwokcheong"},"content":"        }","lastModifiedDate":"2021-11-09"},{"lineNumber":169,"author":{"gitId":"Kwokcheong"},"content":"    }","lastModifiedDate":"2021-11-09"},{"lineNumber":170,"author":{"gitId":"Kwokcheong"},"content":"","lastModifiedDate":"2021-11-09"},{"lineNumber":171,"author":{"gitId":"-"},"content":"    public static void main(String[] args) {","lastModifiedDate":"2019-07-29"},{"lineNumber":172,"author":{"gitId":"Kwokcheong"},"content":"        String line;","lastModifiedDate":"2021-09-21"},{"lineNumber":173,"author":{"gitId":"Kwokcheong"},"content":"        String todo;","lastModifiedDate":"2021-10-26"},{"lineNumber":174,"author":{"gitId":"Kwokcheong"},"content":"        String command;","lastModifiedDate":"2021-11-02"},{"lineNumber":175,"author":{"gitId":"Kwokcheong"},"content":"","lastModifiedDate":"2021-11-09"},{"lineNumber":176,"author":{"gitId":"Kwokcheong"},"content":"","lastModifiedDate":"2021-11-09"},{"lineNumber":177,"author":{"gitId":"Kwokcheong"},"content":"        try {","lastModifiedDate":"2021-11-09"},{"lineNumber":178,"author":{"gitId":"Kwokcheong"},"content":"            FileReader reader \u003d new FileReader(\"data/duke.txt\");","lastModifiedDate":"2021-11-09"},{"lineNumber":179,"author":{"gitId":"Kwokcheong"},"content":"            BufferedReader bufferedReader \u003d new BufferedReader(reader);","lastModifiedDate":"2021-11-09"},{"lineNumber":180,"author":{"gitId":"Kwokcheong"},"content":"","lastModifiedDate":"2021-11-09"},{"lineNumber":181,"author":{"gitId":"Kwokcheong"},"content":"            String line2;","lastModifiedDate":"2021-11-09"},{"lineNumber":182,"author":{"gitId":"Kwokcheong"},"content":"            String[] strarray;","lastModifiedDate":"2021-11-09"},{"lineNumber":183,"author":{"gitId":"Kwokcheong"},"content":"            while ((line2 \u003d bufferedReader.readLine()) !\u003d null) {","lastModifiedDate":"2021-11-09"},{"lineNumber":184,"author":{"gitId":"Kwokcheong"},"content":"                strarray \u003d line2.split(Pattern.quote(\"|\"));","lastModifiedDate":"2021-11-09"},{"lineNumber":185,"author":{"gitId":"Kwokcheong"},"content":"                generateTasks(strarray);","lastModifiedDate":"2021-11-09"},{"lineNumber":186,"author":{"gitId":"Kwokcheong"},"content":"            }","lastModifiedDate":"2021-11-09"},{"lineNumber":187,"author":{"gitId":"Kwokcheong"},"content":"            reader.close();","lastModifiedDate":"2021-11-09"},{"lineNumber":188,"author":{"gitId":"Kwokcheong"},"content":"","lastModifiedDate":"2021-11-09"},{"lineNumber":189,"author":{"gitId":"Kwokcheong"},"content":"        } catch (IOException e) {","lastModifiedDate":"2021-11-09"},{"lineNumber":190,"author":{"gitId":"Kwokcheong"},"content":"            e.printStackTrace();","lastModifiedDate":"2021-11-09"},{"lineNumber":191,"author":{"gitId":"Kwokcheong"},"content":"        }","lastModifiedDate":"2021-11-09"},{"lineNumber":192,"author":{"gitId":"Kwokcheong"},"content":"","lastModifiedDate":"2021-11-09"},{"lineNumber":193,"author":{"gitId":"Kwokcheong"},"content":"        System.out.println(\"Hello! I\u0027m Duke\\nWhat can I do for you today?\");","lastModifiedDate":"2021-09-10"},{"lineNumber":194,"author":{"gitId":"Kwokcheong"},"content":"        do {","lastModifiedDate":"2021-09-10"},{"lineNumber":195,"author":{"gitId":"Kwokcheong"},"content":"            Scanner in \u003d new Scanner(System.in);","lastModifiedDate":"2021-09-10"},{"lineNumber":196,"author":{"gitId":"Kwokcheong"},"content":"            line \u003d in.nextLine();","lastModifiedDate":"2021-09-10"},{"lineNumber":197,"author":{"gitId":"Kwokcheong"},"content":"            command \u003d getCommand(line);","lastModifiedDate":"2021-11-02"},{"lineNumber":198,"author":{"gitId":"Kwokcheong"},"content":"            System.out.println(\"the command is: \" + command);","lastModifiedDate":"2021-11-02"},{"lineNumber":199,"author":{"gitId":"Kwokcheong"},"content":"            Inspect userText \u003d new Inspect(line);","lastModifiedDate":"2021-09-21"},{"lineNumber":200,"author":{"gitId":"Kwokcheong"},"content":"            if(userText.bye()) {","lastModifiedDate":"2021-09-21"},{"lineNumber":201,"author":{"gitId":"Kwokcheong"},"content":"              line \u003d \"bye\";","lastModifiedDate":"2021-09-21"},{"lineNumber":202,"author":{"gitId":"Kwokcheong"},"content":"            }","lastModifiedDate":"2021-09-21"},{"lineNumber":203,"author":{"gitId":"Kwokcheong"},"content":"            if (command.equals(\"todo\")) {","lastModifiedDate":"2021-11-02"},{"lineNumber":204,"author":{"gitId":"Kwokcheong"},"content":"                System.out.println(\"Sure, what would you like add\");","lastModifiedDate":"2021-10-26"},{"lineNumber":205,"author":{"gitId":"Kwokcheong"},"content":"                Scanner scanner \u003d new Scanner(System.in);","lastModifiedDate":"2021-10-26"},{"lineNumber":206,"author":{"gitId":"Kwokcheong"},"content":"                todo \u003d scanner.nextLine();","lastModifiedDate":"2021-10-26"},{"lineNumber":207,"author":{"gitId":"Kwokcheong"},"content":"                Task record \u003d new Task(todo);","lastModifiedDate":"2021-10-26"},{"lineNumber":208,"author":{"gitId":"Kwokcheong"},"content":"                storedTask.add(record);","lastModifiedDate":"2021-10-26"},{"lineNumber":209,"author":{"gitId":"Kwokcheong"},"content":"                System.out.println(\"added\");","lastModifiedDate":"2021-10-26"},{"lineNumber":210,"author":{"gitId":"Kwokcheong"},"content":"            }","lastModifiedDate":"2021-10-26"},{"lineNumber":211,"author":{"gitId":"Kwokcheong"},"content":"            if (command.equals(\"done\")){","lastModifiedDate":"2021-11-02"},{"lineNumber":212,"author":{"gitId":"Kwokcheong"},"content":"                String taskName \u003d line.replace(\"done\", \"\").strip();","lastModifiedDate":"2021-10-26"},{"lineNumber":213,"author":{"gitId":"Kwokcheong"},"content":"                taskName \u003d taskName.replace(\"completed\", \"\").strip();","lastModifiedDate":"2021-10-26"},{"lineNumber":214,"author":{"gitId":"Kwokcheong"},"content":"                updateTaskStatus(taskName);","lastModifiedDate":"2021-10-26"},{"lineNumber":215,"author":{"gitId":"Kwokcheong"},"content":"            }","lastModifiedDate":"2021-10-26"},{"lineNumber":216,"author":{"gitId":"Kwokcheong"},"content":"            if (command.equals(\"deadline\")){","lastModifiedDate":"2021-11-02"},{"lineNumber":217,"author":{"gitId":"Kwokcheong"},"content":"                int byIndex \u003d line.lastIndexOf(\"by\");","lastModifiedDate":"2021-11-02"},{"lineNumber":218,"author":{"gitId":"Kwokcheong"},"content":"                int commandIndex \u003d line.indexOf(\"deadline\");","lastModifiedDate":"2021-11-02"},{"lineNumber":219,"author":{"gitId":"Kwokcheong"},"content":"                int flag \u003d 0;","lastModifiedDate":"2021-11-02"},{"lineNumber":220,"author":{"gitId":"Kwokcheong"},"content":"                if((byIndex \u003c 0 || commandIndex \u003c 0) || (byIndex \u003c commandIndex)){","lastModifiedDate":"2021-11-02"},{"lineNumber":221,"author":{"gitId":"Kwokcheong"},"content":"                    flag \u003d 1;","lastModifiedDate":"2021-11-02"},{"lineNumber":222,"author":{"gitId":"Kwokcheong"},"content":"                }","lastModifiedDate":"2021-11-02"},{"lineNumber":223,"author":{"gitId":"Kwokcheong"},"content":"                if(flag \u003d\u003d 0) {","lastModifiedDate":"2021-11-02"},{"lineNumber":224,"author":{"gitId":"Kwokcheong"},"content":"                    String byDate \u003d line.substring(byIndex + 2);","lastModifiedDate":"2021-11-02"},{"lineNumber":225,"author":{"gitId":"Kwokcheong"},"content":"                    String description \u003d line.substring(commandIndex + 8, byIndex);","lastModifiedDate":"2021-11-02"},{"lineNumber":226,"author":{"gitId":"Kwokcheong"},"content":"                    if (byDate.strip().length() \u003d\u003d 0 || description.strip().length() \u003d\u003d 0) {","lastModifiedDate":"2021-11-02"},{"lineNumber":227,"author":{"gitId":"Kwokcheong"},"content":"                        System.out.println(\"Please indicate description and deadline\");","lastModifiedDate":"2021-11-02"},{"lineNumber":228,"author":{"gitId":"Kwokcheong"},"content":"                        } else {","lastModifiedDate":"2021-11-02"},{"lineNumber":229,"author":{"gitId":"Kwokcheong"},"content":"                            Task deadline \u003d new Deadline(description.strip(), byDate.strip());","lastModifiedDate":"2021-11-02"},{"lineNumber":230,"author":{"gitId":"Kwokcheong"},"content":"                            storedTask.add(deadline);","lastModifiedDate":"2021-11-02"},{"lineNumber":231,"author":{"gitId":"Kwokcheong"},"content":"                            System.out.println(\"added\");","lastModifiedDate":"2021-11-02"},{"lineNumber":232,"author":{"gitId":"Kwokcheong"},"content":"                        }","lastModifiedDate":"2021-11-02"},{"lineNumber":233,"author":{"gitId":"Kwokcheong"},"content":"                } else {","lastModifiedDate":"2021-11-02"},{"lineNumber":234,"author":{"gitId":"Kwokcheong"},"content":"                    System.out.println(\"Whoops, I didn\u0027t quite get that. If you meant to add a new deadline, please follow this format: \\n\" +","lastModifiedDate":"2021-11-02"},{"lineNumber":235,"author":{"gitId":"Kwokcheong"},"content":"                            \"deadline \u0027your description\u0027 by \u0027day\u0027\");","lastModifiedDate":"2021-11-02"},{"lineNumber":236,"author":{"gitId":"Kwokcheong"},"content":"                }","lastModifiedDate":"2021-11-02"},{"lineNumber":237,"author":{"gitId":"Kwokcheong"},"content":"            }","lastModifiedDate":"2021-11-02"},{"lineNumber":238,"author":{"gitId":"Kwokcheong"},"content":"            if (command.equals(\"event\")){","lastModifiedDate":"2021-11-02"},{"lineNumber":239,"author":{"gitId":"Kwokcheong"},"content":"                int atIndex \u003d line.lastIndexOf(\"at\");","lastModifiedDate":"2021-11-02"},{"lineNumber":240,"author":{"gitId":"Kwokcheong"},"content":"                int commandIndex \u003d line.indexOf(\"event\");","lastModifiedDate":"2021-11-02"},{"lineNumber":241,"author":{"gitId":"Kwokcheong"},"content":"                int flag \u003d 0;","lastModifiedDate":"2021-11-02"},{"lineNumber":242,"author":{"gitId":"Kwokcheong"},"content":"                if((atIndex \u003c 0 || commandIndex \u003c 0) || (atIndex \u003c commandIndex)){","lastModifiedDate":"2021-11-02"},{"lineNumber":243,"author":{"gitId":"Kwokcheong"},"content":"                    flag \u003d 1;","lastModifiedDate":"2021-11-02"},{"lineNumber":244,"author":{"gitId":"Kwokcheong"},"content":"                }","lastModifiedDate":"2021-11-02"},{"lineNumber":245,"author":{"gitId":"Kwokcheong"},"content":"                if(flag \u003d\u003d 0) {","lastModifiedDate":"2021-11-02"},{"lineNumber":246,"author":{"gitId":"Kwokcheong"},"content":"                    String at \u003d line.substring(atIndex + 2);","lastModifiedDate":"2021-11-03"},{"lineNumber":247,"author":{"gitId":"Kwokcheong"},"content":"                    String description \u003d line.substring(commandIndex + 5, atIndex);","lastModifiedDate":"2021-11-02"},{"lineNumber":248,"author":{"gitId":"Kwokcheong"},"content":"                    // current time only takes next word after day. will need to fine tune for more regex.","lastModifiedDate":"2021-11-03"},{"lineNumber":249,"author":{"gitId":"Kwokcheong"},"content":"                    String time \u003d at.strip().split(\" \").length \u003e 1 ? at.strip().split(\" \")[1] : \"\";","lastModifiedDate":"2021-11-03"},{"lineNumber":250,"author":{"gitId":"Kwokcheong"},"content":"                    if (at.strip().length() \u003d\u003d 0 || description.strip().length() \u003d\u003d 0) {","lastModifiedDate":"2021-11-03"},{"lineNumber":251,"author":{"gitId":"Kwokcheong"},"content":"                        System.out.println(\"Please indicate description and event timeline\");","lastModifiedDate":"2021-11-02"},{"lineNumber":252,"author":{"gitId":"Kwokcheong"},"content":"                    } else {","lastModifiedDate":"2021-11-02"},{"lineNumber":253,"author":{"gitId":"Kwokcheong"},"content":"                        Task event \u003d new Event(description.strip(), at.strip().split(\" \")[0], time);","lastModifiedDate":"2021-11-03"},{"lineNumber":254,"author":{"gitId":"Kwokcheong"},"content":"                        storedTask.add(event);","lastModifiedDate":"2021-11-02"},{"lineNumber":255,"author":{"gitId":"Kwokcheong"},"content":"                        System.out.println(\"added\");","lastModifiedDate":"2021-11-02"},{"lineNumber":256,"author":{"gitId":"Kwokcheong"},"content":"                    }","lastModifiedDate":"2021-11-02"},{"lineNumber":257,"author":{"gitId":"Kwokcheong"},"content":"                } else {","lastModifiedDate":"2021-11-02"},{"lineNumber":258,"author":{"gitId":"Kwokcheong"},"content":"                    System.out.println(\"Whoops, I didn\u0027t quite get that. If you  meant to add a new event, please follow this format: \\n\" +","lastModifiedDate":"2021-11-02"},{"lineNumber":259,"author":{"gitId":"Kwokcheong"},"content":"                            \"event \u0027your description\u0027 by \u0027day\u0027\");","lastModifiedDate":"2021-11-02"},{"lineNumber":260,"author":{"gitId":"Kwokcheong"},"content":"                }","lastModifiedDate":"2021-11-02"},{"lineNumber":261,"author":{"gitId":"Kwokcheong"},"content":"            }","lastModifiedDate":"2021-11-02"},{"lineNumber":262,"author":{"gitId":"Kwokcheong"},"content":"            if(command.equals(\"list\")){","lastModifiedDate":"2021-11-02"},{"lineNumber":263,"author":{"gitId":"Kwokcheong"},"content":"                getList();","lastModifiedDate":"2021-11-02"},{"lineNumber":264,"author":{"gitId":"Kwokcheong"},"content":"            }","lastModifiedDate":"2021-11-02"},{"lineNumber":265,"author":{"gitId":"Kwokcheong"},"content":"            if(command.equals(\"delete\")){","lastModifiedDate":"2021-11-03"},{"lineNumber":266,"author":{"gitId":"Kwokcheong"},"content":"                //only works for index, need to add for name","lastModifiedDate":"2021-11-10"},{"lineNumber":267,"author":{"gitId":"Kwokcheong"},"content":"                int index \u003d Integer.parseInt(line.split(\" \")[1].strip());","lastModifiedDate":"2021-11-03"},{"lineNumber":268,"author":{"gitId":"Kwokcheong"},"content":"                delete(index-1);","lastModifiedDate":"2021-11-03"},{"lineNumber":269,"author":{"gitId":"Kwokcheong"},"content":"            }","lastModifiedDate":"2021-11-03"},{"lineNumber":270,"author":{"gitId":"Kwokcheong"},"content":"            if(command.equals(\"find\")){","lastModifiedDate":"2021-11-10"},{"lineNumber":271,"author":{"gitId":"Kwokcheong"},"content":"                int commandIndex \u003d line.indexOf(\"find\");","lastModifiedDate":"2021-11-10"},{"lineNumber":272,"author":{"gitId":"Kwokcheong"},"content":"                String searchParams \u003d line.substring(commandIndex+5);","lastModifiedDate":"2021-11-10"},{"lineNumber":273,"author":{"gitId":"Kwokcheong"},"content":"                find(searchParams);","lastModifiedDate":"2021-11-10"},{"lineNumber":274,"author":{"gitId":"Kwokcheong"},"content":"            }","lastModifiedDate":"2021-11-10"},{"lineNumber":275,"author":{"gitId":"Kwokcheong"},"content":"","lastModifiedDate":"2021-10-26"},{"lineNumber":276,"author":{"gitId":"Kwokcheong"},"content":"            response(line);","lastModifiedDate":"2021-09-10"},{"lineNumber":277,"author":{"gitId":"Kwokcheong"},"content":"        } while (!line.equals(\"bye\"));","lastModifiedDate":"2021-09-10"},{"lineNumber":278,"author":{"gitId":"-"},"content":"    }","lastModifiedDate":"2019-07-29"},{"lineNumber":279,"author":{"gitId":"-"},"content":"}","lastModifiedDate":"2019-07-29"}],"authorContributionMap":{"Kwokcheong":275,"-":4}},{"path":"src/main/java/Event.java","fileType":"java","lines":[{"lineNumber":1,"author":{"gitId":"Kwokcheong"},"content":"public class Event extends Task {","lastModifiedDate":"2021-11-02"},{"lineNumber":2,"author":{"gitId":"Kwokcheong"},"content":"","lastModifiedDate":"2021-11-02"},{"lineNumber":3,"author":{"gitId":"Kwokcheong"},"content":"    protected String at;","lastModifiedDate":"2021-11-02"},{"lineNumber":4,"author":{"gitId":"Kwokcheong"},"content":"    protected String time;","lastModifiedDate":"2021-11-03"},{"lineNumber":5,"author":{"gitId":"Kwokcheong"},"content":"    protected String type;","lastModifiedDate":"2021-11-02"},{"lineNumber":6,"author":{"gitId":"Kwokcheong"},"content":"","lastModifiedDate":"2021-11-02"},{"lineNumber":7,"author":{"gitId":"Kwokcheong"},"content":"    public Event(String description, String at, String time) {","lastModifiedDate":"2021-11-03"},{"lineNumber":8,"author":{"gitId":"Kwokcheong"},"content":"        super(description);","lastModifiedDate":"2021-11-02"},{"lineNumber":9,"author":{"gitId":"Kwokcheong"},"content":"        this.at \u003d at;","lastModifiedDate":"2021-11-02"},{"lineNumber":10,"author":{"gitId":"Kwokcheong"},"content":"        this.time \u003d time;","lastModifiedDate":"2021-11-03"},{"lineNumber":11,"author":{"gitId":"Kwokcheong"},"content":"        this.type \u003d \"E\";","lastModifiedDate":"2021-11-02"},{"lineNumber":12,"author":{"gitId":"Kwokcheong"},"content":"    }","lastModifiedDate":"2021-11-02"},{"lineNumber":13,"author":{"gitId":"Kwokcheong"},"content":"","lastModifiedDate":"2021-11-02"},{"lineNumber":14,"author":{"gitId":"Kwokcheong"},"content":"    public void setAt(String at) {","lastModifiedDate":"2021-11-02"},{"lineNumber":15,"author":{"gitId":"Kwokcheong"},"content":"        this.at \u003d at;","lastModifiedDate":"2021-11-02"},{"lineNumber":16,"author":{"gitId":"Kwokcheong"},"content":"    }","lastModifiedDate":"2021-11-02"},{"lineNumber":17,"author":{"gitId":"Kwokcheong"},"content":"","lastModifiedDate":"2021-11-03"},{"lineNumber":18,"author":{"gitId":"Kwokcheong"},"content":"    public String getAt() {","lastModifiedDate":"2021-11-02"},{"lineNumber":19,"author":{"gitId":"Kwokcheong"},"content":"        return at;","lastModifiedDate":"2021-11-02"},{"lineNumber":20,"author":{"gitId":"Kwokcheong"},"content":"    }","lastModifiedDate":"2021-11-02"},{"lineNumber":21,"author":{"gitId":"Kwokcheong"},"content":"","lastModifiedDate":"2021-11-02"},{"lineNumber":22,"author":{"gitId":"Kwokcheong"},"content":"    public void setTime(String time) {","lastModifiedDate":"2021-11-03"},{"lineNumber":23,"author":{"gitId":"Kwokcheong"},"content":"        this.time \u003d time;","lastModifiedDate":"2021-11-03"},{"lineNumber":24,"author":{"gitId":"Kwokcheong"},"content":"    }","lastModifiedDate":"2021-11-03"},{"lineNumber":25,"author":{"gitId":"Kwokcheong"},"content":"","lastModifiedDate":"2021-11-03"},{"lineNumber":26,"author":{"gitId":"Kwokcheong"},"content":"    public String getTime() {","lastModifiedDate":"2021-11-03"},{"lineNumber":27,"author":{"gitId":"Kwokcheong"},"content":"        return time;","lastModifiedDate":"2021-11-03"},{"lineNumber":28,"author":{"gitId":"Kwokcheong"},"content":"    }","lastModifiedDate":"2021-11-03"},{"lineNumber":29,"author":{"gitId":"Kwokcheong"},"content":"","lastModifiedDate":"2021-11-03"},{"lineNumber":30,"author":{"gitId":"Kwokcheong"},"content":"    @Override","lastModifiedDate":"2021-11-02"},{"lineNumber":31,"author":{"gitId":"Kwokcheong"},"content":"    public String getType() { return this.type; }","lastModifiedDate":"2021-11-02"},{"lineNumber":32,"author":{"gitId":"Kwokcheong"},"content":"","lastModifiedDate":"2021-11-02"},{"lineNumber":33,"author":{"gitId":"Kwokcheong"},"content":"    @Override","lastModifiedDate":"2021-11-02"},{"lineNumber":34,"author":{"gitId":"Kwokcheong"},"content":"    public String toString() {","lastModifiedDate":"2021-11-02"},{"lineNumber":35,"author":{"gitId":"Kwokcheong"},"content":"        return super.toString() + \" (at: \" + at + \" \" + time + \")\";","lastModifiedDate":"2021-11-03"},{"lineNumber":36,"author":{"gitId":"Kwokcheong"},"content":"    }","lastModifiedDate":"2021-11-02"},{"lineNumber":37,"author":{"gitId":"Kwokcheong"},"content":"}","lastModifiedDate":"2021-11-02"}],"authorContributionMap":{"Kwokcheong":37}},{"path":"src/main/java/Inspect.java","fileType":"java","lines":[{"lineNumber":1,"author":{"gitId":"Kwokcheong"},"content":"import java.util.regex.Matcher;","lastModifiedDate":"2021-09-21"},{"lineNumber":2,"author":{"gitId":"Kwokcheong"},"content":"import java.util.regex.Pattern;","lastModifiedDate":"2021-09-21"},{"lineNumber":3,"author":{"gitId":"Kwokcheong"},"content":"","lastModifiedDate":"2021-09-21"},{"lineNumber":4,"author":{"gitId":"Kwokcheong"},"content":"public class Inspect {","lastModifiedDate":"2021-09-21"},{"lineNumber":5,"author":{"gitId":"Kwokcheong"},"content":"    protected String text;","lastModifiedDate":"2021-09-21"},{"lineNumber":6,"author":{"gitId":"Kwokcheong"},"content":"","lastModifiedDate":"2021-11-02"},{"lineNumber":7,"author":{"gitId":"Kwokcheong"},"content":"    public Inspect(String text) {","lastModifiedDate":"2021-09-21"},{"lineNumber":8,"author":{"gitId":"Kwokcheong"},"content":"        this.text \u003d text;","lastModifiedDate":"2021-09-21"},{"lineNumber":9,"author":{"gitId":"Kwokcheong"},"content":"    }","lastModifiedDate":"2021-09-21"},{"lineNumber":10,"author":{"gitId":"Kwokcheong"},"content":"","lastModifiedDate":"2021-09-21"},{"lineNumber":11,"author":{"gitId":"Kwokcheong"},"content":"    public Boolean bye() {","lastModifiedDate":"2021-09-21"},{"lineNumber":12,"author":{"gitId":"Kwokcheong"},"content":"        String[] words \u003d {\"bye\", \"cya\"};","lastModifiedDate":"2021-10-26"},{"lineNumber":13,"author":{"gitId":"Kwokcheong"},"content":"        boolean result \u003d false;","lastModifiedDate":"2021-10-26"},{"lineNumber":14,"author":{"gitId":"Kwokcheong"},"content":"        for (String i : words) {","lastModifiedDate":"2021-10-26"},{"lineNumber":15,"author":{"gitId":"Kwokcheong"},"content":"            Pattern pattern \u003d Pattern.compile(i, Pattern.CASE_INSENSITIVE);","lastModifiedDate":"2021-10-26"},{"lineNumber":16,"author":{"gitId":"Kwokcheong"},"content":"            Matcher matcher \u003d pattern.matcher(this.text);","lastModifiedDate":"2021-10-26"},{"lineNumber":17,"author":{"gitId":"Kwokcheong"},"content":"            if (matcher.find()) {","lastModifiedDate":"2021-10-26"},{"lineNumber":18,"author":{"gitId":"Kwokcheong"},"content":"                result \u003d true;","lastModifiedDate":"2021-10-26"},{"lineNumber":19,"author":{"gitId":"Kwokcheong"},"content":"                break;","lastModifiedDate":"2021-10-26"},{"lineNumber":20,"author":{"gitId":"Kwokcheong"},"content":"            }","lastModifiedDate":"2021-10-26"},{"lineNumber":21,"author":{"gitId":"Kwokcheong"},"content":"        }","lastModifiedDate":"2021-10-26"},{"lineNumber":22,"author":{"gitId":"Kwokcheong"},"content":"        return result;","lastModifiedDate":"2021-10-26"},{"lineNumber":23,"author":{"gitId":"Kwokcheong"},"content":"    }","lastModifiedDate":"2021-10-26"},{"lineNumber":24,"author":{"gitId":"Kwokcheong"},"content":"","lastModifiedDate":"2021-10-26"},{"lineNumber":25,"author":{"gitId":"Kwokcheong"},"content":"    public Boolean addTask() {","lastModifiedDate":"2021-10-26"},{"lineNumber":26,"author":{"gitId":"Kwokcheong"},"content":"        Pattern pattern \u003d Pattern.compile(\"todo\", Pattern.CASE_INSENSITIVE);","lastModifiedDate":"2021-10-26"},{"lineNumber":27,"author":{"gitId":"Kwokcheong"},"content":"        Matcher matcher \u003d pattern.matcher(this.text);","lastModifiedDate":"2021-09-21"},{"lineNumber":28,"author":{"gitId":"Kwokcheong"},"content":"        return matcher.find();","lastModifiedDate":"2021-09-21"},{"lineNumber":29,"author":{"gitId":"Kwokcheong"},"content":"    }","lastModifiedDate":"2021-09-21"},{"lineNumber":30,"author":{"gitId":"Kwokcheong"},"content":"","lastModifiedDate":"2021-10-26"},{"lineNumber":31,"author":{"gitId":"Kwokcheong"},"content":"    public Boolean doneTask() {","lastModifiedDate":"2021-10-26"},{"lineNumber":32,"author":{"gitId":"Kwokcheong"},"content":"        String[] words \u003d {\"done\", \"completed\"};","lastModifiedDate":"2021-10-26"},{"lineNumber":33,"author":{"gitId":"Kwokcheong"},"content":"        boolean result \u003d false;","lastModifiedDate":"2021-10-26"},{"lineNumber":34,"author":{"gitId":"Kwokcheong"},"content":"        for (String i : words) {","lastModifiedDate":"2021-10-26"},{"lineNumber":35,"author":{"gitId":"Kwokcheong"},"content":"            Pattern pattern \u003d Pattern.compile(i, Pattern.CASE_INSENSITIVE);","lastModifiedDate":"2021-10-26"},{"lineNumber":36,"author":{"gitId":"Kwokcheong"},"content":"            Matcher matcher \u003d pattern.matcher(this.text);","lastModifiedDate":"2021-10-26"},{"lineNumber":37,"author":{"gitId":"Kwokcheong"},"content":"            if (matcher.find()) {","lastModifiedDate":"2021-10-26"},{"lineNumber":38,"author":{"gitId":"Kwokcheong"},"content":"                result \u003d true;","lastModifiedDate":"2021-10-26"},{"lineNumber":39,"author":{"gitId":"Kwokcheong"},"content":"                break;","lastModifiedDate":"2021-10-26"},{"lineNumber":40,"author":{"gitId":"Kwokcheong"},"content":"            }","lastModifiedDate":"2021-10-26"},{"lineNumber":41,"author":{"gitId":"Kwokcheong"},"content":"        }","lastModifiedDate":"2021-10-26"},{"lineNumber":42,"author":{"gitId":"Kwokcheong"},"content":"        return result;","lastModifiedDate":"2021-10-26"},{"lineNumber":43,"author":{"gitId":"Kwokcheong"},"content":"    }","lastModifiedDate":"2021-09-21"},{"lineNumber":44,"author":{"gitId":"Kwokcheong"},"content":"","lastModifiedDate":"2021-10-26"},{"lineNumber":45,"author":{"gitId":"Kwokcheong"},"content":"    public Boolean addDeadline() {","lastModifiedDate":"2021-11-02"},{"lineNumber":46,"author":{"gitId":"Kwokcheong"},"content":"        Pattern pattern \u003d Pattern.compile(\"deadline\", Pattern.CASE_INSENSITIVE);","lastModifiedDate":"2021-11-02"},{"lineNumber":47,"author":{"gitId":"Kwokcheong"},"content":"        Matcher matcher \u003d pattern.matcher(this.text);","lastModifiedDate":"2021-11-02"},{"lineNumber":48,"author":{"gitId":"Kwokcheong"},"content":"        return matcher.find();","lastModifiedDate":"2021-11-02"},{"lineNumber":49,"author":{"gitId":"Kwokcheong"},"content":"    }","lastModifiedDate":"2021-11-02"},{"lineNumber":50,"author":{"gitId":"Kwokcheong"},"content":"}","lastModifiedDate":"2021-11-02"}],"authorContributionMap":{"Kwokcheong":50}},{"path":"src/main/java/Task.java","fileType":"java","lines":[{"lineNumber":1,"author":{"gitId":"Kwokcheong"},"content":"public class Task {","lastModifiedDate":"2021-09-21"},{"lineNumber":2,"author":{"gitId":"Kwokcheong"},"content":"    protected String description;","lastModifiedDate":"2021-09-21"},{"lineNumber":3,"author":{"gitId":"Kwokcheong"},"content":"    protected boolean isDone;","lastModifiedDate":"2021-09-21"},{"lineNumber":4,"author":{"gitId":"Kwokcheong"},"content":"    protected String type;","lastModifiedDate":"2021-11-02"},{"lineNumber":5,"author":{"gitId":"Kwokcheong"},"content":"","lastModifiedDate":"2021-09-21"},{"lineNumber":6,"author":{"gitId":"Kwokcheong"},"content":"    public Task (String description) {","lastModifiedDate":"2021-09-21"},{"lineNumber":7,"author":{"gitId":"Kwokcheong"},"content":"        this.description \u003d description;","lastModifiedDate":"2021-09-21"},{"lineNumber":8,"author":{"gitId":"Kwokcheong"},"content":"        this.isDone \u003d false;","lastModifiedDate":"2021-09-21"},{"lineNumber":9,"author":{"gitId":"Kwokcheong"},"content":"        this.type \u003d \"T\";","lastModifiedDate":"2021-11-02"},{"lineNumber":10,"author":{"gitId":"Kwokcheong"},"content":"    }","lastModifiedDate":"2021-09-21"},{"lineNumber":11,"author":{"gitId":"Kwokcheong"},"content":"","lastModifiedDate":"2021-09-21"},{"lineNumber":12,"author":{"gitId":"Kwokcheong"},"content":"    public void markDone(){","lastModifiedDate":"2021-10-26"},{"lineNumber":13,"author":{"gitId":"Kwokcheong"},"content":"        this.isDone \u003d true;","lastModifiedDate":"2021-10-26"},{"lineNumber":14,"author":{"gitId":"Kwokcheong"},"content":"    }","lastModifiedDate":"2021-10-26"},{"lineNumber":15,"author":{"gitId":"Kwokcheong"},"content":"","lastModifiedDate":"2021-11-02"},{"lineNumber":16,"author":{"gitId":"Kwokcheong"},"content":"    public void setDescription(String description) {","lastModifiedDate":"2021-11-09"},{"lineNumber":17,"author":{"gitId":"Kwokcheong"},"content":"        this.description \u003d description;","lastModifiedDate":"2021-11-09"},{"lineNumber":18,"author":{"gitId":"Kwokcheong"},"content":"    };","lastModifiedDate":"2021-11-09"},{"lineNumber":19,"author":{"gitId":"Kwokcheong"},"content":"","lastModifiedDate":"2021-11-09"},{"lineNumber":20,"author":{"gitId":"Kwokcheong"},"content":"    public String getDescription() { return this.description; }","lastModifiedDate":"2021-10-26"},{"lineNumber":21,"author":{"gitId":"Kwokcheong"},"content":"","lastModifiedDate":"2021-10-26"},{"lineNumber":22,"author":{"gitId":"Kwokcheong"},"content":"    public String getType() { return this.type; }","lastModifiedDate":"2021-11-02"},{"lineNumber":23,"author":{"gitId":"Kwokcheong"},"content":"","lastModifiedDate":"2021-11-02"},{"lineNumber":24,"author":{"gitId":"Kwokcheong"},"content":"    public String getStatusIcon() {","lastModifiedDate":"2021-09-21"},{"lineNumber":25,"author":{"gitId":"Kwokcheong"},"content":"        return (isDone ? \"X\" : \" \"); // mark done task with X","lastModifiedDate":"2021-09-21"},{"lineNumber":26,"author":{"gitId":"Kwokcheong"},"content":"    }","lastModifiedDate":"2021-09-21"},{"lineNumber":27,"author":{"gitId":"Kwokcheong"},"content":"","lastModifiedDate":"2021-11-02"},{"lineNumber":28,"author":{"gitId":"Kwokcheong"},"content":"    @Override","lastModifiedDate":"2021-11-02"},{"lineNumber":29,"author":{"gitId":"Kwokcheong"},"content":"    public String toString() {","lastModifiedDate":"2021-11-02"},{"lineNumber":30,"author":{"gitId":"Kwokcheong"},"content":"        return \"[\" + this.getStatusIcon() + \"] \" + this.getDescription();","lastModifiedDate":"2021-11-02"},{"lineNumber":31,"author":{"gitId":"Kwokcheong"},"content":"    }","lastModifiedDate":"2021-11-02"},{"lineNumber":32,"author":{"gitId":"Kwokcheong"},"content":"}","lastModifiedDate":"2021-09-21"}],"authorContributionMap":{"Kwokcheong":32}}]
