[{"path":"src/main/java/Deadline.java","fileType":"java","lines":[{"lineNumber":1,"author":{"gitId":"Kwokcheong"},"content":"public class Deadline extends Task {","lastModifiedDate":"2021-11-02"},{"lineNumber":2,"author":{"gitId":"Kwokcheong"},"content":"","lastModifiedDate":"2021-11-02"},{"lineNumber":3,"author":{"gitId":"Kwokcheong"},"content":"    protected String by;","lastModifiedDate":"2021-11-02"},{"lineNumber":4,"author":{"gitId":"Kwokcheong"},"content":"    protected String type;","lastModifiedDate":"2021-11-02"},{"lineNumber":5,"author":{"gitId":"Kwokcheong"},"content":"","lastModifiedDate":"2021-11-02"},{"lineNumber":6,"author":{"gitId":"Kwokcheong"},"content":"    public Deadline(String description, String by) {","lastModifiedDate":"2021-11-02"},{"lineNumber":7,"author":{"gitId":"Kwokcheong"},"content":"        //super allows us to grab from the super parent class task\u0027s description","lastModifiedDate":"2021-11-02"},{"lineNumber":8,"author":{"gitId":"Kwokcheong"},"content":"        super(description);","lastModifiedDate":"2021-11-02"},{"lineNumber":9,"author":{"gitId":"Kwokcheong"},"content":"        this.by \u003d by;","lastModifiedDate":"2021-11-02"},{"lineNumber":10,"author":{"gitId":"Kwokcheong"},"content":"        this.type \u003d \"D\";","lastModifiedDate":"2021-11-02"},{"lineNumber":11,"author":{"gitId":"Kwokcheong"},"content":"    }","lastModifiedDate":"2021-11-02"},{"lineNumber":12,"author":{"gitId":"Kwokcheong"},"content":"","lastModifiedDate":"2021-11-02"},{"lineNumber":13,"author":{"gitId":"Kwokcheong"},"content":"    public void setBy(String by) {","lastModifiedDate":"2021-11-02"},{"lineNumber":14,"author":{"gitId":"Kwokcheong"},"content":"        this.by \u003d by;","lastModifiedDate":"2021-11-02"},{"lineNumber":15,"author":{"gitId":"Kwokcheong"},"content":"    }","lastModifiedDate":"2021-11-02"},{"lineNumber":16,"author":{"gitId":"Kwokcheong"},"content":"    public String getBy() {","lastModifiedDate":"2021-11-02"},{"lineNumber":17,"author":{"gitId":"Kwokcheong"},"content":"        return by;","lastModifiedDate":"2021-11-02"},{"lineNumber":18,"author":{"gitId":"Kwokcheong"},"content":"    }","lastModifiedDate":"2021-11-02"},{"lineNumber":19,"author":{"gitId":"Kwokcheong"},"content":"","lastModifiedDate":"2021-11-02"},{"lineNumber":20,"author":{"gitId":"Kwokcheong"},"content":"    @Override","lastModifiedDate":"2021-11-02"},{"lineNumber":21,"author":{"gitId":"Kwokcheong"},"content":"    public String getType() { return this.type; }","lastModifiedDate":"2021-11-02"},{"lineNumber":22,"author":{"gitId":"Kwokcheong"},"content":"","lastModifiedDate":"2021-11-02"},{"lineNumber":23,"author":{"gitId":"Kwokcheong"},"content":"    @Override","lastModifiedDate":"2021-11-02"},{"lineNumber":24,"author":{"gitId":"Kwokcheong"},"content":"    public String toString() {","lastModifiedDate":"2021-11-02"},{"lineNumber":25,"author":{"gitId":"Kwokcheong"},"content":"        return super.toString() + \" (by: \" + by + \")\";","lastModifiedDate":"2021-11-02"},{"lineNumber":26,"author":{"gitId":"Kwokcheong"},"content":"    }","lastModifiedDate":"2021-11-02"},{"lineNumber":27,"author":{"gitId":"Kwokcheong"},"content":"}","lastModifiedDate":"2021-11-02"},{"lineNumber":28,"author":{"gitId":"Kwokcheong"},"content":"","lastModifiedDate":"2021-11-02"},{"lineNumber":29,"author":{"gitId":"Kwokcheong"},"content":"// edit the todo to be \"todo borrow book\"","lastModifiedDate":"2021-11-02"},{"lineNumber":30,"author":{"gitId":"Kwokcheong"},"content":"// user call \"event project meeting at Mon 2-4pm","lastModifiedDate":"2021-11-02"},{"lineNumber":31,"author":{"gitId":"Kwokcheong"},"content":"//     Now you have 6 tasks in the list.","lastModifiedDate":"2021-11-02"},{"lineNumber":32,"author":{"gitId":"Kwokcheong"},"content":"// probably can do a enum for the days","lastModifiedDate":"2021-11-02"},{"lineNumber":33,"author":{"gitId":"Kwokcheong"},"content":"//     Got it. I\u0027ve added this task:","lastModifiedDate":"2021-11-02"},{"lineNumber":34,"author":{"gitId":"Kwokcheong"},"content":"//       [E][ ] project meeting (at: Mon 2-4pm)","lastModifiedDate":"2021-11-02"},{"lineNumber":35,"author":{"gitId":"Kwokcheong"},"content":"//     Now you have 7 tasks in the list.","lastModifiedDate":"2021-11-02"}],"authorContributionMap":{"Kwokcheong":35}},{"path":"src/main/java/Duke.java","fileType":"java","lines":[{"lineNumber":1,"author":{"gitId":"Kwokcheong"},"content":"import java.util.ArrayList;","lastModifiedDate":"2021-09-10"},{"lineNumber":2,"author":{"gitId":"Kwokcheong"},"content":"import java.util.Arrays;","lastModifiedDate":"2021-09-10"},{"lineNumber":3,"author":{"gitId":"Kwokcheong"},"content":"import java.util.Locale;","lastModifiedDate":"2021-11-02"},{"lineNumber":4,"author":{"gitId":"Kwokcheong"},"content":"import java.util.Scanner;","lastModifiedDate":"2021-09-10"},{"lineNumber":5,"author":{"gitId":"Kwokcheong"},"content":"import java.util.regex.Matcher;","lastModifiedDate":"2021-09-21"},{"lineNumber":6,"author":{"gitId":"Kwokcheong"},"content":"import java.util.regex.Pattern;","lastModifiedDate":"2021-09-21"},{"lineNumber":7,"author":{"gitId":"Kwokcheong"},"content":"","lastModifiedDate":"2021-09-10"},{"lineNumber":8,"author":{"gitId":"-"},"content":"public class Duke {","lastModifiedDate":"2019-07-29"},{"lineNumber":9,"author":{"gitId":"Kwokcheong"},"content":"    public static ArrayList\u003cTask\u003e storedTask \u003d new ArrayList\u003cTask\u003e();","lastModifiedDate":"2021-10-26"},{"lineNumber":10,"author":{"gitId":"Kwokcheong"},"content":"","lastModifiedDate":"2021-09-10"},{"lineNumber":11,"author":{"gitId":"Kwokcheong"},"content":"    public static void getList(){","lastModifiedDate":"2021-09-10"},{"lineNumber":12,"author":{"gitId":"Kwokcheong"},"content":"        if( storedTask.size() \u003c 1){","lastModifiedDate":"2021-10-26"},{"lineNumber":13,"author":{"gitId":"Kwokcheong"},"content":"            System.out.println(\"Todo list is empty. Try adding something by typing todo.\");","lastModifiedDate":"2021-10-26"},{"lineNumber":14,"author":{"gitId":"Kwokcheong"},"content":"        }","lastModifiedDate":"2021-10-26"},{"lineNumber":15,"author":{"gitId":"Kwokcheong"},"content":"        for (int i\u003d1; i\u003cstoredTask.size()+1; i++){","lastModifiedDate":"2021-10-26"},{"lineNumber":16,"author":{"gitId":"Kwokcheong"},"content":"            System.out.format(\"%d: \" + \"[\" + storedTask.get(i-1).getType() + \"]\" + storedTask.get(i-1).toString() + \"\\n\" , i);","lastModifiedDate":"2021-11-02"},{"lineNumber":17,"author":{"gitId":"Kwokcheong"},"content":"        }","lastModifiedDate":"2021-10-26"},{"lineNumber":18,"author":{"gitId":"Kwokcheong"},"content":"    }","lastModifiedDate":"2021-10-26"},{"lineNumber":19,"author":{"gitId":"Kwokcheong"},"content":"","lastModifiedDate":"2021-10-26"},{"lineNumber":20,"author":{"gitId":"Kwokcheong"},"content":"    public static void updateTaskStatus(String line){","lastModifiedDate":"2021-10-26"},{"lineNumber":21,"author":{"gitId":"Kwokcheong"},"content":"        boolean matched \u003d false;","lastModifiedDate":"2021-10-26"},{"lineNumber":22,"author":{"gitId":"Kwokcheong"},"content":"        for (int i\u003d0; i\u003cstoredTask.size(); i++) {","lastModifiedDate":"2021-10-26"},{"lineNumber":23,"author":{"gitId":"Kwokcheong"},"content":"            if (storedTask.get(i).getDescription().equals(line)) {","lastModifiedDate":"2021-10-26"},{"lineNumber":24,"author":{"gitId":"Kwokcheong"},"content":"                storedTask.get(i).markDone();","lastModifiedDate":"2021-10-26"},{"lineNumber":25,"author":{"gitId":"Kwokcheong"},"content":"                System.out.println(\"Great! I\u0027ve marked this task as done\" + \"\\n\"","lastModifiedDate":"2021-10-26"},{"lineNumber":26,"author":{"gitId":"Kwokcheong"},"content":"                        + \"[\" + storedTask.get(i).getStatusIcon() +  \"] \" + storedTask.get(i).getDescription());","lastModifiedDate":"2021-10-26"},{"lineNumber":27,"author":{"gitId":"Kwokcheong"},"content":"                matched \u003d true;","lastModifiedDate":"2021-10-26"},{"lineNumber":28,"author":{"gitId":"Kwokcheong"},"content":"                break;","lastModifiedDate":"2021-10-26"},{"lineNumber":29,"author":{"gitId":"Kwokcheong"},"content":"            }","lastModifiedDate":"2021-10-26"},{"lineNumber":30,"author":{"gitId":"Kwokcheong"},"content":"        }","lastModifiedDate":"2021-10-26"},{"lineNumber":31,"author":{"gitId":"Kwokcheong"},"content":"        if (!matched) {","lastModifiedDate":"2021-10-26"},{"lineNumber":32,"author":{"gitId":"Kwokcheong"},"content":"            System.out.println(\"Cannot find \" + \u0027\"\u0027 + line + \u0027\"\u0027 + \".\");","lastModifiedDate":"2021-10-26"},{"lineNumber":33,"author":{"gitId":"Kwokcheong"},"content":"        }","lastModifiedDate":"2021-09-10"},{"lineNumber":34,"author":{"gitId":"Kwokcheong"},"content":"    }","lastModifiedDate":"2021-09-10"},{"lineNumber":35,"author":{"gitId":"Kwokcheong"},"content":"","lastModifiedDate":"2021-09-10"},{"lineNumber":36,"author":{"gitId":"Kwokcheong"},"content":"    public static void response(String sentence){","lastModifiedDate":"2021-09-10"},{"lineNumber":37,"author":{"gitId":"Kwokcheong"},"content":"        switch (sentence) {","lastModifiedDate":"2021-09-10"},{"lineNumber":38,"author":{"gitId":"Kwokcheong"},"content":"            case \"bye\":","lastModifiedDate":"2021-09-10"},{"lineNumber":39,"author":{"gitId":"Kwokcheong"},"content":"                System.out.println(\"Bye. Hope to see you again soon!\");","lastModifiedDate":"2021-09-10"},{"lineNumber":40,"author":{"gitId":"Kwokcheong"},"content":"                break;","lastModifiedDate":"2021-09-10"},{"lineNumber":41,"author":{"gitId":"Kwokcheong"},"content":"            case \"hi\":","lastModifiedDate":"2021-09-10"},{"lineNumber":42,"author":{"gitId":"Kwokcheong"},"content":"                System.out.println(\"Hello\");","lastModifiedDate":"2021-09-10"},{"lineNumber":43,"author":{"gitId":"Kwokcheong"},"content":"                break;","lastModifiedDate":"2021-09-10"},{"lineNumber":44,"author":{"gitId":"Kwokcheong"},"content":"            default:","lastModifiedDate":"2021-09-10"},{"lineNumber":45,"author":{"gitId":"Kwokcheong"},"content":"                break;","lastModifiedDate":"2021-09-10"},{"lineNumber":46,"author":{"gitId":"Kwokcheong"},"content":"        }","lastModifiedDate":"2021-09-10"},{"lineNumber":47,"author":{"gitId":"Kwokcheong"},"content":"    }","lastModifiedDate":"2021-09-10"},{"lineNumber":48,"author":{"gitId":"Kwokcheong"},"content":"","lastModifiedDate":"2021-09-10"},{"lineNumber":49,"author":{"gitId":"Kwokcheong"},"content":"    public static String getCommand(String line){","lastModifiedDate":"2021-11-02"},{"lineNumber":50,"author":{"gitId":"Kwokcheong"},"content":"        int count \u003d 0;","lastModifiedDate":"2021-11-02"},{"lineNumber":51,"author":{"gitId":"Kwokcheong"},"content":"        String[] command \u003d new String[10];","lastModifiedDate":"2021-11-02"},{"lineNumber":52,"author":{"gitId":"Kwokcheong"},"content":"        String[] line2 \u003d line.split(\" \");","lastModifiedDate":"2021-11-02"},{"lineNumber":53,"author":{"gitId":"Kwokcheong"},"content":"        String[] keywords \u003d {\"todo\", \"deadline\", \"event\", \"done\", \"list\"};","lastModifiedDate":"2021-11-02"},{"lineNumber":54,"author":{"gitId":"Kwokcheong"},"content":"        for(String i : line2 ){","lastModifiedDate":"2021-11-02"},{"lineNumber":55,"author":{"gitId":"Kwokcheong"},"content":"            if(Arrays.asList(keywords).contains(i)){","lastModifiedDate":"2021-11-02"},{"lineNumber":56,"author":{"gitId":"Kwokcheong"},"content":"                command[count] \u003d i;","lastModifiedDate":"2021-11-02"},{"lineNumber":57,"author":{"gitId":"Kwokcheong"},"content":"                count++;","lastModifiedDate":"2021-11-02"},{"lineNumber":58,"author":{"gitId":"Kwokcheong"},"content":"            }","lastModifiedDate":"2021-11-02"},{"lineNumber":59,"author":{"gitId":"Kwokcheong"},"content":"        }","lastModifiedDate":"2021-11-02"},{"lineNumber":60,"author":{"gitId":"Kwokcheong"},"content":"        if(count \u003e 1){","lastModifiedDate":"2021-11-02"},{"lineNumber":61,"author":{"gitId":"Kwokcheong"},"content":"            System.out.println(\"whoa! One at a time :) Did you mean to run \" + \"\u0027\" + command[0] + \"\u0027\" + \"?\" );","lastModifiedDate":"2021-11-02"},{"lineNumber":62,"author":{"gitId":"Kwokcheong"},"content":"            return \"unknown\";","lastModifiedDate":"2021-11-02"},{"lineNumber":63,"author":{"gitId":"Kwokcheong"},"content":"        }else if (count \u003d\u003d 1){","lastModifiedDate":"2021-11-02"},{"lineNumber":64,"author":{"gitId":"Kwokcheong"},"content":"            return command[0];","lastModifiedDate":"2021-11-02"},{"lineNumber":65,"author":{"gitId":"Kwokcheong"},"content":"        } else {","lastModifiedDate":"2021-11-02"},{"lineNumber":66,"author":{"gitId":"Kwokcheong"},"content":"            return \"no command\";","lastModifiedDate":"2021-11-02"},{"lineNumber":67,"author":{"gitId":"Kwokcheong"},"content":"        }","lastModifiedDate":"2021-11-02"},{"lineNumber":68,"author":{"gitId":"Kwokcheong"},"content":"    }","lastModifiedDate":"2021-11-02"},{"lineNumber":69,"author":{"gitId":"Kwokcheong"},"content":"","lastModifiedDate":"2021-11-02"},{"lineNumber":70,"author":{"gitId":"-"},"content":"    public static void main(String[] args) {","lastModifiedDate":"2019-07-29"},{"lineNumber":71,"author":{"gitId":"Kwokcheong"},"content":"        String line;","lastModifiedDate":"2021-09-21"},{"lineNumber":72,"author":{"gitId":"Kwokcheong"},"content":"        String todo;","lastModifiedDate":"2021-10-26"},{"lineNumber":73,"author":{"gitId":"Kwokcheong"},"content":"        String command;","lastModifiedDate":"2021-11-02"},{"lineNumber":74,"author":{"gitId":"Kwokcheong"},"content":"        System.out.println(\"Hello! I\u0027m Duke\\nWhat can I do for you today?\");","lastModifiedDate":"2021-09-10"},{"lineNumber":75,"author":{"gitId":"Kwokcheong"},"content":"        do {","lastModifiedDate":"2021-09-10"},{"lineNumber":76,"author":{"gitId":"Kwokcheong"},"content":"            Scanner in \u003d new Scanner(System.in);","lastModifiedDate":"2021-09-10"},{"lineNumber":77,"author":{"gitId":"Kwokcheong"},"content":"            line \u003d in.nextLine();","lastModifiedDate":"2021-09-10"},{"lineNumber":78,"author":{"gitId":"Kwokcheong"},"content":"            command \u003d getCommand(line);","lastModifiedDate":"2021-11-02"},{"lineNumber":79,"author":{"gitId":"Kwokcheong"},"content":"            System.out.println(\"the command is: \" + command);","lastModifiedDate":"2021-11-02"},{"lineNumber":80,"author":{"gitId":"Kwokcheong"},"content":"            Inspect userText \u003d new Inspect(line);","lastModifiedDate":"2021-09-21"},{"lineNumber":81,"author":{"gitId":"Kwokcheong"},"content":"            if(userText.bye()) {","lastModifiedDate":"2021-09-21"},{"lineNumber":82,"author":{"gitId":"Kwokcheong"},"content":"              line \u003d \"bye\";","lastModifiedDate":"2021-09-21"},{"lineNumber":83,"author":{"gitId":"Kwokcheong"},"content":"            }","lastModifiedDate":"2021-09-21"},{"lineNumber":84,"author":{"gitId":"Kwokcheong"},"content":"            if (command.equals(\"todo\")) {","lastModifiedDate":"2021-11-02"},{"lineNumber":85,"author":{"gitId":"Kwokcheong"},"content":"                System.out.println(\"Sure, what would you like add\");","lastModifiedDate":"2021-10-26"},{"lineNumber":86,"author":{"gitId":"Kwokcheong"},"content":"                Scanner scanner \u003d new Scanner(System.in);","lastModifiedDate":"2021-10-26"},{"lineNumber":87,"author":{"gitId":"Kwokcheong"},"content":"                todo \u003d scanner.nextLine();","lastModifiedDate":"2021-10-26"},{"lineNumber":88,"author":{"gitId":"Kwokcheong"},"content":"                Task record \u003d new Task(todo);","lastModifiedDate":"2021-10-26"},{"lineNumber":89,"author":{"gitId":"Kwokcheong"},"content":"                storedTask.add(record);","lastModifiedDate":"2021-10-26"},{"lineNumber":90,"author":{"gitId":"Kwokcheong"},"content":"                System.out.println(\"added\");","lastModifiedDate":"2021-10-26"},{"lineNumber":91,"author":{"gitId":"Kwokcheong"},"content":"            }","lastModifiedDate":"2021-10-26"},{"lineNumber":92,"author":{"gitId":"Kwokcheong"},"content":"            if (command.equals(\"done\")){","lastModifiedDate":"2021-11-02"},{"lineNumber":93,"author":{"gitId":"Kwokcheong"},"content":"                String taskName \u003d line.replace(\"done\", \"\").strip();","lastModifiedDate":"2021-10-26"},{"lineNumber":94,"author":{"gitId":"Kwokcheong"},"content":"                taskName \u003d taskName.replace(\"completed\", \"\").strip();","lastModifiedDate":"2021-10-26"},{"lineNumber":95,"author":{"gitId":"Kwokcheong"},"content":"                updateTaskStatus(taskName);","lastModifiedDate":"2021-10-26"},{"lineNumber":96,"author":{"gitId":"Kwokcheong"},"content":"            }","lastModifiedDate":"2021-10-26"},{"lineNumber":97,"author":{"gitId":"Kwokcheong"},"content":"            if (command.equals(\"deadline\")){","lastModifiedDate":"2021-11-02"},{"lineNumber":98,"author":{"gitId":"Kwokcheong"},"content":"                int byIndex \u003d line.lastIndexOf(\"by\");","lastModifiedDate":"2021-11-02"},{"lineNumber":99,"author":{"gitId":"Kwokcheong"},"content":"                int commandIndex \u003d line.indexOf(\"deadline\");","lastModifiedDate":"2021-11-02"},{"lineNumber":100,"author":{"gitId":"Kwokcheong"},"content":"                int flag \u003d 0;","lastModifiedDate":"2021-11-02"},{"lineNumber":101,"author":{"gitId":"Kwokcheong"},"content":"                if((byIndex \u003c 0 || commandIndex \u003c 0) || (byIndex \u003c commandIndex)){","lastModifiedDate":"2021-11-02"},{"lineNumber":102,"author":{"gitId":"Kwokcheong"},"content":"                    flag \u003d 1;","lastModifiedDate":"2021-11-02"},{"lineNumber":103,"author":{"gitId":"Kwokcheong"},"content":"                }","lastModifiedDate":"2021-11-02"},{"lineNumber":104,"author":{"gitId":"Kwokcheong"},"content":"                if(flag \u003d\u003d 0) {","lastModifiedDate":"2021-11-02"},{"lineNumber":105,"author":{"gitId":"Kwokcheong"},"content":"                    String byDate \u003d line.substring(byIndex + 2);","lastModifiedDate":"2021-11-02"},{"lineNumber":106,"author":{"gitId":"Kwokcheong"},"content":"                    String description \u003d line.substring(commandIndex + 8, byIndex);","lastModifiedDate":"2021-11-02"},{"lineNumber":107,"author":{"gitId":"Kwokcheong"},"content":"                    if (byDate.strip().length() \u003d\u003d 0 || description.strip().length() \u003d\u003d 0) {","lastModifiedDate":"2021-11-02"},{"lineNumber":108,"author":{"gitId":"Kwokcheong"},"content":"                        System.out.println(\"Please indicate description and deadline\");","lastModifiedDate":"2021-11-02"},{"lineNumber":109,"author":{"gitId":"Kwokcheong"},"content":"                        } else {","lastModifiedDate":"2021-11-02"},{"lineNumber":110,"author":{"gitId":"Kwokcheong"},"content":"                            Task deadline \u003d new Deadline(description.strip(), byDate.strip());","lastModifiedDate":"2021-11-02"},{"lineNumber":111,"author":{"gitId":"Kwokcheong"},"content":"                            storedTask.add(deadline);","lastModifiedDate":"2021-11-02"},{"lineNumber":112,"author":{"gitId":"Kwokcheong"},"content":"                            System.out.println(\"added\");","lastModifiedDate":"2021-11-02"},{"lineNumber":113,"author":{"gitId":"Kwokcheong"},"content":"                        }","lastModifiedDate":"2021-11-02"},{"lineNumber":114,"author":{"gitId":"Kwokcheong"},"content":"                } else {","lastModifiedDate":"2021-11-02"},{"lineNumber":115,"author":{"gitId":"Kwokcheong"},"content":"                    System.out.println(\"Whoops, I didn\u0027t quite get that. If you meant to add a new deadline, please follow this format: \\n\" +","lastModifiedDate":"2021-11-02"},{"lineNumber":116,"author":{"gitId":"Kwokcheong"},"content":"                            \"deadline \u0027your description\u0027 by \u0027day\u0027\");","lastModifiedDate":"2021-11-02"},{"lineNumber":117,"author":{"gitId":"Kwokcheong"},"content":"                }","lastModifiedDate":"2021-11-02"},{"lineNumber":118,"author":{"gitId":"Kwokcheong"},"content":"            }","lastModifiedDate":"2021-11-02"},{"lineNumber":119,"author":{"gitId":"Kwokcheong"},"content":"            if (command.equals(\"event\")){","lastModifiedDate":"2021-11-02"},{"lineNumber":120,"author":{"gitId":"Kwokcheong"},"content":"                int atIndex \u003d line.lastIndexOf(\"at\");","lastModifiedDate":"2021-11-02"},{"lineNumber":121,"author":{"gitId":"Kwokcheong"},"content":"                int commandIndex \u003d line.indexOf(\"event\");","lastModifiedDate":"2021-11-02"},{"lineNumber":122,"author":{"gitId":"Kwokcheong"},"content":"                int flag \u003d 0;","lastModifiedDate":"2021-11-02"},{"lineNumber":123,"author":{"gitId":"Kwokcheong"},"content":"                if((atIndex \u003c 0 || commandIndex \u003c 0) || (atIndex \u003c commandIndex)){","lastModifiedDate":"2021-11-02"},{"lineNumber":124,"author":{"gitId":"Kwokcheong"},"content":"                    flag \u003d 1;","lastModifiedDate":"2021-11-02"},{"lineNumber":125,"author":{"gitId":"Kwokcheong"},"content":"                }","lastModifiedDate":"2021-11-02"},{"lineNumber":126,"author":{"gitId":"Kwokcheong"},"content":"                if(flag \u003d\u003d 0) {","lastModifiedDate":"2021-11-02"},{"lineNumber":127,"author":{"gitId":"Kwokcheong"},"content":"                    String byDate \u003d line.substring(atIndex + 2);","lastModifiedDate":"2021-11-02"},{"lineNumber":128,"author":{"gitId":"Kwokcheong"},"content":"                    String description \u003d line.substring(commandIndex + 5, atIndex);","lastModifiedDate":"2021-11-02"},{"lineNumber":129,"author":{"gitId":"Kwokcheong"},"content":"                    if (byDate.strip().length() \u003d\u003d 0 || description.strip().length() \u003d\u003d 0) {","lastModifiedDate":"2021-11-02"},{"lineNumber":130,"author":{"gitId":"Kwokcheong"},"content":"                        System.out.println(\"Please indicate description and event timeline\");","lastModifiedDate":"2021-11-02"},{"lineNumber":131,"author":{"gitId":"Kwokcheong"},"content":"                    } else {","lastModifiedDate":"2021-11-02"},{"lineNumber":132,"author":{"gitId":"Kwokcheong"},"content":"                        Task event \u003d new Event(description.strip(), byDate.strip());","lastModifiedDate":"2021-11-02"},{"lineNumber":133,"author":{"gitId":"Kwokcheong"},"content":"                        storedTask.add(event);","lastModifiedDate":"2021-11-02"},{"lineNumber":134,"author":{"gitId":"Kwokcheong"},"content":"                        System.out.println(\"added\");","lastModifiedDate":"2021-11-02"},{"lineNumber":135,"author":{"gitId":"Kwokcheong"},"content":"                    }","lastModifiedDate":"2021-11-02"},{"lineNumber":136,"author":{"gitId":"Kwokcheong"},"content":"                } else {","lastModifiedDate":"2021-11-02"},{"lineNumber":137,"author":{"gitId":"Kwokcheong"},"content":"                    System.out.println(\"Whoops, I didn\u0027t quite get that. If you meant to add a new event, please follow this format: \\n\" +","lastModifiedDate":"2021-11-02"},{"lineNumber":138,"author":{"gitId":"Kwokcheong"},"content":"                            \"event \u0027your description\u0027 by \u0027day\u0027\");","lastModifiedDate":"2021-11-02"},{"lineNumber":139,"author":{"gitId":"Kwokcheong"},"content":"                }","lastModifiedDate":"2021-11-02"},{"lineNumber":140,"author":{"gitId":"Kwokcheong"},"content":"            }","lastModifiedDate":"2021-11-02"},{"lineNumber":141,"author":{"gitId":"Kwokcheong"},"content":"            if(command.equals(\"list\")){","lastModifiedDate":"2021-11-02"},{"lineNumber":142,"author":{"gitId":"Kwokcheong"},"content":"                getList();","lastModifiedDate":"2021-11-02"},{"lineNumber":143,"author":{"gitId":"Kwokcheong"},"content":"            }","lastModifiedDate":"2021-11-02"},{"lineNumber":144,"author":{"gitId":"Kwokcheong"},"content":"","lastModifiedDate":"2021-10-26"},{"lineNumber":145,"author":{"gitId":"Kwokcheong"},"content":"            response(line);","lastModifiedDate":"2021-09-10"},{"lineNumber":146,"author":{"gitId":"Kwokcheong"},"content":"        } while (!line.equals(\"bye\"));","lastModifiedDate":"2021-09-10"},{"lineNumber":147,"author":{"gitId":"-"},"content":"    }","lastModifiedDate":"2019-07-29"},{"lineNumber":148,"author":{"gitId":"-"},"content":"}","lastModifiedDate":"2019-07-29"}],"authorContributionMap":{"Kwokcheong":144,"-":4}},{"path":"src/main/java/Event.java","fileType":"java","lines":[{"lineNumber":1,"author":{"gitId":"Kwokcheong"},"content":"public class Event extends Task {","lastModifiedDate":"2021-11-02"},{"lineNumber":2,"author":{"gitId":"Kwokcheong"},"content":"","lastModifiedDate":"2021-11-02"},{"lineNumber":3,"author":{"gitId":"Kwokcheong"},"content":"    protected String at;","lastModifiedDate":"2021-11-02"},{"lineNumber":4,"author":{"gitId":"Kwokcheong"},"content":"    protected String type;","lastModifiedDate":"2021-11-02"},{"lineNumber":5,"author":{"gitId":"Kwokcheong"},"content":"","lastModifiedDate":"2021-11-02"},{"lineNumber":6,"author":{"gitId":"Kwokcheong"},"content":"    public Event(String description, String at) {","lastModifiedDate":"2021-11-02"},{"lineNumber":7,"author":{"gitId":"Kwokcheong"},"content":"        super(description);","lastModifiedDate":"2021-11-02"},{"lineNumber":8,"author":{"gitId":"Kwokcheong"},"content":"        this.at \u003d at;","lastModifiedDate":"2021-11-02"},{"lineNumber":9,"author":{"gitId":"Kwokcheong"},"content":"        this.type \u003d \"E\";","lastModifiedDate":"2021-11-02"},{"lineNumber":10,"author":{"gitId":"Kwokcheong"},"content":"    }","lastModifiedDate":"2021-11-02"},{"lineNumber":11,"author":{"gitId":"Kwokcheong"},"content":"","lastModifiedDate":"2021-11-02"},{"lineNumber":12,"author":{"gitId":"Kwokcheong"},"content":"    public void setAt(String at) {","lastModifiedDate":"2021-11-02"},{"lineNumber":13,"author":{"gitId":"Kwokcheong"},"content":"        this.at \u003d at;","lastModifiedDate":"2021-11-02"},{"lineNumber":14,"author":{"gitId":"Kwokcheong"},"content":"    }","lastModifiedDate":"2021-11-02"},{"lineNumber":15,"author":{"gitId":"Kwokcheong"},"content":"    public String getAt() {","lastModifiedDate":"2021-11-02"},{"lineNumber":16,"author":{"gitId":"Kwokcheong"},"content":"        return at;","lastModifiedDate":"2021-11-02"},{"lineNumber":17,"author":{"gitId":"Kwokcheong"},"content":"    }","lastModifiedDate":"2021-11-02"},{"lineNumber":18,"author":{"gitId":"Kwokcheong"},"content":"","lastModifiedDate":"2021-11-02"},{"lineNumber":19,"author":{"gitId":"Kwokcheong"},"content":"    @Override","lastModifiedDate":"2021-11-02"},{"lineNumber":20,"author":{"gitId":"Kwokcheong"},"content":"    public String getType() { return this.type; }","lastModifiedDate":"2021-11-02"},{"lineNumber":21,"author":{"gitId":"Kwokcheong"},"content":"","lastModifiedDate":"2021-11-02"},{"lineNumber":22,"author":{"gitId":"Kwokcheong"},"content":"    @Override","lastModifiedDate":"2021-11-02"},{"lineNumber":23,"author":{"gitId":"Kwokcheong"},"content":"    public String toString() {","lastModifiedDate":"2021-11-02"},{"lineNumber":24,"author":{"gitId":"Kwokcheong"},"content":"        return super.toString() + \" (at: \" + at + \")\";","lastModifiedDate":"2021-11-02"},{"lineNumber":25,"author":{"gitId":"Kwokcheong"},"content":"    }","lastModifiedDate":"2021-11-02"},{"lineNumber":26,"author":{"gitId":"Kwokcheong"},"content":"}","lastModifiedDate":"2021-11-02"}],"authorContributionMap":{"Kwokcheong":26}},{"path":"src/main/java/Inspect.java","fileType":"java","lines":[{"lineNumber":1,"author":{"gitId":"Kwokcheong"},"content":"import java.util.regex.Matcher;","lastModifiedDate":"2021-09-21"},{"lineNumber":2,"author":{"gitId":"Kwokcheong"},"content":"import java.util.regex.Pattern;","lastModifiedDate":"2021-09-21"},{"lineNumber":3,"author":{"gitId":"Kwokcheong"},"content":"","lastModifiedDate":"2021-09-21"},{"lineNumber":4,"author":{"gitId":"Kwokcheong"},"content":"public class Inspect {","lastModifiedDate":"2021-09-21"},{"lineNumber":5,"author":{"gitId":"Kwokcheong"},"content":"    protected String text;","lastModifiedDate":"2021-09-21"},{"lineNumber":6,"author":{"gitId":"Kwokcheong"},"content":"","lastModifiedDate":"2021-11-02"},{"lineNumber":7,"author":{"gitId":"Kwokcheong"},"content":"    public Inspect(String text) {","lastModifiedDate":"2021-09-21"},{"lineNumber":8,"author":{"gitId":"Kwokcheong"},"content":"        this.text \u003d text;","lastModifiedDate":"2021-09-21"},{"lineNumber":9,"author":{"gitId":"Kwokcheong"},"content":"    }","lastModifiedDate":"2021-09-21"},{"lineNumber":10,"author":{"gitId":"Kwokcheong"},"content":"","lastModifiedDate":"2021-09-21"},{"lineNumber":11,"author":{"gitId":"Kwokcheong"},"content":"    public Boolean bye() {","lastModifiedDate":"2021-09-21"},{"lineNumber":12,"author":{"gitId":"Kwokcheong"},"content":"        String[] words \u003d {\"bye\", \"cya\"};","lastModifiedDate":"2021-10-26"},{"lineNumber":13,"author":{"gitId":"Kwokcheong"},"content":"        boolean result \u003d false;","lastModifiedDate":"2021-10-26"},{"lineNumber":14,"author":{"gitId":"Kwokcheong"},"content":"        for (String i : words) {","lastModifiedDate":"2021-10-26"},{"lineNumber":15,"author":{"gitId":"Kwokcheong"},"content":"            Pattern pattern \u003d Pattern.compile(i, Pattern.CASE_INSENSITIVE);","lastModifiedDate":"2021-10-26"},{"lineNumber":16,"author":{"gitId":"Kwokcheong"},"content":"            Matcher matcher \u003d pattern.matcher(this.text);","lastModifiedDate":"2021-10-26"},{"lineNumber":17,"author":{"gitId":"Kwokcheong"},"content":"            if (matcher.find()) {","lastModifiedDate":"2021-10-26"},{"lineNumber":18,"author":{"gitId":"Kwokcheong"},"content":"                result \u003d true;","lastModifiedDate":"2021-10-26"},{"lineNumber":19,"author":{"gitId":"Kwokcheong"},"content":"                break;","lastModifiedDate":"2021-10-26"},{"lineNumber":20,"author":{"gitId":"Kwokcheong"},"content":"            }","lastModifiedDate":"2021-10-26"},{"lineNumber":21,"author":{"gitId":"Kwokcheong"},"content":"        }","lastModifiedDate":"2021-10-26"},{"lineNumber":22,"author":{"gitId":"Kwokcheong"},"content":"        return result;","lastModifiedDate":"2021-10-26"},{"lineNumber":23,"author":{"gitId":"Kwokcheong"},"content":"    }","lastModifiedDate":"2021-10-26"},{"lineNumber":24,"author":{"gitId":"Kwokcheong"},"content":"","lastModifiedDate":"2021-10-26"},{"lineNumber":25,"author":{"gitId":"Kwokcheong"},"content":"    public Boolean addTask() {","lastModifiedDate":"2021-10-26"},{"lineNumber":26,"author":{"gitId":"Kwokcheong"},"content":"        Pattern pattern \u003d Pattern.compile(\"todo\", Pattern.CASE_INSENSITIVE);","lastModifiedDate":"2021-10-26"},{"lineNumber":27,"author":{"gitId":"Kwokcheong"},"content":"        Matcher matcher \u003d pattern.matcher(this.text);","lastModifiedDate":"2021-09-21"},{"lineNumber":28,"author":{"gitId":"Kwokcheong"},"content":"        return matcher.find();","lastModifiedDate":"2021-09-21"},{"lineNumber":29,"author":{"gitId":"Kwokcheong"},"content":"    }","lastModifiedDate":"2021-09-21"},{"lineNumber":30,"author":{"gitId":"Kwokcheong"},"content":"","lastModifiedDate":"2021-10-26"},{"lineNumber":31,"author":{"gitId":"Kwokcheong"},"content":"    public Boolean doneTask() {","lastModifiedDate":"2021-10-26"},{"lineNumber":32,"author":{"gitId":"Kwokcheong"},"content":"        String[] words \u003d {\"done\", \"completed\"};","lastModifiedDate":"2021-10-26"},{"lineNumber":33,"author":{"gitId":"Kwokcheong"},"content":"        boolean result \u003d false;","lastModifiedDate":"2021-10-26"},{"lineNumber":34,"author":{"gitId":"Kwokcheong"},"content":"        for (String i : words) {","lastModifiedDate":"2021-10-26"},{"lineNumber":35,"author":{"gitId":"Kwokcheong"},"content":"            Pattern pattern \u003d Pattern.compile(i, Pattern.CASE_INSENSITIVE);","lastModifiedDate":"2021-10-26"},{"lineNumber":36,"author":{"gitId":"Kwokcheong"},"content":"            Matcher matcher \u003d pattern.matcher(this.text);","lastModifiedDate":"2021-10-26"},{"lineNumber":37,"author":{"gitId":"Kwokcheong"},"content":"            if (matcher.find()) {","lastModifiedDate":"2021-10-26"},{"lineNumber":38,"author":{"gitId":"Kwokcheong"},"content":"                result \u003d true;","lastModifiedDate":"2021-10-26"},{"lineNumber":39,"author":{"gitId":"Kwokcheong"},"content":"                break;","lastModifiedDate":"2021-10-26"},{"lineNumber":40,"author":{"gitId":"Kwokcheong"},"content":"            }","lastModifiedDate":"2021-10-26"},{"lineNumber":41,"author":{"gitId":"Kwokcheong"},"content":"        }","lastModifiedDate":"2021-10-26"},{"lineNumber":42,"author":{"gitId":"Kwokcheong"},"content":"        return result;","lastModifiedDate":"2021-10-26"},{"lineNumber":43,"author":{"gitId":"Kwokcheong"},"content":"    }","lastModifiedDate":"2021-09-21"},{"lineNumber":44,"author":{"gitId":"Kwokcheong"},"content":"","lastModifiedDate":"2021-10-26"},{"lineNumber":45,"author":{"gitId":"Kwokcheong"},"content":"    public Boolean addDeadline() {","lastModifiedDate":"2021-11-02"},{"lineNumber":46,"author":{"gitId":"Kwokcheong"},"content":"        Pattern pattern \u003d Pattern.compile(\"deadline\", Pattern.CASE_INSENSITIVE);","lastModifiedDate":"2021-11-02"},{"lineNumber":47,"author":{"gitId":"Kwokcheong"},"content":"        Matcher matcher \u003d pattern.matcher(this.text);","lastModifiedDate":"2021-11-02"},{"lineNumber":48,"author":{"gitId":"Kwokcheong"},"content":"        return matcher.find();","lastModifiedDate":"2021-11-02"},{"lineNumber":49,"author":{"gitId":"Kwokcheong"},"content":"    }","lastModifiedDate":"2021-11-02"},{"lineNumber":50,"author":{"gitId":"Kwokcheong"},"content":"}","lastModifiedDate":"2021-11-02"}],"authorContributionMap":{"Kwokcheong":50}},{"path":"src/main/java/Task.java","fileType":"java","lines":[{"lineNumber":1,"author":{"gitId":"Kwokcheong"},"content":"public class Task {","lastModifiedDate":"2021-09-21"},{"lineNumber":2,"author":{"gitId":"Kwokcheong"},"content":"    protected String description;","lastModifiedDate":"2021-09-21"},{"lineNumber":3,"author":{"gitId":"Kwokcheong"},"content":"    protected boolean isDone;","lastModifiedDate":"2021-09-21"},{"lineNumber":4,"author":{"gitId":"Kwokcheong"},"content":"    protected String type;","lastModifiedDate":"2021-11-02"},{"lineNumber":5,"author":{"gitId":"Kwokcheong"},"content":"","lastModifiedDate":"2021-09-21"},{"lineNumber":6,"author":{"gitId":"Kwokcheong"},"content":"    public Task (String description) {","lastModifiedDate":"2021-09-21"},{"lineNumber":7,"author":{"gitId":"Kwokcheong"},"content":"        this.description \u003d description;","lastModifiedDate":"2021-09-21"},{"lineNumber":8,"author":{"gitId":"Kwokcheong"},"content":"        this.isDone \u003d false;","lastModifiedDate":"2021-09-21"},{"lineNumber":9,"author":{"gitId":"Kwokcheong"},"content":"        this.type \u003d \"T\";","lastModifiedDate":"2021-11-02"},{"lineNumber":10,"author":{"gitId":"Kwokcheong"},"content":"    }","lastModifiedDate":"2021-09-21"},{"lineNumber":11,"author":{"gitId":"Kwokcheong"},"content":"","lastModifiedDate":"2021-09-21"},{"lineNumber":12,"author":{"gitId":"Kwokcheong"},"content":"    public void markDone(){","lastModifiedDate":"2021-10-26"},{"lineNumber":13,"author":{"gitId":"Kwokcheong"},"content":"        this.isDone \u003d true;","lastModifiedDate":"2021-10-26"},{"lineNumber":14,"author":{"gitId":"Kwokcheong"},"content":"    }","lastModifiedDate":"2021-10-26"},{"lineNumber":15,"author":{"gitId":"Kwokcheong"},"content":"","lastModifiedDate":"2021-11-02"},{"lineNumber":16,"author":{"gitId":"Kwokcheong"},"content":"    public String getDescription() { return this.description; }","lastModifiedDate":"2021-10-26"},{"lineNumber":17,"author":{"gitId":"Kwokcheong"},"content":"","lastModifiedDate":"2021-10-26"},{"lineNumber":18,"author":{"gitId":"Kwokcheong"},"content":"    public String getType() { return this.type; }","lastModifiedDate":"2021-11-02"},{"lineNumber":19,"author":{"gitId":"Kwokcheong"},"content":"","lastModifiedDate":"2021-11-02"},{"lineNumber":20,"author":{"gitId":"Kwokcheong"},"content":"    public String getStatusIcon() {","lastModifiedDate":"2021-09-21"},{"lineNumber":21,"author":{"gitId":"Kwokcheong"},"content":"        return (isDone ? \"X\" : \" \"); // mark done task with X","lastModifiedDate":"2021-09-21"},{"lineNumber":22,"author":{"gitId":"Kwokcheong"},"content":"    }","lastModifiedDate":"2021-09-21"},{"lineNumber":23,"author":{"gitId":"Kwokcheong"},"content":"","lastModifiedDate":"2021-11-02"},{"lineNumber":24,"author":{"gitId":"Kwokcheong"},"content":"    @Override","lastModifiedDate":"2021-11-02"},{"lineNumber":25,"author":{"gitId":"Kwokcheong"},"content":"    public String toString() {","lastModifiedDate":"2021-11-02"},{"lineNumber":26,"author":{"gitId":"Kwokcheong"},"content":"        return \"[\" + this.getStatusIcon() + \"] \" + this.getDescription();","lastModifiedDate":"2021-11-02"},{"lineNumber":27,"author":{"gitId":"Kwokcheong"},"content":"    }","lastModifiedDate":"2021-11-02"},{"lineNumber":28,"author":{"gitId":"Kwokcheong"},"content":"}","lastModifiedDate":"2021-09-21"}],"authorContributionMap":{"Kwokcheong":28}}]
