[{"path":"build.gradle","fileType":"gradle","lines":[{"lineNumber":1,"author":{"gitId":"-"},"content":"plugins {","lastModifiedDate":"2020-05-25"},{"lineNumber":2,"author":{"gitId":"-"},"content":"    id \u0027java\u0027","lastModifiedDate":"2020-05-25"},{"lineNumber":3,"author":{"gitId":"-"},"content":"    id \u0027application\u0027","lastModifiedDate":"2020-05-25"},{"lineNumber":4,"author":{"gitId":"-"},"content":"    id \u0027checkstyle\u0027","lastModifiedDate":"2020-05-25"},{"lineNumber":5,"author":{"gitId":"-"},"content":"    id \u0027com.github.johnrengelman.shadow\u0027 version \u00275.1.0\u0027","lastModifiedDate":"2020-05-25"},{"lineNumber":6,"author":{"gitId":"-"},"content":"}","lastModifiedDate":"2020-05-25"},{"lineNumber":7,"author":{"gitId":"-"},"content":"","lastModifiedDate":"2020-05-25"},{"lineNumber":8,"author":{"gitId":"-"},"content":"repositories {","lastModifiedDate":"2020-05-25"},{"lineNumber":9,"author":{"gitId":"-"},"content":"    mavenCentral()","lastModifiedDate":"2020-05-25"},{"lineNumber":10,"author":{"gitId":"-"},"content":"}","lastModifiedDate":"2020-05-25"},{"lineNumber":11,"author":{"gitId":"-"},"content":"","lastModifiedDate":"2020-05-25"},{"lineNumber":12,"author":{"gitId":"-"},"content":"dependencies {","lastModifiedDate":"2020-05-25"},{"lineNumber":13,"author":{"gitId":"-"},"content":"    testImplementation group: \u0027org.junit.jupiter\u0027, name: \u0027junit-jupiter-api\u0027, version: \u00275.5.0\u0027","lastModifiedDate":"2020-05-25"},{"lineNumber":14,"author":{"gitId":"-"},"content":"    testRuntimeOnly group: \u0027org.junit.jupiter\u0027, name: \u0027junit-jupiter-engine\u0027, version: \u00275.5.0\u0027","lastModifiedDate":"2020-05-25"},{"lineNumber":15,"author":{"gitId":"-"},"content":"}","lastModifiedDate":"2020-05-25"},{"lineNumber":16,"author":{"gitId":"-"},"content":"","lastModifiedDate":"2020-05-25"},{"lineNumber":17,"author":{"gitId":"-"},"content":"test {","lastModifiedDate":"2020-05-25"},{"lineNumber":18,"author":{"gitId":"-"},"content":"    useJUnitPlatform()","lastModifiedDate":"2020-05-25"},{"lineNumber":19,"author":{"gitId":"-"},"content":"","lastModifiedDate":"2020-05-25"},{"lineNumber":20,"author":{"gitId":"-"},"content":"    testLogging {","lastModifiedDate":"2020-05-25"},{"lineNumber":21,"author":{"gitId":"-"},"content":"        events \"passed\", \"skipped\", \"failed\"","lastModifiedDate":"2020-05-25"},{"lineNumber":22,"author":{"gitId":"-"},"content":"","lastModifiedDate":"2020-05-25"},{"lineNumber":23,"author":{"gitId":"-"},"content":"        showExceptions true","lastModifiedDate":"2020-05-25"},{"lineNumber":24,"author":{"gitId":"-"},"content":"        exceptionFormat \"full\"","lastModifiedDate":"2020-05-25"},{"lineNumber":25,"author":{"gitId":"-"},"content":"        showCauses true","lastModifiedDate":"2020-05-25"},{"lineNumber":26,"author":{"gitId":"-"},"content":"        showStackTraces true","lastModifiedDate":"2020-05-25"},{"lineNumber":27,"author":{"gitId":"-"},"content":"        showStandardStreams \u003d false","lastModifiedDate":"2020-05-25"},{"lineNumber":28,"author":{"gitId":"-"},"content":"    }","lastModifiedDate":"2020-05-25"},{"lineNumber":29,"author":{"gitId":"-"},"content":"}","lastModifiedDate":"2020-05-25"},{"lineNumber":30,"author":{"gitId":"-"},"content":"","lastModifiedDate":"2020-05-25"},{"lineNumber":31,"author":{"gitId":"-"},"content":"application {","lastModifiedDate":"2020-05-25"},{"lineNumber":32,"author":{"gitId":"Kwokcheong"},"content":"    mainClassName \u003d \"Duke\"","lastModifiedDate":"2021-11-10"},{"lineNumber":33,"author":{"gitId":"-"},"content":"}","lastModifiedDate":"2020-05-25"},{"lineNumber":34,"author":{"gitId":"-"},"content":"","lastModifiedDate":"2020-05-25"},{"lineNumber":35,"author":{"gitId":"-"},"content":"shadowJar {","lastModifiedDate":"2020-05-25"},{"lineNumber":36,"author":{"gitId":"-"},"content":"    archiveBaseName \u003d \"duke\"","lastModifiedDate":"2020-05-25"},{"lineNumber":37,"author":{"gitId":"-"},"content":"    archiveClassifier \u003d null","lastModifiedDate":"2020-05-25"},{"lineNumber":38,"author":{"gitId":"-"},"content":"}","lastModifiedDate":"2020-05-25"},{"lineNumber":39,"author":{"gitId":"-"},"content":"","lastModifiedDate":"2020-05-25"},{"lineNumber":40,"author":{"gitId":"-"},"content":"checkstyle {","lastModifiedDate":"2020-05-25"},{"lineNumber":41,"author":{"gitId":"-"},"content":"    toolVersion \u003d \u00278.29\u0027","lastModifiedDate":"2020-05-25"},{"lineNumber":42,"author":{"gitId":"-"},"content":"}","lastModifiedDate":"2020-05-25"},{"lineNumber":43,"author":{"gitId":"-"},"content":"","lastModifiedDate":"2020-05-25"},{"lineNumber":44,"author":{"gitId":"-"},"content":"run{","lastModifiedDate":"2020-05-25"},{"lineNumber":45,"author":{"gitId":"-"},"content":"    standardInput \u003d System.in","lastModifiedDate":"2020-05-25"},{"lineNumber":46,"author":{"gitId":"-"},"content":"}","lastModifiedDate":"2020-05-25"}],"authorContributionMap":{"Kwokcheong":1,"-":45}},{"path":"data/duke.txt","fileType":"txt","lines":[{"lineNumber":1,"author":{"gitId":"Kwokcheong"},"content":"T|0|if to do has a description after it, it should add as per normal","lastModifiedDate":"2021-11-12"},{"lineNumber":2,"author":{"gitId":"Kwokcheong"},"content":"T|0|datetime for deadline","lastModifiedDate":"2021-11-12"},{"lineNumber":3,"author":{"gitId":"Kwokcheong"},"content":"T|0|todo Jdoc","lastModifiedDate":"2021-11-12"},{"lineNumber":4,"author":{"gitId":"Kwokcheong"},"content":"T|0|junit test","lastModifiedDate":"2021-11-12"},{"lineNumber":5,"author":{"gitId":"Kwokcheong"},"content":"T|0|mass ops","lastModifiedDate":"2021-11-12"},{"lineNumber":6,"author":{"gitId":"Kwokcheong"},"content":"T|0|hellooo","lastModifiedDate":"2021-11-20"}],"authorContributionMap":{"Kwokcheong":6}},{"path":"src/main/java/Deadline.java","fileType":"java","lines":[{"lineNumber":1,"author":{"gitId":"Kwokcheong"},"content":"public class Deadline extends Task {","lastModifiedDate":"2021-11-02"},{"lineNumber":2,"author":{"gitId":"Kwokcheong"},"content":"","lastModifiedDate":"2021-11-02"},{"lineNumber":3,"author":{"gitId":"Kwokcheong"},"content":"    protected String by;","lastModifiedDate":"2021-11-02"},{"lineNumber":4,"author":{"gitId":"Kwokcheong"},"content":"    protected String type;","lastModifiedDate":"2021-11-02"},{"lineNumber":5,"author":{"gitId":"Kwokcheong"},"content":"","lastModifiedDate":"2021-11-02"},{"lineNumber":6,"author":{"gitId":"Kwokcheong"},"content":"    public Deadline(String description, String by) {","lastModifiedDate":"2021-11-02"},{"lineNumber":7,"author":{"gitId":"Kwokcheong"},"content":"        //super allows us to grab from the super parent class task\u0027s description","lastModifiedDate":"2021-11-02"},{"lineNumber":8,"author":{"gitId":"Kwokcheong"},"content":"        super(description);","lastModifiedDate":"2021-11-02"},{"lineNumber":9,"author":{"gitId":"Kwokcheong"},"content":"        this.by \u003d by;","lastModifiedDate":"2021-11-02"},{"lineNumber":10,"author":{"gitId":"Kwokcheong"},"content":"        this.type \u003d \"D\";","lastModifiedDate":"2021-11-02"},{"lineNumber":11,"author":{"gitId":"Kwokcheong"},"content":"    }","lastModifiedDate":"2021-11-02"},{"lineNumber":12,"author":{"gitId":"Kwokcheong"},"content":"","lastModifiedDate":"2021-11-02"},{"lineNumber":13,"author":{"gitId":"Kwokcheong"},"content":"    public void setBy(String by) {","lastModifiedDate":"2021-11-02"},{"lineNumber":14,"author":{"gitId":"Kwokcheong"},"content":"        this.by \u003d by;","lastModifiedDate":"2021-11-02"},{"lineNumber":15,"author":{"gitId":"Kwokcheong"},"content":"    }","lastModifiedDate":"2021-11-02"},{"lineNumber":16,"author":{"gitId":"Kwokcheong"},"content":"    public String getBy() {","lastModifiedDate":"2021-11-02"},{"lineNumber":17,"author":{"gitId":"Kwokcheong"},"content":"        return by;","lastModifiedDate":"2021-11-02"},{"lineNumber":18,"author":{"gitId":"Kwokcheong"},"content":"    }","lastModifiedDate":"2021-11-02"},{"lineNumber":19,"author":{"gitId":"Kwokcheong"},"content":"","lastModifiedDate":"2021-11-02"},{"lineNumber":20,"author":{"gitId":"Kwokcheong"},"content":"    @Override","lastModifiedDate":"2021-11-02"},{"lineNumber":21,"author":{"gitId":"Kwokcheong"},"content":"    public String getType() { return this.type; }","lastModifiedDate":"2021-11-02"},{"lineNumber":22,"author":{"gitId":"Kwokcheong"},"content":"","lastModifiedDate":"2021-11-02"},{"lineNumber":23,"author":{"gitId":"Kwokcheong"},"content":"    @Override","lastModifiedDate":"2021-11-02"},{"lineNumber":24,"author":{"gitId":"Kwokcheong"},"content":"    public String toString() {","lastModifiedDate":"2021-11-02"},{"lineNumber":25,"author":{"gitId":"Kwokcheong"},"content":"        return super.toString() + \" (by: \" + by + \")\";","lastModifiedDate":"2021-11-02"},{"lineNumber":26,"author":{"gitId":"Kwokcheong"},"content":"    }","lastModifiedDate":"2021-11-02"},{"lineNumber":27,"author":{"gitId":"Kwokcheong"},"content":"}","lastModifiedDate":"2021-11-02"},{"lineNumber":28,"author":{"gitId":"Kwokcheong"},"content":"","lastModifiedDate":"2021-11-02"},{"lineNumber":29,"author":{"gitId":"Kwokcheong"},"content":"","lastModifiedDate":"2021-11-09"},{"lineNumber":30,"author":{"gitId":"Kwokcheong"},"content":"","lastModifiedDate":"2021-11-09"},{"lineNumber":31,"author":{"gitId":"Kwokcheong"},"content":"//Create (REWORK)","lastModifiedDate":"2021-11-12"},{"lineNumber":32,"author":{"gitId":"Kwokcheong"},"content":"//------------------------------------","lastModifiedDate":"2021-11-09"},{"lineNumber":33,"author":{"gitId":"Kwokcheong"},"content":"// edit the todo to be \"todo borrow book\"","lastModifiedDate":"2021-11-02"},{"lineNumber":34,"author":{"gitId":"Kwokcheong"},"content":"//","lastModifiedDate":"2021-11-09"},{"lineNumber":35,"author":{"gitId":"Kwokcheong"},"content":"// probably can do a enum for the days","lastModifiedDate":"2021-11-02"},{"lineNumber":36,"author":{"gitId":"Kwokcheong"},"content":"//     Got it. I\u0027ve added this task:","lastModifiedDate":"2021-11-02"},{"lineNumber":37,"author":{"gitId":"Kwokcheong"},"content":"//       [E][ ] project meeting (at: Mon 2-4pm)","lastModifiedDate":"2021-11-02"},{"lineNumber":38,"author":{"gitId":"Kwokcheong"},"content":"//     Now you have 7 tasks in the list.","lastModifiedDate":"2021-11-02"},{"lineNumber":39,"author":{"gitId":"Kwokcheong"},"content":"","lastModifiedDate":"2021-11-09"},{"lineNumber":40,"author":{"gitId":"Kwokcheong"},"content":"// Delete (REWORK)","lastModifiedDate":"2021-11-12"},{"lineNumber":41,"author":{"gitId":"Kwokcheong"},"content":"//-------------------------------------","lastModifiedDate":"2021-11-09"},{"lineNumber":42,"author":{"gitId":"Kwokcheong"},"content":"// allow to delete by description regex","lastModifiedDate":"2021-11-09"},{"lineNumber":43,"author":{"gitId":"Kwokcheong"},"content":"","lastModifiedDate":"2021-11-09"},{"lineNumber":44,"author":{"gitId":"Kwokcheong"},"content":"","lastModifiedDate":"2021-11-09"},{"lineNumber":45,"author":{"gitId":"Kwokcheong"},"content":"// Error handle","lastModifiedDate":"2021-11-09"},{"lineNumber":46,"author":{"gitId":"Kwokcheong"},"content":"//-------------------------------------","lastModifiedDate":"2021-11-09"},{"lineNumber":47,"author":{"gitId":"Kwokcheong"},"content":"// todo","lastModifiedDate":"2021-11-09"},{"lineNumber":48,"author":{"gitId":"Kwokcheong"},"content":"// i see you want to make a todo, please add description","lastModifiedDate":"2021-11-09"},{"lineNumber":49,"author":{"gitId":"Kwokcheong"},"content":"","lastModifiedDate":"2021-11-09"},{"lineNumber":50,"author":{"gitId":"Kwokcheong"},"content":"//Indiv feature - mass ops","lastModifiedDate":"2021-11-12"},{"lineNumber":51,"author":{"gitId":"Kwokcheong"},"content":"","lastModifiedDate":"2021-11-09"},{"lineNumber":52,"author":{"gitId":"Kwokcheong"},"content":"//Indiv feature - welcome name","lastModifiedDate":"2021-11-12"}],"authorContributionMap":{"Kwokcheong":52}},{"path":"src/main/java/Duke.java","fileType":"java","lines":[{"lineNumber":1,"author":{"gitId":"Kwokcheong"},"content":"import java.lang.reflect.Array;","lastModifiedDate":"2021-11-20"},{"lineNumber":2,"author":{"gitId":"Kwokcheong"},"content":"import java.nio.file.Paths;","lastModifiedDate":"2021-11-09"},{"lineNumber":3,"author":{"gitId":"Kwokcheong"},"content":"import java.util.ArrayList;","lastModifiedDate":"2021-09-10"},{"lineNumber":4,"author":{"gitId":"Kwokcheong"},"content":"import java.util.Arrays;","lastModifiedDate":"2021-09-10"},{"lineNumber":5,"author":{"gitId":"Kwokcheong"},"content":"import java.util.Locale;","lastModifiedDate":"2021-11-02"},{"lineNumber":6,"author":{"gitId":"Kwokcheong"},"content":"import java.util.Scanner;","lastModifiedDate":"2021-09-10"},{"lineNumber":7,"author":{"gitId":"Kwokcheong"},"content":"import java.util.regex.Matcher;","lastModifiedDate":"2021-09-21"},{"lineNumber":8,"author":{"gitId":"Kwokcheong"},"content":"import java.util.regex.Pattern;","lastModifiedDate":"2021-09-21"},{"lineNumber":9,"author":{"gitId":"Kwokcheong"},"content":"import java.io.FileReader;","lastModifiedDate":"2021-11-09"},{"lineNumber":10,"author":{"gitId":"Kwokcheong"},"content":"import java.io.FileWriter;","lastModifiedDate":"2021-11-09"},{"lineNumber":11,"author":{"gitId":"Kwokcheong"},"content":"import java.io.FileNotFoundException;","lastModifiedDate":"2021-11-09"},{"lineNumber":12,"author":{"gitId":"Kwokcheong"},"content":"import java.io.IOException;","lastModifiedDate":"2021-11-09"},{"lineNumber":13,"author":{"gitId":"Kwokcheong"},"content":"import java.io.BufferedReader;","lastModifiedDate":"2021-11-09"},{"lineNumber":14,"author":{"gitId":"Kwokcheong"},"content":"import java.io.BufferedWriter;","lastModifiedDate":"2021-11-09"},{"lineNumber":15,"author":{"gitId":"Kwokcheong"},"content":"import java.time.LocalDate;","lastModifiedDate":"2021-11-12"},{"lineNumber":16,"author":{"gitId":"Kwokcheong"},"content":"import java.time.format.DateTimeFormatter;","lastModifiedDate":"2021-11-12"},{"lineNumber":17,"author":{"gitId":"Kwokcheong"},"content":"import java.time.temporal.ChronoUnit;","lastModifiedDate":"2021-11-12"},{"lineNumber":18,"author":{"gitId":"Kwokcheong"},"content":"","lastModifiedDate":"2021-11-12"},{"lineNumber":19,"author":{"gitId":"Kwokcheong"},"content":"","lastModifiedDate":"2021-09-10"},{"lineNumber":20,"author":{"gitId":"-"},"content":"public class Duke {","lastModifiedDate":"2019-07-29"},{"lineNumber":21,"author":{"gitId":"Kwokcheong"},"content":"","lastModifiedDate":"2021-11-09"},{"lineNumber":22,"author":{"gitId":"Kwokcheong"},"content":"    public static ArrayList\u003cTask\u003e storedTask \u003d new ArrayList\u003cTask\u003e();","lastModifiedDate":"2021-10-26"},{"lineNumber":23,"author":{"gitId":"Kwokcheong"},"content":"    public static GUI gui \u003d new GUI();","lastModifiedDate":"2021-11-20"},{"lineNumber":24,"author":{"gitId":"Kwokcheong"},"content":"","lastModifiedDate":"2021-09-10"},{"lineNumber":25,"author":{"gitId":"Kwokcheong"},"content":"    public static void getList(){","lastModifiedDate":"2021-09-10"},{"lineNumber":26,"author":{"gitId":"Kwokcheong"},"content":"        String line;","lastModifiedDate":"2021-11-20"},{"lineNumber":27,"author":{"gitId":"Kwokcheong"},"content":"        String response \u003d \"\";","lastModifiedDate":"2021-11-20"},{"lineNumber":28,"author":{"gitId":"Kwokcheong"},"content":"","lastModifiedDate":"2021-11-20"},{"lineNumber":29,"author":{"gitId":"Kwokcheong"},"content":"        if( storedTask.size() \u003c 1){","lastModifiedDate":"2021-10-26"},{"lineNumber":30,"author":{"gitId":"Kwokcheong"},"content":"            gui.botResponse(\"Todo list is empty. Try adding something by typing todo.\");","lastModifiedDate":"2021-11-20"},{"lineNumber":31,"author":{"gitId":"Kwokcheong"},"content":"            return;","lastModifiedDate":"2021-11-20"},{"lineNumber":32,"author":{"gitId":"Kwokcheong"},"content":"        }","lastModifiedDate":"2021-10-26"},{"lineNumber":33,"author":{"gitId":"Kwokcheong"},"content":"        for (int i\u003d1; i\u003c\u003dstoredTask.size(); i++){","lastModifiedDate":"2021-11-03"},{"lineNumber":34,"author":{"gitId":"Kwokcheong"},"content":"            String id \u003d String.valueOf(i);","lastModifiedDate":"2021-11-20"},{"lineNumber":35,"author":{"gitId":"Kwokcheong"},"content":"            String task;","lastModifiedDate":"2021-11-20"},{"lineNumber":36,"author":{"gitId":"Kwokcheong"},"content":"            if(i!\u003dstoredTask.size()){","lastModifiedDate":"2021-11-20"},{"lineNumber":37,"author":{"gitId":"Kwokcheong"},"content":"                task \u003d id + \": \" + \"[\" + storedTask.get(i-1).getType() + \"]\" + storedTask.get(i-1).toString() + \"\\n\";","lastModifiedDate":"2021-11-20"},{"lineNumber":38,"author":{"gitId":"Kwokcheong"},"content":"            } else {","lastModifiedDate":"2021-11-20"},{"lineNumber":39,"author":{"gitId":"Kwokcheong"},"content":"                task \u003d id + \": \" + \"[\" + storedTask.get(i-1).getType() + \"]\" + storedTask.get(i-1).toString();","lastModifiedDate":"2021-11-20"},{"lineNumber":40,"author":{"gitId":"Kwokcheong"},"content":"            }","lastModifiedDate":"2021-10-26"},{"lineNumber":41,"author":{"gitId":"Kwokcheong"},"content":"            response +\u003d task;","lastModifiedDate":"2021-11-20"},{"lineNumber":42,"author":{"gitId":"Kwokcheong"},"content":"        }","lastModifiedDate":"2021-11-20"},{"lineNumber":43,"author":{"gitId":"Kwokcheong"},"content":"        gui.botResponse( \"Here is your list of tasks.\" + \"\\n\" + response);","lastModifiedDate":"2021-11-20"},{"lineNumber":44,"author":{"gitId":"Kwokcheong"},"content":"    }","lastModifiedDate":"2021-10-26"},{"lineNumber":45,"author":{"gitId":"Kwokcheong"},"content":"","lastModifiedDate":"2021-10-26"},{"lineNumber":46,"author":{"gitId":"Kwokcheong"},"content":"    public static void delete(int index){","lastModifiedDate":"2021-11-03"},{"lineNumber":47,"author":{"gitId":"Kwokcheong"},"content":"        ArrayList\u003cTask\u003e temp \u003d new ArrayList\u003cTask\u003e();","lastModifiedDate":"2021-11-03"},{"lineNumber":48,"author":{"gitId":"Kwokcheong"},"content":"","lastModifiedDate":"2021-11-20"},{"lineNumber":49,"author":{"gitId":"Kwokcheong"},"content":"        if( storedTask.size() \u003c 1){","lastModifiedDate":"2021-11-03"},{"lineNumber":50,"author":{"gitId":"Kwokcheong"},"content":"            gui.botResponse(\"nothing to delete\");","lastModifiedDate":"2021-11-20"},{"lineNumber":51,"author":{"gitId":"Kwokcheong"},"content":"        } else if( index \u003e storedTask.size()){","lastModifiedDate":"2021-11-20"},{"lineNumber":52,"author":{"gitId":"Kwokcheong"},"content":"            gui.botResponse(\"Hmm I cant find that. Please try again.\");","lastModifiedDate":"2021-11-20"},{"lineNumber":53,"author":{"gitId":"Kwokcheong"},"content":"        } else {","lastModifiedDate":"2021-11-03"},{"lineNumber":54,"author":{"gitId":"Kwokcheong"},"content":"            for (int i \u003d 0; i \u003c storedTask.size(); i++) {","lastModifiedDate":"2021-11-03"},{"lineNumber":55,"author":{"gitId":"Kwokcheong"},"content":"                if (i !\u003d index) {","lastModifiedDate":"2021-11-03"},{"lineNumber":56,"author":{"gitId":"Kwokcheong"},"content":"                    temp.add(storedTask.get(i));","lastModifiedDate":"2021-11-03"},{"lineNumber":57,"author":{"gitId":"Kwokcheong"},"content":"                }","lastModifiedDate":"2021-11-03"},{"lineNumber":58,"author":{"gitId":"Kwokcheong"},"content":"            }","lastModifiedDate":"2021-11-03"},{"lineNumber":59,"author":{"gitId":"Kwokcheong"},"content":"            storedTask \u003d temp;","lastModifiedDate":"2021-11-03"},{"lineNumber":60,"author":{"gitId":"Kwokcheong"},"content":"            gui.botResponse(\"Deleted\");","lastModifiedDate":"2021-11-20"},{"lineNumber":61,"author":{"gitId":"Kwokcheong"},"content":"        }","lastModifiedDate":"2021-11-03"},{"lineNumber":62,"author":{"gitId":"Kwokcheong"},"content":"    }","lastModifiedDate":"2021-11-03"},{"lineNumber":63,"author":{"gitId":"Kwokcheong"},"content":"","lastModifiedDate":"2021-11-03"},{"lineNumber":64,"author":{"gitId":"Kwokcheong"},"content":"    public static void find(String searchFor){","lastModifiedDate":"2021-11-10"},{"lineNumber":65,"author":{"gitId":"Kwokcheong"},"content":"        ArrayList\u003cTask\u003e results \u003d new ArrayList\u003cTask\u003e();","lastModifiedDate":"2021-11-10"},{"lineNumber":66,"author":{"gitId":"Kwokcheong"},"content":"        for(int i\u003d0; i\u003cstoredTask.size(); i++){","lastModifiedDate":"2021-11-10"},{"lineNumber":67,"author":{"gitId":"Kwokcheong"},"content":"            Pattern pattern \u003d Pattern.compile(searchFor, Pattern.CASE_INSENSITIVE);","lastModifiedDate":"2021-11-10"},{"lineNumber":68,"author":{"gitId":"Kwokcheong"},"content":"            Matcher matcher \u003d pattern.matcher(storedTask.get(i).getDescription());","lastModifiedDate":"2021-11-10"},{"lineNumber":69,"author":{"gitId":"Kwokcheong"},"content":"            if(matcher.find()){","lastModifiedDate":"2021-11-10"},{"lineNumber":70,"author":{"gitId":"Kwokcheong"},"content":"                results.add(storedTask.get(i));","lastModifiedDate":"2021-11-10"},{"lineNumber":71,"author":{"gitId":"Kwokcheong"},"content":"            }","lastModifiedDate":"2021-11-10"},{"lineNumber":72,"author":{"gitId":"Kwokcheong"},"content":"        }","lastModifiedDate":"2021-11-10"},{"lineNumber":73,"author":{"gitId":"Kwokcheong"},"content":"        if( results.size() \u003c 1){","lastModifiedDate":"2021-11-10"},{"lineNumber":74,"author":{"gitId":"Kwokcheong"},"content":"            gui.botResponse(\"No matching tasks found.\");","lastModifiedDate":"2021-11-20"},{"lineNumber":75,"author":{"gitId":"Kwokcheong"},"content":"        } else{","lastModifiedDate":"2021-11-10"},{"lineNumber":76,"author":{"gitId":"Kwokcheong"},"content":"            gui.botResponse(\"We have found the following...\");","lastModifiedDate":"2021-11-20"},{"lineNumber":77,"author":{"gitId":"Kwokcheong"},"content":"            for (int i\u003d1; i\u003c\u003dresults.size(); i++) {","lastModifiedDate":"2021-11-10"},{"lineNumber":78,"author":{"gitId":"Kwokcheong"},"content":"                String type \u003d results.get(i-1).getType();","lastModifiedDate":"2021-11-20"},{"lineNumber":79,"author":{"gitId":"Kwokcheong"},"content":"                String desc \u003d results.get(i-1).toString();","lastModifiedDate":"2021-11-20"},{"lineNumber":80,"author":{"gitId":"Kwokcheong"},"content":"                String id \u003d String.valueOf(i);","lastModifiedDate":"2021-11-20"},{"lineNumber":81,"author":{"gitId":"Kwokcheong"},"content":"                String response \u003d id + \": \" + \"[\" + type + \"]\" + desc + \"\\n\";","lastModifiedDate":"2021-11-20"},{"lineNumber":82,"author":{"gitId":"Kwokcheong"},"content":"                gui.botResponse(response);","lastModifiedDate":"2021-11-20"},{"lineNumber":83,"author":{"gitId":"Kwokcheong"},"content":"            }","lastModifiedDate":"2021-11-10"},{"lineNumber":84,"author":{"gitId":"Kwokcheong"},"content":"        }","lastModifiedDate":"2021-11-10"},{"lineNumber":85,"author":{"gitId":"Kwokcheong"},"content":"    }","lastModifiedDate":"2021-11-10"},{"lineNumber":86,"author":{"gitId":"Kwokcheong"},"content":"","lastModifiedDate":"2021-11-10"},{"lineNumber":87,"author":{"gitId":"Kwokcheong"},"content":"    public static boolean isNumeric(String s) {","lastModifiedDate":"2021-11-20"},{"lineNumber":88,"author":{"gitId":"Kwokcheong"},"content":"        return s !\u003d null \u0026\u0026 s.matches(\"[-+]?\\\\d*\\\\.?\\\\d+\");","lastModifiedDate":"2021-11-20"},{"lineNumber":89,"author":{"gitId":"Kwokcheong"},"content":"    }","lastModifiedDate":"2021-11-20"},{"lineNumber":90,"author":{"gitId":"Kwokcheong"},"content":"","lastModifiedDate":"2021-11-12"},{"lineNumber":91,"author":{"gitId":"Kwokcheong"},"content":"    public static void updateTaskStatus(String line){","lastModifiedDate":"2021-10-26"},{"lineNumber":92,"author":{"gitId":"Kwokcheong"},"content":"        boolean matched \u003d false;","lastModifiedDate":"2021-10-26"},{"lineNumber":93,"author":{"gitId":"Kwokcheong"},"content":"        for (int i\u003d0; i\u003cstoredTask.size(); i++) {","lastModifiedDate":"2021-10-26"},{"lineNumber":94,"author":{"gitId":"Kwokcheong"},"content":"            if (storedTask.get(i).getDescription().equals(line)) {","lastModifiedDate":"2021-10-26"},{"lineNumber":95,"author":{"gitId":"Kwokcheong"},"content":"                storedTask.get(i).markDone();","lastModifiedDate":"2021-10-26"},{"lineNumber":96,"author":{"gitId":"Kwokcheong"},"content":"                gui.botResponse(\"Great! I\u0027ve marked this task as done\" + \"\\n\"","lastModifiedDate":"2021-11-20"},{"lineNumber":97,"author":{"gitId":"Kwokcheong"},"content":"                        + \"[\" + storedTask.get(i).getStatusIcon() +  \"] \" + storedTask.get(i).getDescription());","lastModifiedDate":"2021-10-26"},{"lineNumber":98,"author":{"gitId":"Kwokcheong"},"content":"                matched \u003d true;","lastModifiedDate":"2021-10-26"},{"lineNumber":99,"author":{"gitId":"Kwokcheong"},"content":"                break;","lastModifiedDate":"2021-10-26"},{"lineNumber":100,"author":{"gitId":"Kwokcheong"},"content":"            }","lastModifiedDate":"2021-10-26"},{"lineNumber":101,"author":{"gitId":"Kwokcheong"},"content":"        }","lastModifiedDate":"2021-10-26"},{"lineNumber":102,"author":{"gitId":"Kwokcheong"},"content":"        if (!matched) {","lastModifiedDate":"2021-10-26"},{"lineNumber":103,"author":{"gitId":"Kwokcheong"},"content":"            gui.botResponse(\"Cannot find \" + \u0027\"\u0027 + line + \u0027\"\u0027 + \".\");","lastModifiedDate":"2021-11-20"},{"lineNumber":104,"author":{"gitId":"Kwokcheong"},"content":"        }","lastModifiedDate":"2021-09-10"},{"lineNumber":105,"author":{"gitId":"Kwokcheong"},"content":"    }","lastModifiedDate":"2021-09-10"},{"lineNumber":106,"author":{"gitId":"Kwokcheong"},"content":"","lastModifiedDate":"2021-09-10"},{"lineNumber":107,"author":{"gitId":"Kwokcheong"},"content":"    public static void GeneralResponse(String sentence){","lastModifiedDate":"2021-11-20"},{"lineNumber":108,"author":{"gitId":"Kwokcheong"},"content":"        switch (sentence) {","lastModifiedDate":"2021-09-10"},{"lineNumber":109,"author":{"gitId":"Kwokcheong"},"content":"            case \"bye\":","lastModifiedDate":"2021-09-10"},{"lineNumber":110,"author":{"gitId":"Kwokcheong"},"content":"                try{","lastModifiedDate":"2021-11-09"},{"lineNumber":111,"author":{"gitId":"Kwokcheong"},"content":"                    FileWriter writer \u003d new FileWriter(\"data/duke.txt\");","lastModifiedDate":"2021-11-09"},{"lineNumber":112,"author":{"gitId":"Kwokcheong"},"content":"                    BufferedWriter buffer \u003d new BufferedWriter(writer);","lastModifiedDate":"2021-11-09"},{"lineNumber":113,"author":{"gitId":"Kwokcheong"},"content":"                    buffer.write(\"\");","lastModifiedDate":"2021-11-09"},{"lineNumber":114,"author":{"gitId":"Kwokcheong"},"content":"                }catch (IOException e) {","lastModifiedDate":"2021-11-09"},{"lineNumber":115,"author":{"gitId":"Kwokcheong"},"content":"                    e.printStackTrace();","lastModifiedDate":"2021-11-09"},{"lineNumber":116,"author":{"gitId":"Kwokcheong"},"content":"                }","lastModifiedDate":"2021-11-09"},{"lineNumber":117,"author":{"gitId":"Kwokcheong"},"content":"                saveCurrentTasks();","lastModifiedDate":"2021-11-09"},{"lineNumber":118,"author":{"gitId":"Kwokcheong"},"content":"                gui.botResponse(\"Bye. Your session has been saved. Hope to see you again soon!\");","lastModifiedDate":"2021-11-20"},{"lineNumber":119,"author":{"gitId":"Kwokcheong"},"content":"                break;","lastModifiedDate":"2021-09-10"},{"lineNumber":120,"author":{"gitId":"Kwokcheong"},"content":"            case \"hi\":","lastModifiedDate":"2021-09-10"},{"lineNumber":121,"author":{"gitId":"Kwokcheong"},"content":"                gui.botResponse(\"Hello\");","lastModifiedDate":"2021-11-20"},{"lineNumber":122,"author":{"gitId":"Kwokcheong"},"content":"                break;","lastModifiedDate":"2021-09-10"},{"lineNumber":123,"author":{"gitId":"Kwokcheong"},"content":"            default:","lastModifiedDate":"2021-09-10"},{"lineNumber":124,"author":{"gitId":"Kwokcheong"},"content":"                break;","lastModifiedDate":"2021-09-10"},{"lineNumber":125,"author":{"gitId":"Kwokcheong"},"content":"        }","lastModifiedDate":"2021-09-10"},{"lineNumber":126,"author":{"gitId":"Kwokcheong"},"content":"    }","lastModifiedDate":"2021-09-10"},{"lineNumber":127,"author":{"gitId":"Kwokcheong"},"content":"","lastModifiedDate":"2021-09-10"},{"lineNumber":128,"author":{"gitId":"Kwokcheong"},"content":"    public static String getCommand(String line){","lastModifiedDate":"2021-11-02"},{"lineNumber":129,"author":{"gitId":"Kwokcheong"},"content":"        int count \u003d 0;","lastModifiedDate":"2021-11-02"},{"lineNumber":130,"author":{"gitId":"Kwokcheong"},"content":"        String[] command \u003d new String[10];","lastModifiedDate":"2021-11-02"},{"lineNumber":131,"author":{"gitId":"Kwokcheong"},"content":"        String[] line2 \u003d line.toLowerCase().split(\" \");","lastModifiedDate":"2021-11-20"},{"lineNumber":132,"author":{"gitId":"Kwokcheong"},"content":"        String[] keywords \u003d {\"todo\", \"deadline\", \"event\", \"done\", \"list\", \"delete\", \"find\"};","lastModifiedDate":"2021-11-10"},{"lineNumber":133,"author":{"gitId":"Kwokcheong"},"content":"        for(String i : line2 ){","lastModifiedDate":"2021-11-02"},{"lineNumber":134,"author":{"gitId":"Kwokcheong"},"content":"            if(Arrays.asList(keywords).contains(i)){","lastModifiedDate":"2021-11-02"},{"lineNumber":135,"author":{"gitId":"Kwokcheong"},"content":"                command[count] \u003d i;","lastModifiedDate":"2021-11-02"},{"lineNumber":136,"author":{"gitId":"Kwokcheong"},"content":"                count++;","lastModifiedDate":"2021-11-02"},{"lineNumber":137,"author":{"gitId":"Kwokcheong"},"content":"            }","lastModifiedDate":"2021-11-02"},{"lineNumber":138,"author":{"gitId":"Kwokcheong"},"content":"        }","lastModifiedDate":"2021-11-02"},{"lineNumber":139,"author":{"gitId":"Kwokcheong"},"content":"        if(count \u003e 1){","lastModifiedDate":"2021-11-02"},{"lineNumber":140,"author":{"gitId":"Kwokcheong"},"content":"            gui.botResponse(\"whoa! One at a time :) Did you mean to run \" + \"\u0027\" + command[0] + \"\u0027\" + \"?\" );","lastModifiedDate":"2021-11-20"},{"lineNumber":141,"author":{"gitId":"Kwokcheong"},"content":"            return \"unknown\";","lastModifiedDate":"2021-11-02"},{"lineNumber":142,"author":{"gitId":"Kwokcheong"},"content":"        }else if (count \u003d\u003d 1){","lastModifiedDate":"2021-11-02"},{"lineNumber":143,"author":{"gitId":"Kwokcheong"},"content":"            return command[0];","lastModifiedDate":"2021-11-02"},{"lineNumber":144,"author":{"gitId":"Kwokcheong"},"content":"        } else {","lastModifiedDate":"2021-11-02"},{"lineNumber":145,"author":{"gitId":"Kwokcheong"},"content":"            return \"no command\";","lastModifiedDate":"2021-11-02"},{"lineNumber":146,"author":{"gitId":"Kwokcheong"},"content":"        }","lastModifiedDate":"2021-11-02"},{"lineNumber":147,"author":{"gitId":"Kwokcheong"},"content":"    }","lastModifiedDate":"2021-11-02"},{"lineNumber":148,"author":{"gitId":"Kwokcheong"},"content":"","lastModifiedDate":"2021-11-02"},{"lineNumber":149,"author":{"gitId":"Kwokcheong"},"content":"    public static void generateTasks(String[] line){","lastModifiedDate":"2021-11-09"},{"lineNumber":150,"author":{"gitId":"Kwokcheong"},"content":"        switch(line[0]){","lastModifiedDate":"2021-11-09"},{"lineNumber":151,"author":{"gitId":"Kwokcheong"},"content":"            case \"T\":","lastModifiedDate":"2021-11-09"},{"lineNumber":152,"author":{"gitId":"Kwokcheong"},"content":"                Task task \u003d new Task(line[2]);","lastModifiedDate":"2021-11-09"},{"lineNumber":153,"author":{"gitId":"Kwokcheong"},"content":"                if(line[1].equals(\"1\")){","lastModifiedDate":"2021-11-09"},{"lineNumber":154,"author":{"gitId":"Kwokcheong"},"content":"                    task.markDone();","lastModifiedDate":"2021-11-09"},{"lineNumber":155,"author":{"gitId":"Kwokcheong"},"content":"                }","lastModifiedDate":"2021-11-09"},{"lineNumber":156,"author":{"gitId":"Kwokcheong"},"content":"                storedTask.add(task);","lastModifiedDate":"2021-11-09"},{"lineNumber":157,"author":{"gitId":"Kwokcheong"},"content":"                break;","lastModifiedDate":"2021-11-09"},{"lineNumber":158,"author":{"gitId":"Kwokcheong"},"content":"            case \"D\":","lastModifiedDate":"2021-11-09"},{"lineNumber":159,"author":{"gitId":"Kwokcheong"},"content":"                Task deadline \u003d new Deadline(line[2], line[3]);","lastModifiedDate":"2021-11-09"},{"lineNumber":160,"author":{"gitId":"Kwokcheong"},"content":"                if(line[1].equals(\"1\")){","lastModifiedDate":"2021-11-09"},{"lineNumber":161,"author":{"gitId":"Kwokcheong"},"content":"                    deadline.markDone();","lastModifiedDate":"2021-11-09"},{"lineNumber":162,"author":{"gitId":"Kwokcheong"},"content":"                }","lastModifiedDate":"2021-11-09"},{"lineNumber":163,"author":{"gitId":"Kwokcheong"},"content":"                storedTask.add(deadline);","lastModifiedDate":"2021-11-09"},{"lineNumber":164,"author":{"gitId":"Kwokcheong"},"content":"                break;","lastModifiedDate":"2021-11-09"},{"lineNumber":165,"author":{"gitId":"Kwokcheong"},"content":"            case \"E\":","lastModifiedDate":"2021-11-09"},{"lineNumber":166,"author":{"gitId":"Kwokcheong"},"content":"                Task event \u003d new Event(line[2], line[3], line[4]);","lastModifiedDate":"2021-11-09"},{"lineNumber":167,"author":{"gitId":"Kwokcheong"},"content":"                if(line[1].equals(\"1\")){","lastModifiedDate":"2021-11-09"},{"lineNumber":168,"author":{"gitId":"Kwokcheong"},"content":"                    event.markDone();","lastModifiedDate":"2021-11-09"},{"lineNumber":169,"author":{"gitId":"Kwokcheong"},"content":"                }","lastModifiedDate":"2021-11-09"},{"lineNumber":170,"author":{"gitId":"Kwokcheong"},"content":"                storedTask.add(event);","lastModifiedDate":"2021-11-09"},{"lineNumber":171,"author":{"gitId":"Kwokcheong"},"content":"                break;","lastModifiedDate":"2021-11-09"},{"lineNumber":172,"author":{"gitId":"Kwokcheong"},"content":"            default: break;","lastModifiedDate":"2021-11-09"},{"lineNumber":173,"author":{"gitId":"Kwokcheong"},"content":"        }","lastModifiedDate":"2021-11-09"},{"lineNumber":174,"author":{"gitId":"Kwokcheong"},"content":"    }","lastModifiedDate":"2021-11-09"},{"lineNumber":175,"author":{"gitId":"Kwokcheong"},"content":"","lastModifiedDate":"2021-11-09"},{"lineNumber":176,"author":{"gitId":"Kwokcheong"},"content":"    public static void saveCurrentTasks() {","lastModifiedDate":"2021-11-09"},{"lineNumber":177,"author":{"gitId":"Kwokcheong"},"content":"        try{","lastModifiedDate":"2021-11-09"},{"lineNumber":178,"author":{"gitId":"Kwokcheong"},"content":"            FileWriter writer \u003d new FileWriter(\"data/duke.txt\", true);","lastModifiedDate":"2021-11-09"},{"lineNumber":179,"author":{"gitId":"Kwokcheong"},"content":"            BufferedWriter buffer \u003d new BufferedWriter(writer);","lastModifiedDate":"2021-11-09"},{"lineNumber":180,"author":{"gitId":"Kwokcheong"},"content":"            for (int i \u003d 0; i \u003c storedTask.size(); i++) {","lastModifiedDate":"2021-11-09"},{"lineNumber":181,"author":{"gitId":"Kwokcheong"},"content":"                buffer.write(storedTask.get(i).getType() + \"|\");","lastModifiedDate":"2021-11-09"},{"lineNumber":182,"author":{"gitId":"Kwokcheong"},"content":"                buffer.write((storedTask.get(i).getStatusIcon().equals(\"X\") ? \"1\" : \"0\") + \"|\");","lastModifiedDate":"2021-11-09"},{"lineNumber":183,"author":{"gitId":"Kwokcheong"},"content":"                buffer.write(storedTask.get(i).getDescription());","lastModifiedDate":"2021-11-09"},{"lineNumber":184,"author":{"gitId":"Kwokcheong"},"content":"                if(storedTask.get(i).getType().equals(\"D\")){","lastModifiedDate":"2021-11-09"},{"lineNumber":185,"author":{"gitId":"Kwokcheong"},"content":"                    Deadline deadline \u003d(Deadline) storedTask.get(i);","lastModifiedDate":"2021-11-09"},{"lineNumber":186,"author":{"gitId":"Kwokcheong"},"content":"                    buffer.write(\"|\" + deadline.getBy());","lastModifiedDate":"2021-11-09"},{"lineNumber":187,"author":{"gitId":"Kwokcheong"},"content":"                }","lastModifiedDate":"2021-11-09"},{"lineNumber":188,"author":{"gitId":"Kwokcheong"},"content":"                if(storedTask.get(i).getType().equals(\"E\")){","lastModifiedDate":"2021-11-09"},{"lineNumber":189,"author":{"gitId":"Kwokcheong"},"content":"                    Event event \u003d (Event) storedTask.get(i);","lastModifiedDate":"2021-11-09"},{"lineNumber":190,"author":{"gitId":"Kwokcheong"},"content":"                    buffer.write(\"|\" + event.getAt() + \"|\");","lastModifiedDate":"2021-11-09"},{"lineNumber":191,"author":{"gitId":"Kwokcheong"},"content":"                    buffer.write(event.getTime() + \"|\");","lastModifiedDate":"2021-11-09"},{"lineNumber":192,"author":{"gitId":"Kwokcheong"},"content":"                }","lastModifiedDate":"2021-11-09"},{"lineNumber":193,"author":{"gitId":"Kwokcheong"},"content":"                buffer.newLine();","lastModifiedDate":"2021-11-09"},{"lineNumber":194,"author":{"gitId":"Kwokcheong"},"content":"            }","lastModifiedDate":"2021-11-09"},{"lineNumber":195,"author":{"gitId":"Kwokcheong"},"content":"            buffer.close();","lastModifiedDate":"2021-11-09"},{"lineNumber":196,"author":{"gitId":"Kwokcheong"},"content":"        } catch (IOException e) {","lastModifiedDate":"2021-11-09"},{"lineNumber":197,"author":{"gitId":"Kwokcheong"},"content":"            e.printStackTrace();","lastModifiedDate":"2021-11-09"},{"lineNumber":198,"author":{"gitId":"Kwokcheong"},"content":"        }","lastModifiedDate":"2021-11-09"},{"lineNumber":199,"author":{"gitId":"Kwokcheong"},"content":"    }","lastModifiedDate":"2021-11-09"},{"lineNumber":200,"author":{"gitId":"Kwokcheong"},"content":"","lastModifiedDate":"2021-11-09"},{"lineNumber":201,"author":{"gitId":"Kwokcheong"},"content":"    public static void massOpsDelete(int start_index, int end_index, String line){","lastModifiedDate":"2021-11-20"},{"lineNumber":202,"author":{"gitId":"Kwokcheong"},"content":"        ArrayList\u003cTask\u003e temp \u003d new ArrayList\u003cTask\u003e();","lastModifiedDate":"2021-11-20"},{"lineNumber":203,"author":{"gitId":"Kwokcheong"},"content":"        ArrayList\u003cInteger\u003e range \u003d new ArrayList\u003cInteger\u003e();","lastModifiedDate":"2021-11-20"},{"lineNumber":204,"author":{"gitId":"Kwokcheong"},"content":"        if (start_index \u003e\u003d 0 \u0026\u0026 end_index \u003e\u003d 0){","lastModifiedDate":"2021-11-20"},{"lineNumber":205,"author":{"gitId":"Kwokcheong"},"content":"            for (int i \u003d start_index; i\u003c\u003dend_index; i++){","lastModifiedDate":"2021-11-20"},{"lineNumber":206,"author":{"gitId":"Kwokcheong"},"content":"                System.out.println(\"massops: \" + i);","lastModifiedDate":"2021-11-20"},{"lineNumber":207,"author":{"gitId":"Kwokcheong"},"content":"                range.add(i);","lastModifiedDate":"2021-11-20"},{"lineNumber":208,"author":{"gitId":"Kwokcheong"},"content":"            }","lastModifiedDate":"2021-11-20"},{"lineNumber":209,"author":{"gitId":"Kwokcheong"},"content":"            for (int j \u003d 0; j\u003cstoredTask.size(); j++){","lastModifiedDate":"2021-11-20"},{"lineNumber":210,"author":{"gitId":"Kwokcheong"},"content":"                if( storedTask.size() \u003c 1){","lastModifiedDate":"2021-11-20"},{"lineNumber":211,"author":{"gitId":"Kwokcheong"},"content":"                    gui.botResponse(\"nothing to delete\");","lastModifiedDate":"2021-11-20"},{"lineNumber":212,"author":{"gitId":"Kwokcheong"},"content":"                    break;","lastModifiedDate":"2021-11-20"},{"lineNumber":213,"author":{"gitId":"Kwokcheong"},"content":"                } else if( j \u003e storedTask.size()){","lastModifiedDate":"2021-11-20"},{"lineNumber":214,"author":{"gitId":"Kwokcheong"},"content":"                    gui.botResponse(\"Hmm I cant find that. Please try again.\");","lastModifiedDate":"2021-11-20"},{"lineNumber":215,"author":{"gitId":"Kwokcheong"},"content":"                    break;","lastModifiedDate":"2021-11-20"},{"lineNumber":216,"author":{"gitId":"Kwokcheong"},"content":"                } else {","lastModifiedDate":"2021-11-20"},{"lineNumber":217,"author":{"gitId":"Kwokcheong"},"content":"                    if (!range.contains(j)) {","lastModifiedDate":"2021-11-20"},{"lineNumber":218,"author":{"gitId":"Kwokcheong"},"content":"                        temp.add(storedTask.get(j));","lastModifiedDate":"2021-11-20"},{"lineNumber":219,"author":{"gitId":"Kwokcheong"},"content":"                    }","lastModifiedDate":"2021-11-20"},{"lineNumber":220,"author":{"gitId":"Kwokcheong"},"content":"                }","lastModifiedDate":"2021-11-20"},{"lineNumber":221,"author":{"gitId":"Kwokcheong"},"content":"            }","lastModifiedDate":"2021-11-20"},{"lineNumber":222,"author":{"gitId":"Kwokcheong"},"content":"            storedTask \u003d temp;","lastModifiedDate":"2021-11-20"},{"lineNumber":223,"author":{"gitId":"Kwokcheong"},"content":"            gui.botResponse(\"Mass deleted\");","lastModifiedDate":"2021-11-20"},{"lineNumber":224,"author":{"gitId":"Kwokcheong"},"content":"        } else if (!line.equals(\"\")){","lastModifiedDate":"2021-11-20"},{"lineNumber":225,"author":{"gitId":"Kwokcheong"},"content":"            for(int i\u003d0; i\u003cstoredTask.size(); i++){","lastModifiedDate":"2021-11-20"},{"lineNumber":226,"author":{"gitId":"Kwokcheong"},"content":"                Pattern pattern \u003d Pattern.compile(line, Pattern.CASE_INSENSITIVE);","lastModifiedDate":"2021-11-20"},{"lineNumber":227,"author":{"gitId":"Kwokcheong"},"content":"                Matcher matcher \u003d pattern.matcher(storedTask.get(i).getDescription());","lastModifiedDate":"2021-11-20"},{"lineNumber":228,"author":{"gitId":"Kwokcheong"},"content":"                if(matcher.find()){","lastModifiedDate":"2021-11-20"},{"lineNumber":229,"author":{"gitId":"Kwokcheong"},"content":"                    delete(i);","lastModifiedDate":"2021-11-20"},{"lineNumber":230,"author":{"gitId":"Kwokcheong"},"content":"                }","lastModifiedDate":"2021-11-09"},{"lineNumber":231,"author":{"gitId":"Kwokcheong"},"content":"            }","lastModifiedDate":"2021-11-09"},{"lineNumber":232,"author":{"gitId":"Kwokcheong"},"content":"        }","lastModifiedDate":"2021-09-21"},{"lineNumber":233,"author":{"gitId":"Kwokcheong"},"content":"    }","lastModifiedDate":"2021-11-20"},{"lineNumber":234,"author":{"gitId":"Kwokcheong"},"content":"","lastModifiedDate":"2021-11-20"},{"lineNumber":235,"author":{"gitId":"Kwokcheong"},"content":"    public static void performCommand(String line, String command){","lastModifiedDate":"2021-11-20"},{"lineNumber":236,"author":{"gitId":"Kwokcheong"},"content":"        if (command.equals(\"todo\")) {","lastModifiedDate":"2021-11-02"},{"lineNumber":237,"author":{"gitId":"Kwokcheong"},"content":"            line \u003d line.toLowerCase();","lastModifiedDate":"2021-11-20"},{"lineNumber":238,"author":{"gitId":"Kwokcheong"},"content":"            int commandIndex \u003d line.indexOf(\"todo\");","lastModifiedDate":"2021-11-12"},{"lineNumber":239,"author":{"gitId":"Kwokcheong"},"content":"            String description \u003d line.substring(commandIndex + 4);","lastModifiedDate":"2021-11-12"},{"lineNumber":240,"author":{"gitId":"Kwokcheong"},"content":"            Task record \u003d new Task(description.strip());","lastModifiedDate":"2021-11-12"},{"lineNumber":241,"author":{"gitId":"Kwokcheong"},"content":"            if(description.strip().equals(\"\")){","lastModifiedDate":"2021-11-20"},{"lineNumber":242,"author":{"gitId":"Kwokcheong"},"content":"                gui.botResponse(\"I think you want to add a todo, input it like this... \\n [ todo xxx ]\");","lastModifiedDate":"2021-11-20"},{"lineNumber":243,"author":{"gitId":"Kwokcheong"},"content":"            } else {","lastModifiedDate":"2021-11-20"},{"lineNumber":244,"author":{"gitId":"Kwokcheong"},"content":"                storedTask.add(record);","lastModifiedDate":"2021-11-12"},{"lineNumber":245,"author":{"gitId":"Kwokcheong"},"content":"                String response \u003d \"-  [ T ] \" + \"[ ] \" + description.strip();","lastModifiedDate":"2021-11-20"},{"lineNumber":246,"author":{"gitId":"Kwokcheong"},"content":"                gui.botResponse(\"Sure! I have added that to the list.\" + \"\\n\" + response);","lastModifiedDate":"2021-11-20"},{"lineNumber":247,"author":{"gitId":"Kwokcheong"},"content":"                gui.botResponse(\"Now you have \" + storedTask.size() + \" tasks in your list.\");","lastModifiedDate":"2021-11-20"},{"lineNumber":248,"author":{"gitId":"Kwokcheong"},"content":"            }","lastModifiedDate":"2021-11-12"},{"lineNumber":249,"author":{"gitId":"Kwokcheong"},"content":"        }","lastModifiedDate":"2021-10-26"},{"lineNumber":250,"author":{"gitId":"Kwokcheong"},"content":"        if (command.equals(\"done\")){","lastModifiedDate":"2021-11-02"},{"lineNumber":251,"author":{"gitId":"Kwokcheong"},"content":"            String taskName \u003d line.replace(\"done\", \"\").strip();","lastModifiedDate":"2021-10-26"},{"lineNumber":252,"author":{"gitId":"Kwokcheong"},"content":"            taskName \u003d taskName.replace(\"completed\", \"\").strip();","lastModifiedDate":"2021-10-26"},{"lineNumber":253,"author":{"gitId":"Kwokcheong"},"content":"            updateTaskStatus(taskName);","lastModifiedDate":"2021-10-26"},{"lineNumber":254,"author":{"gitId":"Kwokcheong"},"content":"        }","lastModifiedDate":"2021-10-26"},{"lineNumber":255,"author":{"gitId":"Kwokcheong"},"content":"        if (command.equals(\"deadline\")){","lastModifiedDate":"2021-11-02"},{"lineNumber":256,"author":{"gitId":"Kwokcheong"},"content":"            line \u003d line.toLowerCase();","lastModifiedDate":"2021-11-20"},{"lineNumber":257,"author":{"gitId":"Kwokcheong"},"content":"            int byIndex \u003d line.lastIndexOf(\"by\");","lastModifiedDate":"2021-11-02"},{"lineNumber":258,"author":{"gitId":"Kwokcheong"},"content":"            int commandIndex \u003d line.indexOf(\"deadline\");","lastModifiedDate":"2021-11-02"},{"lineNumber":259,"author":{"gitId":"Kwokcheong"},"content":"            int flag \u003d 0;","lastModifiedDate":"2021-11-02"},{"lineNumber":260,"author":{"gitId":"Kwokcheong"},"content":"            if((byIndex \u003c 0 || commandIndex \u003c 0) || (byIndex \u003c commandIndex)){","lastModifiedDate":"2021-11-02"},{"lineNumber":261,"author":{"gitId":"Kwokcheong"},"content":"                flag \u003d 1;","lastModifiedDate":"2021-11-02"},{"lineNumber":262,"author":{"gitId":"Kwokcheong"},"content":"            }","lastModifiedDate":"2021-11-02"},{"lineNumber":263,"author":{"gitId":"Kwokcheong"},"content":"            if(flag \u003d\u003d 0) {","lastModifiedDate":"2021-11-02"},{"lineNumber":264,"author":{"gitId":"Kwokcheong"},"content":"                String byDate \u003d line.substring(byIndex + 2);","lastModifiedDate":"2021-11-02"},{"lineNumber":265,"author":{"gitId":"Kwokcheong"},"content":"                String description \u003d line.substring(commandIndex + 8, byIndex);","lastModifiedDate":"2021-11-02"},{"lineNumber":266,"author":{"gitId":"Kwokcheong"},"content":"                if (byDate.strip().length() \u003d\u003d 0 || description.strip().length() \u003d\u003d 0) {","lastModifiedDate":"2021-11-02"},{"lineNumber":267,"author":{"gitId":"Kwokcheong"},"content":"                    gui.botResponse(\"Please indicate description and deadline\");","lastModifiedDate":"2021-11-20"},{"lineNumber":268,"author":{"gitId":"Kwokcheong"},"content":"                } else {","lastModifiedDate":"2021-11-02"},{"lineNumber":269,"author":{"gitId":"Kwokcheong"},"content":"                    Task deadline \u003d new Deadline(description.strip(), byDate.strip());","lastModifiedDate":"2021-11-02"},{"lineNumber":270,"author":{"gitId":"Kwokcheong"},"content":"                    storedTask.add(deadline);","lastModifiedDate":"2021-11-02"},{"lineNumber":271,"author":{"gitId":"Kwokcheong"},"content":"                    String response \u003d \"-  [ D ] \" + \"[ ] \" + description.strip() + \" ( by: \" + byDate.strip() + \" ) \";","lastModifiedDate":"2021-11-20"},{"lineNumber":272,"author":{"gitId":"Kwokcheong"},"content":"                    gui.botResponse(\"Sure! I have added that to the list.\" + \"\\n\" + response);","lastModifiedDate":"2021-11-20"},{"lineNumber":273,"author":{"gitId":"Kwokcheong"},"content":"                    gui.botResponse(\"Now you have \" + storedTask.size() + \" tasks in your list.\");","lastModifiedDate":"2021-11-20"},{"lineNumber":274,"author":{"gitId":"Kwokcheong"},"content":"                }","lastModifiedDate":"2021-11-02"},{"lineNumber":275,"author":{"gitId":"Kwokcheong"},"content":"            } else {","lastModifiedDate":"2021-11-02"},{"lineNumber":276,"author":{"gitId":"Kwokcheong"},"content":"                gui.botResponse(\"To add a new deadline, you should input... \\n [ deadline xxx by monday ]\");","lastModifiedDate":"2021-11-20"},{"lineNumber":277,"author":{"gitId":"Kwokcheong"},"content":"            }","lastModifiedDate":"2021-11-02"},{"lineNumber":278,"author":{"gitId":"Kwokcheong"},"content":"        }","lastModifiedDate":"2021-11-02"},{"lineNumber":279,"author":{"gitId":"Kwokcheong"},"content":"        if (command.equals(\"event\")){","lastModifiedDate":"2021-11-02"},{"lineNumber":280,"author":{"gitId":"Kwokcheong"},"content":"            line \u003d line.toLowerCase();","lastModifiedDate":"2021-11-20"},{"lineNumber":281,"author":{"gitId":"Kwokcheong"},"content":"            int atIndex \u003d line.lastIndexOf(\"at\");","lastModifiedDate":"2021-11-02"},{"lineNumber":282,"author":{"gitId":"Kwokcheong"},"content":"            int commandIndex \u003d line.indexOf(\"event\");","lastModifiedDate":"2021-11-02"},{"lineNumber":283,"author":{"gitId":"Kwokcheong"},"content":"            int flag \u003d 0;","lastModifiedDate":"2021-11-02"},{"lineNumber":284,"author":{"gitId":"Kwokcheong"},"content":"            if((atIndex \u003c 0 || commandIndex \u003c 0) || (atIndex \u003c commandIndex)){","lastModifiedDate":"2021-11-02"},{"lineNumber":285,"author":{"gitId":"Kwokcheong"},"content":"                flag \u003d 1;","lastModifiedDate":"2021-11-02"},{"lineNumber":286,"author":{"gitId":"Kwokcheong"},"content":"            }","lastModifiedDate":"2021-11-02"},{"lineNumber":287,"author":{"gitId":"Kwokcheong"},"content":"            if(flag \u003d\u003d 0) {","lastModifiedDate":"2021-11-02"},{"lineNumber":288,"author":{"gitId":"Kwokcheong"},"content":"                String at \u003d line.substring(atIndex + 2);","lastModifiedDate":"2021-11-03"},{"lineNumber":289,"author":{"gitId":"Kwokcheong"},"content":"                String description \u003d line.substring(commandIndex + 5, atIndex);","lastModifiedDate":"2021-11-02"},{"lineNumber":290,"author":{"gitId":"Kwokcheong"},"content":"                // current time only takes next word after day. will need to fine tune for more regex.","lastModifiedDate":"2021-11-03"},{"lineNumber":291,"author":{"gitId":"Kwokcheong"},"content":"                String time \u003d at.strip().split(\" \").length \u003e 1 ? at.strip().split(\" \")[1] : \"\";","lastModifiedDate":"2021-11-03"},{"lineNumber":292,"author":{"gitId":"Kwokcheong"},"content":"                if (at.strip().length() \u003d\u003d 0 || description.strip().length() \u003d\u003d 0) {","lastModifiedDate":"2021-11-03"},{"lineNumber":293,"author":{"gitId":"Kwokcheong"},"content":"                    gui.botResponse(\"Please indicate description and event timeline\");","lastModifiedDate":"2021-11-20"},{"lineNumber":294,"author":{"gitId":"Kwokcheong"},"content":"                } else {","lastModifiedDate":"2021-11-02"},{"lineNumber":295,"author":{"gitId":"Kwokcheong"},"content":"                    Task event \u003d new Event(description.strip(), at.strip().split(\" \")[0], time);","lastModifiedDate":"2021-11-03"},{"lineNumber":296,"author":{"gitId":"Kwokcheong"},"content":"                    storedTask.add(event);","lastModifiedDate":"2021-11-02"},{"lineNumber":297,"author":{"gitId":"Kwokcheong"},"content":"                    String response \u003d \"-  [ E ] \" + \"[ ] \" + description.strip() + \" ( at: \" + at.strip() + \" ) \";","lastModifiedDate":"2021-11-20"},{"lineNumber":298,"author":{"gitId":"Kwokcheong"},"content":"                    gui.botResponse(\"Sure! I have added that to the list.\" + \"\\n\" + response);","lastModifiedDate":"2021-11-20"},{"lineNumber":299,"author":{"gitId":"Kwokcheong"},"content":"                    gui.botResponse(\"Now you have \" + storedTask.size() + \" tasks in your list.\");","lastModifiedDate":"2021-11-20"},{"lineNumber":300,"author":{"gitId":"Kwokcheong"},"content":"                }","lastModifiedDate":"2021-11-02"},{"lineNumber":301,"author":{"gitId":"Kwokcheong"},"content":"            } else {","lastModifiedDate":"2021-11-02"},{"lineNumber":302,"author":{"gitId":"Kwokcheong"},"content":"                gui.botResponse(\"To add a new event, you have to say... \\n [ event xxx at monday 3pm-4pm ]\");","lastModifiedDate":"2021-11-20"},{"lineNumber":303,"author":{"gitId":"Kwokcheong"},"content":"            }","lastModifiedDate":"2021-11-02"},{"lineNumber":304,"author":{"gitId":"Kwokcheong"},"content":"        }","lastModifiedDate":"2021-11-02"},{"lineNumber":305,"author":{"gitId":"Kwokcheong"},"content":"        if(command.equals(\"list\")){","lastModifiedDate":"2021-11-02"},{"lineNumber":306,"author":{"gitId":"Kwokcheong"},"content":"            getList();","lastModifiedDate":"2021-11-02"},{"lineNumber":307,"author":{"gitId":"Kwokcheong"},"content":"        }","lastModifiedDate":"2021-11-02"},{"lineNumber":308,"author":{"gitId":"Kwokcheong"},"content":"        if(command.equals(\"delete\")){","lastModifiedDate":"2021-11-03"},{"lineNumber":309,"author":{"gitId":"Kwokcheong"},"content":"            String word \u003d line.split(\" \")[1].strip();","lastModifiedDate":"2021-11-20"},{"lineNumber":310,"author":{"gitId":"Kwokcheong"},"content":"","lastModifiedDate":"2021-11-20"},{"lineNumber":311,"author":{"gitId":"Kwokcheong"},"content":"            if(word.equalsIgnoreCase(\"all\")){","lastModifiedDate":"2021-11-20"},{"lineNumber":312,"author":{"gitId":"Kwokcheong"},"content":"                int start_index \u003d -1;","lastModifiedDate":"2021-11-20"},{"lineNumber":313,"author":{"gitId":"Kwokcheong"},"content":"                int temp \u003d -1;","lastModifiedDate":"2021-11-20"},{"lineNumber":314,"author":{"gitId":"Kwokcheong"},"content":"                int end_index \u003d -2;","lastModifiedDate":"2021-11-20"},{"lineNumber":315,"author":{"gitId":"Kwokcheong"},"content":"                for(String i : line.split(\" \")) {","lastModifiedDate":"2021-11-20"},{"lineNumber":316,"author":{"gitId":"Kwokcheong"},"content":"                    if(isNumeric(i)) {","lastModifiedDate":"2021-11-20"},{"lineNumber":317,"author":{"gitId":"Kwokcheong"},"content":"                        temp \u003d Integer.parseInt(i);","lastModifiedDate":"2021-11-20"},{"lineNumber":318,"author":{"gitId":"Kwokcheong"},"content":"                        if(start_index \u003c 0){","lastModifiedDate":"2021-11-20"},{"lineNumber":319,"author":{"gitId":"Kwokcheong"},"content":"                            if(temp \u003c\u003d storedTask.size()){","lastModifiedDate":"2021-11-20"},{"lineNumber":320,"author":{"gitId":"Kwokcheong"},"content":"                                start_index \u003d temp;","lastModifiedDate":"2021-11-20"},{"lineNumber":321,"author":{"gitId":"Kwokcheong"},"content":"                                end_index \u003d temp;","lastModifiedDate":"2021-11-20"},{"lineNumber":322,"author":{"gitId":"Kwokcheong"},"content":"                            }","lastModifiedDate":"2021-11-20"},{"lineNumber":323,"author":{"gitId":"Kwokcheong"},"content":"                        }","lastModifiedDate":"2021-11-20"},{"lineNumber":324,"author":{"gitId":"Kwokcheong"},"content":"                        if(temp \u003e end_index){","lastModifiedDate":"2021-11-20"},{"lineNumber":325,"author":{"gitId":"Kwokcheong"},"content":"                            end_index \u003d temp;","lastModifiedDate":"2021-11-20"},{"lineNumber":326,"author":{"gitId":"Kwokcheong"},"content":"                        }","lastModifiedDate":"2021-11-20"},{"lineNumber":327,"author":{"gitId":"Kwokcheong"},"content":"                    }","lastModifiedDate":"2021-11-20"},{"lineNumber":328,"author":{"gitId":"Kwokcheong"},"content":"                }","lastModifiedDate":"2021-11-20"},{"lineNumber":329,"author":{"gitId":"Kwokcheong"},"content":"                System.out.println(\"start:\" + start_index);","lastModifiedDate":"2021-11-20"},{"lineNumber":330,"author":{"gitId":"Kwokcheong"},"content":"                System.out.println(\"end:\" + end_index);","lastModifiedDate":"2021-11-20"},{"lineNumber":331,"author":{"gitId":"Kwokcheong"},"content":"                if(start_index \u003c end_index){","lastModifiedDate":"2021-11-20"},{"lineNumber":332,"author":{"gitId":"Kwokcheong"},"content":"                    if(end_index \u003c\u003d storedTask.size()) {","lastModifiedDate":"2021-11-20"},{"lineNumber":333,"author":{"gitId":"Kwokcheong"},"content":"                        massOpsDelete(start_index - 1, end_index - 1, \"\");","lastModifiedDate":"2021-11-20"},{"lineNumber":334,"author":{"gitId":"Kwokcheong"},"content":"                    } else {","lastModifiedDate":"2021-11-20"},{"lineNumber":335,"author":{"gitId":"Kwokcheong"},"content":"                        gui.botResponse(\"End index too high.\");","lastModifiedDate":"2021-11-20"},{"lineNumber":336,"author":{"gitId":"Kwokcheong"},"content":"                    }","lastModifiedDate":"2021-11-20"},{"lineNumber":337,"author":{"gitId":"Kwokcheong"},"content":"                } else if (start_index \u003d\u003d end_index) {","lastModifiedDate":"2021-11-20"},{"lineNumber":338,"author":{"gitId":"Kwokcheong"},"content":"                    gui.botResponse(\"start index and end index should not be the same!\");","lastModifiedDate":"2021-11-20"},{"lineNumber":339,"author":{"gitId":"Kwokcheong"},"content":"                } else {","lastModifiedDate":"2021-11-20"},{"lineNumber":340,"author":{"gitId":"Kwokcheong"},"content":"                    gui.botResponse(\"Looks like the start index is larger than the end index!\");","lastModifiedDate":"2021-11-20"},{"lineNumber":341,"author":{"gitId":"Kwokcheong"},"content":"                }","lastModifiedDate":"2021-11-20"},{"lineNumber":342,"author":{"gitId":"Kwokcheong"},"content":"            } else if (!isNumeric(word)){","lastModifiedDate":"2021-11-20"},{"lineNumber":343,"author":{"gitId":"Kwokcheong"},"content":"                gui.botResponse(\"My developer is being lazy! I\u0027ll tell him to teach me how to delete by description. Promise!\");","lastModifiedDate":"2021-11-20"},{"lineNumber":344,"author":{"gitId":"Kwokcheong"},"content":"            } else {","lastModifiedDate":"2021-11-20"},{"lineNumber":345,"author":{"gitId":"Kwokcheong"},"content":"                int index \u003d Integer.parseInt(word);","lastModifiedDate":"2021-11-20"},{"lineNumber":346,"author":{"gitId":"Kwokcheong"},"content":"                delete(index - 1);","lastModifiedDate":"2021-11-03"},{"lineNumber":347,"author":{"gitId":"Kwokcheong"},"content":"            }","lastModifiedDate":"2021-11-03"},{"lineNumber":348,"author":{"gitId":"Kwokcheong"},"content":"        }","lastModifiedDate":"2021-11-20"},{"lineNumber":349,"author":{"gitId":"Kwokcheong"},"content":"        if(command.equals(\"find\")){","lastModifiedDate":"2021-11-10"},{"lineNumber":350,"author":{"gitId":"Kwokcheong"},"content":"            int commandIndex \u003d line.indexOf(\"find\");","lastModifiedDate":"2021-11-10"},{"lineNumber":351,"author":{"gitId":"Kwokcheong"},"content":"            String searchParams \u003d line.substring(commandIndex+5);","lastModifiedDate":"2021-11-10"},{"lineNumber":352,"author":{"gitId":"Kwokcheong"},"content":"            find(searchParams);","lastModifiedDate":"2021-11-10"},{"lineNumber":353,"author":{"gitId":"Kwokcheong"},"content":"        }","lastModifiedDate":"2021-11-10"},{"lineNumber":354,"author":{"gitId":"Kwokcheong"},"content":"        GeneralResponse(line);","lastModifiedDate":"2021-11-20"},{"lineNumber":355,"author":{"gitId":"Kwokcheong"},"content":"    }","lastModifiedDate":"2021-11-20"},{"lineNumber":356,"author":{"gitId":"Kwokcheong"},"content":"","lastModifiedDate":"2021-11-20"},{"lineNumber":357,"author":{"gitId":"-"},"content":"    public static void main(String[] args) {","lastModifiedDate":"2021-11-20"},{"lineNumber":358,"author":{"gitId":"Kwokcheong"},"content":"        try {","lastModifiedDate":"2021-11-20"},{"lineNumber":359,"author":{"gitId":"Kwokcheong"},"content":"            FileReader reader \u003d new FileReader(\"data/duke.txt\");","lastModifiedDate":"2021-11-20"},{"lineNumber":360,"author":{"gitId":"Kwokcheong"},"content":"            BufferedReader bufferedReader \u003d new BufferedReader(reader);","lastModifiedDate":"2021-11-20"},{"lineNumber":361,"author":{"gitId":"Kwokcheong"},"content":"","lastModifiedDate":"2021-11-20"},{"lineNumber":362,"author":{"gitId":"Kwokcheong"},"content":"            String line2;","lastModifiedDate":"2021-11-20"},{"lineNumber":363,"author":{"gitId":"Kwokcheong"},"content":"            String[] strarray;","lastModifiedDate":"2021-11-20"},{"lineNumber":364,"author":{"gitId":"Kwokcheong"},"content":"            while ((line2 \u003d bufferedReader.readLine()) !\u003d null) {","lastModifiedDate":"2021-11-20"},{"lineNumber":365,"author":{"gitId":"Kwokcheong"},"content":"                strarray \u003d line2.split(Pattern.quote(\"|\"));","lastModifiedDate":"2021-11-20"},{"lineNumber":366,"author":{"gitId":"Kwokcheong"},"content":"                generateTasks(strarray);","lastModifiedDate":"2021-11-20"},{"lineNumber":367,"author":{"gitId":"Kwokcheong"},"content":"            }","lastModifiedDate":"2021-11-20"},{"lineNumber":368,"author":{"gitId":"Kwokcheong"},"content":"            reader.close();","lastModifiedDate":"2021-11-20"},{"lineNumber":369,"author":{"gitId":"Kwokcheong"},"content":"","lastModifiedDate":"2021-11-20"},{"lineNumber":370,"author":{"gitId":"Kwokcheong"},"content":"        } catch (IOException e) {","lastModifiedDate":"2021-11-20"},{"lineNumber":371,"author":{"gitId":"Kwokcheong"},"content":"            e.printStackTrace();","lastModifiedDate":"2021-11-20"},{"lineNumber":372,"author":{"gitId":"Kwokcheong"},"content":"        }","lastModifiedDate":"2021-11-20"},{"lineNumber":373,"author":{"gitId":"Kwokcheong"},"content":"        gui.botResponse(\"Hello! I\u0027m Duke. What can I do for you today?\");","lastModifiedDate":"2021-11-20"},{"lineNumber":374,"author":{"gitId":"-"},"content":"    }","lastModifiedDate":"2019-07-29"},{"lineNumber":375,"author":{"gitId":"-"},"content":"}","lastModifiedDate":"2019-07-29"}],"authorContributionMap":{"Kwokcheong":371,"-":4}},{"path":"src/main/java/Event.java","fileType":"java","lines":[{"lineNumber":1,"author":{"gitId":"Kwokcheong"},"content":"public class Event extends Task {","lastModifiedDate":"2021-11-02"},{"lineNumber":2,"author":{"gitId":"Kwokcheong"},"content":"","lastModifiedDate":"2021-11-02"},{"lineNumber":3,"author":{"gitId":"Kwokcheong"},"content":"    protected String at;","lastModifiedDate":"2021-11-02"},{"lineNumber":4,"author":{"gitId":"Kwokcheong"},"content":"    protected String time;","lastModifiedDate":"2021-11-03"},{"lineNumber":5,"author":{"gitId":"Kwokcheong"},"content":"    protected String type;","lastModifiedDate":"2021-11-02"},{"lineNumber":6,"author":{"gitId":"Kwokcheong"},"content":"","lastModifiedDate":"2021-11-02"},{"lineNumber":7,"author":{"gitId":"Kwokcheong"},"content":"    public Event(String description, String at, String time) {","lastModifiedDate":"2021-11-03"},{"lineNumber":8,"author":{"gitId":"Kwokcheong"},"content":"        super(description);","lastModifiedDate":"2021-11-02"},{"lineNumber":9,"author":{"gitId":"Kwokcheong"},"content":"        this.at \u003d at;","lastModifiedDate":"2021-11-02"},{"lineNumber":10,"author":{"gitId":"Kwokcheong"},"content":"        this.time \u003d time;","lastModifiedDate":"2021-11-03"},{"lineNumber":11,"author":{"gitId":"Kwokcheong"},"content":"        this.type \u003d \"E\";","lastModifiedDate":"2021-11-02"},{"lineNumber":12,"author":{"gitId":"Kwokcheong"},"content":"    }","lastModifiedDate":"2021-11-02"},{"lineNumber":13,"author":{"gitId":"Kwokcheong"},"content":"","lastModifiedDate":"2021-11-02"},{"lineNumber":14,"author":{"gitId":"Kwokcheong"},"content":"    public void setAt(String at) {","lastModifiedDate":"2021-11-02"},{"lineNumber":15,"author":{"gitId":"Kwokcheong"},"content":"        this.at \u003d at;","lastModifiedDate":"2021-11-02"},{"lineNumber":16,"author":{"gitId":"Kwokcheong"},"content":"    }","lastModifiedDate":"2021-11-02"},{"lineNumber":17,"author":{"gitId":"Kwokcheong"},"content":"","lastModifiedDate":"2021-11-03"},{"lineNumber":18,"author":{"gitId":"Kwokcheong"},"content":"    public String getAt() {","lastModifiedDate":"2021-11-02"},{"lineNumber":19,"author":{"gitId":"Kwokcheong"},"content":"        return at;","lastModifiedDate":"2021-11-02"},{"lineNumber":20,"author":{"gitId":"Kwokcheong"},"content":"    }","lastModifiedDate":"2021-11-02"},{"lineNumber":21,"author":{"gitId":"Kwokcheong"},"content":"","lastModifiedDate":"2021-11-02"},{"lineNumber":22,"author":{"gitId":"Kwokcheong"},"content":"    public void setTime(String time) {","lastModifiedDate":"2021-11-03"},{"lineNumber":23,"author":{"gitId":"Kwokcheong"},"content":"        this.time \u003d time;","lastModifiedDate":"2021-11-03"},{"lineNumber":24,"author":{"gitId":"Kwokcheong"},"content":"    }","lastModifiedDate":"2021-11-03"},{"lineNumber":25,"author":{"gitId":"Kwokcheong"},"content":"","lastModifiedDate":"2021-11-03"},{"lineNumber":26,"author":{"gitId":"Kwokcheong"},"content":"    public String getTime() {","lastModifiedDate":"2021-11-03"},{"lineNumber":27,"author":{"gitId":"Kwokcheong"},"content":"        return time;","lastModifiedDate":"2021-11-03"},{"lineNumber":28,"author":{"gitId":"Kwokcheong"},"content":"    }","lastModifiedDate":"2021-11-03"},{"lineNumber":29,"author":{"gitId":"Kwokcheong"},"content":"","lastModifiedDate":"2021-11-03"},{"lineNumber":30,"author":{"gitId":"Kwokcheong"},"content":"    @Override","lastModifiedDate":"2021-11-02"},{"lineNumber":31,"author":{"gitId":"Kwokcheong"},"content":"    public String getType() { return this.type; }","lastModifiedDate":"2021-11-02"},{"lineNumber":32,"author":{"gitId":"Kwokcheong"},"content":"","lastModifiedDate":"2021-11-02"},{"lineNumber":33,"author":{"gitId":"Kwokcheong"},"content":"    @Override","lastModifiedDate":"2021-11-02"},{"lineNumber":34,"author":{"gitId":"Kwokcheong"},"content":"    public String toString() {","lastModifiedDate":"2021-11-02"},{"lineNumber":35,"author":{"gitId":"Kwokcheong"},"content":"        return super.toString() + \" (at: \" + at + \" \" + time + \")\";","lastModifiedDate":"2021-11-03"},{"lineNumber":36,"author":{"gitId":"Kwokcheong"},"content":"    }","lastModifiedDate":"2021-11-02"},{"lineNumber":37,"author":{"gitId":"Kwokcheong"},"content":"}","lastModifiedDate":"2021-11-02"}],"authorContributionMap":{"Kwokcheong":37}},{"path":"src/main/java/GUI.java","fileType":"java","lines":[{"lineNumber":1,"author":{"gitId":"Kwokcheong"},"content":"import javax.swing.*;","lastModifiedDate":"2021-11-20"},{"lineNumber":2,"author":{"gitId":"Kwokcheong"},"content":"import java.awt.event.ActionEvent;","lastModifiedDate":"2021-11-20"},{"lineNumber":3,"author":{"gitId":"Kwokcheong"},"content":"import java.awt.event.ActionListener;","lastModifiedDate":"2021-11-20"},{"lineNumber":4,"author":{"gitId":"Kwokcheong"},"content":"import java.awt.*;","lastModifiedDate":"2021-11-20"},{"lineNumber":5,"author":{"gitId":"Kwokcheong"},"content":"import java.awt.event.WindowEvent;","lastModifiedDate":"2021-11-20"},{"lineNumber":6,"author":{"gitId":"Kwokcheong"},"content":"","lastModifiedDate":"2021-11-20"},{"lineNumber":7,"author":{"gitId":"Kwokcheong"},"content":"","lastModifiedDate":"2021-11-20"},{"lineNumber":8,"author":{"gitId":"Kwokcheong"},"content":"","lastModifiedDate":"2021-11-20"},{"lineNumber":9,"author":{"gitId":"Kwokcheong"},"content":"public class GUI extends JFrame implements ActionListener {","lastModifiedDate":"2021-11-20"},{"lineNumber":10,"author":{"gitId":"Kwokcheong"},"content":"","lastModifiedDate":"2021-11-20"},{"lineNumber":11,"author":{"gitId":"Kwokcheong"},"content":"    protected JLabel userLabel \u003d new JLabel(\"User\");;","lastModifiedDate":"2021-11-20"},{"lineNumber":12,"author":{"gitId":"Kwokcheong"},"content":"    protected JTextField userText \u003d new JTextField(20);;","lastModifiedDate":"2021-11-20"},{"lineNumber":13,"author":{"gitId":"Kwokcheong"},"content":"    protected JLabel passwordLabel \u003d new JLabel(\"Password\");;","lastModifiedDate":"2021-11-20"},{"lineNumber":14,"author":{"gitId":"Kwokcheong"},"content":"    protected JPasswordField passwordText  \u003d new JPasswordField();;","lastModifiedDate":"2021-11-20"},{"lineNumber":15,"author":{"gitId":"Kwokcheong"},"content":"    protected JButton button \u003d new JButton(\"Submit\");;","lastModifiedDate":"2021-11-20"},{"lineNumber":16,"author":{"gitId":"Kwokcheong"},"content":"    protected JLabel success \u003d new JLabel(\"\");;","lastModifiedDate":"2021-11-20"},{"lineNumber":17,"author":{"gitId":"Kwokcheong"},"content":"    protected JFrame frame \u003d new JFrame();","lastModifiedDate":"2021-11-20"},{"lineNumber":18,"author":{"gitId":"Kwokcheong"},"content":"    protected JPanel panel \u003d new JPanel();","lastModifiedDate":"2021-11-20"},{"lineNumber":19,"author":{"gitId":"Kwokcheong"},"content":"    protected JTextArea Chatarea \u003d new JTextArea();","lastModifiedDate":"2021-11-20"},{"lineNumber":20,"author":{"gitId":"Kwokcheong"},"content":"    protected JTextField chatbox \u003d new JTextField();","lastModifiedDate":"2021-11-20"},{"lineNumber":21,"author":{"gitId":"Kwokcheong"},"content":"    JScrollPane sp;","lastModifiedDate":"2021-11-20"},{"lineNumber":22,"author":{"gitId":"Kwokcheong"},"content":"","lastModifiedDate":"2021-11-20"},{"lineNumber":23,"author":{"gitId":"Kwokcheong"},"content":"","lastModifiedDate":"2021-11-20"},{"lineNumber":24,"author":{"gitId":"Kwokcheong"},"content":"    public GUI(){","lastModifiedDate":"2021-11-20"},{"lineNumber":25,"author":{"gitId":"Kwokcheong"},"content":"        this.frame.setDefaultCloseOperation(EXIT_ON_CLOSE);","lastModifiedDate":"2021-11-20"},{"lineNumber":26,"author":{"gitId":"Kwokcheong"},"content":"        this.frame.setVisible(true);","lastModifiedDate":"2021-11-20"},{"lineNumber":27,"author":{"gitId":"Kwokcheong"},"content":"        this.frame.setResizable(false);","lastModifiedDate":"2021-11-20"},{"lineNumber":28,"author":{"gitId":"Kwokcheong"},"content":"        this.frame.setLayout(null);","lastModifiedDate":"2021-11-20"},{"lineNumber":29,"author":{"gitId":"Kwokcheong"},"content":"        this.frame.setSize(600,600);","lastModifiedDate":"2021-11-20"},{"lineNumber":30,"author":{"gitId":"Kwokcheong"},"content":"        this.frame.setTitle(\"Duke\");","lastModifiedDate":"2021-11-20"},{"lineNumber":31,"author":{"gitId":"Kwokcheong"},"content":"        this.frame.add(Chatarea);","lastModifiedDate":"2021-11-20"},{"lineNumber":32,"author":{"gitId":"Kwokcheong"},"content":"        this.frame.add(chatbox);","lastModifiedDate":"2021-11-20"},{"lineNumber":33,"author":{"gitId":"Kwokcheong"},"content":"        this.frame.add(button);","lastModifiedDate":"2021-11-20"},{"lineNumber":34,"author":{"gitId":"Kwokcheong"},"content":"        sp\u003dnew JScrollPane(Chatarea,JScrollPane.VERTICAL_SCROLLBAR_AS_NEEDED,JScrollPane.HORIZONTAL_SCROLLBAR_AS_NEEDED);","lastModifiedDate":"2021-11-20"},{"lineNumber":35,"author":{"gitId":"Kwokcheong"},"content":"        this.frame.add(sp);","lastModifiedDate":"2021-11-20"},{"lineNumber":36,"author":{"gitId":"Kwokcheong"},"content":"        //Text area","lastModifiedDate":"2021-11-20"},{"lineNumber":37,"author":{"gitId":"Kwokcheong"},"content":"        Chatarea.setSize(600,400);","lastModifiedDate":"2021-11-20"},{"lineNumber":38,"author":{"gitId":"Kwokcheong"},"content":"        Chatarea.setLocation(2,2);","lastModifiedDate":"2021-11-20"},{"lineNumber":39,"author":{"gitId":"Kwokcheong"},"content":"        Chatarea.setEditable(false);","lastModifiedDate":"2021-11-20"},{"lineNumber":40,"author":{"gitId":"Kwokcheong"},"content":"        Chatarea.setHighlighter(null);","lastModifiedDate":"2021-11-20"},{"lineNumber":41,"author":{"gitId":"Kwokcheong"},"content":"        //Text field","lastModifiedDate":"2021-11-20"},{"lineNumber":42,"author":{"gitId":"Kwokcheong"},"content":"        chatbox.setSize(450,30);","lastModifiedDate":"2021-11-20"},{"lineNumber":43,"author":{"gitId":"Kwokcheong"},"content":"        chatbox.setLocation(2,500);","lastModifiedDate":"2021-11-20"},{"lineNumber":44,"author":{"gitId":"Kwokcheong"},"content":"        //Button","lastModifiedDate":"2021-11-20"},{"lineNumber":45,"author":{"gitId":"Kwokcheong"},"content":"        button.setBounds(460,500,100,28);","lastModifiedDate":"2021-11-20"},{"lineNumber":46,"author":{"gitId":"Kwokcheong"},"content":"        button.addActionListener(this);","lastModifiedDate":"2021-11-20"},{"lineNumber":47,"author":{"gitId":"Kwokcheong"},"content":"","lastModifiedDate":"2021-11-20"},{"lineNumber":48,"author":{"gitId":"Kwokcheong"},"content":"        //scrollbar","lastModifiedDate":"2021-11-20"},{"lineNumber":49,"author":{"gitId":"Kwokcheong"},"content":"        sp.setBounds(2,2,540,410);","lastModifiedDate":"2021-11-20"},{"lineNumber":50,"author":{"gitId":"Kwokcheong"},"content":"","lastModifiedDate":"2021-11-20"},{"lineNumber":51,"author":{"gitId":"Kwokcheong"},"content":"        chat();","lastModifiedDate":"2021-11-20"},{"lineNumber":52,"author":{"gitId":"Kwokcheong"},"content":"","lastModifiedDate":"2021-11-20"},{"lineNumber":53,"author":{"gitId":"Kwokcheong"},"content":"    }","lastModifiedDate":"2021-11-20"},{"lineNumber":54,"author":{"gitId":"Kwokcheong"},"content":"","lastModifiedDate":"2021-11-20"},{"lineNumber":55,"author":{"gitId":"Kwokcheong"},"content":"    public void chat(){","lastModifiedDate":"2021-11-20"},{"lineNumber":56,"author":{"gitId":"Kwokcheong"},"content":"        chatbox.addActionListener(new ActionListener() {","lastModifiedDate":"2021-11-20"},{"lineNumber":57,"author":{"gitId":"Kwokcheong"},"content":"            @Override","lastModifiedDate":"2021-11-20"},{"lineNumber":58,"author":{"gitId":"Kwokcheong"},"content":"            public void actionPerformed(ActionEvent e) {","lastModifiedDate":"2021-11-20"},{"lineNumber":59,"author":{"gitId":"Kwokcheong"},"content":"                String text \u003d chatbox.getText();","lastModifiedDate":"2021-11-20"},{"lineNumber":60,"author":{"gitId":"Kwokcheong"},"content":"                String command \u003d \"\";","lastModifiedDate":"2021-11-20"},{"lineNumber":61,"author":{"gitId":"Kwokcheong"},"content":"                Chatarea.append(\"You: \" + text + \"\\n\");","lastModifiedDate":"2021-11-20"},{"lineNumber":62,"author":{"gitId":"Kwokcheong"},"content":"                chatbox.setText(\"\");","lastModifiedDate":"2021-11-20"},{"lineNumber":63,"author":{"gitId":"Kwokcheong"},"content":"                command \u003d Duke.getCommand(text);","lastModifiedDate":"2021-11-20"},{"lineNumber":64,"author":{"gitId":"Kwokcheong"},"content":"                Duke.performCommand(text, command);","lastModifiedDate":"2021-11-20"},{"lineNumber":65,"author":{"gitId":"Kwokcheong"},"content":"","lastModifiedDate":"2021-11-20"},{"lineNumber":66,"author":{"gitId":"Kwokcheong"},"content":"                if (text.contains(\"bye\")) {","lastModifiedDate":"2021-11-20"},{"lineNumber":67,"author":{"gitId":"Kwokcheong"},"content":"                    frame.dispatchEvent(new WindowEvent(frame, WindowEvent.WINDOW_CLOSING));","lastModifiedDate":"2021-11-20"},{"lineNumber":68,"author":{"gitId":"Kwokcheong"},"content":"                }","lastModifiedDate":"2021-11-20"},{"lineNumber":69,"author":{"gitId":"Kwokcheong"},"content":"                if (text.toLowerCase().contains(\"clear\")) {","lastModifiedDate":"2021-11-20"},{"lineNumber":70,"author":{"gitId":"Kwokcheong"},"content":"                    clearChat();","lastModifiedDate":"2021-11-20"},{"lineNumber":71,"author":{"gitId":"Kwokcheong"},"content":"                }","lastModifiedDate":"2021-11-20"},{"lineNumber":72,"author":{"gitId":"Kwokcheong"},"content":"","lastModifiedDate":"2021-11-20"},{"lineNumber":73,"author":{"gitId":"Kwokcheong"},"content":"            }","lastModifiedDate":"2021-11-20"},{"lineNumber":74,"author":{"gitId":"Kwokcheong"},"content":"        });","lastModifiedDate":"2021-11-20"},{"lineNumber":75,"author":{"gitId":"Kwokcheong"},"content":"    }","lastModifiedDate":"2021-11-20"},{"lineNumber":76,"author":{"gitId":"Kwokcheong"},"content":"","lastModifiedDate":"2021-11-20"},{"lineNumber":77,"author":{"gitId":"Kwokcheong"},"content":"    public void botResponse(String line){","lastModifiedDate":"2021-11-20"},{"lineNumber":78,"author":{"gitId":"Kwokcheong"},"content":"        Chatarea.append(\"Bot: \" + line);","lastModifiedDate":"2021-11-20"},{"lineNumber":79,"author":{"gitId":"Kwokcheong"},"content":"        Chatarea.append(\"\\n\");","lastModifiedDate":"2021-11-20"},{"lineNumber":80,"author":{"gitId":"Kwokcheong"},"content":"    }","lastModifiedDate":"2021-11-20"},{"lineNumber":81,"author":{"gitId":"Kwokcheong"},"content":"","lastModifiedDate":"2021-11-20"},{"lineNumber":82,"author":{"gitId":"Kwokcheong"},"content":"    public void clearChat(){","lastModifiedDate":"2021-11-20"},{"lineNumber":83,"author":{"gitId":"Kwokcheong"},"content":"        Chatarea.setText(\"\");","lastModifiedDate":"2021-11-20"},{"lineNumber":84,"author":{"gitId":"Kwokcheong"},"content":"    }","lastModifiedDate":"2021-11-20"},{"lineNumber":85,"author":{"gitId":"Kwokcheong"},"content":"","lastModifiedDate":"2021-11-20"},{"lineNumber":86,"author":{"gitId":"Kwokcheong"},"content":"    @Override","lastModifiedDate":"2021-11-20"},{"lineNumber":87,"author":{"gitId":"Kwokcheong"},"content":"    public void actionPerformed(ActionEvent e) {","lastModifiedDate":"2021-11-20"},{"lineNumber":88,"author":{"gitId":"Kwokcheong"},"content":"        String text \u003d chatbox.getText();","lastModifiedDate":"2021-11-20"},{"lineNumber":89,"author":{"gitId":"Kwokcheong"},"content":"        String command \u003d \"\";","lastModifiedDate":"2021-11-20"},{"lineNumber":90,"author":{"gitId":"Kwokcheong"},"content":"        Chatarea.append(\"You: \" + text + \"\\n\");","lastModifiedDate":"2021-11-20"},{"lineNumber":91,"author":{"gitId":"Kwokcheong"},"content":"        chatbox.setText(\"\");","lastModifiedDate":"2021-11-20"},{"lineNumber":92,"author":{"gitId":"Kwokcheong"},"content":"        command \u003d Duke.getCommand(text);","lastModifiedDate":"2021-11-20"},{"lineNumber":93,"author":{"gitId":"Kwokcheong"},"content":"        Duke.performCommand(text, command);","lastModifiedDate":"2021-11-20"},{"lineNumber":94,"author":{"gitId":"Kwokcheong"},"content":"","lastModifiedDate":"2021-11-20"},{"lineNumber":95,"author":{"gitId":"Kwokcheong"},"content":"        if (text.contains(\"bye\")) {","lastModifiedDate":"2021-11-20"},{"lineNumber":96,"author":{"gitId":"Kwokcheong"},"content":"            frame.dispatchEvent(new WindowEvent(frame, WindowEvent.WINDOW_CLOSING));","lastModifiedDate":"2021-11-20"},{"lineNumber":97,"author":{"gitId":"Kwokcheong"},"content":"        }","lastModifiedDate":"2021-11-20"},{"lineNumber":98,"author":{"gitId":"Kwokcheong"},"content":"        if (text.toLowerCase().contains(\"clear\")) {","lastModifiedDate":"2021-11-20"},{"lineNumber":99,"author":{"gitId":"Kwokcheong"},"content":"            clearChat();","lastModifiedDate":"2021-11-20"},{"lineNumber":100,"author":{"gitId":"Kwokcheong"},"content":"        }","lastModifiedDate":"2021-11-20"},{"lineNumber":101,"author":{"gitId":"Kwokcheong"},"content":"    }","lastModifiedDate":"2021-11-20"},{"lineNumber":102,"author":{"gitId":"Kwokcheong"},"content":"}","lastModifiedDate":"2021-11-20"}],"authorContributionMap":{"Kwokcheong":102}},{"path":"src/main/java/Inspect.java","fileType":"java","lines":[{"lineNumber":1,"author":{"gitId":"Kwokcheong"},"content":"import java.util.regex.Matcher;","lastModifiedDate":"2021-09-21"},{"lineNumber":2,"author":{"gitId":"Kwokcheong"},"content":"import java.util.regex.Pattern;","lastModifiedDate":"2021-09-21"},{"lineNumber":3,"author":{"gitId":"Kwokcheong"},"content":"","lastModifiedDate":"2021-09-21"},{"lineNumber":4,"author":{"gitId":"Kwokcheong"},"content":"public class Inspect {","lastModifiedDate":"2021-09-21"},{"lineNumber":5,"author":{"gitId":"Kwokcheong"},"content":"    protected String text;","lastModifiedDate":"2021-09-21"},{"lineNumber":6,"author":{"gitId":"Kwokcheong"},"content":"","lastModifiedDate":"2021-11-02"},{"lineNumber":7,"author":{"gitId":"Kwokcheong"},"content":"    public Inspect(String text) {","lastModifiedDate":"2021-09-21"},{"lineNumber":8,"author":{"gitId":"Kwokcheong"},"content":"        this.text \u003d text;","lastModifiedDate":"2021-09-21"},{"lineNumber":9,"author":{"gitId":"Kwokcheong"},"content":"    }","lastModifiedDate":"2021-09-21"},{"lineNumber":10,"author":{"gitId":"Kwokcheong"},"content":"","lastModifiedDate":"2021-09-21"},{"lineNumber":11,"author":{"gitId":"Kwokcheong"},"content":"    public Boolean bye() {","lastModifiedDate":"2021-09-21"},{"lineNumber":12,"author":{"gitId":"Kwokcheong"},"content":"        String[] words \u003d {\"bye\", \"cya\"};","lastModifiedDate":"2021-10-26"},{"lineNumber":13,"author":{"gitId":"Kwokcheong"},"content":"        boolean result \u003d false;","lastModifiedDate":"2021-10-26"},{"lineNumber":14,"author":{"gitId":"Kwokcheong"},"content":"        for (String i : words) {","lastModifiedDate":"2021-10-26"},{"lineNumber":15,"author":{"gitId":"Kwokcheong"},"content":"            Pattern pattern \u003d Pattern.compile(i, Pattern.CASE_INSENSITIVE);","lastModifiedDate":"2021-10-26"},{"lineNumber":16,"author":{"gitId":"Kwokcheong"},"content":"            Matcher matcher \u003d pattern.matcher(this.text);","lastModifiedDate":"2021-10-26"},{"lineNumber":17,"author":{"gitId":"Kwokcheong"},"content":"            if (matcher.find()) {","lastModifiedDate":"2021-10-26"},{"lineNumber":18,"author":{"gitId":"Kwokcheong"},"content":"                result \u003d true;","lastModifiedDate":"2021-10-26"},{"lineNumber":19,"author":{"gitId":"Kwokcheong"},"content":"                break;","lastModifiedDate":"2021-10-26"},{"lineNumber":20,"author":{"gitId":"Kwokcheong"},"content":"            }","lastModifiedDate":"2021-10-26"},{"lineNumber":21,"author":{"gitId":"Kwokcheong"},"content":"        }","lastModifiedDate":"2021-10-26"},{"lineNumber":22,"author":{"gitId":"Kwokcheong"},"content":"        return result;","lastModifiedDate":"2021-10-26"},{"lineNumber":23,"author":{"gitId":"Kwokcheong"},"content":"    }","lastModifiedDate":"2021-10-26"},{"lineNumber":24,"author":{"gitId":"Kwokcheong"},"content":"","lastModifiedDate":"2021-10-26"},{"lineNumber":25,"author":{"gitId":"Kwokcheong"},"content":"    public Boolean addTask() {","lastModifiedDate":"2021-10-26"},{"lineNumber":26,"author":{"gitId":"Kwokcheong"},"content":"        Pattern pattern \u003d Pattern.compile(\"todo\", Pattern.CASE_INSENSITIVE);","lastModifiedDate":"2021-10-26"},{"lineNumber":27,"author":{"gitId":"Kwokcheong"},"content":"        Matcher matcher \u003d pattern.matcher(this.text);","lastModifiedDate":"2021-09-21"},{"lineNumber":28,"author":{"gitId":"Kwokcheong"},"content":"        return matcher.find();","lastModifiedDate":"2021-09-21"},{"lineNumber":29,"author":{"gitId":"Kwokcheong"},"content":"    }","lastModifiedDate":"2021-09-21"},{"lineNumber":30,"author":{"gitId":"Kwokcheong"},"content":"","lastModifiedDate":"2021-10-26"},{"lineNumber":31,"author":{"gitId":"Kwokcheong"},"content":"    public Boolean doneTask() {","lastModifiedDate":"2021-10-26"},{"lineNumber":32,"author":{"gitId":"Kwokcheong"},"content":"        String[] words \u003d {\"done\", \"completed\"};","lastModifiedDate":"2021-10-26"},{"lineNumber":33,"author":{"gitId":"Kwokcheong"},"content":"        boolean result \u003d false;","lastModifiedDate":"2021-10-26"},{"lineNumber":34,"author":{"gitId":"Kwokcheong"},"content":"        for (String i : words) {","lastModifiedDate":"2021-10-26"},{"lineNumber":35,"author":{"gitId":"Kwokcheong"},"content":"            Pattern pattern \u003d Pattern.compile(i, Pattern.CASE_INSENSITIVE);","lastModifiedDate":"2021-10-26"},{"lineNumber":36,"author":{"gitId":"Kwokcheong"},"content":"            Matcher matcher \u003d pattern.matcher(this.text);","lastModifiedDate":"2021-10-26"},{"lineNumber":37,"author":{"gitId":"Kwokcheong"},"content":"            if (matcher.find()) {","lastModifiedDate":"2021-10-26"},{"lineNumber":38,"author":{"gitId":"Kwokcheong"},"content":"                result \u003d true;","lastModifiedDate":"2021-10-26"},{"lineNumber":39,"author":{"gitId":"Kwokcheong"},"content":"                break;","lastModifiedDate":"2021-10-26"},{"lineNumber":40,"author":{"gitId":"Kwokcheong"},"content":"            }","lastModifiedDate":"2021-10-26"},{"lineNumber":41,"author":{"gitId":"Kwokcheong"},"content":"        }","lastModifiedDate":"2021-10-26"},{"lineNumber":42,"author":{"gitId":"Kwokcheong"},"content":"        return result;","lastModifiedDate":"2021-10-26"},{"lineNumber":43,"author":{"gitId":"Kwokcheong"},"content":"    }","lastModifiedDate":"2021-09-21"},{"lineNumber":44,"author":{"gitId":"Kwokcheong"},"content":"","lastModifiedDate":"2021-10-26"},{"lineNumber":45,"author":{"gitId":"Kwokcheong"},"content":"    public Boolean addDeadline() {","lastModifiedDate":"2021-11-02"},{"lineNumber":46,"author":{"gitId":"Kwokcheong"},"content":"        Pattern pattern \u003d Pattern.compile(\"deadline\", Pattern.CASE_INSENSITIVE);","lastModifiedDate":"2021-11-02"},{"lineNumber":47,"author":{"gitId":"Kwokcheong"},"content":"        Matcher matcher \u003d pattern.matcher(this.text);","lastModifiedDate":"2021-11-02"},{"lineNumber":48,"author":{"gitId":"Kwokcheong"},"content":"        return matcher.find();","lastModifiedDate":"2021-11-02"},{"lineNumber":49,"author":{"gitId":"Kwokcheong"},"content":"    }","lastModifiedDate":"2021-11-02"},{"lineNumber":50,"author":{"gitId":"Kwokcheong"},"content":"}","lastModifiedDate":"2021-11-02"}],"authorContributionMap":{"Kwokcheong":50}},{"path":"src/main/java/Task.java","fileType":"java","lines":[{"lineNumber":1,"author":{"gitId":"Kwokcheong"},"content":"public class Task {","lastModifiedDate":"2021-09-21"},{"lineNumber":2,"author":{"gitId":"Kwokcheong"},"content":"    protected String description;","lastModifiedDate":"2021-09-21"},{"lineNumber":3,"author":{"gitId":"Kwokcheong"},"content":"    protected boolean isDone;","lastModifiedDate":"2021-09-21"},{"lineNumber":4,"author":{"gitId":"Kwokcheong"},"content":"    protected String type;","lastModifiedDate":"2021-11-02"},{"lineNumber":5,"author":{"gitId":"Kwokcheong"},"content":"","lastModifiedDate":"2021-09-21"},{"lineNumber":6,"author":{"gitId":"Kwokcheong"},"content":"    public Task (String description) {","lastModifiedDate":"2021-09-21"},{"lineNumber":7,"author":{"gitId":"Kwokcheong"},"content":"        this.description \u003d description;","lastModifiedDate":"2021-09-21"},{"lineNumber":8,"author":{"gitId":"Kwokcheong"},"content":"        this.isDone \u003d false;","lastModifiedDate":"2021-09-21"},{"lineNumber":9,"author":{"gitId":"Kwokcheong"},"content":"        this.type \u003d \"T\";","lastModifiedDate":"2021-11-02"},{"lineNumber":10,"author":{"gitId":"Kwokcheong"},"content":"    }","lastModifiedDate":"2021-09-21"},{"lineNumber":11,"author":{"gitId":"Kwokcheong"},"content":"","lastModifiedDate":"2021-09-21"},{"lineNumber":12,"author":{"gitId":"Kwokcheong"},"content":"    public void markDone(){","lastModifiedDate":"2021-10-26"},{"lineNumber":13,"author":{"gitId":"Kwokcheong"},"content":"        this.isDone \u003d true;","lastModifiedDate":"2021-10-26"},{"lineNumber":14,"author":{"gitId":"Kwokcheong"},"content":"    }","lastModifiedDate":"2021-10-26"},{"lineNumber":15,"author":{"gitId":"Kwokcheong"},"content":"","lastModifiedDate":"2021-11-02"},{"lineNumber":16,"author":{"gitId":"Kwokcheong"},"content":"    public void setDescription(String description) {","lastModifiedDate":"2021-11-09"},{"lineNumber":17,"author":{"gitId":"Kwokcheong"},"content":"        this.description \u003d description;","lastModifiedDate":"2021-11-09"},{"lineNumber":18,"author":{"gitId":"Kwokcheong"},"content":"    };","lastModifiedDate":"2021-11-09"},{"lineNumber":19,"author":{"gitId":"Kwokcheong"},"content":"","lastModifiedDate":"2021-11-09"},{"lineNumber":20,"author":{"gitId":"Kwokcheong"},"content":"    public String getDescription() { return this.description; }","lastModifiedDate":"2021-10-26"},{"lineNumber":21,"author":{"gitId":"Kwokcheong"},"content":"","lastModifiedDate":"2021-10-26"},{"lineNumber":22,"author":{"gitId":"Kwokcheong"},"content":"    public String getType() { return this.type; }","lastModifiedDate":"2021-11-02"},{"lineNumber":23,"author":{"gitId":"Kwokcheong"},"content":"","lastModifiedDate":"2021-11-02"},{"lineNumber":24,"author":{"gitId":"Kwokcheong"},"content":"    public String getStatusIcon() {","lastModifiedDate":"2021-09-21"},{"lineNumber":25,"author":{"gitId":"Kwokcheong"},"content":"        return (isDone ? \"X\" : \" \"); // mark done task with X","lastModifiedDate":"2021-09-21"},{"lineNumber":26,"author":{"gitId":"Kwokcheong"},"content":"    }","lastModifiedDate":"2021-09-21"},{"lineNumber":27,"author":{"gitId":"Kwokcheong"},"content":"","lastModifiedDate":"2021-11-02"},{"lineNumber":28,"author":{"gitId":"Kwokcheong"},"content":"    @Override","lastModifiedDate":"2021-11-02"},{"lineNumber":29,"author":{"gitId":"Kwokcheong"},"content":"    public String toString() {","lastModifiedDate":"2021-11-02"},{"lineNumber":30,"author":{"gitId":"Kwokcheong"},"content":"        return \"[\" + this.getStatusIcon() + \"] \" + this.getDescription();","lastModifiedDate":"2021-11-02"},{"lineNumber":31,"author":{"gitId":"Kwokcheong"},"content":"    }","lastModifiedDate":"2021-11-02"},{"lineNumber":32,"author":{"gitId":"Kwokcheong"},"content":"}","lastModifiedDate":"2021-09-21"}],"authorContributionMap":{"Kwokcheong":32}}]
