{"authorDailyContributionsMap":{"Kwokcheong":[{"date":"2021-08-30","commitResults":[{"hash":"da45cafce3c8f8096e7d3ceb5a648cd11b24bd31","messageTitle":"Creating my very first PR","messageBody":"","fileTypesAndContributionMap":{"java":{"insertions":1,"deletions":0}}}]},{"date":"2021-09-10","commitResults":[{"hash":"1dba1b7c0e7e60046803a29b8849665b6087b49b","messageTitle":"Level-1 Implementation: Greet, Echo, Exit","messageBody":"","fileTypesAndContributionMap":{"java":{"insertions":24,"deletions":7}}},{"hash":"f6cdb3e4db290c55eccbd7ce70fb76c767e69109","messageTitle":"Level-2 Implementation: Add, List","messageBody":"","fileTypesAndContributionMap":{"java":{"insertions":19,"deletions":4}}}]}]},"authorFileTypeContributionMap":{"Kwokcheong":{"java":39,"md":0,"fxml":0,"sh":0,"bat":0,"gradle":0,"txt":0}},"authorContributionVariance":{"Kwokcheong":85.61616},"authorDisplayNameMap":{"Kwokcheong":"WONG..EONG"}}
