{"authorDailyContributionsMap":{"Strider1990":[{"date":"2021-08-24","commitResults":[{"hash":"c70ffe012e17e4621820fdd43803df1cf483063a","messageTitle":"Level-1: add greet, echo, exit","messageBody":"","tags":["Level-1"],"fileTypesAndContributionMap":{"java":{"insertions":54,"deletions":6}}},{"hash":"776438f96fe9a28f8aa243873f301c8c87aca60c","messageTitle":"Level-2: Add task add and list","messageBody":"","fileTypesAndContributionMap":{"java":{"insertions":63,"deletions":8}}},{"hash":"7fe63e16f60560eb15d0ed98a740189e5924f0b6","messageTitle":"Level-2: Add print list and task class","messageBody":"","tags":["Level-2"],"fileTypesAndContributionMap":{"java":{"insertions":3,"deletions":3}}}]},{"date":"2021-09-07","commitResults":[{"hash":"2fbee98af38bced850cd2439d7a939b4f0eb0979","messageTitle":"Refactor to use interfaces and generics","messageBody":"","fileTypesAndContributionMap":{"java":{"insertions":103,"deletions":71}}},{"hash":"ff1f2726e5aac761575031fedd76b93bb6c47625","messageTitle":"Refactor to use concrete task and fix testing","messageBody":"","fileTypesAndContributionMap":{"txt":{"insertions":5,"deletions":0},"java":{"insertions":46,"deletions":18},"sh":{"insertions":1,"deletions":1}}}]},{"date":"2021-09-08","commitResults":[{"hash":"0f8811d9d0834d60e19fc375557cb4e7f4a828f7","messageTitle":"Add task children, refactor parsing and testing","messageBody":"","fileTypesAndContributionMap":{"txt":{"insertions":2,"deletions":2},"java":{"insertions":124,"deletions":13},"sh":{"insertions":8,"deletions":2}}},{"hash":"ea311720f5af462b17d387ad849a0f3bced88191","messageTitle":"Completion of level 4 tasks","messageBody":"","fileTypesAndContributionMap":{"txt":{"insertions":2,"deletions":1},"java":{"insertions":4,"deletions":0}}},{"hash":"7ffd805c870af2a8121a8283a939096761634bcb","messageTitle":"Completion of level 4 tasks","messageBody":"","tags":["Level-4"],"fileTypesAndContributionMap":{"java":{"insertions":198,"deletions":54}}},{"hash":"d51534715ce2554db44a0d6172dbdcca1a11701e","messageTitle":"Refactor to prep for further levels","messageBody":"","fileTypesAndContributionMap":{"java":{"insertions":12,"deletions":8},"sh":{"insertions":1,"deletions":1}}},{"hash":"615dc65763976a8fc5bb296e023e986129c67cdb","messageTitle":"Move to Duke package, refined UI","messageBody":"","fileTypesAndContributionMap":{"java":{"insertions":48,"deletions":49},"bat":{"insertions":1,"deletions":1},"sh":{"insertions":1,"deletions":1},"md":{"insertions":2,"deletions":2}}},{"hash":"ece4e1d4f187523e15261f78c19ca825291e89b6","messageTitle":"Refactor parsing of task, added exception handling for ICFE","messageBody":"","fileTypesAndContributionMap":{"java":{"insertions":35,"deletions":8}}},{"hash":"f323cf678654be7db413c48a0442f7de66811b04","messageTitle":"Gradle setup","messageBody":"","fileTypesAndContributionMap":{"gradle":{"insertions":25,"deletions":0}}},{"hash":"9f42238d5b1ad5f5ad6b9b0fb93ab0c48a6ed2ff","messageTitle":"Modified package, add TaskTest","messageBody":"","fileTypesAndContributionMap":{"gradle":{"insertions":3,"deletions":2},"java":{"insertions":511,"deletions":462}}},{"hash":"9e55263ed41e24feb954bcecb3dac7c585a6772a","messageTitle":"Fix indentation","messageBody":"","fileTypesAndContributionMap":{"java":{"insertions":356,"deletions":358}}},{"hash":"1a3e1e35e00aa79b51dd32b25de599049d721d2a","messageTitle":"Improved readability","messageBody":"","fileTypesAndContributionMap":{"java":{"insertions":30,"deletions":28}}}]},{"date":"2021-09-09","commitResults":[{"hash":"e53a6a82858d58a4feb7194eb2c00fe69bb04035","messageTitle":"Add IOParser interface for DI, increase test coverage","messageBody":"","fileTypesAndContributionMap":{"java":{"insertions":152,"deletions":7}}},{"hash":"49cc616dd5648c31c78f9ded9ef11a520003a078","messageTitle":"refactor to use StringBuilder, fix ui test","messageBody":"","fileTypesAndContributionMap":{"sh":{"insertions":1,"deletions":1}}},{"hash":"32073d4a22b9eefe0a73a72b1b9b3dba7a40e2b7","messageTitle":"Add uncommitted filed","messageBody":"","tags":["Level-5"],"fileTypesAndContributionMap":{"java":{"insertions":6,"deletions":6}}},{"hash":"6d094578f64cefe8bfccda75f1744fc42bb3abe2","messageTitle":"Add gradlew and batch for CI","messageBody":"","fileTypesAndContributionMap":{"bat":{"insertions":89,"deletions":0}}}]},{"date":"2021-09-10","commitResults":[{"hash":"c69cc7b0d71d2ecf7eb2cf9eb7abef6f18ac0974","messageTitle":"Fix gradle CLI run","messageBody":"","fileTypesAndContributionMap":{"gradle":{"insertions":6,"deletions":1}}},{"hash":"17c1af7efe123fd20074de049fa0249949b4a9ab","messageTitle":"Abstract TaskList to singleton","messageBody":"","fileTypesAndContributionMap":{"java":{"insertions":53,"deletions":4}}},{"hash":"b57893eadfbc94000302f2a84c97abc80ce255b0","messageTitle":"Add delete feature","messageBody":"","tags":["Level-6"],"fileTypesAndContributionMap":{"txt":{"insertions":2,"deletions":0},"java":{"insertions":85,"deletions":32}}},{"hash":"6fc3397df9d4e44643b909515ddf4e77b4d4183c","messageTitle":"Fix README.md","messageBody":"","fileTypesAndContributionMap":{"md":{"insertions":2,"deletions":2}}},{"hash":"b459038335e060a719895c8180aee987f432685d","messageTitle":"Abstract commands and code clean up","messageBody":"","fileTypesAndContributionMap":{"java":{"insertions":156,"deletions":89}}},{"hash":"1a2deb35d11ac534ec54b6f816822e9234e082d9","messageTitle":"Fix failing test","messageBody":"","fileTypesAndContributionMap":{"java":{"insertions":5,"deletions":6}}}]},{"date":"2021-09-11","commitResults":[{"hash":"645de51d1cfa2e3fdc5221d83b5f792f2aeb0a8f","messageTitle":"Refactor to use Service pattern for Command, move to package com.alexooi.duke","messageBody":"","fileTypesAndContributionMap":{"gradle":{"insertions":1,"deletions":1},"java":{"insertions":457,"deletions":418},"bat":{"insertions":1,"deletions":1},"sh":{"insertions":1,"deletions":1}}},{"hash":"7d0ee2f5678e9236b3d386ff03104227ae0978e1","messageTitle":"Fix shellscript to also copy resources","messageBody":"","fileTypesAndContributionMap":{"sh":{"insertions":2,"deletions":1}}},{"hash":"0b93f471fc668a60de19184f38bd0c22a8dbb4be","messageTitle":"Add find to shellscript to view copied files","messageBody":"","fileTypesAndContributionMap":{"sh":{"insertions":2,"deletions":0}}},{"hash":"5b10d940dc4043652c72346cebd48af20898017a","messageTitle":"Remove TaskFactoryTest","messageBody":"","fileTypesAndContributionMap":{"java":{"insertions":0,"deletions":77}}},{"hash":"9de076366eb91965d66ca87e009bf0850ec75ced","messageTitle":"Fixed cp command to copy META-INF folder","messageBody":"","fileTypesAndContributionMap":{"sh":{"insertions":1,"deletions":1}}},{"hash":"d2d08bc865b1fee7a38490d41224aa6dde1b16df","messageTitle":"Remove find command","messageBody":"","fileTypesAndContributionMap":{"sh":{"insertions":0,"deletions":2}}}]},{"date":"2021-10-23","commitResults":[{"hash":"cecca29d1b33bffb2a14fc8060d8b8278a93d178","messageTitle":"Add Storage for Level-7","messageBody":"","tags":["Level-7"],"fileTypesAndContributionMap":{"java":{"insertions":150,"deletions":16}}},{"hash":"8d3f624b47a5e16c6cd221f5031ca235ecfcc1f0","messageTitle":"Add LocalDate and LocalDateTime handling for Level-8","messageBody":"","tags":["Level-8"],"fileTypesAndContributionMap":{"java":{"insertions":106,"deletions":13}}}]},{"date":"2021-11-06","commitResults":[{"hash":"e152182a211abcb5c3673d64c5fa5f243fdce35d","messageTitle":"Complete ViewSchedules","messageBody":"","fileTypesAndContributionMap":{"txt":{"insertions":1,"deletions":0},"java":{"insertions":111,"deletions":8}}},{"hash":"3becf4633814ba2a1baedafe07cc5bffa5a0085c","messageTitle":"Refactor to follow boolean variable naming convention","messageBody":"","fileTypesAndContributionMap":{"java":{"insertions":6,"deletions":6}}},{"hash":"3464887d0c957179fdbf9abe4f3f8a2c4daf2383","messageTitle":"Added find command","messageBody":"","tags":["Level-9"],"fileTypesAndContributionMap":{"txt":{"insertions":1,"deletions":0},"java":{"insertions":66,"deletions":10}}},{"hash":"aa81a9b56a4899d701b2e543ef0aeced4f1aa6f6","messageTitle":"Add archival","messageBody":"","fileTypesAndContributionMap":{"txt":{"insertions":0,"deletions":10},"java":{"insertions":107,"deletions":13}}},{"hash":"cad70b6fdc5c0711bdcfd7f405fb56f3904136e6","messageTitle":"Add missing input.txt file","messageBody":"","fileTypesAndContributionMap":{"txt":{"insertions":14,"deletions":0}}}]}]},"authorFileTypeContributionMap":{"Strider1990":{"java":1266,"md":0,"fxml":0,"sh":9,"bat":90,"gradle":31,"txt":14}},"authorContributionVariance":{"Strider1990":74973.32},"authorDisplayNameMap":{"Strider1990":"OOI ..ALEX"}}
