[{"path":"build.gradle","fileType":"gradle","lines":[{"lineNumber":1,"author":{"gitId":"-"},"content":"plugins {","lastModifiedDate":"2020-05-25"},{"lineNumber":2,"author":{"gitId":"-"},"content":"    id \u0027java\u0027","lastModifiedDate":"2020-05-25"},{"lineNumber":3,"author":{"gitId":"-"},"content":"    id \u0027application\u0027","lastModifiedDate":"2020-05-25"},{"lineNumber":4,"author":{"gitId":"-"},"content":"    id \u0027checkstyle\u0027","lastModifiedDate":"2020-05-25"},{"lineNumber":5,"author":{"gitId":"-"},"content":"    id \u0027com.github.johnrengelman.shadow\u0027 version \u00275.1.0\u0027","lastModifiedDate":"2020-05-25"},{"lineNumber":6,"author":{"gitId":"-"},"content":"}","lastModifiedDate":"2020-05-25"},{"lineNumber":7,"author":{"gitId":"-"},"content":"","lastModifiedDate":"2020-05-25"},{"lineNumber":8,"author":{"gitId":"-"},"content":"repositories {","lastModifiedDate":"2020-05-25"},{"lineNumber":9,"author":{"gitId":"-"},"content":"    mavenCentral()","lastModifiedDate":"2020-05-25"},{"lineNumber":10,"author":{"gitId":"-"},"content":"}","lastModifiedDate":"2020-05-25"},{"lineNumber":11,"author":{"gitId":"-"},"content":"","lastModifiedDate":"2020-05-25"},{"lineNumber":12,"author":{"gitId":"-"},"content":"dependencies {","lastModifiedDate":"2020-05-25"},{"lineNumber":13,"author":{"gitId":"-"},"content":"    testImplementation group: \u0027org.junit.jupiter\u0027, name: \u0027junit-jupiter-api\u0027, version: \u00275.5.0\u0027","lastModifiedDate":"2020-05-25"},{"lineNumber":14,"author":{"gitId":"-"},"content":"    testRuntimeOnly group: \u0027org.junit.jupiter\u0027, name: \u0027junit-jupiter-engine\u0027, version: \u00275.5.0\u0027","lastModifiedDate":"2020-05-25"},{"lineNumber":15,"author":{"gitId":"-"},"content":"}","lastModifiedDate":"2020-05-25"},{"lineNumber":16,"author":{"gitId":"-"},"content":"","lastModifiedDate":"2020-05-25"},{"lineNumber":17,"author":{"gitId":"jochuing"},"content":"sourceSets {","lastModifiedDate":"2021-11-14"},{"lineNumber":18,"author":{"gitId":"jochuing"},"content":"    main {","lastModifiedDate":"2021-11-14"},{"lineNumber":19,"author":{"gitId":"jochuing"},"content":"        java {","lastModifiedDate":"2021-11-14"},{"lineNumber":20,"author":{"gitId":"jochuing"},"content":"            srcDirs \u003d [\u0027src/main/java\u0027]","lastModifiedDate":"2021-11-14"},{"lineNumber":21,"author":{"gitId":"jochuing"},"content":"        }","lastModifiedDate":"2021-11-14"},{"lineNumber":22,"author":{"gitId":"jochuing"},"content":"    }","lastModifiedDate":"2021-11-14"},{"lineNumber":23,"author":{"gitId":"jochuing"},"content":"}","lastModifiedDate":"2021-11-14"},{"lineNumber":24,"author":{"gitId":"jochuing"},"content":"","lastModifiedDate":"2021-11-14"},{"lineNumber":25,"author":{"gitId":"jochuing"},"content":"jar {","lastModifiedDate":"2021-11-14"},{"lineNumber":26,"author":{"gitId":"jochuing"},"content":"    manifest {","lastModifiedDate":"2021-11-14"},{"lineNumber":27,"author":{"gitId":"jochuing"},"content":"        attributes(","lastModifiedDate":"2021-11-14"},{"lineNumber":28,"author":{"gitId":"jochuing"},"content":"                \u0027Main-Class\u0027: \u0027com.jc.duke.Duke\u0027","lastModifiedDate":"2021-11-14"},{"lineNumber":29,"author":{"gitId":"jochuing"},"content":"        )","lastModifiedDate":"2021-11-14"},{"lineNumber":30,"author":{"gitId":"jochuing"},"content":"    }","lastModifiedDate":"2021-11-14"},{"lineNumber":31,"author":{"gitId":"jochuing"},"content":"}","lastModifiedDate":"2021-11-14"},{"lineNumber":32,"author":{"gitId":"jochuing"},"content":"","lastModifiedDate":"2021-11-14"},{"lineNumber":33,"author":{"gitId":"-"},"content":"test {","lastModifiedDate":"2020-05-25"},{"lineNumber":34,"author":{"gitId":"-"},"content":"    useJUnitPlatform()","lastModifiedDate":"2020-05-25"},{"lineNumber":35,"author":{"gitId":"-"},"content":"","lastModifiedDate":"2020-05-25"},{"lineNumber":36,"author":{"gitId":"-"},"content":"    testLogging {","lastModifiedDate":"2020-05-25"},{"lineNumber":37,"author":{"gitId":"-"},"content":"        events \"passed\", \"skipped\", \"failed\"","lastModifiedDate":"2020-05-25"},{"lineNumber":38,"author":{"gitId":"-"},"content":"","lastModifiedDate":"2020-05-25"},{"lineNumber":39,"author":{"gitId":"-"},"content":"        showExceptions true","lastModifiedDate":"2020-05-25"},{"lineNumber":40,"author":{"gitId":"-"},"content":"        exceptionFormat \"full\"","lastModifiedDate":"2020-05-25"},{"lineNumber":41,"author":{"gitId":"-"},"content":"        showCauses true","lastModifiedDate":"2020-05-25"},{"lineNumber":42,"author":{"gitId":"-"},"content":"        showStackTraces true","lastModifiedDate":"2020-05-25"},{"lineNumber":43,"author":{"gitId":"-"},"content":"        showStandardStreams \u003d false","lastModifiedDate":"2020-05-25"},{"lineNumber":44,"author":{"gitId":"-"},"content":"    }","lastModifiedDate":"2020-05-25"},{"lineNumber":45,"author":{"gitId":"-"},"content":"}","lastModifiedDate":"2020-05-25"},{"lineNumber":46,"author":{"gitId":"-"},"content":"","lastModifiedDate":"2020-05-25"},{"lineNumber":47,"author":{"gitId":"-"},"content":"application {","lastModifiedDate":"2020-05-25"},{"lineNumber":48,"author":{"gitId":"jochuing"},"content":"    mainClassName \u003d \"com.jc.duke.Duke\"","lastModifiedDate":"2021-11-14"},{"lineNumber":49,"author":{"gitId":"-"},"content":"}","lastModifiedDate":"2020-05-25"},{"lineNumber":50,"author":{"gitId":"-"},"content":"","lastModifiedDate":"2020-05-25"},{"lineNumber":51,"author":{"gitId":"-"},"content":"shadowJar {","lastModifiedDate":"2020-05-25"},{"lineNumber":52,"author":{"gitId":"-"},"content":"    archiveBaseName \u003d \"duke\"","lastModifiedDate":"2020-05-25"},{"lineNumber":53,"author":{"gitId":"-"},"content":"    archiveClassifier \u003d null","lastModifiedDate":"2020-05-25"},{"lineNumber":54,"author":{"gitId":"-"},"content":"}","lastModifiedDate":"2020-05-25"},{"lineNumber":55,"author":{"gitId":"-"},"content":"","lastModifiedDate":"2020-05-25"},{"lineNumber":56,"author":{"gitId":"-"},"content":"checkstyle {","lastModifiedDate":"2020-05-25"},{"lineNumber":57,"author":{"gitId":"-"},"content":"    toolVersion \u003d \u00278.29\u0027","lastModifiedDate":"2020-05-25"},{"lineNumber":58,"author":{"gitId":"-"},"content":"}","lastModifiedDate":"2020-05-25"},{"lineNumber":59,"author":{"gitId":"-"},"content":"","lastModifiedDate":"2020-05-25"},{"lineNumber":60,"author":{"gitId":"-"},"content":"run{","lastModifiedDate":"2020-05-25"},{"lineNumber":61,"author":{"gitId":"-"},"content":"    standardInput \u003d System.in","lastModifiedDate":"2020-05-25"},{"lineNumber":62,"author":{"gitId":"-"},"content":"}","lastModifiedDate":"2020-05-25"}],"authorContributionMap":{"jochuing":17,"-":45}},{"path":"runtest.bat","fileType":"bat","lines":[{"lineNumber":1,"author":{"gitId":"jochuing"},"content":"@ECHO OFF","lastModifiedDate":"2021-09-14"},{"lineNumber":2,"author":{"gitId":"jochuing"},"content":"","lastModifiedDate":"2021-09-14"},{"lineNumber":3,"author":{"gitId":"jochuing"},"content":"REM create bin directory if it doesn\u0027t exist","lastModifiedDate":"2021-09-14"},{"lineNumber":4,"author":{"gitId":"jochuing"},"content":"if not exist ..\\bin mkdir ..\\bin","lastModifiedDate":"2021-09-14"},{"lineNumber":5,"author":{"gitId":"jochuing"},"content":"","lastModifiedDate":"2021-09-14"},{"lineNumber":6,"author":{"gitId":"jochuing"},"content":"REM delete output from previous run","lastModifiedDate":"2021-09-14"},{"lineNumber":7,"author":{"gitId":"jochuing"},"content":"del ACTUAL.TXT","lastModifiedDate":"2021-09-14"},{"lineNumber":8,"author":{"gitId":"jochuing"},"content":"","lastModifiedDate":"2021-09-14"},{"lineNumber":9,"author":{"gitId":"jochuing"},"content":"REM compile the code into the bin folder","lastModifiedDate":"2021-09-14"},{"lineNumber":10,"author":{"gitId":"jochuing"},"content":"javac  -cp ..\\src\\main\\java -Xlint:none -d ..\\bin ..\\src\\main\\java\\*.java","lastModifiedDate":"2021-09-14"},{"lineNumber":11,"author":{"gitId":"jochuing"},"content":"IF ERRORLEVEL 1 (","lastModifiedDate":"2021-09-14"},{"lineNumber":12,"author":{"gitId":"jochuing"},"content":"    echo ********** BUILD FAILURE **********","lastModifiedDate":"2021-09-14"},{"lineNumber":13,"author":{"gitId":"jochuing"},"content":"    exit /b 1","lastModifiedDate":"2021-09-14"},{"lineNumber":14,"author":{"gitId":"jochuing"},"content":")","lastModifiedDate":"2021-09-14"},{"lineNumber":15,"author":{"gitId":"jochuing"},"content":"REM no error here, errorlevel \u003d\u003d 0","lastModifiedDate":"2021-09-14"},{"lineNumber":16,"author":{"gitId":"jochuing"},"content":"","lastModifiedDate":"2021-09-14"},{"lineNumber":17,"author":{"gitId":"jochuing"},"content":"REM run the program, feed commands from input.txt file and redirect the output to the ACTUAL.TXT","lastModifiedDate":"2021-09-14"},{"lineNumber":18,"author":{"gitId":"jochuing"},"content":"java -classpath ..\\bin Duke \u003c input.txt \u003e ACTUAL.TXT","lastModifiedDate":"2021-09-14"},{"lineNumber":19,"author":{"gitId":"jochuing"},"content":"","lastModifiedDate":"2021-09-14"},{"lineNumber":20,"author":{"gitId":"jochuing"},"content":"REM compare the output to the expected output","lastModifiedDate":"2021-09-14"},{"lineNumber":21,"author":{"gitId":"jochuing"},"content":"FC ACTUAL.TXT EXPECTED.TXT","lastModifiedDate":"2021-09-14"}],"authorContributionMap":{"jochuing":21}},{"path":"src/main/java/com/jc/duke/Duke.java","fileType":"java","lines":[{"lineNumber":1,"author":{"gitId":"jochuing"},"content":"package com.jc.duke;","lastModifiedDate":"2021-11-14"},{"lineNumber":2,"author":{"gitId":"jochuing"},"content":"","lastModifiedDate":"2021-11-14"},{"lineNumber":3,"author":{"gitId":"jochuing"},"content":"import java.util.Scanner;","lastModifiedDate":"2021-08-17"},{"lineNumber":4,"author":{"gitId":"jochuing"},"content":"import com.jc.duke.Exception.DukeInvalidCommandException;","lastModifiedDate":"2021-11-14"},{"lineNumber":5,"author":{"gitId":"jochuing"},"content":"import com.jc.duke.Exception.DukeTaskNotFoundException;","lastModifiedDate":"2021-11-14"},{"lineNumber":6,"author":{"gitId":"jochuing"},"content":"import com.jc.duke.Storage.Storage;","lastModifiedDate":"2021-11-14"},{"lineNumber":7,"author":{"gitId":"jochuing"},"content":"import com.jc.duke.Task.DateTime;","lastModifiedDate":"2021-11-14"},{"lineNumber":8,"author":{"gitId":"jochuing"},"content":"import com.jc.duke.Task.TaskList;","lastModifiedDate":"2021-11-14"},{"lineNumber":9,"author":{"gitId":"jochuing"},"content":"import com.jc.duke.Task.Type;","lastModifiedDate":"2021-11-14"},{"lineNumber":10,"author":{"gitId":"jochuing"},"content":"import com.jc.duke.Ui.Ui;","lastModifiedDate":"2021-11-14"},{"lineNumber":11,"author":{"gitId":"jochuing"},"content":"","lastModifiedDate":"2021-08-17"},{"lineNumber":12,"author":{"gitId":"jochuing"},"content":"/**","lastModifiedDate":"2021-11-14"},{"lineNumber":13,"author":{"gitId":"jochuing"},"content":" * Duke class is main code","lastModifiedDate":"2021-11-14"},{"lineNumber":14,"author":{"gitId":"jochuing"},"content":" */","lastModifiedDate":"2021-11-14"},{"lineNumber":15,"author":{"gitId":"jochuing"},"content":"","lastModifiedDate":"2021-11-14"},{"lineNumber":16,"author":{"gitId":"-"},"content":"public class Duke {","lastModifiedDate":"2019-07-29"},{"lineNumber":17,"author":{"gitId":"jochuing"},"content":"    static String command;","lastModifiedDate":"2021-09-14"},{"lineNumber":18,"author":{"gitId":"jochuing"},"content":"    static String task;","lastModifiedDate":"2021-09-14"},{"lineNumber":19,"author":{"gitId":"jochuing"},"content":"    static String condition;","lastModifiedDate":"2021-09-14"},{"lineNumber":20,"author":{"gitId":"jochuing"},"content":"    static DateTime dateTime;","lastModifiedDate":"2021-09-14"},{"lineNumber":21,"author":{"gitId":"jochuing"},"content":"    static Type type;","lastModifiedDate":"2021-09-14"},{"lineNumber":22,"author":{"gitId":"jochuing"},"content":"    static Boolean checkCommand;","lastModifiedDate":"2021-09-14"},{"lineNumber":23,"author":{"gitId":"jochuing"},"content":"    private Ui ui;","lastModifiedDate":"2021-11-02"},{"lineNumber":24,"author":{"gitId":"jochuing"},"content":"    private Storage storage;","lastModifiedDate":"2021-11-02"},{"lineNumber":25,"author":{"gitId":"jochuing"},"content":"","lastModifiedDate":"2021-09-14"},{"lineNumber":26,"author":{"gitId":"jochuing"},"content":"    public Duke() {","lastModifiedDate":"2021-11-02"},{"lineNumber":27,"author":{"gitId":"jochuing"},"content":"        ui \u003d new Ui();","lastModifiedDate":"2021-11-02"},{"lineNumber":28,"author":{"gitId":"jochuing"},"content":"        ui.showWelcome();","lastModifiedDate":"2021-11-02"},{"lineNumber":29,"author":{"gitId":"jochuing"},"content":"        storage \u003d new Storage();","lastModifiedDate":"2021-11-02"},{"lineNumber":30,"author":{"gitId":"jochuing"},"content":"","lastModifiedDate":"2021-08-17"},{"lineNumber":31,"author":{"gitId":"jochuing"},"content":"        String line \u003d \"\";","lastModifiedDate":"2021-11-02"},{"lineNumber":32,"author":{"gitId":"jochuing"},"content":"        Scanner in \u003d new Scanner(System.in).useDelimiter(\"\\\\n\");","lastModifiedDate":"2021-11-02"},{"lineNumber":33,"author":{"gitId":"jochuing"},"content":"        TaskList tl \u003d new TaskList();","lastModifiedDate":"2021-11-02"},{"lineNumber":34,"author":{"gitId":"jochuing"},"content":"        Boolean isAddTask \u003d true;","lastModifiedDate":"2021-11-02"},{"lineNumber":35,"author":{"gitId":"jochuing"},"content":"","lastModifiedDate":"2021-11-02"},{"lineNumber":36,"author":{"gitId":"jochuing"},"content":"        while (true) {","lastModifiedDate":"2021-11-02"},{"lineNumber":37,"author":{"gitId":"jochuing"},"content":"            line \u003d in.next();","lastModifiedDate":"2021-11-02"},{"lineNumber":38,"author":{"gitId":"jochuing"},"content":"","lastModifiedDate":"2021-11-02"},{"lineNumber":39,"author":{"gitId":"jochuing"},"content":"            if(line.equals(\"bye\")) {","lastModifiedDate":"2021-11-02"},{"lineNumber":40,"author":{"gitId":"jochuing"},"content":"                ui.showGoodbye();","lastModifiedDate":"2021-11-02"},{"lineNumber":41,"author":{"gitId":"jochuing"},"content":"            } else if (line.equals(\"help\")) {","lastModifiedDate":"2021-11-14"},{"lineNumber":42,"author":{"gitId":"jochuing"},"content":"                ui.showHelp();","lastModifiedDate":"2021-11-14"},{"lineNumber":43,"author":{"gitId":"jochuing"},"content":"                isAddTask \u003d false;","lastModifiedDate":"2021-11-14"},{"lineNumber":44,"author":{"gitId":"jochuing"},"content":"            } else if (line.equals(\"list\")) {","lastModifiedDate":"2021-11-02"},{"lineNumber":45,"author":{"gitId":"jochuing"},"content":"                tl.printTaskList();","lastModifiedDate":"2021-11-02"},{"lineNumber":46,"author":{"gitId":"jochuing"},"content":"                isAddTask \u003d false;","lastModifiedDate":"2021-11-02"},{"lineNumber":47,"author":{"gitId":"jochuing"},"content":"            } else if (line.equals(\"save\")) {","lastModifiedDate":"2021-11-02"},{"lineNumber":48,"author":{"gitId":"jochuing"},"content":"                tl.saveTaskList();","lastModifiedDate":"2021-11-02"},{"lineNumber":49,"author":{"gitId":"jochuing"},"content":"                isAddTask \u003d false;","lastModifiedDate":"2021-11-02"},{"lineNumber":50,"author":{"gitId":"jochuing"},"content":"            } else if (line.equals(\"load\")) {","lastModifiedDate":"2021-11-02"},{"lineNumber":51,"author":{"gitId":"jochuing"},"content":"                tl.loadTaskList();","lastModifiedDate":"2021-11-02"},{"lineNumber":52,"author":{"gitId":"jochuing"},"content":"                isAddTask \u003d false;","lastModifiedDate":"2021-11-14"},{"lineNumber":53,"author":{"gitId":"jochuing"},"content":"            } else if (line.contains(\"find\")) {","lastModifiedDate":"2021-11-14"},{"lineNumber":54,"author":{"gitId":"jochuing"},"content":"                tl.findTask(line.split(\" \")[1]);","lastModifiedDate":"2021-11-14"},{"lineNumber":55,"author":{"gitId":"jochuing"},"content":"                isAddTask \u003d false;","lastModifiedDate":"2021-11-02"},{"lineNumber":56,"author":{"gitId":"jochuing"},"content":"            } else if (line.equals(\"archive\")) {","lastModifiedDate":"2021-11-14"},{"lineNumber":57,"author":{"gitId":"jochuing"},"content":"                tl.archiveTaskList();","lastModifiedDate":"2021-11-14"},{"lineNumber":58,"author":{"gitId":"jochuing"},"content":"                isAddTask \u003d false;","lastModifiedDate":"2021-11-14"},{"lineNumber":59,"author":{"gitId":"jochuing"},"content":"            }  else if (line.equals(\"archive show\")) {","lastModifiedDate":"2021-11-14"},{"lineNumber":60,"author":{"gitId":"jochuing"},"content":"                tl.getArchiveList();","lastModifiedDate":"2021-11-14"},{"lineNumber":61,"author":{"gitId":"jochuing"},"content":"                isAddTask \u003d false;","lastModifiedDate":"2021-11-14"},{"lineNumber":62,"author":{"gitId":"jochuing"},"content":"            } else if (line.contains(\"done\")) {","lastModifiedDate":"2021-11-02"},{"lineNumber":63,"author":{"gitId":"jochuing"},"content":"                //System.out.println(line);","lastModifiedDate":"2021-11-02"},{"lineNumber":64,"author":{"gitId":"jochuing"},"content":"                isAddTask \u003d false;","lastModifiedDate":"2021-11-02"},{"lineNumber":65,"author":{"gitId":"jochuing"},"content":"                try {","lastModifiedDate":"2021-11-02"},{"lineNumber":66,"author":{"gitId":"jochuing"},"content":"                    int index \u003d Integer.parseInt(line.split(\" \")[1]);","lastModifiedDate":"2021-11-02"},{"lineNumber":67,"author":{"gitId":"jochuing"},"content":"                    tl.setDone(index);","lastModifiedDate":"2021-11-02"},{"lineNumber":68,"author":{"gitId":"jochuing"},"content":"                } catch (DukeTaskNotFoundException ex) {","lastModifiedDate":"2021-11-02"},{"lineNumber":69,"author":{"gitId":"jochuing"},"content":"                    ui.showException(ex.toString());","lastModifiedDate":"2021-11-02"},{"lineNumber":70,"author":{"gitId":"jochuing"},"content":"                }","lastModifiedDate":"2021-11-02"},{"lineNumber":71,"author":{"gitId":"jochuing"},"content":"","lastModifiedDate":"2021-11-02"},{"lineNumber":72,"author":{"gitId":"jochuing"},"content":"            } else if (line.contains(\"delete\")) {","lastModifiedDate":"2021-11-02"},{"lineNumber":73,"author":{"gitId":"jochuing"},"content":"                isAddTask \u003d false;","lastModifiedDate":"2021-11-02"},{"lineNumber":74,"author":{"gitId":"jochuing"},"content":"                try {","lastModifiedDate":"2021-11-02"},{"lineNumber":75,"author":{"gitId":"jochuing"},"content":"                    int index \u003d Integer.parseInt(line.split(\" \")[1]);","lastModifiedDate":"2021-11-02"},{"lineNumber":76,"author":{"gitId":"jochuing"},"content":"                    tl.deleteTask(index);","lastModifiedDate":"2021-11-02"},{"lineNumber":77,"author":{"gitId":"jochuing"},"content":"                } catch (DukeTaskNotFoundException ex) {","lastModifiedDate":"2021-11-02"},{"lineNumber":78,"author":{"gitId":"jochuing"},"content":"                    ui.showException(ex.toString());","lastModifiedDate":"2021-11-02"},{"lineNumber":79,"author":{"gitId":"jochuing"},"content":"                }","lastModifiedDate":"2021-09-14"},{"lineNumber":80,"author":{"gitId":"jochuing"},"content":"","lastModifiedDate":"2021-09-14"},{"lineNumber":81,"author":{"gitId":"jochuing"},"content":"            }","lastModifiedDate":"2021-09-14"},{"lineNumber":82,"author":{"gitId":"jochuing"},"content":"","lastModifiedDate":"2021-09-14"},{"lineNumber":83,"author":{"gitId":"jochuing"},"content":"            if(isAddTask) {","lastModifiedDate":"2021-11-02"},{"lineNumber":84,"author":{"gitId":"jochuing"},"content":"                try {","lastModifiedDate":"2021-11-02"},{"lineNumber":85,"author":{"gitId":"jochuing"},"content":"                    parseAddTask(line);","lastModifiedDate":"2021-11-02"},{"lineNumber":86,"author":{"gitId":"jochuing"},"content":"                    if(checkCommand) {","lastModifiedDate":"2021-11-02"},{"lineNumber":87,"author":{"gitId":"jochuing"},"content":"                        tl.addTask(task,type, dateTime);","lastModifiedDate":"2021-11-02"},{"lineNumber":88,"author":{"gitId":"jochuing"},"content":"                    }","lastModifiedDate":"2021-11-02"},{"lineNumber":89,"author":{"gitId":"jochuing"},"content":"                } catch (DukeInvalidCommandException ex) {","lastModifiedDate":"2021-11-02"},{"lineNumber":90,"author":{"gitId":"jochuing"},"content":"                    ui.showException(ex.toString());","lastModifiedDate":"2021-11-02"},{"lineNumber":91,"author":{"gitId":"jochuing"},"content":"                }","lastModifiedDate":"2021-11-02"},{"lineNumber":92,"author":{"gitId":"jochuing"},"content":"","lastModifiedDate":"2021-11-02"},{"lineNumber":93,"author":{"gitId":"jochuing"},"content":"            }","lastModifiedDate":"2021-11-02"},{"lineNumber":94,"author":{"gitId":"jochuing"},"content":"            isAddTask \u003d true;","lastModifiedDate":"2021-11-02"},{"lineNumber":95,"author":{"gitId":"jochuing"},"content":"        }","lastModifiedDate":"2021-09-14"},{"lineNumber":96,"author":{"gitId":"jochuing"},"content":"","lastModifiedDate":"2021-09-14"},{"lineNumber":97,"author":{"gitId":"jochuing"},"content":"    }","lastModifiedDate":"2021-11-02"},{"lineNumber":98,"author":{"gitId":"jochuing"},"content":"","lastModifiedDate":"2021-09-14"},{"lineNumber":99,"author":{"gitId":"jochuing"},"content":"    public static void parseAddTask (String input) throws DukeInvalidCommandException {","lastModifiedDate":"2021-10-03"},{"lineNumber":100,"author":{"gitId":"jochuing"},"content":"        String temp \u003d \"\";","lastModifiedDate":"2021-09-14"},{"lineNumber":101,"author":{"gitId":"jochuing"},"content":"","lastModifiedDate":"2021-09-14"},{"lineNumber":102,"author":{"gitId":"jochuing"},"content":"        temp \u003d input.split(\" \")[0];","lastModifiedDate":"2021-09-14"},{"lineNumber":103,"author":{"gitId":"jochuing"},"content":"        checkCommand \u003d true;","lastModifiedDate":"2021-09-14"},{"lineNumber":104,"author":{"gitId":"jochuing"},"content":"        switch(temp) {","lastModifiedDate":"2021-09-14"},{"lineNumber":105,"author":{"gitId":"jochuing"},"content":"            case \"todo\":","lastModifiedDate":"2021-09-14"},{"lineNumber":106,"author":{"gitId":"jochuing"},"content":"                type \u003d Type.todo;","lastModifiedDate":"2021-09-14"},{"lineNumber":107,"author":{"gitId":"jochuing"},"content":"                command \u003d temp;","lastModifiedDate":"2021-09-14"},{"lineNumber":108,"author":{"gitId":"jochuing"},"content":"                break;","lastModifiedDate":"2021-09-14"},{"lineNumber":109,"author":{"gitId":"jochuing"},"content":"            case \"deadline\":","lastModifiedDate":"2021-09-14"},{"lineNumber":110,"author":{"gitId":"jochuing"},"content":"                type \u003d Type.deadline;","lastModifiedDate":"2021-09-14"},{"lineNumber":111,"author":{"gitId":"jochuing"},"content":"                command \u003d temp;","lastModifiedDate":"2021-09-14"},{"lineNumber":112,"author":{"gitId":"jochuing"},"content":"                break;","lastModifiedDate":"2021-09-14"},{"lineNumber":113,"author":{"gitId":"jochuing"},"content":"            case \"event\":","lastModifiedDate":"2021-09-14"},{"lineNumber":114,"author":{"gitId":"jochuing"},"content":"                type \u003d Type.event;","lastModifiedDate":"2021-09-14"},{"lineNumber":115,"author":{"gitId":"jochuing"},"content":"                command \u003d temp;","lastModifiedDate":"2021-09-14"},{"lineNumber":116,"author":{"gitId":"jochuing"},"content":"                break;","lastModifiedDate":"2021-09-14"},{"lineNumber":117,"author":{"gitId":"jochuing"},"content":"            default:","lastModifiedDate":"2021-09-14"},{"lineNumber":118,"author":{"gitId":"jochuing"},"content":"                //System.out.println(\"invalid task command\");","lastModifiedDate":"2021-10-03"},{"lineNumber":119,"author":{"gitId":"jochuing"},"content":"                checkCommand \u003d false;","lastModifiedDate":"2021-09-14"},{"lineNumber":120,"author":{"gitId":"jochuing"},"content":"                throw new DukeInvalidCommandException(\"Invalid add command. Try \u0027todo\u0027 \u0027event\u0027 \u0027deadline\u0027\");","lastModifiedDate":"2021-10-03"},{"lineNumber":121,"author":{"gitId":"jochuing"},"content":"        }","lastModifiedDate":"2021-09-14"},{"lineNumber":122,"author":{"gitId":"jochuing"},"content":"","lastModifiedDate":"2021-10-03"},{"lineNumber":123,"author":{"gitId":"jochuing"},"content":"        //System.out.println(\"Command:\" + command);","lastModifiedDate":"2021-09-14"},{"lineNumber":124,"author":{"gitId":"jochuing"},"content":"        //remove command + space","lastModifiedDate":"2021-09-14"},{"lineNumber":125,"author":{"gitId":"jochuing"},"content":"        temp \u003d input.replaceFirst(temp + \" \", \"\");","lastModifiedDate":"2021-09-14"},{"lineNumber":126,"author":{"gitId":"jochuing"},"content":"","lastModifiedDate":"2021-10-03"},{"lineNumber":127,"author":{"gitId":"jochuing"},"content":"        task \u003d temp.split(\" /\")[0];","lastModifiedDate":"2021-09-14"},{"lineNumber":128,"author":{"gitId":"jochuing"},"content":"","lastModifiedDate":"2021-10-03"},{"lineNumber":129,"author":{"gitId":"jochuing"},"content":"        //System.out.println(\"Task.Task :\" + task);","lastModifiedDate":"2021-11-02"},{"lineNumber":130,"author":{"gitId":"jochuing"},"content":"        try {","lastModifiedDate":"2021-10-03"},{"lineNumber":131,"author":{"gitId":"jochuing"},"content":"            condition \u003d temp.split(\" /\")[1];","lastModifiedDate":"2021-09-14"},{"lineNumber":132,"author":{"gitId":"jochuing"},"content":"            parseCondition(condition);","lastModifiedDate":"2021-09-14"},{"lineNumber":133,"author":{"gitId":"jochuing"},"content":"        } catch (Exception ex) {","lastModifiedDate":"2021-10-03"},{"lineNumber":134,"author":{"gitId":"jochuing"},"content":"            throw new DukeInvalidCommandException(\"Missing Description/Date Time\");","lastModifiedDate":"2021-10-03"},{"lineNumber":135,"author":{"gitId":"jochuing"},"content":"        }","lastModifiedDate":"2021-10-03"},{"lineNumber":136,"author":{"gitId":"jochuing"},"content":"","lastModifiedDate":"2021-10-03"},{"lineNumber":137,"author":{"gitId":"jochuing"},"content":"        //System.out.println(\"Condition :\" + condition);","lastModifiedDate":"2021-09-14"},{"lineNumber":138,"author":{"gitId":"jochuing"},"content":"    }","lastModifiedDate":"2021-09-14"},{"lineNumber":139,"author":{"gitId":"jochuing"},"content":"","lastModifiedDate":"2021-10-03"},{"lineNumber":140,"author":{"gitId":"jochuing"},"content":"    public static void parseCondition(String input) {","lastModifiedDate":"2021-09-14"},{"lineNumber":141,"author":{"gitId":"jochuing"},"content":"        String temp[] \u003d input.split(\" \");","lastModifiedDate":"2021-09-14"},{"lineNumber":142,"author":{"gitId":"jochuing"},"content":"        String time \u003d input.substring(input.indexOf(\" \") + 1);","lastModifiedDate":"2021-11-02"},{"lineNumber":143,"author":{"gitId":"jochuing"},"content":"        dateTime \u003d new DateTime(temp[0], time);","lastModifiedDate":"2021-11-02"},{"lineNumber":144,"author":{"gitId":"jochuing"},"content":"    }","lastModifiedDate":"2021-09-14"},{"lineNumber":145,"author":{"gitId":"jochuing"},"content":"","lastModifiedDate":"2021-09-14"},{"lineNumber":146,"author":{"gitId":"jochuing"},"content":"    public static void main(String[] args) throws DukeTaskNotFoundException {","lastModifiedDate":"2021-10-03"},{"lineNumber":147,"author":{"gitId":"jochuing"},"content":"","lastModifiedDate":"2021-09-14"},{"lineNumber":148,"author":{"gitId":"jochuing"},"content":"        new Duke();","lastModifiedDate":"2021-11-02"},{"lineNumber":149,"author":{"gitId":"jochuing"},"content":"","lastModifiedDate":"2021-09-14"},{"lineNumber":150,"author":{"gitId":"jochuing"},"content":"","lastModifiedDate":"2021-08-17"},{"lineNumber":151,"author":{"gitId":"-"},"content":"    }","lastModifiedDate":"2019-07-29"},{"lineNumber":152,"author":{"gitId":"-"},"content":"}","lastModifiedDate":"2019-07-29"}],"authorContributionMap":{"jochuing":149,"-":3}},{"path":"src/main/java/com/jc/duke/Exception/DukeException.java","fileType":"java","lines":[{"lineNumber":1,"author":{"gitId":"jochuing"},"content":"package com.jc.duke.Exception;","lastModifiedDate":"2021-11-14"},{"lineNumber":2,"author":{"gitId":"jochuing"},"content":"","lastModifiedDate":"2021-10-03"},{"lineNumber":3,"author":{"gitId":"jochuing"},"content":"/**","lastModifiedDate":"2021-11-14"},{"lineNumber":4,"author":{"gitId":"jochuing"},"content":" * DukeException handles all Duke error in graceful manner.","lastModifiedDate":"2021-11-14"},{"lineNumber":5,"author":{"gitId":"jochuing"},"content":" */","lastModifiedDate":"2021-11-14"},{"lineNumber":6,"author":{"gitId":"jochuing"},"content":"","lastModifiedDate":"2021-11-14"},{"lineNumber":7,"author":{"gitId":"jochuing"},"content":"public class DukeException extends Exception {","lastModifiedDate":"2021-10-03"},{"lineNumber":8,"author":{"gitId":"jochuing"},"content":"    //no other code needed","lastModifiedDate":"2021-10-03"},{"lineNumber":9,"author":{"gitId":"jochuing"},"content":"    public DukeException(String message){","lastModifiedDate":"2021-10-03"},{"lineNumber":10,"author":{"gitId":"jochuing"},"content":"        super(message);","lastModifiedDate":"2021-10-03"},{"lineNumber":11,"author":{"gitId":"jochuing"},"content":"    }","lastModifiedDate":"2021-10-03"},{"lineNumber":12,"author":{"gitId":"jochuing"},"content":"}","lastModifiedDate":"2021-10-03"}],"authorContributionMap":{"jochuing":12}},{"path":"src/main/java/com/jc/duke/Exception/DukeInvalidCommandException.java","fileType":"java","lines":[{"lineNumber":1,"author":{"gitId":"jochuing"},"content":"package com.jc.duke.Exception;","lastModifiedDate":"2021-11-14"},{"lineNumber":2,"author":{"gitId":"jochuing"},"content":"","lastModifiedDate":"2021-10-03"},{"lineNumber":3,"author":{"gitId":"jochuing"},"content":"/**","lastModifiedDate":"2021-11-14"},{"lineNumber":4,"author":{"gitId":"jochuing"},"content":" * DukeInvalidCommandException handles invalid commands for Duke.","lastModifiedDate":"2021-11-14"},{"lineNumber":5,"author":{"gitId":"jochuing"},"content":" */","lastModifiedDate":"2021-11-14"},{"lineNumber":6,"author":{"gitId":"jochuing"},"content":"","lastModifiedDate":"2021-11-14"},{"lineNumber":7,"author":{"gitId":"jochuing"},"content":"public class DukeInvalidCommandException extends Exception {","lastModifiedDate":"2021-10-03"},{"lineNumber":8,"author":{"gitId":"jochuing"},"content":"    //no other code needed","lastModifiedDate":"2021-10-03"},{"lineNumber":9,"author":{"gitId":"jochuing"},"content":"    public DukeInvalidCommandException(String message){","lastModifiedDate":"2021-10-03"},{"lineNumber":10,"author":{"gitId":"jochuing"},"content":"        super(message);","lastModifiedDate":"2021-10-03"},{"lineNumber":11,"author":{"gitId":"jochuing"},"content":"    }","lastModifiedDate":"2021-10-03"},{"lineNumber":12,"author":{"gitId":"jochuing"},"content":"}","lastModifiedDate":"2021-10-03"}],"authorContributionMap":{"jochuing":12}},{"path":"src/main/java/com/jc/duke/Exception/DukeTaskNotFoundException.java","fileType":"java","lines":[{"lineNumber":1,"author":{"gitId":"jochuing"},"content":"package com.jc.duke.Exception;","lastModifiedDate":"2021-11-14"},{"lineNumber":2,"author":{"gitId":"jochuing"},"content":"","lastModifiedDate":"2021-10-03"},{"lineNumber":3,"author":{"gitId":"jochuing"},"content":"/**","lastModifiedDate":"2021-11-14"},{"lineNumber":4,"author":{"gitId":"jochuing"},"content":" * DukeTaskNotFoundException handles invalid Duke Task (e.g. when user input invalid index number).","lastModifiedDate":"2021-11-14"},{"lineNumber":5,"author":{"gitId":"jochuing"},"content":" */","lastModifiedDate":"2021-11-14"},{"lineNumber":6,"author":{"gitId":"jochuing"},"content":"","lastModifiedDate":"2021-11-14"},{"lineNumber":7,"author":{"gitId":"jochuing"},"content":"public class DukeTaskNotFoundException extends Exception {","lastModifiedDate":"2021-10-03"},{"lineNumber":8,"author":{"gitId":"jochuing"},"content":"    //no other code needed","lastModifiedDate":"2021-10-03"},{"lineNumber":9,"author":{"gitId":"jochuing"},"content":"    public DukeTaskNotFoundException(String message){","lastModifiedDate":"2021-10-03"},{"lineNumber":10,"author":{"gitId":"jochuing"},"content":"        super(message);","lastModifiedDate":"2021-10-03"},{"lineNumber":11,"author":{"gitId":"jochuing"},"content":"    }","lastModifiedDate":"2021-10-03"},{"lineNumber":12,"author":{"gitId":"jochuing"},"content":"}","lastModifiedDate":"2021-10-03"}],"authorContributionMap":{"jochuing":12}},{"path":"src/main/java/com/jc/duke/Storage/Storage.java","fileType":"java","lines":[{"lineNumber":1,"author":{"gitId":"jochuing"},"content":"package com.jc.duke.Storage;","lastModifiedDate":"2021-11-14"},{"lineNumber":2,"author":{"gitId":"jochuing"},"content":"","lastModifiedDate":"2021-11-02"},{"lineNumber":3,"author":{"gitId":"jochuing"},"content":"import com.jc.duke.Task.DateTime;","lastModifiedDate":"2021-11-14"},{"lineNumber":4,"author":{"gitId":"jochuing"},"content":"import com.jc.duke.Task.Task;","lastModifiedDate":"2021-11-14"},{"lineNumber":5,"author":{"gitId":"jochuing"},"content":"","lastModifiedDate":"2021-11-14"},{"lineNumber":6,"author":{"gitId":"jochuing"},"content":"import java.io.*;","lastModifiedDate":"2021-11-02"},{"lineNumber":7,"author":{"gitId":"jochuing"},"content":"import java.nio.file.Files;","lastModifiedDate":"2021-11-02"},{"lineNumber":8,"author":{"gitId":"jochuing"},"content":"import java.nio.file.Paths;","lastModifiedDate":"2021-11-02"},{"lineNumber":9,"author":{"gitId":"jochuing"},"content":"import java.text.SimpleDateFormat;","lastModifiedDate":"2021-11-14"},{"lineNumber":10,"author":{"gitId":"jochuing"},"content":"import java.util.ArrayList;","lastModifiedDate":"2021-11-02"},{"lineNumber":11,"author":{"gitId":"jochuing"},"content":"import java.util.Date;","lastModifiedDate":"2021-11-14"},{"lineNumber":12,"author":{"gitId":"jochuing"},"content":"import java.util.List;","lastModifiedDate":"2021-11-02"},{"lineNumber":13,"author":{"gitId":"jochuing"},"content":"import java.util.Scanner;","lastModifiedDate":"2021-11-02"},{"lineNumber":14,"author":{"gitId":"jochuing"},"content":"","lastModifiedDate":"2021-11-02"},{"lineNumber":15,"author":{"gitId":"jochuing"},"content":"/**","lastModifiedDate":"2021-11-14"},{"lineNumber":16,"author":{"gitId":"jochuing"},"content":" * Storage class handles storing and retrieving of Duke Task List from a txt file.","lastModifiedDate":"2021-11-14"},{"lineNumber":17,"author":{"gitId":"jochuing"},"content":" */","lastModifiedDate":"2021-11-14"},{"lineNumber":18,"author":{"gitId":"jochuing"},"content":"","lastModifiedDate":"2021-10-26"},{"lineNumber":19,"author":{"gitId":"jochuing"},"content":"public class Storage {","lastModifiedDate":"2021-11-02"},{"lineNumber":20,"author":{"gitId":"jochuing"},"content":"","lastModifiedDate":"2021-11-02"},{"lineNumber":21,"author":{"gitId":"jochuing"},"content":"    public Storage() {","lastModifiedDate":"2021-11-02"},{"lineNumber":22,"author":{"gitId":"jochuing"},"content":"","lastModifiedDate":"2021-11-02"},{"lineNumber":23,"author":{"gitId":"jochuing"},"content":"    }","lastModifiedDate":"2021-11-02"},{"lineNumber":24,"author":{"gitId":"jochuing"},"content":"","lastModifiedDate":"2021-10-26"},{"lineNumber":25,"author":{"gitId":"jochuing"},"content":"    public ArrayList\u003cString\u003e getArchiveFile() {","lastModifiedDate":"2021-11-14"},{"lineNumber":26,"author":{"gitId":"jochuing"},"content":"","lastModifiedDate":"2021-11-14"},{"lineNumber":27,"author":{"gitId":"jochuing"},"content":"        ArrayList\u003cString\u003e archiveFiles \u003d new ArrayList\u003cString\u003e();","lastModifiedDate":"2021-11-14"},{"lineNumber":28,"author":{"gitId":"jochuing"},"content":"","lastModifiedDate":"2021-11-14"},{"lineNumber":29,"author":{"gitId":"jochuing"},"content":"        String directoryName \u003d \"data\";","lastModifiedDate":"2021-11-14"},{"lineNumber":30,"author":{"gitId":"jochuing"},"content":"        File directory \u003d new File(directoryName);","lastModifiedDate":"2021-11-14"},{"lineNumber":31,"author":{"gitId":"jochuing"},"content":"        File[] files \u003d directory.listFiles();","lastModifiedDate":"2021-11-14"},{"lineNumber":32,"author":{"gitId":"jochuing"},"content":"        for (File f : files) {","lastModifiedDate":"2021-11-14"},{"lineNumber":33,"author":{"gitId":"jochuing"},"content":"            if(f.getName().startsWith(\"archive\")) {","lastModifiedDate":"2021-11-14"},{"lineNumber":34,"author":{"gitId":"jochuing"},"content":"                archiveFiles.add(f.getName());","lastModifiedDate":"2021-11-14"},{"lineNumber":35,"author":{"gitId":"jochuing"},"content":"            }","lastModifiedDate":"2021-11-14"},{"lineNumber":36,"author":{"gitId":"jochuing"},"content":"        }","lastModifiedDate":"2021-11-14"},{"lineNumber":37,"author":{"gitId":"jochuing"},"content":"","lastModifiedDate":"2021-11-14"},{"lineNumber":38,"author":{"gitId":"jochuing"},"content":"        return archiveFiles;","lastModifiedDate":"2021-11-14"},{"lineNumber":39,"author":{"gitId":"jochuing"},"content":"    }","lastModifiedDate":"2021-11-14"},{"lineNumber":40,"author":{"gitId":"jochuing"},"content":"    public void writeArchiveFile(String stringToSave) {","lastModifiedDate":"2021-11-14"},{"lineNumber":41,"author":{"gitId":"jochuing"},"content":"        String directoryName \u003d \"data\";","lastModifiedDate":"2021-11-14"},{"lineNumber":42,"author":{"gitId":"jochuing"},"content":"        String timeStamp \u003d new SimpleDateFormat(\"yyyyMMddHHmmss\").format(new Date());","lastModifiedDate":"2021-11-14"},{"lineNumber":43,"author":{"gitId":"jochuing"},"content":"        String fileName \u003d \"archive_\" + timeStamp + \".txt\";","lastModifiedDate":"2021-11-14"},{"lineNumber":44,"author":{"gitId":"jochuing"},"content":"","lastModifiedDate":"2021-11-14"},{"lineNumber":45,"author":{"gitId":"jochuing"},"content":"        File directory \u003d new File(directoryName);","lastModifiedDate":"2021-11-14"},{"lineNumber":46,"author":{"gitId":"jochuing"},"content":"        if (!directory.exists()){","lastModifiedDate":"2021-11-14"},{"lineNumber":47,"author":{"gitId":"jochuing"},"content":"            System.out.println(\"folder not found. creating folder\");","lastModifiedDate":"2021-11-14"},{"lineNumber":48,"author":{"gitId":"jochuing"},"content":"            directory.mkdir();","lastModifiedDate":"2021-11-14"},{"lineNumber":49,"author":{"gitId":"jochuing"},"content":"        }","lastModifiedDate":"2021-11-14"},{"lineNumber":50,"author":{"gitId":"jochuing"},"content":"","lastModifiedDate":"2021-11-14"},{"lineNumber":51,"author":{"gitId":"jochuing"},"content":"        File file \u003d new File(directoryName + \"/\" + fileName);","lastModifiedDate":"2021-11-14"},{"lineNumber":52,"author":{"gitId":"jochuing"},"content":"        try{","lastModifiedDate":"2021-11-14"},{"lineNumber":53,"author":{"gitId":"jochuing"},"content":"            FileWriter fw \u003d new FileWriter(file.getAbsoluteFile());","lastModifiedDate":"2021-11-14"},{"lineNumber":54,"author":{"gitId":"jochuing"},"content":"            BufferedWriter bw \u003d new BufferedWriter(fw);","lastModifiedDate":"2021-11-14"},{"lineNumber":55,"author":{"gitId":"jochuing"},"content":"            bw.write(stringToSave);","lastModifiedDate":"2021-11-14"},{"lineNumber":56,"author":{"gitId":"jochuing"},"content":"            bw.close();","lastModifiedDate":"2021-11-14"},{"lineNumber":57,"author":{"gitId":"jochuing"},"content":"        }","lastModifiedDate":"2021-11-14"},{"lineNumber":58,"author":{"gitId":"jochuing"},"content":"        catch (IOException e){","lastModifiedDate":"2021-11-14"},{"lineNumber":59,"author":{"gitId":"jochuing"},"content":"            e.printStackTrace();","lastModifiedDate":"2021-11-14"},{"lineNumber":60,"author":{"gitId":"jochuing"},"content":"            System.exit(-1);","lastModifiedDate":"2021-11-14"},{"lineNumber":61,"author":{"gitId":"jochuing"},"content":"        }","lastModifiedDate":"2021-11-14"},{"lineNumber":62,"author":{"gitId":"jochuing"},"content":"    }","lastModifiedDate":"2021-11-14"},{"lineNumber":63,"author":{"gitId":"jochuing"},"content":"","lastModifiedDate":"2021-11-14"},{"lineNumber":64,"author":{"gitId":"jochuing"},"content":"    public void writeSaveFile(String stringToSave) {","lastModifiedDate":"2021-11-02"},{"lineNumber":65,"author":{"gitId":"jochuing"},"content":"        String directoryName \u003d \"data\";","lastModifiedDate":"2021-10-26"},{"lineNumber":66,"author":{"gitId":"jochuing"},"content":"        String fileName \u003d \"save.txt\";","lastModifiedDate":"2021-10-26"},{"lineNumber":67,"author":{"gitId":"jochuing"},"content":"","lastModifiedDate":"2021-10-26"},{"lineNumber":68,"author":{"gitId":"jochuing"},"content":"        File directory \u003d new File(directoryName);","lastModifiedDate":"2021-10-26"},{"lineNumber":69,"author":{"gitId":"jochuing"},"content":"        if (!directory.exists()){","lastModifiedDate":"2021-10-26"},{"lineNumber":70,"author":{"gitId":"jochuing"},"content":"            System.out.println(\"folder not found. creating folder\");","lastModifiedDate":"2021-10-26"},{"lineNumber":71,"author":{"gitId":"jochuing"},"content":"            directory.mkdir();","lastModifiedDate":"2021-10-26"},{"lineNumber":72,"author":{"gitId":"jochuing"},"content":"            // If you require it to make the entire directory path including parents,","lastModifiedDate":"2021-10-26"},{"lineNumber":73,"author":{"gitId":"jochuing"},"content":"            // use directory.mkdirs(); here instead.","lastModifiedDate":"2021-10-26"},{"lineNumber":74,"author":{"gitId":"jochuing"},"content":"        }","lastModifiedDate":"2021-10-26"},{"lineNumber":75,"author":{"gitId":"jochuing"},"content":"","lastModifiedDate":"2021-10-26"},{"lineNumber":76,"author":{"gitId":"jochuing"},"content":"        File file \u003d new File(directoryName + \"/\" + fileName);","lastModifiedDate":"2021-10-26"},{"lineNumber":77,"author":{"gitId":"jochuing"},"content":"        try{","lastModifiedDate":"2021-10-26"},{"lineNumber":78,"author":{"gitId":"jochuing"},"content":"            FileWriter fw \u003d new FileWriter(file.getAbsoluteFile());","lastModifiedDate":"2021-10-26"},{"lineNumber":79,"author":{"gitId":"jochuing"},"content":"            BufferedWriter bw \u003d new BufferedWriter(fw);","lastModifiedDate":"2021-10-26"},{"lineNumber":80,"author":{"gitId":"jochuing"},"content":"            bw.write(stringToSave);","lastModifiedDate":"2021-11-02"},{"lineNumber":81,"author":{"gitId":"jochuing"},"content":"            bw.close();","lastModifiedDate":"2021-10-26"},{"lineNumber":82,"author":{"gitId":"jochuing"},"content":"        }","lastModifiedDate":"2021-10-26"},{"lineNumber":83,"author":{"gitId":"jochuing"},"content":"        catch (IOException e){","lastModifiedDate":"2021-10-26"},{"lineNumber":84,"author":{"gitId":"jochuing"},"content":"            e.printStackTrace();","lastModifiedDate":"2021-10-26"},{"lineNumber":85,"author":{"gitId":"jochuing"},"content":"            System.exit(-1);","lastModifiedDate":"2021-10-26"},{"lineNumber":86,"author":{"gitId":"jochuing"},"content":"        }","lastModifiedDate":"2021-10-26"},{"lineNumber":87,"author":{"gitId":"jochuing"},"content":"    }","lastModifiedDate":"2021-10-26"},{"lineNumber":88,"author":{"gitId":"jochuing"},"content":"","lastModifiedDate":"2021-10-26"},{"lineNumber":89,"author":{"gitId":"jochuing"},"content":"    public List\u003cString\u003e readSaveFile() {","lastModifiedDate":"2021-11-02"},{"lineNumber":90,"author":{"gitId":"jochuing"},"content":"","lastModifiedDate":"2021-11-02"},{"lineNumber":91,"author":{"gitId":"jochuing"},"content":"        List\u003cString\u003e content \u003d new ArrayList\u003cString\u003e();","lastModifiedDate":"2021-11-02"},{"lineNumber":92,"author":{"gitId":"jochuing"},"content":"","lastModifiedDate":"2021-11-02"},{"lineNumber":93,"author":{"gitId":"jochuing"},"content":"        String directoryName \u003d \"data\";","lastModifiedDate":"2021-11-02"},{"lineNumber":94,"author":{"gitId":"jochuing"},"content":"        String fileName \u003d \"save.txt\";","lastModifiedDate":"2021-11-02"},{"lineNumber":95,"author":{"gitId":"jochuing"},"content":"","lastModifiedDate":"2021-11-02"},{"lineNumber":96,"author":{"gitId":"jochuing"},"content":"        File directory \u003d new File(directoryName);","lastModifiedDate":"2021-11-02"},{"lineNumber":97,"author":{"gitId":"jochuing"},"content":"        File file \u003d new File(directoryName + \"/\" + fileName);","lastModifiedDate":"2021-11-02"},{"lineNumber":98,"author":{"gitId":"jochuing"},"content":"","lastModifiedDate":"2021-11-02"},{"lineNumber":99,"author":{"gitId":"jochuing"},"content":"        if (!directory.exists() || !file.exists()){","lastModifiedDate":"2021-11-02"},{"lineNumber":100,"author":{"gitId":"jochuing"},"content":"            System.out.println(\"file not found\");","lastModifiedDate":"2021-11-02"},{"lineNumber":101,"author":{"gitId":"jochuing"},"content":"            return null;","lastModifiedDate":"2021-11-02"},{"lineNumber":102,"author":{"gitId":"jochuing"},"content":"        } else {","lastModifiedDate":"2021-11-02"},{"lineNumber":103,"author":{"gitId":"jochuing"},"content":"            try{","lastModifiedDate":"2021-11-02"},{"lineNumber":104,"author":{"gitId":"jochuing"},"content":"                content \u003d Files.readAllLines(Paths.get(directoryName + \"/\" + fileName));","lastModifiedDate":"2021-11-02"},{"lineNumber":105,"author":{"gitId":"jochuing"},"content":"            } catch (Exception ex) {","lastModifiedDate":"2021-11-02"},{"lineNumber":106,"author":{"gitId":"jochuing"},"content":"","lastModifiedDate":"2021-11-02"},{"lineNumber":107,"author":{"gitId":"jochuing"},"content":"            }","lastModifiedDate":"2021-11-02"},{"lineNumber":108,"author":{"gitId":"jochuing"},"content":"        }","lastModifiedDate":"2021-11-02"},{"lineNumber":109,"author":{"gitId":"jochuing"},"content":"","lastModifiedDate":"2021-10-26"},{"lineNumber":110,"author":{"gitId":"jochuing"},"content":"        return content;","lastModifiedDate":"2021-11-02"},{"lineNumber":111,"author":{"gitId":"jochuing"},"content":"    }","lastModifiedDate":"2021-10-26"},{"lineNumber":112,"author":{"gitId":"jochuing"},"content":"","lastModifiedDate":"2021-10-26"},{"lineNumber":113,"author":{"gitId":"jochuing"},"content":"}","lastModifiedDate":"2021-10-26"}],"authorContributionMap":{"jochuing":113}},{"path":"src/main/java/com/jc/duke/Task/DateTime.java","fileType":"java","lines":[{"lineNumber":1,"author":{"gitId":"jochuing"},"content":"package com.jc.duke.Task;","lastModifiedDate":"2021-11-14"},{"lineNumber":2,"author":{"gitId":"jochuing"},"content":"","lastModifiedDate":"2021-11-02"},{"lineNumber":3,"author":{"gitId":"jochuing"},"content":"import java.text.SimpleDateFormat;","lastModifiedDate":"2021-11-14"},{"lineNumber":4,"author":{"gitId":"jochuing"},"content":"import java.util.Date;","lastModifiedDate":"2021-11-14"},{"lineNumber":5,"author":{"gitId":"jochuing"},"content":"","lastModifiedDate":"2021-11-14"},{"lineNumber":6,"author":{"gitId":"jochuing"},"content":"","lastModifiedDate":"2021-11-14"},{"lineNumber":7,"author":{"gitId":"jochuing"},"content":"public class DateTime {","lastModifiedDate":"2021-09-14"},{"lineNumber":8,"author":{"gitId":"jochuing"},"content":"    protected String condition;","lastModifiedDate":"2021-09-14"},{"lineNumber":9,"author":{"gitId":"jochuing"},"content":"    //protected String time;","lastModifiedDate":"2021-11-14"},{"lineNumber":10,"author":{"gitId":"jochuing"},"content":"    protected Date date;","lastModifiedDate":"2021-11-14"},{"lineNumber":11,"author":{"gitId":"jochuing"},"content":"","lastModifiedDate":"2021-09-14"},{"lineNumber":12,"author":{"gitId":"jochuing"},"content":"    public DateTime() {","lastModifiedDate":"2021-09-14"},{"lineNumber":13,"author":{"gitId":"jochuing"},"content":"","lastModifiedDate":"2021-09-14"},{"lineNumber":14,"author":{"gitId":"jochuing"},"content":"    }","lastModifiedDate":"2021-09-14"},{"lineNumber":15,"author":{"gitId":"jochuing"},"content":"","lastModifiedDate":"2021-09-14"},{"lineNumber":16,"author":{"gitId":"jochuing"},"content":"    public DateTime(String condition, String time) {","lastModifiedDate":"2021-09-14"},{"lineNumber":17,"author":{"gitId":"jochuing"},"content":"        this.condition \u003d condition;","lastModifiedDate":"2021-09-14"},{"lineNumber":18,"author":{"gitId":"jochuing"},"content":"        ///this.time \u003d time;","lastModifiedDate":"2021-11-14"},{"lineNumber":19,"author":{"gitId":"jochuing"},"content":"        try {","lastModifiedDate":"2021-11-14"},{"lineNumber":20,"author":{"gitId":"jochuing"},"content":"            this.date \u003dnew SimpleDateFormat(\"dd/MM/yyyy HHmm\").parse(time);","lastModifiedDate":"2021-11-14"},{"lineNumber":21,"author":{"gitId":"jochuing"},"content":"        } catch (Exception e) {","lastModifiedDate":"2021-11-14"},{"lineNumber":22,"author":{"gitId":"jochuing"},"content":"","lastModifiedDate":"2021-11-14"},{"lineNumber":23,"author":{"gitId":"jochuing"},"content":"        }","lastModifiedDate":"2021-11-14"},{"lineNumber":24,"author":{"gitId":"jochuing"},"content":"    }","lastModifiedDate":"2021-09-14"},{"lineNumber":25,"author":{"gitId":"jochuing"},"content":"","lastModifiedDate":"2021-09-14"},{"lineNumber":26,"author":{"gitId":"jochuing"},"content":"    public String getCondition() {","lastModifiedDate":"2021-09-14"},{"lineNumber":27,"author":{"gitId":"jochuing"},"content":"        return condition;","lastModifiedDate":"2021-09-14"},{"lineNumber":28,"author":{"gitId":"jochuing"},"content":"    }","lastModifiedDate":"2021-09-14"},{"lineNumber":29,"author":{"gitId":"jochuing"},"content":"","lastModifiedDate":"2021-09-14"},{"lineNumber":30,"author":{"gitId":"jochuing"},"content":"//    public String getTime() {","lastModifiedDate":"2021-11-14"},{"lineNumber":31,"author":{"gitId":"jochuing"},"content":"//        return time;","lastModifiedDate":"2021-11-14"},{"lineNumber":32,"author":{"gitId":"jochuing"},"content":"//    }","lastModifiedDate":"2021-11-14"},{"lineNumber":33,"author":{"gitId":"jochuing"},"content":"","lastModifiedDate":"2021-11-14"},{"lineNumber":34,"author":{"gitId":"jochuing"},"content":"    public Date getDate() {","lastModifiedDate":"2021-11-14"},{"lineNumber":35,"author":{"gitId":"jochuing"},"content":"        return date;","lastModifiedDate":"2021-11-14"},{"lineNumber":36,"author":{"gitId":"jochuing"},"content":"    }","lastModifiedDate":"2021-11-14"},{"lineNumber":37,"author":{"gitId":"jochuing"},"content":"","lastModifiedDate":"2021-11-14"},{"lineNumber":38,"author":{"gitId":"jochuing"},"content":"    public String getTime() {","lastModifiedDate":"2021-09-14"},{"lineNumber":39,"author":{"gitId":"jochuing"},"content":"        return date.toString();","lastModifiedDate":"2021-11-14"},{"lineNumber":40,"author":{"gitId":"jochuing"},"content":"    }","lastModifiedDate":"2021-09-14"},{"lineNumber":41,"author":{"gitId":"jochuing"},"content":"}","lastModifiedDate":"2021-09-14"}],"authorContributionMap":{"jochuing":41}},{"path":"src/main/java/com/jc/duke/Task/Task.java","fileType":"java","lines":[{"lineNumber":1,"author":{"gitId":"jochuing"},"content":"package com.jc.duke.Task;","lastModifiedDate":"2021-11-14"},{"lineNumber":2,"author":{"gitId":"jochuing"},"content":"","lastModifiedDate":"2021-11-02"},{"lineNumber":3,"author":{"gitId":"jochuing"},"content":"import java.util.Date;","lastModifiedDate":"2021-11-14"},{"lineNumber":4,"author":{"gitId":"jochuing"},"content":"","lastModifiedDate":"2021-11-14"},{"lineNumber":5,"author":{"gitId":"jochuing"},"content":"import static com.jc.duke.Task.Type.*;","lastModifiedDate":"2021-11-14"},{"lineNumber":6,"author":{"gitId":"jochuing"},"content":"import static com.jc.duke.Task.Type.todo;","lastModifiedDate":"2021-11-14"},{"lineNumber":7,"author":{"gitId":"jochuing"},"content":"","lastModifiedDate":"2021-11-02"},{"lineNumber":8,"author":{"gitId":"jochuing"},"content":"/**","lastModifiedDate":"2021-11-14"},{"lineNumber":9,"author":{"gitId":"jochuing"},"content":" * Task class is the base object used to store all information about user Task.","lastModifiedDate":"2021-11-14"},{"lineNumber":10,"author":{"gitId":"jochuing"},"content":" * It has 3 main task type - Todo, Deadline, Event","lastModifiedDate":"2021-11-14"},{"lineNumber":11,"author":{"gitId":"jochuing"},"content":" */","lastModifiedDate":"2021-11-14"},{"lineNumber":12,"author":{"gitId":"jochuing"},"content":"","lastModifiedDate":"2021-11-14"},{"lineNumber":13,"author":{"gitId":"jochuing"},"content":"public class Task {","lastModifiedDate":"2021-08-25"},{"lineNumber":14,"author":{"gitId":"jochuing"},"content":"    protected String description;","lastModifiedDate":"2021-08-25"},{"lineNumber":15,"author":{"gitId":"jochuing"},"content":"    protected boolean isDone;","lastModifiedDate":"2021-08-25"},{"lineNumber":16,"author":{"gitId":"jochuing"},"content":"    protected char taskType;","lastModifiedDate":"2021-09-14"},{"lineNumber":17,"author":{"gitId":"jochuing"},"content":"    protected DateTime dateTime;","lastModifiedDate":"2021-09-14"},{"lineNumber":18,"author":{"gitId":"jochuing"},"content":"","lastModifiedDate":"2021-08-25"},{"lineNumber":19,"author":{"gitId":"jochuing"},"content":"    public Task() {","lastModifiedDate":"2021-08-25"},{"lineNumber":20,"author":{"gitId":"jochuing"},"content":"","lastModifiedDate":"2021-08-25"},{"lineNumber":21,"author":{"gitId":"jochuing"},"content":"    }","lastModifiedDate":"2021-08-25"},{"lineNumber":22,"author":{"gitId":"jochuing"},"content":"","lastModifiedDate":"2021-08-25"},{"lineNumber":23,"author":{"gitId":"jochuing"},"content":"    public Task(String description) {","lastModifiedDate":"2021-08-25"},{"lineNumber":24,"author":{"gitId":"jochuing"},"content":"        this.description \u003d description;","lastModifiedDate":"2021-08-25"},{"lineNumber":25,"author":{"gitId":"jochuing"},"content":"        this.isDone \u003d false;","lastModifiedDate":"2021-08-25"},{"lineNumber":26,"author":{"gitId":"jochuing"},"content":"    }","lastModifiedDate":"2021-08-25"},{"lineNumber":27,"author":{"gitId":"jochuing"},"content":"","lastModifiedDate":"2021-08-25"},{"lineNumber":28,"author":{"gitId":"jochuing"},"content":"    public Task(String description, Type type, DateTime dateTime) {","lastModifiedDate":"2021-09-14"},{"lineNumber":29,"author":{"gitId":"jochuing"},"content":"        this.description \u003d description;","lastModifiedDate":"2021-09-14"},{"lineNumber":30,"author":{"gitId":"jochuing"},"content":"        switch (type) {","lastModifiedDate":"2021-09-14"},{"lineNumber":31,"author":{"gitId":"jochuing"},"content":"            case todo:","lastModifiedDate":"2021-09-14"},{"lineNumber":32,"author":{"gitId":"jochuing"},"content":"                this.taskType \u003d \u0027T\u0027;","lastModifiedDate":"2021-09-14"},{"lineNumber":33,"author":{"gitId":"jochuing"},"content":"                break;","lastModifiedDate":"2021-09-14"},{"lineNumber":34,"author":{"gitId":"jochuing"},"content":"            case deadline:","lastModifiedDate":"2021-09-14"},{"lineNumber":35,"author":{"gitId":"jochuing"},"content":"                this.taskType \u003d \u0027D\u0027;","lastModifiedDate":"2021-09-14"},{"lineNumber":36,"author":{"gitId":"jochuing"},"content":"                break;","lastModifiedDate":"2021-09-14"},{"lineNumber":37,"author":{"gitId":"jochuing"},"content":"            case event:","lastModifiedDate":"2021-09-14"},{"lineNumber":38,"author":{"gitId":"jochuing"},"content":"                this.taskType \u003d \u0027E\u0027;","lastModifiedDate":"2021-09-14"},{"lineNumber":39,"author":{"gitId":"jochuing"},"content":"                break;","lastModifiedDate":"2021-09-14"},{"lineNumber":40,"author":{"gitId":"jochuing"},"content":"        }","lastModifiedDate":"2021-09-14"},{"lineNumber":41,"author":{"gitId":"jochuing"},"content":"        this.dateTime \u003d dateTime;","lastModifiedDate":"2021-09-14"},{"lineNumber":42,"author":{"gitId":"jochuing"},"content":"        this.isDone \u003d false;","lastModifiedDate":"2021-09-14"},{"lineNumber":43,"author":{"gitId":"jochuing"},"content":"    }","lastModifiedDate":"2021-09-14"},{"lineNumber":44,"author":{"gitId":"jochuing"},"content":"","lastModifiedDate":"2021-09-14"},{"lineNumber":45,"author":{"gitId":"jochuing"},"content":"    public void setDone() {","lastModifiedDate":"2021-08-25"},{"lineNumber":46,"author":{"gitId":"jochuing"},"content":"        this.isDone \u003d true;","lastModifiedDate":"2021-08-25"},{"lineNumber":47,"author":{"gitId":"jochuing"},"content":"    }","lastModifiedDate":"2021-08-25"},{"lineNumber":48,"author":{"gitId":"jochuing"},"content":"","lastModifiedDate":"2021-08-25"},{"lineNumber":49,"author":{"gitId":"jochuing"},"content":"    public String getStatusIcon() {","lastModifiedDate":"2021-08-25"},{"lineNumber":50,"author":{"gitId":"jochuing"},"content":"        return (isDone ? \"X\" : \" \"); // mark done task with X","lastModifiedDate":"2021-08-25"},{"lineNumber":51,"author":{"gitId":"jochuing"},"content":"    }","lastModifiedDate":"2021-08-25"},{"lineNumber":52,"author":{"gitId":"jochuing"},"content":"","lastModifiedDate":"2021-08-25"},{"lineNumber":53,"author":{"gitId":"jochuing"},"content":"    public String getDescription() {","lastModifiedDate":"2021-08-25"},{"lineNumber":54,"author":{"gitId":"jochuing"},"content":"        return description;","lastModifiedDate":"2021-08-25"},{"lineNumber":55,"author":{"gitId":"jochuing"},"content":"    }","lastModifiedDate":"2021-08-25"},{"lineNumber":56,"author":{"gitId":"jochuing"},"content":"","lastModifiedDate":"2021-09-14"},{"lineNumber":57,"author":{"gitId":"jochuing"},"content":"    public char getTaskType() {","lastModifiedDate":"2021-09-14"},{"lineNumber":58,"author":{"gitId":"jochuing"},"content":"        return taskType;","lastModifiedDate":"2021-09-14"},{"lineNumber":59,"author":{"gitId":"jochuing"},"content":"    }","lastModifiedDate":"2021-09-14"},{"lineNumber":60,"author":{"gitId":"jochuing"},"content":"","lastModifiedDate":"2021-09-14"},{"lineNumber":61,"author":{"gitId":"jochuing"},"content":"    public Date getDate() {","lastModifiedDate":"2021-11-14"},{"lineNumber":62,"author":{"gitId":"jochuing"},"content":"        return dateTime.getDate();","lastModifiedDate":"2021-11-14"},{"lineNumber":63,"author":{"gitId":"jochuing"},"content":"    }","lastModifiedDate":"2021-11-14"},{"lineNumber":64,"author":{"gitId":"jochuing"},"content":"    public String getDateTime() {","lastModifiedDate":"2021-09-14"},{"lineNumber":65,"author":{"gitId":"jochuing"},"content":"        return \"(\" + dateTime.getCondition() + \": \" + dateTime.getTime() + \")\";","lastModifiedDate":"2021-09-14"},{"lineNumber":66,"author":{"gitId":"jochuing"},"content":"    }","lastModifiedDate":"2021-09-14"},{"lineNumber":67,"author":{"gitId":"jochuing"},"content":"}","lastModifiedDate":"2021-08-25"}],"authorContributionMap":{"jochuing":67}},{"path":"src/main/java/com/jc/duke/Task/TaskList.java","fileType":"java","lines":[{"lineNumber":1,"author":{"gitId":"jochuing"},"content":"package com.jc.duke.Task;","lastModifiedDate":"2021-11-14"},{"lineNumber":2,"author":{"gitId":"jochuing"},"content":"","lastModifiedDate":"2021-11-02"},{"lineNumber":3,"author":{"gitId":"jochuing"},"content":"import com.jc.duke.Exception.DukeTaskNotFoundException;","lastModifiedDate":"2021-11-14"},{"lineNumber":4,"author":{"gitId":"jochuing"},"content":"import com.jc.duke.Storage.Storage;","lastModifiedDate":"2021-11-14"},{"lineNumber":5,"author":{"gitId":"jochuing"},"content":"","lastModifiedDate":"2021-10-03"},{"lineNumber":6,"author":{"gitId":"jochuing"},"content":"import java.text.SimpleDateFormat;","lastModifiedDate":"2021-11-14"},{"lineNumber":7,"author":{"gitId":"jochuing"},"content":"import java.util.ArrayList;","lastModifiedDate":"2021-10-26"},{"lineNumber":8,"author":{"gitId":"jochuing"},"content":"import java.util.List;","lastModifiedDate":"2021-11-02"},{"lineNumber":9,"author":{"gitId":"jochuing"},"content":"","lastModifiedDate":"2021-10-26"},{"lineNumber":10,"author":{"gitId":"jochuing"},"content":"/**","lastModifiedDate":"2021-11-14"},{"lineNumber":11,"author":{"gitId":"jochuing"},"content":" * TaskList class handles all the Duke task during runtime. It also supports all operations related to Duke Task (e.g. add new task, remove task, update task, save and retrieve tasklist)","lastModifiedDate":"2021-11-14"},{"lineNumber":12,"author":{"gitId":"jochuing"},"content":" */","lastModifiedDate":"2021-11-14"},{"lineNumber":13,"author":{"gitId":"jochuing"},"content":"","lastModifiedDate":"2021-11-14"},{"lineNumber":14,"author":{"gitId":"jochuing"},"content":"public class TaskList extends Task{","lastModifiedDate":"2021-08-25"},{"lineNumber":15,"author":{"gitId":"jochuing"},"content":"","lastModifiedDate":"2021-08-18"},{"lineNumber":16,"author":{"gitId":"jochuing"},"content":"    ArrayList\u003cTask\u003e taskList \u003d new ArrayList\u003cTask\u003e();","lastModifiedDate":"2021-10-26"},{"lineNumber":17,"author":{"gitId":"jochuing"},"content":"","lastModifiedDate":"2021-10-26"},{"lineNumber":18,"author":{"gitId":"jochuing"},"content":"    static int counter;","lastModifiedDate":"2021-08-18"},{"lineNumber":19,"author":{"gitId":"jochuing"},"content":"    String delimiter \u003d \"|\";","lastModifiedDate":"2021-11-02"},{"lineNumber":20,"author":{"gitId":"jochuing"},"content":"","lastModifiedDate":"2021-08-18"},{"lineNumber":21,"author":{"gitId":"jochuing"},"content":"    public TaskList() {","lastModifiedDate":"2021-08-18"},{"lineNumber":22,"author":{"gitId":"jochuing"},"content":"        counter \u003d 0;","lastModifiedDate":"2021-08-18"},{"lineNumber":23,"author":{"gitId":"jochuing"},"content":"    }","lastModifiedDate":"2021-08-18"},{"lineNumber":24,"author":{"gitId":"jochuing"},"content":"","lastModifiedDate":"2021-08-18"},{"lineNumber":25,"author":{"gitId":"jochuing"},"content":"    public void saveTaskList() {","lastModifiedDate":"2021-11-02"},{"lineNumber":26,"author":{"gitId":"jochuing"},"content":"        String temp \u003d \"\";","lastModifiedDate":"2021-11-02"},{"lineNumber":27,"author":{"gitId":"jochuing"},"content":"        SimpleDateFormat simpleDateFormat \u003d new SimpleDateFormat(\"dd/MM/yyyy HHmm\");","lastModifiedDate":"2021-11-14"},{"lineNumber":28,"author":{"gitId":"jochuing"},"content":"        for(int i \u003d 0; i \u003c taskList.size(); i++) {","lastModifiedDate":"2021-11-14"},{"lineNumber":29,"author":{"gitId":"jochuing"},"content":"            Task tempTask \u003d taskList.get(i);","lastModifiedDate":"2021-11-14"},{"lineNumber":30,"author":{"gitId":"jochuing"},"content":"            temp +\u003d tempTask.taskType + delimiter + tempTask.isDone + delimiter + tempTask.description + delimiter + tempTask.dateTime.getCondition() + delimiter + simpleDateFormat.format(tempTask.getDate()) + \"\\r\\n\";","lastModifiedDate":"2021-11-14"},{"lineNumber":31,"author":{"gitId":"jochuing"},"content":"        }","lastModifiedDate":"2021-11-14"},{"lineNumber":32,"author":{"gitId":"jochuing"},"content":"","lastModifiedDate":"2021-11-14"},{"lineNumber":33,"author":{"gitId":"jochuing"},"content":"        new Storage().writeSaveFile(temp);","lastModifiedDate":"2021-11-14"},{"lineNumber":34,"author":{"gitId":"jochuing"},"content":"        System.out.println(\"Tasks saved successfully\");","lastModifiedDate":"2021-11-14"},{"lineNumber":35,"author":{"gitId":"jochuing"},"content":"    }","lastModifiedDate":"2021-11-14"},{"lineNumber":36,"author":{"gitId":"jochuing"},"content":"","lastModifiedDate":"2021-11-14"},{"lineNumber":37,"author":{"gitId":"jochuing"},"content":"    public void archiveTaskList() {","lastModifiedDate":"2021-11-14"},{"lineNumber":38,"author":{"gitId":"jochuing"},"content":"        String temp \u003d \"\";","lastModifiedDate":"2021-11-14"},{"lineNumber":39,"author":{"gitId":"jochuing"},"content":"","lastModifiedDate":"2021-11-02"},{"lineNumber":40,"author":{"gitId":"jochuing"},"content":"        for(int i \u003d 0; i \u003c taskList.size(); i++) {","lastModifiedDate":"2021-11-02"},{"lineNumber":41,"author":{"gitId":"jochuing"},"content":"            Task tempTask \u003d taskList.get(i);","lastModifiedDate":"2021-11-02"},{"lineNumber":42,"author":{"gitId":"jochuing"},"content":"            temp +\u003d tempTask.taskType + delimiter + tempTask.isDone + delimiter + tempTask.description + delimiter + tempTask.dateTime.getCondition() + delimiter + tempTask.dateTime.getTime() + \"\\r\\n\";","lastModifiedDate":"2021-11-02"},{"lineNumber":43,"author":{"gitId":"jochuing"},"content":"        }","lastModifiedDate":"2021-11-02"},{"lineNumber":44,"author":{"gitId":"jochuing"},"content":"","lastModifiedDate":"2021-11-02"},{"lineNumber":45,"author":{"gitId":"jochuing"},"content":"        new Storage().writeArchiveFile(temp);","lastModifiedDate":"2021-11-14"},{"lineNumber":46,"author":{"gitId":"jochuing"},"content":"","lastModifiedDate":"2021-11-14"},{"lineNumber":47,"author":{"gitId":"jochuing"},"content":"        taskList.clear();","lastModifiedDate":"2021-11-14"},{"lineNumber":48,"author":{"gitId":"jochuing"},"content":"        System.out.println(\"Archived successfully\");","lastModifiedDate":"2021-11-14"},{"lineNumber":49,"author":{"gitId":"jochuing"},"content":"    }","lastModifiedDate":"2021-11-02"},{"lineNumber":50,"author":{"gitId":"jochuing"},"content":"","lastModifiedDate":"2021-11-02"},{"lineNumber":51,"author":{"gitId":"jochuing"},"content":"    public void getArchiveList() {","lastModifiedDate":"2021-11-14"},{"lineNumber":52,"author":{"gitId":"jochuing"},"content":"        System.out.println(\"Here are all the archived task list:\");","lastModifiedDate":"2021-11-14"},{"lineNumber":53,"author":{"gitId":"jochuing"},"content":"","lastModifiedDate":"2021-11-14"},{"lineNumber":54,"author":{"gitId":"jochuing"},"content":"        ArrayList\u003cString\u003e archiveFiles \u003d new Storage().getArchiveFile();","lastModifiedDate":"2021-11-14"},{"lineNumber":55,"author":{"gitId":"jochuing"},"content":"        for(int i \u003d 0; i \u003c archiveFiles.size(); i++) {","lastModifiedDate":"2021-11-14"},{"lineNumber":56,"author":{"gitId":"jochuing"},"content":"            System.out.println(archiveFiles.get(i).toString() + \"\\r\\n\");","lastModifiedDate":"2021-11-14"},{"lineNumber":57,"author":{"gitId":"jochuing"},"content":"        }","lastModifiedDate":"2021-11-14"},{"lineNumber":58,"author":{"gitId":"jochuing"},"content":"    }","lastModifiedDate":"2021-11-14"},{"lineNumber":59,"author":{"gitId":"jochuing"},"content":"    public void loadTaskList() {","lastModifiedDate":"2021-11-02"},{"lineNumber":60,"author":{"gitId":"jochuing"},"content":"        List\u003cString\u003e stringList \u003d new Storage().readSaveFile();","lastModifiedDate":"2021-11-02"},{"lineNumber":61,"author":{"gitId":"jochuing"},"content":"","lastModifiedDate":"2021-11-02"},{"lineNumber":62,"author":{"gitId":"jochuing"},"content":"        for(String task:stringList) {","lastModifiedDate":"2021-11-02"},{"lineNumber":63,"author":{"gitId":"jochuing"},"content":"            String[] taskSplit \u003d task.split(\"\\\\|\");","lastModifiedDate":"2021-11-02"},{"lineNumber":64,"author":{"gitId":"jochuing"},"content":"            boolean isDone \u003d false;","lastModifiedDate":"2021-11-02"},{"lineNumber":65,"author":{"gitId":"jochuing"},"content":"","lastModifiedDate":"2021-11-02"},{"lineNumber":66,"author":{"gitId":"jochuing"},"content":"            if(taskSplit[1].equals(\"true\")) {","lastModifiedDate":"2021-11-02"},{"lineNumber":67,"author":{"gitId":"jochuing"},"content":"                isDone \u003d true;","lastModifiedDate":"2021-11-02"},{"lineNumber":68,"author":{"gitId":"jochuing"},"content":"            }","lastModifiedDate":"2021-11-02"},{"lineNumber":69,"author":{"gitId":"jochuing"},"content":"","lastModifiedDate":"2021-11-02"},{"lineNumber":70,"author":{"gitId":"jochuing"},"content":"            Type type \u003d null;","lastModifiedDate":"2021-11-02"},{"lineNumber":71,"author":{"gitId":"jochuing"},"content":"            switch(taskSplit[0]) {","lastModifiedDate":"2021-11-02"},{"lineNumber":72,"author":{"gitId":"jochuing"},"content":"                case \"T\":","lastModifiedDate":"2021-11-02"},{"lineNumber":73,"author":{"gitId":"jochuing"},"content":"                    type \u003d Type.todo;","lastModifiedDate":"2021-11-02"},{"lineNumber":74,"author":{"gitId":"jochuing"},"content":"                    break;","lastModifiedDate":"2021-11-02"},{"lineNumber":75,"author":{"gitId":"jochuing"},"content":"                case \"D\":","lastModifiedDate":"2021-11-02"},{"lineNumber":76,"author":{"gitId":"jochuing"},"content":"                    type \u003d Type.deadline;","lastModifiedDate":"2021-11-02"},{"lineNumber":77,"author":{"gitId":"jochuing"},"content":"                    break;","lastModifiedDate":"2021-11-02"},{"lineNumber":78,"author":{"gitId":"jochuing"},"content":"                case \"E\":","lastModifiedDate":"2021-11-02"},{"lineNumber":79,"author":{"gitId":"jochuing"},"content":"                    type \u003d Type.event;","lastModifiedDate":"2021-11-02"},{"lineNumber":80,"author":{"gitId":"jochuing"},"content":"                    break;","lastModifiedDate":"2021-11-02"},{"lineNumber":81,"author":{"gitId":"jochuing"},"content":"                default:","lastModifiedDate":"2021-11-02"},{"lineNumber":82,"author":{"gitId":"jochuing"},"content":"                    System.out.println(\"invalid task command\");","lastModifiedDate":"2021-11-02"},{"lineNumber":83,"author":{"gitId":"jochuing"},"content":"            }","lastModifiedDate":"2021-11-02"},{"lineNumber":84,"author":{"gitId":"jochuing"},"content":"","lastModifiedDate":"2021-11-02"},{"lineNumber":85,"author":{"gitId":"jochuing"},"content":"            DateTime dateTime \u003d new DateTime(taskSplit[3],taskSplit[4]);","lastModifiedDate":"2021-11-02"},{"lineNumber":86,"author":{"gitId":"jochuing"},"content":"            addTask(taskSplit[2], type, dateTime, isDone);","lastModifiedDate":"2021-11-02"},{"lineNumber":87,"author":{"gitId":"jochuing"},"content":"","lastModifiedDate":"2021-11-02"},{"lineNumber":88,"author":{"gitId":"jochuing"},"content":"        }","lastModifiedDate":"2021-11-02"},{"lineNumber":89,"author":{"gitId":"jochuing"},"content":"//        String[] stringArray \u003d stringList.split(\"\\r\\n\");","lastModifiedDate":"2021-11-02"},{"lineNumber":90,"author":{"gitId":"jochuing"},"content":"","lastModifiedDate":"2021-11-02"},{"lineNumber":91,"author":{"gitId":"jochuing"},"content":"","lastModifiedDate":"2021-11-02"},{"lineNumber":92,"author":{"gitId":"jochuing"},"content":"    }","lastModifiedDate":"2021-11-14"},{"lineNumber":93,"author":{"gitId":"jochuing"},"content":"","lastModifiedDate":"2021-11-14"},{"lineNumber":94,"author":{"gitId":"jochuing"},"content":"    public void findTask(String keyword) {","lastModifiedDate":"2021-11-14"},{"lineNumber":95,"author":{"gitId":"jochuing"},"content":"","lastModifiedDate":"2021-11-14"},{"lineNumber":96,"author":{"gitId":"jochuing"},"content":"        System.out.println(\"Here are the matching tasks in your list:\");","lastModifiedDate":"2021-11-14"},{"lineNumber":97,"author":{"gitId":"jochuing"},"content":"","lastModifiedDate":"2021-11-14"},{"lineNumber":98,"author":{"gitId":"jochuing"},"content":"        for(Task t:taskList) {","lastModifiedDate":"2021-11-14"},{"lineNumber":99,"author":{"gitId":"jochuing"},"content":"            if(t.description.contains(keyword)) {","lastModifiedDate":"2021-11-14"},{"lineNumber":100,"author":{"gitId":"jochuing"},"content":"                System.out.println(getTaskDetails(t));","lastModifiedDate":"2021-11-14"},{"lineNumber":101,"author":{"gitId":"jochuing"},"content":"            }","lastModifiedDate":"2021-11-14"},{"lineNumber":102,"author":{"gitId":"jochuing"},"content":"        }","lastModifiedDate":"2021-11-14"},{"lineNumber":103,"author":{"gitId":"jochuing"},"content":"    }","lastModifiedDate":"2021-11-02"},{"lineNumber":104,"author":{"gitId":"jochuing"},"content":"    public void addTask(String description, Type type, DateTime dateTime) {","lastModifiedDate":"2021-09-14"},{"lineNumber":105,"author":{"gitId":"jochuing"},"content":"        taskList.add(new Task(description, type, dateTime));","lastModifiedDate":"2021-10-26"},{"lineNumber":106,"author":{"gitId":"jochuing"},"content":"        System.out.println(\"Got it. I\u0027ve added this task: \");","lastModifiedDate":"2021-09-14"},{"lineNumber":107,"author":{"gitId":"jochuing"},"content":"        System.out.println(getTaskDetails(taskList.size() - 1));","lastModifiedDate":"2021-10-26"},{"lineNumber":108,"author":{"gitId":"jochuing"},"content":"        System.out.println(\"Now you have \" + taskList.size() +\" tasks in the list.\");","lastModifiedDate":"2021-10-26"},{"lineNumber":109,"author":{"gitId":"jochuing"},"content":"    }","lastModifiedDate":"2021-08-25"},{"lineNumber":110,"author":{"gitId":"jochuing"},"content":"","lastModifiedDate":"2021-08-25"},{"lineNumber":111,"author":{"gitId":"jochuing"},"content":"    public void addTask(String description, Type type, DateTime dateTime, boolean isDone) {","lastModifiedDate":"2021-11-02"},{"lineNumber":112,"author":{"gitId":"jochuing"},"content":"        taskList.add(new Task(description, type, dateTime));","lastModifiedDate":"2021-11-02"},{"lineNumber":113,"author":{"gitId":"jochuing"},"content":"","lastModifiedDate":"2021-11-02"},{"lineNumber":114,"author":{"gitId":"jochuing"},"content":"        if(isDone){","lastModifiedDate":"2021-11-02"},{"lineNumber":115,"author":{"gitId":"jochuing"},"content":"            try {","lastModifiedDate":"2021-11-02"},{"lineNumber":116,"author":{"gitId":"jochuing"},"content":"                taskList.get(taskList.size()-1).setDone();","lastModifiedDate":"2021-11-14"},{"lineNumber":117,"author":{"gitId":"jochuing"},"content":"            } catch (Exception e) {","lastModifiedDate":"2021-11-02"},{"lineNumber":118,"author":{"gitId":"jochuing"},"content":"                e.printStackTrace();","lastModifiedDate":"2021-11-02"},{"lineNumber":119,"author":{"gitId":"jochuing"},"content":"            }","lastModifiedDate":"2021-11-02"},{"lineNumber":120,"author":{"gitId":"jochuing"},"content":"        }","lastModifiedDate":"2021-11-02"},{"lineNumber":121,"author":{"gitId":"jochuing"},"content":"","lastModifiedDate":"2021-11-02"},{"lineNumber":122,"author":{"gitId":"jochuing"},"content":"        System.out.println(\"Task Loaded. I\u0027ve added this task: \");","lastModifiedDate":"2021-11-14"},{"lineNumber":123,"author":{"gitId":"jochuing"},"content":"        System.out.println(getTaskDetails(taskList.size() - 1));","lastModifiedDate":"2021-11-02"},{"lineNumber":124,"author":{"gitId":"jochuing"},"content":"        System.out.println(\"Now you have \" + taskList.size() +\" tasks in the list.\");","lastModifiedDate":"2021-11-02"},{"lineNumber":125,"author":{"gitId":"jochuing"},"content":"    }","lastModifiedDate":"2021-11-02"},{"lineNumber":126,"author":{"gitId":"jochuing"},"content":"","lastModifiedDate":"2021-11-02"},{"lineNumber":127,"author":{"gitId":"jochuing"},"content":"    public void setDone(int index) throws DukeTaskNotFoundException {","lastModifiedDate":"2021-10-03"},{"lineNumber":128,"author":{"gitId":"jochuing"},"content":"        try{","lastModifiedDate":"2021-10-03"},{"lineNumber":129,"author":{"gitId":"jochuing"},"content":"            taskList.get(index-1).setDone();","lastModifiedDate":"2021-10-26"},{"lineNumber":130,"author":{"gitId":"jochuing"},"content":"            System.out.println(\"Nice! I\u0027ve marked this task as done: \");","lastModifiedDate":"2021-09-14"},{"lineNumber":131,"author":{"gitId":"jochuing"},"content":"            System.out.println(getTaskDetails(index-1));","lastModifiedDate":"2021-10-26"},{"lineNumber":132,"author":{"gitId":"jochuing"},"content":"        } catch (Exception ex) {","lastModifiedDate":"2021-10-03"},{"lineNumber":133,"author":{"gitId":"jochuing"},"content":"            throw new DukeTaskNotFoundException(\"Invalid task number\");","lastModifiedDate":"2021-10-03"},{"lineNumber":134,"author":{"gitId":"jochuing"},"content":"        }","lastModifiedDate":"2021-10-03"},{"lineNumber":135,"author":{"gitId":"jochuing"},"content":"","lastModifiedDate":"2021-10-03"},{"lineNumber":136,"author":{"gitId":"jochuing"},"content":"    }","lastModifiedDate":"2021-08-18"},{"lineNumber":137,"author":{"gitId":"jochuing"},"content":"","lastModifiedDate":"2021-08-18"},{"lineNumber":138,"author":{"gitId":"jochuing"},"content":"    public void deleteTask(int index) throws DukeTaskNotFoundException {","lastModifiedDate":"2021-10-26"},{"lineNumber":139,"author":{"gitId":"jochuing"},"content":"        try{","lastModifiedDate":"2021-10-26"},{"lineNumber":140,"author":{"gitId":"jochuing"},"content":"            Task task \u003d taskList.get(index - 1);","lastModifiedDate":"2021-11-14"},{"lineNumber":141,"author":{"gitId":"jochuing"},"content":"            taskList.remove(index - 1);","lastModifiedDate":"2021-11-14"},{"lineNumber":142,"author":{"gitId":"jochuing"},"content":"","lastModifiedDate":"2021-11-14"},{"lineNumber":143,"author":{"gitId":"jochuing"},"content":"            System.out.println(\"Noted. I\u0027ve removed this task: \");","lastModifiedDate":"2021-10-26"},{"lineNumber":144,"author":{"gitId":"jochuing"},"content":"            System.out.println(getTaskDetails(task));","lastModifiedDate":"2021-11-14"},{"lineNumber":145,"author":{"gitId":"jochuing"},"content":"        } catch (Exception ex) {","lastModifiedDate":"2021-10-26"},{"lineNumber":146,"author":{"gitId":"jochuing"},"content":"            throw new DukeTaskNotFoundException(\"Invalid task number\");","lastModifiedDate":"2021-10-26"},{"lineNumber":147,"author":{"gitId":"jochuing"},"content":"        }","lastModifiedDate":"2021-10-26"},{"lineNumber":148,"author":{"gitId":"jochuing"},"content":"    }","lastModifiedDate":"2021-10-26"},{"lineNumber":149,"author":{"gitId":"jochuing"},"content":"","lastModifiedDate":"2021-10-26"},{"lineNumber":150,"author":{"gitId":"jochuing"},"content":"    public void printTaskList() {","lastModifiedDate":"2021-08-18"},{"lineNumber":151,"author":{"gitId":"jochuing"},"content":"","lastModifiedDate":"2021-11-14"},{"lineNumber":152,"author":{"gitId":"jochuing"},"content":"        if(taskList.size() \u003d\u003d 0) {","lastModifiedDate":"2021-11-14"},{"lineNumber":153,"author":{"gitId":"jochuing"},"content":"            System.out.println(\"There are nothing in your list\");","lastModifiedDate":"2021-11-14"},{"lineNumber":154,"author":{"gitId":"jochuing"},"content":"        } else {","lastModifiedDate":"2021-11-14"},{"lineNumber":155,"author":{"gitId":"jochuing"},"content":"            System.out.println(\"Here are the tasks in your list: \");","lastModifiedDate":"2021-09-14"},{"lineNumber":156,"author":{"gitId":"jochuing"},"content":"            for (int i \u003d 0; i \u003c taskList.size(); i++) {","lastModifiedDate":"2021-10-26"},{"lineNumber":157,"author":{"gitId":"jochuing"},"content":"                System.out.println(i + 1 + \". \" + getTaskDetails(i));","lastModifiedDate":"2021-09-14"},{"lineNumber":158,"author":{"gitId":"jochuing"},"content":"            }","lastModifiedDate":"2021-08-18"},{"lineNumber":159,"author":{"gitId":"jochuing"},"content":"        }","lastModifiedDate":"2021-08-18"},{"lineNumber":160,"author":{"gitId":"jochuing"},"content":"","lastModifiedDate":"2021-09-14"},{"lineNumber":161,"author":{"gitId":"jochuing"},"content":"    }","lastModifiedDate":"2021-11-14"},{"lineNumber":162,"author":{"gitId":"jochuing"},"content":"","lastModifiedDate":"2021-11-14"},{"lineNumber":163,"author":{"gitId":"jochuing"},"content":"    public String getTaskDetails(int index) {","lastModifiedDate":"2021-09-14"},{"lineNumber":164,"author":{"gitId":"jochuing"},"content":"        Task temp \u003d taskList.get(index);","lastModifiedDate":"2021-10-26"},{"lineNumber":165,"author":{"gitId":"jochuing"},"content":"        return \"[\" + temp.getTaskType() + \"][\" + temp.getStatusIcon() + \"] \" + temp.getDescription() + \" \" + temp.getDateTime();","lastModifiedDate":"2021-09-14"},{"lineNumber":166,"author":{"gitId":"jochuing"},"content":"    }","lastModifiedDate":"2021-09-14"},{"lineNumber":167,"author":{"gitId":"jochuing"},"content":"","lastModifiedDate":"2021-11-02"},{"lineNumber":168,"author":{"gitId":"jochuing"},"content":"    public String getTaskDetails(Task task) {","lastModifiedDate":"2021-11-14"},{"lineNumber":169,"author":{"gitId":"jochuing"},"content":"        return \"[\" + task.getTaskType() + \"][\" + task.getStatusIcon() + \"] \" + task.getDescription() + \" \" + task.getDateTime();","lastModifiedDate":"2021-11-14"},{"lineNumber":170,"author":{"gitId":"jochuing"},"content":"    }","lastModifiedDate":"2021-11-14"},{"lineNumber":171,"author":{"gitId":"jochuing"},"content":"","lastModifiedDate":"2021-11-14"},{"lineNumber":172,"author":{"gitId":"jochuing"},"content":"}","lastModifiedDate":"2021-08-18"}],"authorContributionMap":{"jochuing":172}},{"path":"src/main/java/com/jc/duke/Task/Type.java","fileType":"java","lines":[{"lineNumber":1,"author":{"gitId":"jochuing"},"content":"package com.jc.duke.Task;","lastModifiedDate":"2021-11-14"},{"lineNumber":2,"author":{"gitId":"jochuing"},"content":"","lastModifiedDate":"2021-11-02"},{"lineNumber":3,"author":{"gitId":"jochuing"},"content":"/**","lastModifiedDate":"2021-11-14"},{"lineNumber":4,"author":{"gitId":"jochuing"},"content":" * Type enum lists all valid Duke Task Type","lastModifiedDate":"2021-11-14"},{"lineNumber":5,"author":{"gitId":"jochuing"},"content":" */","lastModifiedDate":"2021-11-14"},{"lineNumber":6,"author":{"gitId":"jochuing"},"content":"","lastModifiedDate":"2021-11-14"},{"lineNumber":7,"author":{"gitId":"jochuing"},"content":"public enum Type {","lastModifiedDate":"2021-09-14"},{"lineNumber":8,"author":{"gitId":"jochuing"},"content":"    todo,","lastModifiedDate":"2021-09-14"},{"lineNumber":9,"author":{"gitId":"jochuing"},"content":"    deadline,","lastModifiedDate":"2021-09-14"},{"lineNumber":10,"author":{"gitId":"jochuing"},"content":"    event","lastModifiedDate":"2021-09-14"},{"lineNumber":11,"author":{"gitId":"jochuing"},"content":"}","lastModifiedDate":"2021-09-14"}],"authorContributionMap":{"jochuing":11}},{"path":"src/main/java/com/jc/duke/Ui/Ui.java","fileType":"java","lines":[{"lineNumber":1,"author":{"gitId":"jochuing"},"content":"package com.jc.duke.Ui;","lastModifiedDate":"2021-11-14"},{"lineNumber":2,"author":{"gitId":"jochuing"},"content":"","lastModifiedDate":"2021-11-02"},{"lineNumber":3,"author":{"gitId":"jochuing"},"content":"/**","lastModifiedDate":"2021-11-14"},{"lineNumber":4,"author":{"gitId":"jochuing"},"content":" * Handler for all UI related function such as printing messages and exceptions","lastModifiedDate":"2021-11-14"},{"lineNumber":5,"author":{"gitId":"jochuing"},"content":" */","lastModifiedDate":"2021-11-14"},{"lineNumber":6,"author":{"gitId":"jochuing"},"content":"","lastModifiedDate":"2021-11-14"},{"lineNumber":7,"author":{"gitId":"jochuing"},"content":"public class Ui {","lastModifiedDate":"2021-11-02"},{"lineNumber":8,"author":{"gitId":"jochuing"},"content":"","lastModifiedDate":"2021-11-02"},{"lineNumber":9,"author":{"gitId":"jochuing"},"content":"    public static void showWelcome() {","lastModifiedDate":"2021-11-02"},{"lineNumber":10,"author":{"gitId":"jochuing"},"content":"        String logo \u003d \" ____        _        \\n\"","lastModifiedDate":"2021-11-02"},{"lineNumber":11,"author":{"gitId":"jochuing"},"content":"                + \"|  _ \\\\ _   _| | _____ \\n\"","lastModifiedDate":"2021-11-02"},{"lineNumber":12,"author":{"gitId":"jochuing"},"content":"                + \"| | | | | | | |/ / _ \\\\\\n\"","lastModifiedDate":"2021-11-02"},{"lineNumber":13,"author":{"gitId":"jochuing"},"content":"                + \"| |_| | |_| |   \u003c  __/\\n\"","lastModifiedDate":"2021-11-02"},{"lineNumber":14,"author":{"gitId":"jochuing"},"content":"                + \"|____/ \\\\__,_|_|\\\\_\\\\___|\\n\";","lastModifiedDate":"2021-11-02"},{"lineNumber":15,"author":{"gitId":"jochuing"},"content":"        System.out.println(\"Hello from\\n\" + logo);","lastModifiedDate":"2021-11-02"},{"lineNumber":16,"author":{"gitId":"jochuing"},"content":"        System.out.println(\"Hello! I\u0027m Duke\");","lastModifiedDate":"2021-11-02"},{"lineNumber":17,"author":{"gitId":"jochuing"},"content":"        System.out.println(\"What can I do for you?\");","lastModifiedDate":"2021-11-02"},{"lineNumber":18,"author":{"gitId":"jochuing"},"content":"        System.out.println(\"Type \u0027help\u0027 to view all commands\");","lastModifiedDate":"2021-11-14"},{"lineNumber":19,"author":{"gitId":"jochuing"},"content":"    }","lastModifiedDate":"2021-11-02"},{"lineNumber":20,"author":{"gitId":"jochuing"},"content":"","lastModifiedDate":"2021-11-02"},{"lineNumber":21,"author":{"gitId":"jochuing"},"content":"    public static void showGoodbye() {","lastModifiedDate":"2021-11-02"},{"lineNumber":22,"author":{"gitId":"jochuing"},"content":"        System.out.println(\"Bye. Hope to see you again soon!\");","lastModifiedDate":"2021-11-02"},{"lineNumber":23,"author":{"gitId":"jochuing"},"content":"        System.exit(0) ;","lastModifiedDate":"2021-11-02"},{"lineNumber":24,"author":{"gitId":"jochuing"},"content":"    }","lastModifiedDate":"2021-11-02"},{"lineNumber":25,"author":{"gitId":"jochuing"},"content":"","lastModifiedDate":"2021-11-02"},{"lineNumber":26,"author":{"gitId":"jochuing"},"content":"    public static void showHelp() {","lastModifiedDate":"2021-11-14"},{"lineNumber":27,"author":{"gitId":"jochuing"},"content":"        System.out.println(\"The following commands are available:\\n\" +","lastModifiedDate":"2021-11-14"},{"lineNumber":28,"author":{"gitId":"jochuing"},"content":"                \"    todo \u003cdescription\u003e /\u003ccondition\u003e \u003cdate\u003e : \u003cdate\u003e must be in yyyy/MM/dd HHmm format\\n\" +","lastModifiedDate":"2021-11-14"},{"lineNumber":29,"author":{"gitId":"jochuing"},"content":"                \"    deadline \u003cdescription\u003e /\u003ccondition\u003e \u003cdate\u003e : \u003cdate\u003e must be in yyyy/MM/dd HHmm format\\n\" +","lastModifiedDate":"2021-11-14"},{"lineNumber":30,"author":{"gitId":"jochuing"},"content":"                \"    event \u003cdescription\u003e /\u003ccondition\u003e \u003cdate\u003e : \u003cdate\u003e must be in yyyy/MM/dd HHmm format\\n\" +","lastModifiedDate":"2021-11-14"},{"lineNumber":31,"author":{"gitId":"jochuing"},"content":"                \"    done \u003cindex\u003e : Mark \u003cindex\u003e task as done\\n\" +","lastModifiedDate":"2021-11-14"},{"lineNumber":32,"author":{"gitId":"jochuing"},"content":"                \"    delete \u003cindex\u003e : Delete \u003cindex\u003e task\\n\" +","lastModifiedDate":"2021-11-14"},{"lineNumber":33,"author":{"gitId":"jochuing"},"content":"                \"    bye : Terminate Program\\n\" +","lastModifiedDate":"2021-11-14"},{"lineNumber":34,"author":{"gitId":"jochuing"},"content":"                \"    list : List all task\\n\" +","lastModifiedDate":"2021-11-14"},{"lineNumber":35,"author":{"gitId":"jochuing"},"content":"                \"    find \u003cdescription\u003e : List all task with \u003cdescription\u003e\\n\" +","lastModifiedDate":"2021-11-14"},{"lineNumber":36,"author":{"gitId":"jochuing"},"content":"                \"    save : Save all current tasks into /data/save.txt \\n\" +","lastModifiedDate":"2021-11-14"},{"lineNumber":37,"author":{"gitId":"jochuing"},"content":"                \"    load : Load from /data/save.txt\\n\" +","lastModifiedDate":"2021-11-14"},{"lineNumber":38,"author":{"gitId":"jochuing"},"content":"                \"    archive : Archive all current tasks\\n\" +","lastModifiedDate":"2021-11-14"},{"lineNumber":39,"author":{"gitId":"jochuing"},"content":"                \"    archive show : Display all archived files\\n\");","lastModifiedDate":"2021-11-14"},{"lineNumber":40,"author":{"gitId":"jochuing"},"content":"    }","lastModifiedDate":"2021-11-14"},{"lineNumber":41,"author":{"gitId":"jochuing"},"content":"","lastModifiedDate":"2021-11-14"},{"lineNumber":42,"author":{"gitId":"jochuing"},"content":"    public static void showException() {","lastModifiedDate":"2021-11-02"},{"lineNumber":43,"author":{"gitId":"jochuing"},"content":"        System.out.println(\"unexpected command\");","lastModifiedDate":"2021-11-02"},{"lineNumber":44,"author":{"gitId":"jochuing"},"content":"    }","lastModifiedDate":"2021-11-02"},{"lineNumber":45,"author":{"gitId":"jochuing"},"content":"","lastModifiedDate":"2021-11-02"},{"lineNumber":46,"author":{"gitId":"jochuing"},"content":"    public static void showException(String e) {","lastModifiedDate":"2021-11-02"},{"lineNumber":47,"author":{"gitId":"jochuing"},"content":"        System.out.println(\"unexpected error: \" + e);","lastModifiedDate":"2021-11-02"},{"lineNumber":48,"author":{"gitId":"jochuing"},"content":"    }","lastModifiedDate":"2021-11-02"},{"lineNumber":49,"author":{"gitId":"jochuing"},"content":"}","lastModifiedDate":"2021-11-02"}],"authorContributionMap":{"jochuing":49}}]
