[{"path":"runtest.bat","fileType":"bat","lines":[{"lineNumber":1,"author":{"gitId":"jochuing"},"content":"@ECHO OFF","lastModifiedDate":"2021-09-14"},{"lineNumber":2,"author":{"gitId":"jochuing"},"content":"","lastModifiedDate":"2021-09-14"},{"lineNumber":3,"author":{"gitId":"jochuing"},"content":"REM create bin directory if it doesn\u0027t exist","lastModifiedDate":"2021-09-14"},{"lineNumber":4,"author":{"gitId":"jochuing"},"content":"if not exist ..\\bin mkdir ..\\bin","lastModifiedDate":"2021-09-14"},{"lineNumber":5,"author":{"gitId":"jochuing"},"content":"","lastModifiedDate":"2021-09-14"},{"lineNumber":6,"author":{"gitId":"jochuing"},"content":"REM delete output from previous run","lastModifiedDate":"2021-09-14"},{"lineNumber":7,"author":{"gitId":"jochuing"},"content":"del ACTUAL.TXT","lastModifiedDate":"2021-09-14"},{"lineNumber":8,"author":{"gitId":"jochuing"},"content":"","lastModifiedDate":"2021-09-14"},{"lineNumber":9,"author":{"gitId":"jochuing"},"content":"REM compile the code into the bin folder","lastModifiedDate":"2021-09-14"},{"lineNumber":10,"author":{"gitId":"jochuing"},"content":"javac  -cp ..\\src\\main\\java -Xlint:none -d ..\\bin ..\\src\\main\\java\\*.java","lastModifiedDate":"2021-09-14"},{"lineNumber":11,"author":{"gitId":"jochuing"},"content":"IF ERRORLEVEL 1 (","lastModifiedDate":"2021-09-14"},{"lineNumber":12,"author":{"gitId":"jochuing"},"content":"    echo ********** BUILD FAILURE **********","lastModifiedDate":"2021-09-14"},{"lineNumber":13,"author":{"gitId":"jochuing"},"content":"    exit /b 1","lastModifiedDate":"2021-09-14"},{"lineNumber":14,"author":{"gitId":"jochuing"},"content":")","lastModifiedDate":"2021-09-14"},{"lineNumber":15,"author":{"gitId":"jochuing"},"content":"REM no error here, errorlevel \u003d\u003d 0","lastModifiedDate":"2021-09-14"},{"lineNumber":16,"author":{"gitId":"jochuing"},"content":"","lastModifiedDate":"2021-09-14"},{"lineNumber":17,"author":{"gitId":"jochuing"},"content":"REM run the program, feed commands from input.txt file and redirect the output to the ACTUAL.TXT","lastModifiedDate":"2021-09-14"},{"lineNumber":18,"author":{"gitId":"jochuing"},"content":"java -classpath ..\\bin Duke \u003c input.txt \u003e ACTUAL.TXT","lastModifiedDate":"2021-09-14"},{"lineNumber":19,"author":{"gitId":"jochuing"},"content":"","lastModifiedDate":"2021-09-14"},{"lineNumber":20,"author":{"gitId":"jochuing"},"content":"REM compare the output to the expected output","lastModifiedDate":"2021-09-14"},{"lineNumber":21,"author":{"gitId":"jochuing"},"content":"FC ACTUAL.TXT EXPECTED.TXT","lastModifiedDate":"2021-09-14"}],"authorContributionMap":{"jochuing":21}},{"path":"src/main/java/Duke.java","fileType":"java","lines":[{"lineNumber":1,"author":{"gitId":"jochuing"},"content":"import java.util.Scanner;","lastModifiedDate":"2021-08-17"},{"lineNumber":2,"author":{"gitId":"jochuing"},"content":"","lastModifiedDate":"2021-08-17"},{"lineNumber":3,"author":{"gitId":"-"},"content":"public class Duke {","lastModifiedDate":"2019-07-29"},{"lineNumber":4,"author":{"gitId":"jochuing"},"content":"","lastModifiedDate":"2021-09-14"},{"lineNumber":5,"author":{"gitId":"jochuing"},"content":"    public static void initProgram() {","lastModifiedDate":"2021-09-14"},{"lineNumber":6,"author":{"gitId":"-"},"content":"        String logo \u003d \" ____        _        \\n\"","lastModifiedDate":"2019-07-29"},{"lineNumber":7,"author":{"gitId":"-"},"content":"                + \"|  _ \\\\ _   _| | _____ \\n\"","lastModifiedDate":"2019-07-29"},{"lineNumber":8,"author":{"gitId":"-"},"content":"                + \"| | | | | | | |/ / _ \\\\\\n\"","lastModifiedDate":"2019-07-29"},{"lineNumber":9,"author":{"gitId":"-"},"content":"                + \"| |_| | |_| |   \u003c  __/\\n\"","lastModifiedDate":"2019-07-29"},{"lineNumber":10,"author":{"gitId":"-"},"content":"                + \"|____/ \\\\__,_|_|\\\\_\\\\___|\\n\";","lastModifiedDate":"2019-07-29"},{"lineNumber":11,"author":{"gitId":"-"},"content":"        System.out.println(\"Hello from\\n\" + logo);","lastModifiedDate":"2019-07-29"},{"lineNumber":12,"author":{"gitId":"jochuing"},"content":"        System.out.println(\"Hello! I\u0027m Duke\");","lastModifiedDate":"2021-08-17"},{"lineNumber":13,"author":{"gitId":"jochuing"},"content":"        System.out.println(\"What can I do for you?\");","lastModifiedDate":"2021-08-17"},{"lineNumber":14,"author":{"gitId":"jochuing"},"content":"","lastModifiedDate":"2021-08-17"},{"lineNumber":15,"author":{"gitId":"jochuing"},"content":"    }","lastModifiedDate":"2021-09-14"},{"lineNumber":16,"author":{"gitId":"jochuing"},"content":"","lastModifiedDate":"2021-09-14"},{"lineNumber":17,"author":{"gitId":"jochuing"},"content":"    public static void terminateProgram() {","lastModifiedDate":"2021-09-14"},{"lineNumber":18,"author":{"gitId":"jochuing"},"content":"        System.out.println(\"Bye. Hope to see you again soon!\");","lastModifiedDate":"2021-09-14"},{"lineNumber":19,"author":{"gitId":"jochuing"},"content":"        System.exit(0) ;","lastModifiedDate":"2021-09-14"},{"lineNumber":20,"author":{"gitId":"jochuing"},"content":"    }","lastModifiedDate":"2021-09-14"},{"lineNumber":21,"author":{"gitId":"jochuing"},"content":"","lastModifiedDate":"2021-09-14"},{"lineNumber":22,"author":{"gitId":"jochuing"},"content":"    public static void main(String[] args) {","lastModifiedDate":"2021-09-14"},{"lineNumber":23,"author":{"gitId":"jochuing"},"content":"","lastModifiedDate":"2021-09-14"},{"lineNumber":24,"author":{"gitId":"jochuing"},"content":"        initProgram();","lastModifiedDate":"2021-09-14"},{"lineNumber":25,"author":{"gitId":"jochuing"},"content":"","lastModifiedDate":"2021-09-14"},{"lineNumber":26,"author":{"gitId":"jochuing"},"content":"        String line \u003d \"\";","lastModifiedDate":"2021-08-17"},{"lineNumber":27,"author":{"gitId":"jochuing"},"content":"        Scanner in \u003d new Scanner(System.in).useDelimiter(\"\\\\n\");","lastModifiedDate":"2021-08-17"},{"lineNumber":28,"author":{"gitId":"jochuing"},"content":"        TaskList tl \u003d new TaskList();","lastModifiedDate":"2021-08-18"},{"lineNumber":29,"author":{"gitId":"jochuing"},"content":"        Boolean isAddTask \u003d true;","lastModifiedDate":"2021-08-25"},{"lineNumber":30,"author":{"gitId":"jochuing"},"content":"","lastModifiedDate":"2021-08-17"},{"lineNumber":31,"author":{"gitId":"jochuing"},"content":"        while (true) {","lastModifiedDate":"2021-08-17"},{"lineNumber":32,"author":{"gitId":"jochuing"},"content":"            line \u003d in.next();","lastModifiedDate":"2021-08-17"},{"lineNumber":33,"author":{"gitId":"jochuing"},"content":"","lastModifiedDate":"2021-08-18"},{"lineNumber":34,"author":{"gitId":"jochuing"},"content":"            if(line.equals(\"bye\")) {","lastModifiedDate":"2021-08-17"},{"lineNumber":35,"author":{"gitId":"jochuing"},"content":"                terminateProgram();","lastModifiedDate":"2021-09-14"},{"lineNumber":36,"author":{"gitId":"jochuing"},"content":"            } else if (line.equals(\"list\")) {","lastModifiedDate":"2021-08-18"},{"lineNumber":37,"author":{"gitId":"jochuing"},"content":"                tl.printTaskList();","lastModifiedDate":"2021-08-18"},{"lineNumber":38,"author":{"gitId":"jochuing"},"content":"                isAddTask \u003d false;","lastModifiedDate":"2021-08-25"},{"lineNumber":39,"author":{"gitId":"jochuing"},"content":"            } else if (line.contains(\"done\")) {","lastModifiedDate":"2021-08-25"},{"lineNumber":40,"author":{"gitId":"jochuing"},"content":"                //System.out.println(line);","lastModifiedDate":"2021-09-14"},{"lineNumber":41,"author":{"gitId":"jochuing"},"content":"                int index \u003d Integer.parseInt(line.split(\" \")[1]);","lastModifiedDate":"2021-08-25"},{"lineNumber":42,"author":{"gitId":"jochuing"},"content":"                tl.setDone(index - 1);","lastModifiedDate":"2021-08-25"},{"lineNumber":43,"author":{"gitId":"jochuing"},"content":"                isAddTask \u003d false;","lastModifiedDate":"2021-08-25"},{"lineNumber":44,"author":{"gitId":"jochuing"},"content":"            }","lastModifiedDate":"2021-08-17"},{"lineNumber":45,"author":{"gitId":"jochuing"},"content":"","lastModifiedDate":"2021-08-17"},{"lineNumber":46,"author":{"gitId":"jochuing"},"content":"            if(isAddTask) {","lastModifiedDate":"2021-08-25"},{"lineNumber":47,"author":{"gitId":"jochuing"},"content":"                tl.addTask(line);","lastModifiedDate":"2021-08-18"},{"lineNumber":48,"author":{"gitId":"jochuing"},"content":"                //System.out.println(line);","lastModifiedDate":"2021-09-14"},{"lineNumber":49,"author":{"gitId":"jochuing"},"content":"            }","lastModifiedDate":"2021-08-17"},{"lineNumber":50,"author":{"gitId":"jochuing"},"content":"            isAddTask \u003d true;","lastModifiedDate":"2021-08-25"},{"lineNumber":51,"author":{"gitId":"jochuing"},"content":"        }","lastModifiedDate":"2021-08-25"},{"lineNumber":52,"author":{"gitId":"jochuing"},"content":"","lastModifiedDate":"2021-08-17"},{"lineNumber":53,"author":{"gitId":"-"},"content":"    }","lastModifiedDate":"2019-07-29"},{"lineNumber":54,"author":{"gitId":"-"},"content":"}","lastModifiedDate":"2019-07-29"}],"authorContributionMap":{"jochuing":45,"-":9}},{"path":"src/main/java/Task.java","fileType":"java","lines":[{"lineNumber":1,"author":{"gitId":"jochuing"},"content":"public class Task {","lastModifiedDate":"2021-08-25"},{"lineNumber":2,"author":{"gitId":"jochuing"},"content":"    protected String description;","lastModifiedDate":"2021-08-25"},{"lineNumber":3,"author":{"gitId":"jochuing"},"content":"    protected boolean isDone;","lastModifiedDate":"2021-08-25"},{"lineNumber":4,"author":{"gitId":"jochuing"},"content":"","lastModifiedDate":"2021-08-25"},{"lineNumber":5,"author":{"gitId":"jochuing"},"content":"    public Task() {","lastModifiedDate":"2021-08-25"},{"lineNumber":6,"author":{"gitId":"jochuing"},"content":"","lastModifiedDate":"2021-08-25"},{"lineNumber":7,"author":{"gitId":"jochuing"},"content":"    }","lastModifiedDate":"2021-08-25"},{"lineNumber":8,"author":{"gitId":"jochuing"},"content":"","lastModifiedDate":"2021-08-25"},{"lineNumber":9,"author":{"gitId":"jochuing"},"content":"    public Task(String description) {","lastModifiedDate":"2021-08-25"},{"lineNumber":10,"author":{"gitId":"jochuing"},"content":"        this.description \u003d description;","lastModifiedDate":"2021-08-25"},{"lineNumber":11,"author":{"gitId":"jochuing"},"content":"        this.isDone \u003d false;","lastModifiedDate":"2021-08-25"},{"lineNumber":12,"author":{"gitId":"jochuing"},"content":"    }","lastModifiedDate":"2021-08-25"},{"lineNumber":13,"author":{"gitId":"jochuing"},"content":"","lastModifiedDate":"2021-08-25"},{"lineNumber":14,"author":{"gitId":"jochuing"},"content":"    public void setDone() {","lastModifiedDate":"2021-08-25"},{"lineNumber":15,"author":{"gitId":"jochuing"},"content":"        this.isDone \u003d true;","lastModifiedDate":"2021-08-25"},{"lineNumber":16,"author":{"gitId":"jochuing"},"content":"    }","lastModifiedDate":"2021-08-25"},{"lineNumber":17,"author":{"gitId":"jochuing"},"content":"","lastModifiedDate":"2021-08-25"},{"lineNumber":18,"author":{"gitId":"jochuing"},"content":"    public String getStatusIcon() {","lastModifiedDate":"2021-08-25"},{"lineNumber":19,"author":{"gitId":"jochuing"},"content":"        return (isDone ? \"X\" : \" \"); // mark done task with X","lastModifiedDate":"2021-08-25"},{"lineNumber":20,"author":{"gitId":"jochuing"},"content":"    }","lastModifiedDate":"2021-08-25"},{"lineNumber":21,"author":{"gitId":"jochuing"},"content":"","lastModifiedDate":"2021-08-25"},{"lineNumber":22,"author":{"gitId":"jochuing"},"content":"    public String getDescription() {","lastModifiedDate":"2021-08-25"},{"lineNumber":23,"author":{"gitId":"jochuing"},"content":"        return description;","lastModifiedDate":"2021-08-25"},{"lineNumber":24,"author":{"gitId":"jochuing"},"content":"    }","lastModifiedDate":"2021-08-25"},{"lineNumber":25,"author":{"gitId":"jochuing"},"content":"}","lastModifiedDate":"2021-08-25"}],"authorContributionMap":{"jochuing":25}},{"path":"src/main/java/TaskList.java","fileType":"java","lines":[{"lineNumber":1,"author":{"gitId":"jochuing"},"content":"public class TaskList extends Task{","lastModifiedDate":"2021-08-25"},{"lineNumber":2,"author":{"gitId":"jochuing"},"content":"","lastModifiedDate":"2021-08-18"},{"lineNumber":3,"author":{"gitId":"jochuing"},"content":"    public Task[] taskList \u003d new Task[100];","lastModifiedDate":"2021-08-25"},{"lineNumber":4,"author":{"gitId":"jochuing"},"content":"    static int counter;","lastModifiedDate":"2021-08-18"},{"lineNumber":5,"author":{"gitId":"jochuing"},"content":"","lastModifiedDate":"2021-08-18"},{"lineNumber":6,"author":{"gitId":"jochuing"},"content":"    public TaskList() {","lastModifiedDate":"2021-08-18"},{"lineNumber":7,"author":{"gitId":"jochuing"},"content":"        counter \u003d 0;","lastModifiedDate":"2021-08-18"},{"lineNumber":8,"author":{"gitId":"jochuing"},"content":"    }","lastModifiedDate":"2021-08-18"},{"lineNumber":9,"author":{"gitId":"jochuing"},"content":"","lastModifiedDate":"2021-08-18"},{"lineNumber":10,"author":{"gitId":"jochuing"},"content":"    public void addTask(String description) {","lastModifiedDate":"2021-08-25"},{"lineNumber":11,"author":{"gitId":"jochuing"},"content":"        this.taskList[counter] \u003d new Task(description);","lastModifiedDate":"2021-08-25"},{"lineNumber":12,"author":{"gitId":"jochuing"},"content":"        this.counter++;","lastModifiedDate":"2021-08-18"},{"lineNumber":13,"author":{"gitId":"jochuing"},"content":"        System.out.println(\"added: \" + description);","lastModifiedDate":"2021-08-25"},{"lineNumber":14,"author":{"gitId":"jochuing"},"content":"    }","lastModifiedDate":"2021-08-25"},{"lineNumber":15,"author":{"gitId":"jochuing"},"content":"","lastModifiedDate":"2021-08-25"},{"lineNumber":16,"author":{"gitId":"jochuing"},"content":"    public void setDone(int index) {","lastModifiedDate":"2021-08-25"},{"lineNumber":17,"author":{"gitId":"jochuing"},"content":"        this.taskList[index].setDone();","lastModifiedDate":"2021-08-25"},{"lineNumber":18,"author":{"gitId":"jochuing"},"content":"        System.out.println(\"Nice! I\u0027ve marked this task as done: \");","lastModifiedDate":"2021-09-14"},{"lineNumber":19,"author":{"gitId":"jochuing"},"content":"        System.out.println(\"[\" + this.taskList[index].getStatusIcon() + \"] \" + this.taskList[index].getDescription());","lastModifiedDate":"2021-09-14"},{"lineNumber":20,"author":{"gitId":"jochuing"},"content":"    }","lastModifiedDate":"2021-08-18"},{"lineNumber":21,"author":{"gitId":"jochuing"},"content":"","lastModifiedDate":"2021-08-18"},{"lineNumber":22,"author":{"gitId":"jochuing"},"content":"    public void printTaskList() {","lastModifiedDate":"2021-08-18"},{"lineNumber":23,"author":{"gitId":"jochuing"},"content":"        System.out.println(\"Here are the tasks in your list: \");","lastModifiedDate":"2021-09-14"},{"lineNumber":24,"author":{"gitId":"jochuing"},"content":"        for (int i \u003d 0; i \u003c this.counter; i++) {","lastModifiedDate":"2021-08-18"},{"lineNumber":25,"author":{"gitId":"jochuing"},"content":"            Task temp \u003d this.taskList[i];","lastModifiedDate":"2021-08-25"},{"lineNumber":26,"author":{"gitId":"jochuing"},"content":"            System.out.println(i+1 + \". [\" + temp.getStatusIcon() + \"] \" + temp.getDescription());","lastModifiedDate":"2021-08-25"},{"lineNumber":27,"author":{"gitId":"jochuing"},"content":"        }","lastModifiedDate":"2021-08-18"},{"lineNumber":28,"author":{"gitId":"jochuing"},"content":"    }","lastModifiedDate":"2021-08-18"},{"lineNumber":29,"author":{"gitId":"jochuing"},"content":"}","lastModifiedDate":"2021-08-18"}],"authorContributionMap":{"jochuing":29}}]
