{"authorDailyContributionsMap":{"jochuing":[{"date":"2021-08-17","commitResults":[{"hash":"c118d459a426c4c0de4835e19c041ad7d43551a3","messageTitle":"Level-1","messageBody":"","tags":["Level-1"],"fileTypesAndContributionMap":{"java":{"insertions":20,"deletions":0}}}]},{"date":"2021-08-18","commitResults":[{"hash":"48467655277967862d601524a8cfe90dcd85ce82","messageTitle":"Level-2","messageBody":"","fileTypesAndContributionMap":{"java":{"insertions":27,"deletions":0}}}]},{"date":"2021-08-25","commitResults":[{"hash":"adbe32eb3a99ff8578d369f5d8a61463b62c9c04","messageTitle":"Level-3","messageBody":"","fileTypesAndContributionMap":{"java":{"insertions":48,"deletions":9}}}]},{"date":"2021-09-14","commitResults":[{"hash":"5eb237781553bb908f4b22557a9091719c7b9540","messageTitle":"A-TextUiTesting","messageBody":"","fileTypesAndContributionMap":{"txt":{"insertions":0,"deletions":0},"bat":{"insertions":21,"deletions":0}}},{"hash":"c2f462cc7d98538c9c41be8310c7b45dbdcf6d7b","messageTitle":"Cleanup console messages and code","messageBody":"","fileTypesAndContributionMap":{"java":{"insertions":19,"deletions":7}}}]}]},"authorFileTypeContributionMap":{"jochuing":{"java":99,"md":0,"fxml":0,"sh":0,"bat":21,"gradle":0,"txt":0}},"authorContributionVariance":{"jochuing":161.37183},"authorDisplayNameMap":{"jochuing":"TEOW..UING"}}
